kegg_id,symbol
bra:BRADO0001,dnaA
bra:BRADO0002,dnaN
bra:BRADO0003,recF
bra:BRADO0004,gyrB
bra:BRADO0005,murA
bra:BRADO0006,conserved
bra:BRADO0007,Conserved hypothetical protein
bra:BRADO0008,Putative
bra:BRADO0009,putative MATE efflux family protein
bra:BRADO0010,conserved hypothetical protein
bra:BRADO0011,Conserved hypothetical protein
bra:BRADO0012,putative Beta-lactamase family protein
bra:BRADO0013,putative
bra:BRADO0014,putative
bra:BRADO0015,Putative
bra:BRADO0017,putative
bra:BRADO0018,putative
bra:BRADO0019,conserved
bra:BRADO0020,Conserved hypothetical protein
bra:BRADO0021,putative haloacid dehalogenase-like hydrolase family protein
bra:BRADO0022,putative
bra:BRADO0023,putative
bra:BRADO0024,Putative
bra:BRADO0025,hypothetical protein
bra:BRADO0026,Putative
bra:BRADO0027,conserved
bra:BRADO0028,gabD
bra:BRADO0029,conserved
bra:BRADO0030,putative
bra:BRADO0031,putative pfkB family carbohydrate kinase
bra:BRADO0032,putative
bra:BRADO0033,trpS
bra:BRADO0034,conserved hypothetical protein
bra:BRADO0035,putative
bra:BRADO0036,Putative
bra:BRADO0037,putative
bra:BRADO0038,putative
bra:BRADO0039,Ferric
bra:BRADO0040,putative Haloacid dehalogenase-like hydrolase
bra:BRADO0041,Conserved hypothetical protein
bra:BRADO0042,putative
bra:BRADO0043,conserved hypothetical protein
bra:BRADO0044,putative transporter with CBS domain
bra:BRADO0045,cutE
bra:BRADO0046,conserved hypothetical protein
bra:BRADO0047,putative peptidase M20 family
bra:BRADO0048,trmB
bra:BRADO0049,conserved
bra:BRADO0050,conserved hypothetical protein
bra:BRADO0051,nusA
bra:BRADO0052,conserved hypothetical protein
bra:BRADO0053,infB
bra:BRADO0054,rbfA
bra:BRADO0055,truB
bra:BRADO0056,rpsO
bra:BRADO0057,pnp
bra:BRADO0058,conserved hypothetical protein
bra:BRADO0059,conserved hypothetical protein
bra:BRADO0060,conserved hypothetical protein
bra:BRADO0061,fabI
bra:BRADO0062,fabB
bra:BRADO0063,fabA
bra:BRADO0064,putative
bra:BRADO0065,conserved hypothetical protein
bra:BRADO0066,putative D-isomer specific 2-hydroxyacid dehydrogenases family protein
bra:BRADO0067,putative
bra:BRADO0068,putative
bra:BRADO0069,putative
bra:BRADO0070,conserved hypothetical protein
bra:BRADO0071,conserved hypothetical protein
bra:BRADO0073,Conserved Hypothetical protein
bra:BRADO0074,mutM
bra:BRADO0075,ubiE
bra:BRADO0076,ubiB
bra:BRADO0077,coaBC
bra:BRADO0078,dut
bra:BRADO0079,Putative
bra:BRADO0080,Conserved Hypothetical protein
bra:BRADO0081,conserved
bra:BRADO0082,Putative Nucleotidyl transferase family protein
bra:BRADO0083,putative
bra:BRADO0084,putative
bra:BRADO0085,trxA
bra:BRADO0086,putative
bra:BRADO0087,Conserved hypothetical protein
bra:BRADO0088,putative folC bifunctional protein [Includes: Folylpolyglutamate synthase (Folylpoly-gamma-glutamate synthetase) (FPGS) (Tetrahydrofolate synthase) (Tetrahydrofolylpolyglutamate synthase)
bra:BRADO0089,accD
bra:BRADO0090,trpA
bra:BRADO0091,trpB
bra:BRADO0092,trpF
bra:BRADO0093,conserved hypothetical protein
bra:BRADO0094,ihfB
bra:BRADO0095,Putative peptidase S49 family
bra:BRADO0096,rpsA
bra:BRADO0097,cmk
bra:BRADO0098,aroA
bra:BRADO0099,conserved hypothetical protein
bra:BRADOtRNA1,tRNA-Ala
bra:BRADO0100,hypothetical protein
bra:BRADO0101,ohrR
bra:BRADO0102,ohr
bra:BRADO0103,Putative caiB/baiF CoA-transferase family protein
bra:BRADO0104,Putative sugar ABC transporter (substrate binding protein)
bra:BRADO0105,Putative sugar ABC transporter (permease protein)
bra:BRADO0106,Putative sugar ABC transporter (permease protein)
bra:BRADO0107,Putative sugar ABC transporter (ATP binding protein)
bra:BRADO0108,putative small heat shock protein
bra:BRADO0109,conserved
bra:BRADO0110,putative
bra:BRADO0111,ptsN
bra:BRADO0112,putative
bra:BRADO0113,rpoN
bra:BRADO0114,putative
bra:BRADO0115,conserved hypothetical protein
bra:BRADO0116,conserved
bra:BRADO0117,putative
bra:BRADO0118,putative
bra:BRADO0119,Putative
bra:BRADO0120,putative
bra:BRADO0121,conserved hypothetical protein
bra:BRADO0122,conserved hypothetical protein
bra:BRADO0123,putative
bra:BRADO0124,putative oxidoreductase
bra:BRADO0125,hypothetical
bra:BRADOtRNA50,tRNA-Leu
bra:BRADO0128,Conserved hypothetical protein
bra:BRADO0129,uppP
bra:BRADO0130,putative
bra:BRADO0131,conserved hypothetical protein
bra:BRADO0132,conserved
bra:BRADO0134,infC
bra:BRADO0135,conserved hypothetical protein
bra:BRADO0137,rpmI
bra:BRADO0138,rplT
bra:BRADO0139,pheS
bra:BRADO0140,conserved
bra:BRADO0141,pheT
bra:BRADO0142,conserved hypothetical protein
bra:BRADO0143,putative hydrolase
bra:BRADO0144,conserved hypothetical protein
bra:BRADO0145,conserved
bra:BRADO0146,conserved
bra:BRADO0147,actP
bra:BRADO0148,conserved hypothetical protein
bra:BRADO0149,putative
bra:BRADO0150,conserved hypothetical protein
bra:BRADO0151,putative Type III polyketide synthase
bra:BRADO0152,nth
bra:BRADO0153,conserved hypothetical protein
bra:BRADO0154,putative methylated-DNA--protein-cysteine methyltransferase (O-6-methylguanine-DNA alkyltransferase)
bra:BRADO0155,hypothetical
bra:BRADO0156,hypothetical
bra:BRADO0157,gpmA
bra:BRADO0158,dapB
bra:BRADO0159,conserved hypothetical protein
bra:BRADO0160,pyrF
bra:BRADO0161,putative
bra:BRADO0162,pmtA
bra:BRADO0163,dnaJ
bra:BRADO0164,dnaK
bra:BRADO0165,conserved hypothetical protein
bra:BRADO0166,conserved hypothetical protein
bra:BRADO0168,putative
bra:BRADO0169,hypothetical protein
bra:BRADO0170,hypothetical protein
bra:BRADO0171,grpE
bra:BRADO0172,hrcA
bra:BRADO0173,rph
bra:BRADO0174,putative
bra:BRADO0175,putative
bra:BRADO0177,conserved
bra:BRADO0178,putative
bra:BRADO0179,conserved
bra:BRADO0180,gshB
bra:BRADO0181,putative
bra:BRADO0182,Putative
bra:BRADO0183,putative
bra:BRADO0184,conserved hypothetical protein
bra:BRADO0185,putative
bra:BRADO0186,conserved hypothetical protein
bra:BRADO0187,conserved hypothetical protein
bra:BRADO0188,putative
bra:BRADO0189,leuS
bra:BRADO0190,conserved
bra:BRADO0191,conserved hypothetical protein
bra:BRADO0192,parB
bra:BRADO0193,parA
bra:BRADO0194,gidB
bra:BRADO0195,gidA
bra:BRADO0196,putative
bra:BRADO0197,rho
bra:BRADO0198,conserved hypothetical protein
bra:BRADO0199,conserved
bra:BRADO0200,putative
bra:BRADO0201,coaE
bra:BRADO0202,dnaQ
bra:BRADO0203,secB
bra:BRADO0204,conserved
bra:BRADO0205,putative
bra:BRADO0206,Conserved hypothetical protein
bra:BRADO0207,conserved hypothetical protein
bra:BRADO0208,hslU
bra:BRADO0209,putative
bra:BRADO0210,hypothetical protein
bra:BRADO0211,hslV
bra:BRADO0212,hisB
bra:BRADO0213,conserved hypothetical protein
bra:BRADO0214,hisH
bra:BRADO0215,hisA
bra:BRADO0216,hisF
bra:BRADO0217,hisE
bra:BRADO0218,coaA
bra:BRADO0219,Putative
bra:BRADO0220,conserved hypothetical protein
bra:BRADO0221,putative enzyme (N-terminal)
bra:BRADO0222,conserved hypothetical protein
bra:BRADO0223,conserved hypothetical protein
bra:BRADO0224,ftsK
bra:BRADO0225,putative
bra:BRADO0226,conserved hypothetical protein
bra:BRADO0228,putative
bra:BRADO0229,putative
bra:BRADO0230,hypothetical
bra:BRADO0232,sdhC
bra:BRADO0233,sdhD
bra:BRADO0234,sdhA
bra:BRADO0235,sdhB
bra:BRADO0236,putative
bra:BRADO0237,putative
bra:BRADO0238,conserved hypothetical protein
bra:BRADO0239,conserved hypothetical protein
bra:BRADO0240,conserved
bra:BRADO0242,hypothetical
bra:BRADO0243,argG
bra:BRADO0244,conserved hypothetical protein
bra:BRADO0245,conserved hypothetical protein
bra:BRADO0246,putative
bra:BRADO0247,conserved
bra:BRADO0250,putative
bra:BRADO0251,conserved
bra:BRADO0252,conserved hypothetical protein
bra:BRADO0253,conserved
bra:BRADO0254,phhB
bra:BRADO0255,conserved hypothetical protein
bra:BRADO0256,putative alkaline phosphatase (phoD)
bra:BRADO0257,conserved hypothetical protein
bra:BRADO0258,conserved hypothetical protein
bra:BRADO0259,conserved hypothetical protein
bra:BRADO0260,conserved hypothetical protein
bra:BRADO0261,Mercuric
bra:BRADO0262,hypothetical
bra:BRADO0263,hypothetical
bra:BRADO0264,hypothetical protein
bra:BRADO0265,typA
bra:BRADO0266,conserved hypothetical protein
bra:BRADO0267,putative
bra:BRADO0268,conserved hypothetical protein
bra:BRADO0269,conserved
bra:BRADO0270,conserved hypothetical protein
bra:BRADO0271,conserved hypothetical protein
bra:BRADO0274,putative
bra:BRADO0275,ppa
bra:BRADO0276,putative
bra:BRADO0277,folD
bra:BRADO0278,conserved
bra:BRADO0279,conserved
bra:BRADOtRNA2,tRNA-Ala
bra:BRADO0280,putative
bra:BRADO0281,putative
bra:BRADO0282,conserved
bra:BRADO0283,putative
bra:BRADO0284,conserved hypothetical protein
bra:BRADO0285,putative
bra:BRADO0286,conserved hypothetical protein
bra:BRADO0287,conserved hypothetical protein
bra:BRADO0288,conserved hypothetical protein
bra:BRADO0289,conserved hypothetical protein
bra:BRADO0290,hypothetical protein
bra:BRADO0291,hypothetical
bra:BRADO0292,putative
bra:BRADO0293,conserved hypothetical protein
bra:BRADO0294,putative
bra:BRADO0295,conserved hypothetical protein
bra:BRADO0296,pseudogene
bra:BRADO0297,pseudogene
bra:BRADOtRNA49,tRNA-Thr
bra:BRADO0299,conserved hypothetical protein
bra:BRADO0300,conserved
bra:BRADO0301,putative
bra:BRADO0302,putative
bra:BRADO0303,gpsA
bra:BRADO0304,conserved
bra:BRADO0305,amtB2
bra:BRADO0306,regulatory
bra:BRADO0307,amtB1
bra:BRADO0308,glnK1
bra:BRADO0309,conserved hypothetical protein
bra:BRADO0310,Putative acyl-CoA thioesterase
bra:BRADO0311,putative
bra:BRADO0312,conserved hypothetical protein
bra:BRADO0313,conserved
bra:BRADO0314,putative
bra:BRADO0315,pseudogene
bra:BRADO0316,pseudogene
bra:BRADO0317,hypothetical
bra:BRADO0318,conserved
bra:BRADO0319,conserved hypothetical protein
bra:BRADO0320,putative
bra:BRADO0321,putative
bra:BRADOtRNA3,tRNA-Gly
bra:BRADO0322,hypothetical protein
bra:BRADO0323,pncB
bra:BRADO0324,putative
bra:BRADO0326,putative
bra:BRADO0327,putative
bra:BRADO0328,panE
bra:BRADO0329,"putative Acetoin(diacetyl) reductase (Acetoin dehydrogenase) (AR) (Meso-2,3-butanediol dehydrogenase)"
bra:BRADO0330,putative transposase
bra:BRADO0331,conserved hypothetical protein
bra:BRADO0332,putative
bra:BRADO0333,conserved
bra:BRADO0334,putative
bra:BRADO0335,putative
bra:BRADO0336,ggt
bra:BRADO0337,putative major facilitator superfamily (MFS) transporter
bra:BRADO0338,purH
bra:BRADO0339,conserved
bra:BRADO0340,putative
bra:BRADO0341,conserved
bra:BRADO0342,conserved
bra:BRADO0344,acsA
bra:BRADO0345,conserved hypothetical protein
bra:BRADO0346,hypothetical
bra:BRADO0348,conserved hypothetical protein
bra:BRADO0349,conserved hypothetical protein
bra:BRADO0350,putative
bra:BRADO0351,Putative
bra:BRADO0353,leuB
bra:BRADO0356,conserved hypothetical protein
bra:BRADO0357,conserved
bra:BRADO0358,asd
bra:BRADO0359,putative
bra:BRADO0360,putative
bra:BRADO0361,putative
bra:BRADO0362,putative
bra:BRADO0363,conserved
bra:BRADO0364,conserved
bra:BRADO0365,leuD
bra:BRADO0366,conserved
bra:BRADO0367,conserved hypothetical protein
bra:BRADO0368,conserved
bra:BRADO0372,conserved
bra:BRADO0373,Conserved
bra:BRADO0374,leuC
bra:BRADO0375,rplS
bra:BRADO0376,trmD
bra:BRADO0377,rimM
bra:BRADO0378,rpsP
bra:BRADO0379,ffh
bra:BRADO0380,putative
bra:BRADO0381,conserved hypothetical protein
bra:BRADO0382,conserved hypothetical protein
bra:BRADO0383,dapF
bra:BRADO0384,putative
bra:BRADO0385,putative
bra:BRADO0386,ftsY
bra:BRADO0387,putative
bra:BRADO0388,ccmG
bra:BRADO0389,ccmD
bra:BRADO0390,ccmC
bra:BRADO0391,ccmB
bra:BRADO0392,ccmA
bra:BRADO0393,acnA
bra:BRADO0394,conserved
bra:BRADO0395,conserved
bra:BRADO0396,pat
bra:BRADO0397,putative transport protein
bra:BRADO0398,putative
bra:BRADO0399,putative
bra:BRADO0400,tesA
bra:BRADO0401,putative
bra:BRADO0402,putative
bra:BRADO0403,mdh
bra:BRADO0404,sucC
bra:BRADO0405,sucD
bra:BRADO0406,sucA
bra:BRADO0407,sucB
bra:BRADO0408,putative
bra:BRADO0409,lpd
bra:BRADO0410,conserved hypothetical protein
bra:BRADO0411,conserved
bra:BRADO0412,xerC
bra:BRADO0413,priA
bra:BRADO0414,conserved hypothetical protein
bra:BRADO0416,atpH
bra:BRADO0417,atpA
bra:BRADO0418,atpG
bra:BRADO0419,atpD
bra:BRADO0420,atpC
bra:BRADO0421,Putative
bra:BRADO0422,nudH
bra:BRADO0423,nudH
bra:BRADO0424,conserved
bra:BRADO0425,ctpA
bra:BRADO0426,conserved hypothetical protein
bra:BRADO0427,conserved
bra:BRADO0428,conserved hypothetical protein
bra:BRADO0429,putative
bra:BRADO0430,proA
bra:BRADO0431,proB
bra:BRADO0432,obgE
bra:BRADO0433,putative
bra:BRADO0434,conserved hypothetical protein
bra:BRADO0435,rpmA
bra:BRADO0436,rplU
bra:BRADO0437,conserved hypothetical protein
bra:BRADOtRNA4,tRNA-Ser
bra:BRADO0438,hypothetical
bra:BRADO0439,hypothetical
bra:BRADO0441,putative
bra:BRADO0442,putative
bra:BRADO0443,hypothetical
bra:BRADO0444,conserved
bra:BRADO0445,putative
bra:BRADO0446,conserved hypothetical protein
bra:BRADO0447,conserved
bra:BRADO0448,putative
bra:BRADO0449,iorA
bra:BRADO0450,putative
bra:BRADO0451,conserved hypothetical protein
bra:BRADO0452,putative
bra:BRADO0453,putative
bra:BRADO0454,conserved
bra:BRADO0456,hypothetical protein
bra:BRADO0458,hypothetical
bra:BRADO0459,pseudogene
bra:BRADO0460,pseudogene
bra:BRADO0461,pseudogene
bra:BRADO0462,putative
bra:BRADO0463,hypothetical
bra:BRADO0464,conserved
bra:BRADO0465,hypothetical
bra:BRADO0466,hypothetical
bra:BRADO0467,hypothetical protein
bra:BRADO0469,hypothetical
bra:BRADO0470,hypothetical
bra:BRADO0471,hypothetical
bra:BRADO0472,hypothetical
bra:BRADO0473,hypothetical protein
bra:BRADO0474,hypothetical protein
bra:BRADO0475,hypothetical
bra:BRADO0476,hypothetical
bra:BRADO0477,hypothetical
bra:BRADO0478,hypothetical
bra:BRADO0479,putative
bra:BRADO0480,hypothetical
bra:BRADO0481,hypothetical protein
bra:BRADO0483,hypothetical
bra:BRADO0486,conserved
bra:BRADO0487,hypothetical
bra:BRADO0488,putative
bra:BRADO0489,Putative
bra:BRADO0490,putative
bra:BRADO0491,conserved
bra:BRADO0492,conserved
bra:BRADO0493,hypothetical
bra:BRADOtRNA48,tRNA-Arg
bra:BRADO0494,conserved hypothetical protein
bra:BRADO0495,"conserved hypothetical protein with PAS, GGDEF and EAL domains"
bra:BRADO0496,putative
bra:BRADO0497,putative
bra:BRADO0498,putative
bra:BRADO0499,putative
bra:BRADO0500,putative
bra:BRADO0501,conserved
bra:BRADO0502,conserved hypothetical protein
bra:BRADO0503,putative
bra:BRADO0504,putative
bra:BRADO0506,conserved
bra:BRADO0507,putative
bra:BRADO0508,putative
bra:BRADO0509,putative
bra:BRADO0510,putative
bra:BRADO0511,"Putative glycosyl hydrolase, family 13"
bra:BRADO0512,"putative glycosyl hydrolase, 13 family"
bra:BRADO0513,conserved
bra:BRADO0514,hypothetical
bra:BRADO0515,regR
bra:BRADO0516,regS
bra:BRADO0517,putative
bra:BRADO0518,putative
bra:BRADO0519,putative
bra:BRADO0520,putative
bra:BRADO0521,putative
bra:BRADO0522,putative
bra:BRADO0523,conserved
bra:BRADO0524,putative
bra:BRADO0525,conserved
bra:BRADO0526,clpP
bra:BRADO0527,putative
bra:BRADO0528,putative
bra:BRADO0529,conserved hypothetical protein
bra:BRADO0530,glnD
bra:BRADO0531,putative
bra:BRADO0532,putative
bra:BRADO0533,putative
bra:BRADO0534,conserved
bra:BRADO0535,conserved hypothetical protein
bra:BRADO0536,hypothetical
bra:BRADO0537,mutS
bra:BRADO0538,putative
bra:BRADO0539,Catechol
bra:BRADO0541,putative
bra:BRADO0542,putative
bra:BRADO0543,putative
bra:BRADO0544,"putative transcriptional regulator, Fur family"
bra:BRADO0545,putative
bra:BRADO0546,ispG
bra:BRADO0547,hypothetical protein
bra:BRADO0548,hypothetical
bra:BRADO0549,putative
bra:BRADO0551,putative sodium/hydrogen antiporter (exchanger)
bra:BRADO0552,conserved
bra:BRADO0553,conserved hypothetical protein
bra:BRADO0554,conserved hypothetical protein
bra:BRADO0555,Putative
bra:BRADO0556,mtgA
bra:BRADO0557,rpmF
bra:BRADO0558,conserved hypothetical protein
bra:BRADO0559,conserved
bra:BRADO0560,putative
bra:BRADO0561,putative
bra:BRADO0562,phbA
bra:BRADO0563,phbB
bra:BRADO0564,conserved hypothetical protein
bra:BRADO0565,conserved hypothetical protein with GGDEF domain (N-terminal) and EAL domain (C-terminal)
bra:BRADO0566,conserved
bra:BRADO0567,putative
bra:BRADO0568,conserved hypothetical protein
bra:BRADO0569,conserved
bra:BRADO0571,Putative
bra:BRADO0572,prfA
bra:BRADO0573,ptsP
bra:BRADO0574,lysC
bra:BRADO0575,conserved
bra:BRADO0576,ubiG
bra:BRADO0577,Putative
bra:BRADO0578,conserved hypothetical protein
bra:BRADO0579,conserved hypothetical protein
bra:BRADO0580,conserved
bra:BRADO0581,putative
bra:BRADO0582,grxC
bra:BRADO0583,putative
bra:BRADO0584,conserved hypothetical protein
bra:BRADO0585,Putative
bra:BRADO0586,hypothetical
bra:BRADO0587,conserved hypothetical protein
bra:BRADO0588,argJ
bra:BRADO0589,putative
bra:BRADO0590,secA
bra:BRADO0591,putative
bra:BRADO0592,putative
bra:BRADO0593,pseudogene
bra:BRADO0594,pseudogene
bra:BRADO0595,pseudogene
bra:BRADO0596,Putative
bra:BRADO0597,putative
bra:BRADO0598,putative
bra:BRADO0599,Putative
bra:BRADO0600,Putative
bra:BRADO0601,gcd
bra:BRADO0602,conserved hypothetical protein
bra:BRADO0603,Hypothetical protein
bra:BRADO0604,Hypothetical
bra:BRADO0605,conserved hypothetical protein
bra:BRADO0606,accA
bra:BRADO0607,xerD
bra:BRADO0608,conserved
bra:BRADO0609,bifunctional: shikimate kinase (N-terminal)
bra:BRADO0610,Putative
bra:BRADO0611,conserved
bra:BRADO0612,Conserved hypothetical protein
bra:BRADO0613,Putative
bra:BRADO0614,Putative
bra:BRADO0615,Conserved hypothetical protein
bra:BRADO0617,cobS
bra:BRADO0618,cobT
bra:BRADO0619,conserved hypothetical protein
bra:BRADO0620,namA
bra:BRADO0622,Putative
bra:BRADO0623,conserved hypothetical protein
bra:BRADO0624,"ABC transporter, substrate binding protein"
bra:BRADO0626,putative
bra:BRADO0627,putative
bra:BRADO0628,"ABC transporter, ATP-binding protein"
bra:BRADO0629,Conserved
bra:BRADO0630,rpsU
bra:BRADO0631,cspA
bra:BRADO0632,conserved
bra:BRADO0633,conserved
bra:BRADO0634,conserved
bra:BRADO0635,rpmB
bra:BRADO0637,conserved
bra:BRADO0639,Conserved hypothetical protein
bra:BRADO0640,Conserved hypothetical protein
bra:BRADO0641,ferredoxin
bra:BRADO0642,putative
bra:BRADO0643,Conserved hypothetical protein
bra:BRADO0644,Conserved hypothetical protein
bra:BRADO0645,putative
bra:BRADO0646,putative
bra:BRADO0647,conserved
bra:BRADO0648,hypothetical
bra:BRADO0649,hypothetical
bra:BRADO0650,hypothetical
bra:BRADO0651,putative
bra:BRADO0652,putative
bra:BRADO0653,putative
bra:BRADO0654,Putative short-chain dehydrogenase/reductase (SDR) family protein
bra:BRADO0656,conserved hypothetical protein
bra:BRADO0657,conserved hypothetical protein
bra:BRADO0658,Conserved
bra:BRADO0659,Putative phytoene dehydrogenase and related proteins
bra:BRADO0660,Hypothetical protein
bra:BRADO0661,Hypothetical protein
bra:BRADO0662,putative
bra:BRADO0663,hypothetical protein
bra:BRADOtRNA5,tRNA-Arg
bra:BRADO0664,hypothetical protein
bra:BRADO0665,hypothetical protein
bra:BRADO0666,conserved hypothetical protein
bra:BRADO0667,putative
bra:BRADO0669,Putative
bra:BRADO0670,Putative
bra:BRADO0671,Putative
bra:BRADO0672,Putative
bra:BRADO0673,Conserved hypothetical protein
bra:BRADO0674,Putative
bra:BRADO0675,putative
bra:BRADO0676,Putative
bra:BRADO0677,Putative
bra:BRADO0678,Putative
bra:BRADO0679,conserved hypothetical protein
bra:BRADO0680,Putative
bra:BRADO0681,Putative
bra:BRADO0682,Putative
bra:BRADO0683,Putative
bra:BRADO0684,maiA
bra:BRADO0685,putative
bra:BRADO0686,putative
bra:BRADO0687,Putative
bra:BRADO0688,putative
bra:BRADO0689,Putative
bra:BRADO0690,Conserved hypothetical protein
bra:BRADO0691,fpr
bra:BRADO0692,putative
bra:BRADO0693,putative
bra:BRADO0694,Putative
bra:BRADO0695,Putative
bra:BRADO0697,putative
bra:BRADO0698,Conserved hypothetical protein
bra:BRADO0700,conserved hypothetical protein
bra:BRADO0701,Conserved hypothetical protein
bra:BRADO0702,Putative
bra:BRADO0703,Putative
bra:BRADO0704,Putative
bra:BRADO0705,putative NAD-dependant oxidoreductase
bra:BRADO0706,conserved hypothetical protein
bra:BRADO0707,hypothetical protein
bra:BRADO0708,Conserved hypothetical protein
bra:BRADO0709,putative
bra:BRADO0710,Conserved hypothetical protein
bra:BRADO0711,hypothetical protein
bra:BRADO0712,Putative
bra:BRADO0713,radC
bra:BRADO0714,Hypothetical protein
bra:BRADO0715,Conserved hypothetical protein
bra:BRADO0716,conserved hypothetical protein
bra:BRADO0717,Putative
bra:BRADO0718,putative
bra:BRADO0719,map
bra:BRADO0720,Putative
bra:BRADO0721,Putative
bra:BRADO0722,Hypothetical protein
bra:BRADO0723,hypothetical
bra:BRADO0724,conserved hypothetical protein
bra:BRADO0725,mepA
bra:BRADO0726,Conserved hypothetical protein
bra:BRADO0727,putative
bra:BRADO0728,conserved hypothetical protein
bra:BRADO0729,Putative
bra:BRADO0730,hypothetical
bra:BRADO0731,lepA
bra:BRADO0732,Conserved hypothetical protein
bra:BRADO0733,ptsH
bra:BRADO0734,PTS
bra:BRADO0735,Putative
bra:BRADO0736,chvG
bra:BRADO0738,chvI
bra:BRADO0739,conserved hypothetical protein
bra:BRADO0741,pckA
bra:BRADO0742,conserved hypothetical protein
bra:BRADO0743,glgP
bra:BRADO0744,pseudogene
bra:BRADO0745,pseudogene
bra:BRADO0746,conserved
bra:BRADO0747,conserved hypothetical protein
bra:BRADO0748,pyrE
bra:BRADO0749,Putative
bra:BRADO0750,hypothetical protein
bra:BRADO0751,Conserved hypothetical protein
bra:BRADO0752,polA
bra:BRADO0753,Conserved hypothetical protein
bra:BRADO0754,rkpK
bra:BRADO0755,hrpB
bra:BRADO0756,conserved hypothetical protein
bra:BRADO0757,putative
bra:BRADO0758,Hypothetical protein
bra:BRADO0759,hypothetical
bra:BRADO0760,putative
bra:BRADO0761,Putative mutT/Nudix hydrolase family protein
bra:BRADO0762,conserved hypothetical protein
bra:BRADOmisc_RNA_1,SRP_bact
bra:BRADO0763,Putative
bra:BRADO0764,conserved hypothetical protein
bra:BRADO0765,recR
bra:BRADO0766,conserved
bra:BRADO0767,Putative
bra:BRADO0768,conserved hypothetical proteine
bra:BRADO0769,conserved hypothetical protein
bra:BRADO0770,def
bra:BRADO0771,fmt
bra:BRADO0772,truA
bra:BRADO0773,putative
bra:BRADO0774,dapE
bra:BRADO0775,dapD
bra:BRADO0776,putative HAD-superfamily hydrolase
bra:BRADO0777,conserved hypothetical protein
bra:BRADO0779,argB
bra:BRADO0780,conserved hypothetical protein
bra:BRADO0781,putative
bra:BRADO0782,oaxA
bra:BRADO0783,rnpA
bra:BRADO0784,rpmH
bra:BRADO0785,Putative
bra:BRADOtRNA6,tRNA-Arg
bra:BRADO0787,Conserved hypothetical protein
bra:BRADO0788,hypothetical
bra:BRADO0789,pseudogene
bra:BRADO0790,putative
bra:BRADO0791,Thiamine-phosphate
bra:BRADO0792,hypothetical protein
bra:BRADO0793,hypothetical protein
bra:BRADO0794,hypothetical
bra:BRADO0795,hypothetical
bra:BRADO0796,putative
bra:BRADO0797,putative
bra:BRADO0798,conserved
bra:BRADO0799,conserved
bra:BRADO0800,Conserved hypothetical protein
bra:BRADO0801,conserved
bra:BRADO0802,hypothetical
bra:BRADO0803,hypothetical
bra:BRADO0804,hypothetical
bra:BRADO0805,conserved
bra:BRADO0807,putative
bra:BRADO0808,hypothetical
bra:BRADO0809,hypothetical
bra:BRADO0810,hypothetical
bra:BRADO0811,hypothetical
bra:BRADO0812,hypothetical protein
bra:BRADO0813,hypothetical
bra:BRADO0814,hypothetical
bra:BRADO0815,hypothetical
bra:BRADO0817,conserved hypothetical protein
bra:BRADO0818,hisC
bra:BRADO0819,cheB
bra:BRADO0820,cheR
bra:BRADO0821,cheW
bra:BRADO0822,Methyl-accepting
bra:BRADO0823,Methyl-accepting
bra:BRADO0824,cheW
bra:BRADO0825,cheA
bra:BRADO0826,Conserved
bra:BRADO0827,Hypothetical protein
bra:BRADO0828,hypothetical protein
bra:BRADO0829,hypothetical
bra:BRADO0830,hypothetical protein
bra:BRADO0831,hypothetical
bra:BRADO0832,hypothetical protein
bra:BRADO0833,conserved hypothetical protein
bra:BRADO0834,conserved hypothetical protein
bra:BRADO0835,conserved
bra:BRADO0836,Conserved hypothetical protein
bra:BRADO0837,hypothetical
bra:BRADO0838,conserved hypothetical protein
bra:BRADO0839,conserved hypothetical protein
bra:BRADO0840,conserved hypothetical protein
bra:BRADO0841,putative
bra:BRADO0843,hypothetical
bra:BRADO0844,hypothetical
bra:BRADO0845,hypothetical protein
bra:BRADO0846,hypothetical
bra:BRADOmisc_RNA_7,Intron_gpII
bra:BRADO0847,Conserved hypothetical protein
bra:BRADO0848,hypothetical protein
bra:BRADO0849,putative Haloacid dehalogenase-like hydrolase
bra:BRADO0850,conserved
bra:BRADO0852,hypothetical
bra:BRADO0853,hypothetical protein
bra:BRADO0854,putative
bra:BRADO0855,Putative
bra:BRADO0856,conserved hypothetical protein
bra:BRADO0857,putative
bra:BRADO0858,conserved
bra:BRADO0859,Putative
bra:BRADO0860,Putative
bra:BRADO0861,Carboxylate-amine
bra:BRADO0862,putative Amidohydrolase family protein
bra:BRADO0863,Putative
bra:BRADO0864,Putative
bra:BRADO0865,putative
bra:BRADO0866,putative
bra:BRADO0867,conserved hypothetical protein
bra:BRADO0868,Putative
bra:BRADO0869,putative
bra:BRADO0870,putative
bra:BRADO0871,Putative
bra:BRADO0872,Putative
bra:BRADO0873,Putative
bra:BRADO0874,Putative
bra:BRADO0875,Putative
bra:BRADO0876,hypothetical protein
bra:BRADO0877,conserved
bra:BRADO0878,Putative Short-chain dehydrogenase/reductase (SDR) family protein
bra:BRADO0879,putative
bra:BRADO0880,Conserved hypothetical protein
bra:BRADO0881,putative
bra:BRADO0882,Conserved hypothetical protein
bra:BRADO0883,conserved hypothetical protein
bra:BRADO0884,conserved hypothetical protein
bra:BRADO0885,Peptidase
bra:BRADO0887,hypothetical
bra:BRADO0888,Putative
bra:BRADO0889,putative
bra:BRADO0890,Putative
bra:BRADO0891,Putative
bra:BRADO0892,Putative
bra:BRADO0893,Putative
bra:BRADO0894,Putative
bra:BRADO0895,putative
bra:BRADO0896,Conserved hypothetical protein
bra:BRADO0897,putative Multidrug efflux transporter
bra:BRADO0898,putative
bra:BRADO0899,conserved hypothetical protein
bra:BRADO0900,Conserved hypothetical protein
bra:BRADO0901,putative
bra:BRADO0902,Putative
bra:BRADO0903,Putative
bra:BRADO0904,Putative
bra:BRADO0905,Putative
bra:BRADO0906,Putative
bra:BRADO0907,conserved
bra:BRADO0908,putative
bra:BRADO0909,Putative
bra:BRADO0910,conserved hypothetical protein
bra:BRADO0911,"putative ABC transporter family, HlyB subfamily"
bra:BRADO0912,putative secretion protein (HlyD family)
bra:BRADO0913,Putative
bra:BRADO0914,citA
bra:BRADO0915,"Transcriptional Regulator, LysR family"
bra:BRADO0916,conserved
bra:BRADO0917,conserved
bra:BRADO0918,putative
bra:BRADO0919,hypothetical
bra:BRADO0920,putative
bra:BRADO0921,adh
bra:BRADO0922,putative
bra:BRADO0923,putative
bra:BRADO0924,conserved hypothetical protein
bra:BRADO0925,hypothetical
bra:BRADO0926,hypothetical protein containing two histidine-rich domains
bra:BRADO0927,Putative
bra:BRADO0928,putative
bra:BRADO0929,Putative
bra:BRADO0930,putative
bra:BRADO0931,Hadh2
bra:BRADO0932,Putative
bra:BRADO0933,Putative
bra:BRADO0934,putative
bra:BRADO0935,putative
bra:BRADO0936,Putative
bra:BRADO0937,conserved hypothetical protein
bra:BRADO0940,hypothetical
bra:BRADO0941,Putative
bra:BRADO0942,putative
bra:BRADO0943,Putative
bra:BRADO0944,conserved hypothetical protein
bra:BRADO0945,conserved
bra:BRADO0946,conserved
bra:BRADO0947,conserved
bra:BRADO0948,conserved
bra:BRADO0949,conserved
bra:BRADO0950,conserved
bra:BRADO0951,hypothetical
bra:BRADO0952,conserved
bra:BRADO0953,conserved
bra:BRADO0954,putative
bra:BRADO0955,Putative
bra:BRADO0956,TrapT
bra:BRADO0957,Putative
bra:BRADO0958,TrapT
bra:BRADO0959,conserved
bra:BRADO0960,conserved hypothetical protein
bra:BRADO0961,hypothetical
bra:BRADO0962,putative
bra:BRADO0963,putative
bra:BRADO0964,Hadh
bra:BRADO0965,Putative
bra:BRADO0967,"Putative ABC transporter, substrate-binding protein"
bra:BRADO0968,putative
bra:BRADO0969,livF
bra:BRADO0970,"ABC tranpsorter, permease protein (N-ter) and ATP-binding protein (C-ter)"
bra:BRADO0971,"ABC transporter, permease protein"
bra:BRADO0972,putative
bra:BRADO0973,Putative hydroxypyruvate reductase
bra:BRADO0974,Putative
bra:BRADO0975,Putative
bra:BRADO0976,Putative
bra:BRADO0977,Putative
bra:BRADO0978,livF
bra:BRADO0979,livG
bra:BRADO0980,putative
bra:BRADO0981,pimF
bra:BRADO0982,Putative long-chain-fatty-acid--CoA ligase
bra:BRADO0983,pimB
bra:BRADO0984,Putative acyl-CoA dehydrogenase
bra:BRADO0985,Putative acyl-CoA dehydrogenase
bra:BRADO0986,putative
bra:BRADO0987,glpK
bra:BRADO0988,Arylesterase
bra:BRADO0989,conserved
bra:BRADO0990,putative
bra:BRADO0991,conserved hypothetical protein
bra:BRADO0992,putative
bra:BRADO0993,putative
bra:BRADO0994,metH
bra:BRADO0995,metF
bra:BRADO0996,putative
bra:BRADO0997,putative
bra:BRADO0998,Putative
bra:BRADO0999,pheA
bra:BRADO1000,kdsB
bra:BRADO1001,Cytochrome
bra:BRADO1002,putative
bra:BRADO1003,putative
bra:BRADO1004,putative
bra:BRADO1005,putative
bra:BRADO1006,putative
bra:BRADO1007,conserved hypothetical protein
bra:BRADO1008,conserved
bra:BRADO1009,conserved hypothetical protein
bra:BRADO1010,NLP/P60
bra:BRADO1011,Leucine
bra:BRADO1012,conserved hypothetical protein
bra:BRADO1013,Putative
bra:BRADO1014,putative pilus assembly protein
bra:BRADO1015,putative pilus assembly protein
bra:BRADO1016,putative
bra:BRADO1017,putative
bra:BRADO1018,Putative pilus assembly protein cpaD
bra:BRADO1019,putative Pilus assembly protein cpaC
bra:BRADO1020,Putative
bra:BRADO1021,Putative
bra:BRADO1023,putative
bra:BRADO1024,conserved hypothetical protein
bra:BRADO1025,conserved
bra:BRADO1026,conserved hypothetical protein
bra:BRADO1027,conserved
bra:BRADO1028,cspA
bra:BRADO1029,infA
bra:BRADO1030,Putative
bra:BRADO1031,Putative
bra:BRADO1032,Putative
bra:BRADO1033,Putative
bra:BRADO1034,putative
bra:BRADO1035,putative
bra:BRADO1036,Putative
bra:BRADO1037,ureA
bra:BRADO1038,ureB
bra:BRADO1039,Putative
bra:BRADO1040,hypothetical protein
bra:BRADO1041,ureC
bra:BRADO1042,conserved
bra:BRADO1043,ureE
bra:BRADO1044,ureF
bra:BRADO1045,ureG
bra:BRADO1046,putative
bra:BRADO1047,RNA
bra:BRADO1048,conserved
bra:BRADO1049,Putative
bra:BRADO1050,hypothetical protein
bra:BRADO1051,conserved hypothetical protein
bra:BRADO1052,conserved hypothetical protein
bra:BRADO1053,conserved
bra:BRADO1054,putative
bra:BRADO1055,conserved hypothetical protein
bra:BRADO1056,conserved hypothetical protein
bra:BRADO1057,Putative
bra:BRADO1058,conserved hypothetical protein
bra:BRADO1059,glcB
bra:BRADO1060,hypothetical
bra:BRADO1062,Putative
bra:BRADO1063,CysN/CysC
bra:BRADO1064,cysD
bra:BRADO1065,cysG
bra:BRADO1066,conserved
bra:BRADO1067,Sulfite/ferredoxin-nitrite
bra:BRADO1068,conserved
bra:BRADO1069,cysH
bra:BRADO1070,sbp
bra:BRADO1071,cysT
bra:BRADO1072,cysW
bra:BRADO1073,cysA
bra:BRADO1074,conserved hypothetical protein with SCP/PR1 domains
bra:BRADO1075,Putative
bra:BRADO1076,D-beta-hydroxybutyrate
bra:BRADO1077,conserved hypothetical protein
bra:BRADO1078,conserved
bra:BRADO1079,putative
bra:BRADO1080,conserved hypothetical protein
bra:BRADO1081,conserved
bra:BRADO1082,Alpha-ketoglutarate-dependent
bra:BRADO1083,putative
bra:BRADO1084,putative
bra:BRADO1085,putative
bra:BRADO1086,conserved
bra:BRADO1087,conserved
bra:BRADO1088,Putative
bra:BRADO1089,galU
bra:BRADO1090,Putative
bra:BRADO1091,conserved
bra:BRADO1092,Putative
bra:BRADO1093,Putative
bra:BRADO1094,appB
bra:BRADO1095,oppC
bra:BRADO1096,oppD
bra:BRADO1097,oppF
bra:BRADO1098,Putative
bra:BRADO1099,fadD
bra:BRADO1101,putative
bra:BRADO1102,Putative
bra:BRADO1103,putative
bra:BRADO1104,conserved
bra:BRADO1105,conserved
bra:BRADO1106,putative
bra:BRADO1107,Putative
bra:BRADO1108,conserved hypothetical protein
bra:BRADO1109,Putative
bra:BRADO1110,Putative
bra:BRADO1111,conserved hypothetical protein
bra:BRADO1112,conserved hypothetical protein
bra:BRADO1113,putative
bra:BRADO1114,Putative
bra:BRADO1115,Putative
bra:BRADO1116,conserved
bra:BRADO1117,inositol
bra:BRADO1118,putative
bra:BRADO1119,putative
bra:BRADO1120,cbbA
bra:BRADO1121,hypothetical
bra:BRADO1122,cbbK
bra:BRADO1124,cbbG
bra:BRADO1125,recQ
bra:BRADO1126,cbbT
bra:BRADO1127,conserved
bra:BRADO1128,conserved
bra:BRADO1129,conserved hypothetical protein
bra:BRADO1130,Putative
bra:BRADO1131,Putative
bra:BRADO1132,conserved hypothetical protein
bra:BRADO1133,conserved hypothetical protein
bra:BRADO1138,Antifreeze
bra:BRADO1139,Metallo-phosphoesterase
bra:BRADO1140,hypothetical
bra:BRADO1141,Putative
bra:BRADO1142,Methyl-accepting
bra:BRADO1143,conserved hypothetical protein
bra:BRADO1144,ruvC
bra:BRADO1145,ruvA
bra:BRADO1146,Cytidine deaminase family enzyme
bra:BRADO1147,ruvB
bra:BRADO1148,Putative
bra:BRADO1149,ybgC
bra:BRADO1150,Putative
bra:BRADO1151,Putative
bra:BRADO1152,putative
bra:BRADO1153,2-hydroxyacid
bra:BRADO1154,hypothetical
bra:BRADO1155,conserved
bra:BRADO1156,RNA
bra:BRADO1157,conserved hypothetical protein
bra:BRADO1158,Glyoxalase
bra:BRADO1159,conserved hypothetical protein
bra:BRADO1160,Putative
bra:BRADO1161,conserved
bra:BRADO1162,putative
bra:BRADO1163,Putative
bra:BRADO1164,putative
bra:BRADO1165,conserved
bra:BRADO1166,conserved
bra:BRADO1167,conserved
bra:BRADO1168,putative
bra:BRADO1169,conserved
bra:BRADO1170,tolQ
bra:BRADO1171,Putative
bra:BRADO1172,Putative
bra:BRADO1173,tolB
bra:BRADO1174,putative
bra:BRADO1175,conserved
bra:BRADO1176,omp16
bra:BRADO1177,hypothetical
bra:BRADO1178,conserved
bra:BRADO1179,tilS
bra:BRADO1180,ftsH
bra:BRADO1181,hypothetical protein
bra:BRADO1182,conserved hypothetical protein
bra:BRADO1183,putative
bra:BRADO1184,hypothetical protein
bra:BRADO1185,pyk
bra:BRADO1186,conserved hypothetical protein
bra:BRADO1187,conserved
bra:BRADO1188,conserved
bra:BRADO1189,conserved
bra:BRADO1190,conserved hypothetical protein
bra:BRADO1191,putative
bra:BRADO1192,putative
bra:BRADO1193,putative
bra:BRADO1194,putative
bra:BRADO1195,conserved
bra:BRADO1196,pntA2
bra:BRADO1197,pntA2
bra:BRADO1198,pntB
bra:BRADO1199,conserved
bra:BRADO1200,Possible
bra:BRADO1201,putative
bra:BRADO1202,conserved
bra:BRADO1203,conserved
bra:BRADO1204,rpsU
bra:BRADO1205,purK
bra:BRADO1206,purE
bra:BRADO1207,putative
bra:BRADO1208,conserved
bra:BRADO1209,conserved
bra:BRADO1210,hypothetical
bra:BRADO1212,NAD
bra:BRADO1213,Putative
bra:BRADO1214,glpD
bra:BRADO1215,potG
bra:BRADO1216,potH
bra:BRADO1217,potI
bra:BRADO1218,putative
bra:BRADO1219,probable
bra:BRADO1220,probable
bra:BRADO1221,probable
bra:BRADO1222,possible
bra:BRADO1223,atoD
bra:BRADO1224,atoA
bra:BRADO1225,hypothetical
bra:BRADO1226,"putative nitrate reductase, nirV-like"
bra:BRADO1227,nirK
bra:BRADO1228,conserved
bra:BRADO1229,hemN
bra:BRADO1230,conserved
bra:BRADO1231,putative
bra:BRADO1232,putative
bra:BRADO1233,Two-component
bra:BRADO1234,conserved
bra:BRADO1235,conserved
bra:BRADOtRNA7,tRNA-His
bra:BRADO1239,putative conjugal transfer protein
bra:BRADO1240,Conjugal
bra:BRADO1241,hypothetical
bra:BRADO1242,hypothetical protein
bra:BRADO1243,hypothetical protein
bra:BRADO1244,hypothetical
bra:BRADO1245,hypothetical
bra:BRADO1246,hypothetical
bra:BRADO1247,hypothetical
bra:BRADO1248,hypothetical
bra:BRADO1249,hypothetical
bra:BRADO1250,hypothetical
bra:BRADO1251,hypothetical
bra:BRADO1252,conserved hypothetical protein
bra:BRADO1253,hypothetical
bra:BRADO1254,conserved
bra:BRADO1255,hypothetical
bra:BRADO1256,Peroxidase
bra:BRADO1257,putative
bra:BRADO1258,putative
bra:BRADO1259,methyl-accepting
bra:BRADO1260,putative
bra:BRADO1262,Bacteriophytochrome
bra:BRADO1263,putative
bra:BRADO1264,putative
bra:BRADO1265,putative
bra:BRADO1266,hemA
bra:BRADO1267,gvpN
bra:BRADO1268,hypothetical
bra:BRADO1269,hypothetical
bra:BRADO1270,gvpS
bra:BRADO1271,putative
bra:BRADO1272,putative
bra:BRADO1273,putative
bra:BRADO1274,putative
bra:BRADO1275,putative
bra:BRADO1276,putative
bra:BRADO1277,Putative
bra:BRADO1278,hypothetical
bra:BRADO1279,gvpK
bra:BRADO1280,hypothetical
bra:BRADO1282,gvpA
bra:BRADO1283,hypothetical
bra:BRADO1284,hypothetical
bra:BRADO1285,hypothetical
bra:BRADO1286,hypothetical
bra:BRADO1287,hypothetical protein
bra:BRADO1290,hypothetical protein
bra:BRADO1291,Putative
bra:BRADO1292,conserved hypothetical protein
bra:BRADO1293,putative
bra:BRADO1294,putative
bra:BRADO1295,putative
bra:BRADO1296,putative
bra:BRADO1297,putative general secretion pathway protein I
bra:BRADO1298,putative
bra:BRADO1299,Putative
bra:BRADO1300,putative
bra:BRADO1301,putative
bra:BRADO1302,hypothetical protein
bra:BRADO1303,hypothetical
bra:BRADO1305,Putative
bra:BRADO1306,conserved hypothetical protein
bra:BRADO1307,putative
bra:BRADO1308,conserved
bra:BRADO1309,putative
bra:BRADO1311,hypothetical
bra:BRADO1312,putative
bra:BRADO1313,hypothetical protein
bra:BRADO1314,hypothetical protein
bra:BRADO1315,hypothetical protein
bra:BRADO1316,"ATPase,"
bra:BRADO1317,hypothetical
bra:BRADO1318,putative
bra:BRADO1320,putative
bra:BRADO1321,trxB
bra:BRADO1322,putative
bra:BRADO1323,putative
bra:BRADO1324,greA
bra:BRADO1325,carB
bra:BRADO1326,Putative
bra:BRADO1327,putative
bra:BRADOtRNA47,"Pseudo tRNA Evidence 3 : Function proposed based on presence of conserved amino acid motif, structural feature or limited homology"
bra:BRADO1328,putative
bra:BRADO1329,putative
bra:BRADO1330,putative membrane protein
bra:BRADO1331,conserved hypothetical protein
bra:BRADO1332,putative
bra:BRADO1333,conserved
bra:BRADO1334,putative
bra:BRADO1335,putative
bra:BRADO1336,putative
bra:BRADO1337,carA
bra:BRADO1338,Conserved
bra:BRADO1339,Acetyl-coenzyme
bra:BRADO1340,conserved hypothetical protein
bra:BRADO1341,conserved hypothetical protein
bra:BRADO1342,conserved
bra:BRADO1343,putative
bra:BRADO1344,hypothetical
bra:BRADO1345,putative
bra:BRADO1346,putative
bra:BRADO1347,conserved
bra:BRADO1348,putative
bra:BRADO1349,conserved
bra:BRADO1351,putative
bra:BRADO1352,conserved
bra:BRADO1353,dnaG
bra:BRADO1354,rpoD
bra:BRADO1355,hypothetical
bra:BRADO1356,hypothetical
bra:BRADO1357,hypothetical protein
bra:BRADO1358,conserved hypothetical protein
bra:BRADO1359,conserved
bra:BRADO1360,"putative O-linked N-acetylglucosamine transferase, SPINDLY family"
bra:BRADO1361,conserved
bra:BRADO1362,conserved
bra:BRADO1363,conserved hypothetical protein
bra:BRADO1364,conserved
bra:BRADO1365,conserved hypothetical protein
bra:BRADO1366,putative
bra:BRADO1367,putative
bra:BRADO1368,conserved
bra:BRADO1369,putative
bra:BRADO1370,hypothetical
bra:BRADO1371,rpoH
bra:BRADO1372,rluD
bra:BRADO1373,conserved
bra:BRADOtRNA8,tRNA-Glu
bra:BRADO1375,putative
bra:BRADO1376,hypothetical protein
bra:BRADO1377,Cytochrome
bra:BRADO1378,conserved
bra:BRADO1379,hypothetical
bra:BRADO1380,"catalase,"
bra:BRADO1381,hypothetical
bra:BRADO1382,hypothetical protein
bra:BRADO1383,hypothetical protein
bra:BRADO1384,NAD(P)-dependent
bra:BRADO1385,aroQ2
bra:BRADO1386,putative
bra:BRADO1387,aldB
bra:BRADO1388,hypothetical protein
bra:BRADO1389,hypothetical protein
bra:BRADO1390,hypothetical
bra:BRADO1391,hypothetical
bra:BRADO1392,ABC transporter
bra:BRADO1393,rbsC
bra:BRADO1394,rbsA
bra:BRADO1395,xylB
bra:BRADO1396,putative oxidoreductase with NAD(P)-binding domains
bra:BRADO1397,conserved
bra:BRADO1398,Choline
bra:BRADO1399,Gamma-glutamyltranspeptidase
bra:BRADO1400,N-acyl-D-glutamate
bra:BRADO1401,putative
bra:BRADO1402,putative
bra:BRADO1403,hypothetical
bra:BRADO1404,putative
bra:BRADO1406,putative dehydrogenase/oxidase
bra:BRADO1407,putative
bra:BRADO1408,putative
bra:BRADO1409,putative
bra:BRADO1410,putative ABC transporter
bra:BRADO1411,putative
bra:BRADO1412,putative
bra:BRADO1413,ompR
bra:BRADO1414,hypothetical
bra:BRADO1415,conserved hypothetical protein
bra:BRADO1416,conserved hypothetical protein
bra:BRADO1417,conserved
bra:BRADO1418,conserved
bra:BRADO1419,gst1
bra:BRADO1420,Aminopeptidase
bra:BRADO1421,putative
bra:BRADO1422,conserved hypothetical protein
bra:BRADO1423,conserved
bra:BRADO1424,hypothetical protein
bra:BRADO1425,conserved hypothetical protein
bra:BRADO1426,hypothetical
bra:BRADO1427,conserved hypothetical protein
bra:BRADO1428,Acyl-coenzyme
bra:BRADO1429,cspA
bra:BRADO1430,cyaA
bra:BRADO1431,putative
bra:BRADO1432,conserved hypothetical protein
bra:BRADO1433,conserved hypothetical protein
bra:BRADO1434,putative
bra:BRADO1435,putative
bra:BRADO1437,conserved
bra:BRADO1438,conserved hypothetical protein
bra:BRADO1439,mdlC
bra:BRADO1440,conserved
bra:BRADO1441,formyl-coenzyme
bra:BRADO1442,acyl-CoA
bra:BRADO1443,Putative
bra:BRADO1444,Putative
bra:BRADO1445,cytochrome
bra:BRADO1446,cytochrome
bra:BRADO1447,ivd2
bra:BRADO1448,conserved hypothetical protein
bra:BRADO1449,putative
bra:BRADO1450,conserved
bra:BRADO1451,conserved
bra:BRADO1452,putative
bra:BRADO1453,conserved
bra:BRADO1454,conserved hypothetical protein
bra:BRADO1456,Cytochrome
bra:BRADO1457,conserved
bra:BRADO1458,Two-component
bra:BRADO1459,two-component
bra:BRADO1460,putative
bra:BRADO1461,Mox
bra:BRADO1462,Quinoprotein
bra:BRADO1463,hypothetical protein
bra:BRADO1464,dinB
bra:BRADO1465,Ribonuclease
bra:BRADO1466,trkD
bra:BRADO1467,conserved hypothetical protein
bra:BRADOtRNA46,tRNA-Val
bra:BRADO1468,conserved
bra:BRADO1469,conserved
bra:BRADO1470,conserved
bra:BRADO1471,cysQ
bra:BRADO1472,Conserved hypothetical protein
bra:BRADO1473,cheA
bra:BRADO1474,cheW
bra:BRADO1475,cheY
bra:BRADO1476,cheB
bra:BRADO1477,cheR
bra:BRADO1478,kaiC
bra:BRADO1479,kaiB
bra:BRADO1480,putative
bra:BRADO1481,putative
bra:BRADO1482,Putative
bra:BRADO1484,hypothetical protein
bra:BRADO1485,conserved
bra:BRADO1486,Conserved hypothetical protein
bra:BRADO1487,putative
bra:BRADO1488,Putative
bra:BRADO1489,Putative
bra:BRADO1490,Putative
bra:BRADO1491,Conserved hypothetical protein
bra:BRADO1492,D-hydantoinase
bra:BRADO1493,Conserved hypothetical protein
bra:BRADO1494,conserved
bra:BRADO1495,putative
bra:BRADO1497,ctrA
bra:BRADO1498,fliI
bra:BRADO1499,putative
bra:BRADO1500,RNA
bra:BRADO1501,conserved
bra:BRADO1502,conserved hypothetical protein
bra:BRADO1503,flhA
bra:BRADO1504,putative
bra:BRADO1505,putative
bra:BRADO1506,conserved
bra:BRADO1509,"putative O-linked N-acetylglucosamine transferase, SPINDLY family"
bra:BRADO1511,PUTATIVE
bra:BRADO1512,hypothetical
bra:BRADO1514,conserved hypothetical protein
bra:BRADO1515,hypothetical protein
bra:BRADO1517,hypothetical
bra:BRADO1518,putative
bra:BRADO1519,putative
bra:BRADO1520,Putative Multicopper oxidase
bra:BRADO1521,Putative Outer membrane efflux protein
bra:BRADO1522,conserved
bra:BRADO1523,conserved hypothetical protein
bra:BRADO1524,putative
bra:BRADO1526,conserved hypothetical protein
bra:BRADO1527,conserved
bra:BRADO1528,Putative
bra:BRADO1529,tryptophan
bra:BRADO1530,putative
bra:BRADO1531,amdA
bra:BRADO1532,2-haloacid
bra:BRADO1533,putative
bra:BRADO1534,Putative
bra:BRADO1535,conserved
bra:BRADO1536,conserved
bra:BRADO1537,conserved
bra:BRADO1538,Putative
bra:BRADO1539,Putative
bra:BRADO1540,Putative
bra:BRADO1541,Putative
bra:BRADO1542,Putative
bra:BRADO1543,Putative
bra:BRADO1544,Amidohydrolase
bra:BRADO1545,putative
bra:BRADO1546,putative
bra:BRADO1547,Putative
bra:BRADO1548,Putative
bra:BRADO1549,Putative
bra:BRADO1550,oxydoreductase
bra:BRADO1551,oxidoreductase
bra:BRADO1552,Oxidoreductase
bra:BRADO1553,ABC
bra:BRADO1554,conserved
bra:BRADO1555,"Putative transcriptional regulatory protein, GntR family, with a PLP-dependent aminotransferase domain"
bra:BRADO1556,putative
bra:BRADO1557,hypothetical
bra:BRADO1558,putative
bra:BRADO1559,conserved hypothetical protein
bra:BRADO1560,putative
bra:BRADO1562,garD
bra:BRADO1563,aldehyde dehydrogenase
bra:BRADO1564,gudD
bra:BRADO1565,kdgD
bra:BRADO1566,putative
bra:BRADO1568,gudP
bra:BRADO1570,aphA
bra:BRADO1571,mcpa
bra:BRADO1572,conserved
bra:BRADO1573,pps
bra:BRADO1574,putative
bra:BRADO1575,Putative carbohydrate kinase pfkB family
bra:BRADO1576,glk
bra:BRADO1577,Putative
bra:BRADO1578,putative
bra:BRADO1579,putative
bra:BRADO1580,putative
bra:BRADO1581,putative
bra:BRADO1582,Putative
bra:BRADO1583,conserved
bra:BRADO1584,putative
bra:BRADO1585,hypothetical
bra:BRADO1586,Putative
bra:BRADO1587,Putative
bra:BRADO1588,Putative
bra:BRADO1589,Putative
bra:BRADO1590,putative
bra:BRADO1591,Conserved hypothetical protein
bra:BRADO1593,hypothetical
bra:BRADO1594,conserved
bra:BRADO1595,conserved hypothetical protein
bra:BRADO1596,conserved
bra:BRADO1597,Conserved hypothetical protein
bra:BRADO1598,Putative
bra:BRADO1599,Putative
bra:BRADO1600,Putative
bra:BRADO1601,hutC
bra:BRADO1602,putative
bra:BRADO1603,hutI
bra:BRADO1604,hutH
bra:BRADO1605,hutU
bra:BRADO1606,bchI
bra:BRADO1607,bchD
bra:BRADO1608,putative
bra:BRADO1609,putative
bra:BRADO1610,crtI
bra:BRADO1611,crtB
bra:BRADO1612,conserved
bra:BRADO1613,crtC
bra:BRADO1614,crtD
bra:BRADO1615,crtE
bra:BRADO1616,crtF
bra:BRADO1617,bchC
bra:BRADO1618,bchX
bra:BRADO1619,bchY
bra:BRADO1620,bchZ
bra:BRADO1621,hypothetical
bra:BRADO1622,pufB
bra:BRADO1623,pufA
bra:BRADO1624,pufL
bra:BRADO1625,pufM
bra:BRADO1626,hmuO
bra:BRADO1627,putative
bra:BRADO1628,BrbphP
bra:BRADO1629,ppsR2
bra:BRADO1630,cycA
bra:BRADO1631,conserved hypothetical protein
bra:BRADO1632,bchP
bra:BRADO1633,light
bra:BRADO1634,bchG
bra:BRADO1635,ppsR1
bra:BRADO1636,putative
bra:BRADO1638,bchF
bra:BRADO1639,bchN
bra:BRADO1640,bchB
bra:BRADO1641,bchH
bra:BRADO1642,bchL
bra:BRADO1643,bchM
bra:BRADO1644,lhaA
bra:BRADO1645,puhA
bra:BRADO1646,conserved hypothetical protein
bra:BRADO1647,conserved
bra:BRADO1648,conserved
bra:BRADO1649,acsF
bra:BRADO1650,conserved hypothetical protein
bra:BRADO1651,hemA
bra:BRADO1652,bchE
bra:BRADO1653,bchJ
bra:BRADO1654,cbbR
bra:BRADO1655,cbbF
bra:BRADO1656,cbbP
bra:BRADO1657,cbbT
bra:BRADO1658,cbbA
bra:BRADO1659,cbbL
bra:BRADO1660,cbbS
bra:BRADO1661,putative
bra:BRADO1662,"putative haloacid dehalogenase-like hydrolase, cbbY/cbbZ/gph/yieH family"
bra:BRADO1663,Putative
bra:BRADO1664,conserved
bra:BRADO1665,putative
bra:BRADO1666,katG
bra:BRADO1667,oxyR
bra:BRADO1668,conserved hypothetical protein
bra:BRADO1669,hypothetical
bra:BRADO1670,hypothetical
bra:BRADO1671,hypothetical
bra:BRADO1672,hypothetical
bra:BRADO1674,pstS
bra:BRADO1675,pstC
bra:BRADO1676,pstA
bra:BRADO1677,pstB
bra:BRADO1678,phoU
bra:BRADO1679,phoB
bra:BRADO1680,hypothetical protein
bra:BRADO1681,hupN
bra:BRADO1682,hupU
bra:BRADO1683,hupV
bra:BRADO1684,hupS
bra:BRADO1685,hupL
bra:BRADO1686,hupC
bra:BRADO1687,hupD
bra:BRADO1688,hupF
bra:BRADO1689,hupG
bra:BRADO1690,hupH
bra:BRADO1691,hupI
bra:BRADO1692,hupJ
bra:BRADO1693,hupK
bra:BRADO1694,hypA
bra:BRADO1695,conserved hypothetical protein
bra:BRADO1696,hypB
bra:BRADO1697,hypF
bra:BRADO1698,hypC
bra:BRADO1699,hypD
bra:BRADO1700,hypE
bra:BRADO1701,hoxA
bra:BRADO1702,putative
bra:BRADO1703,putative
bra:BRADO1704,putative
bra:BRADO1705,putative
bra:BRADO1706,Conserved
bra:BRADO1707,Putative
bra:BRADO1708,hypothetical protein
bra:BRADO1709,hypothetical
bra:BRADO1710,Coenzyme
bra:BRADO1711,Putative
bra:BRADO1712,Putative
bra:BRADO1713,putative
bra:BRADO1714,putative
bra:BRADO1715,putative
bra:BRADO1716,putative transporter (permease)
bra:BRADO1717,Putative
bra:BRADO1718,putative Permease of the major facilitator superfamily (MFS)
bra:BRADO1719,cyoA
bra:BRADO1720,cyoB
bra:BRADO1721,cyoC
bra:BRADO1722,cyoD
bra:BRADO1723,putative
bra:BRADO1724,regB
bra:BRADO1725,regA
bra:BRADO1726,conserved
bra:BRADO1727,Putative
bra:BRADO1728,Putative
bra:BRADO1729,Putative
bra:BRADO1730,putative
bra:BRADO1731,hypothetical protein
bra:BRADO1732,hypothetical protein
bra:BRADO1733,conserved hypothetical protein
bra:BRADO1734,conserved
bra:BRADO1735,putative
bra:BRADO1736,putative xanthine dehydrogenase family protein
bra:BRADO1737,conserved hypothetical protein
bra:BRADO1738,putative
bra:BRADO1739,dppE
bra:BRADO1740,dppD
bra:BRADO1741,dppC
bra:BRADO1742,dppB
bra:BRADO1743,dppA
bra:BRADO1744,putative
bra:BRADO1745,Putative
bra:BRADO1746,Putative
bra:BRADO1747,putative
bra:BRADO1748,conserved hypothetical protein
bra:BRADO1749,putative
bra:BRADO1750,putative
bra:BRADO1751,conserved
bra:BRADO1752,putative
bra:BRADO1753,dgoK
bra:BRADO1754,dgoA
bra:BRADO1755,Regulatory
bra:BRADO1757,hypothetical protein
bra:BRADO1758,Putative
bra:BRADO1760,serA
bra:BRADO1761,Hypothetical protein
bra:BRADO1762,"Putative Transcriptional regulatory protein, lysR family"
bra:BRADO1763,Conserved hypothetical protein
bra:BRADO1764,conserved
bra:BRADO1765,modC
bra:BRADO1766,modB
bra:BRADO1767,modA
bra:BRADO1769,bam
bra:BRADO1770,"putative Peptidase M20D, amidohydrolase"
bra:BRADO1771,conserved hypothetical protein
bra:BRADO1772,conserved
bra:BRADO1773,conserved hypothetical protein
bra:BRADO1774,norE
bra:BRADO1775,conserved hypothetical protein
bra:BRADO1776,norC
bra:BRADO1777,norB
bra:BRADO1778,norQ
bra:BRADO1779,norD
bra:BRADO1780,conserved
bra:BRADO1781,hypothetical
bra:BRADO1782,N-carbamoyl-D-amino
bra:BRADO1785,hypothetical
bra:BRADO1786,upp
bra:BRADO1787,conserved
bra:BRADO1788,conserved hypothetical protein
bra:BRADO1789,putative
bra:BRADO1790,N-carbamoyl-D-amino
bra:BRADO1791,putative
bra:BRADO1792,hyuA
bra:BRADO1793,putative
bra:BRADO1794,3-oxoacyl-[acyl-carrier-protein]
bra:BRADO1795,"putative transcriptional regulatory protein, LysR family"
bra:BRADO1796,Oxidoreductase
bra:BRADO1797,putative
bra:BRADO1798,putative
bra:BRADO1799,putative
bra:BRADO1800,putative
bra:BRADO1801,putative
bra:BRADO1802,conserved hypothetical protein
bra:BRADO1803,uxuA
bra:BRADO1804,idnD
bra:BRADO1805,kdgK
bra:BRADO1806,eda
bra:BRADO1807,ytfQ
bra:BRADO1808,Putative
bra:BRADO1809,ytfT
bra:BRADO1810,putative
bra:BRADO1811,putative
bra:BRADO1812,Dihydroxy-acid
bra:BRADO1813,Dihydrodipicolinate
bra:BRADO1814,Galactose
bra:BRADO1815,Aldose
bra:BRADO1816,putative
bra:BRADO1817,chvE
bra:BRADO1818,araG
bra:BRADO1819,putative
bra:BRADO1820,conserved hypothetical protein
bra:BRADO1821,cheY
bra:BRADO1822,cheA
bra:BRADO1823,cheW
bra:BRADO1824,Putative
bra:BRADO1825,cheR
bra:BRADO1826,cheD
bra:BRADO1827,cheB
bra:BRADO1828,hypothetical
bra:BRADO1829,conserved hypothetical protein
bra:BRADO1830,conserved
bra:BRADO1831,putative
bra:BRADO1832,conserved hypothetical protein
bra:BRADO1833,conserved hypothetical protein
bra:BRADO1834,conserved hypothetical protein
bra:BRADO1835,hypothetical
bra:BRADO1836,putative
bra:BRADO1837,conserved
bra:BRADO1839,hypothetical
bra:BRADO1840,hypothetical
bra:BRADO1841,conserved
bra:BRADO1842,putative
bra:BRADO1843,putative
bra:BRADO1844,putative
bra:BRADO1845,conserved
bra:BRADO1846,hypothetical
bra:BRADO1847,hypothetical
bra:BRADO1848,putative thiosulfate sulfurtransferase
bra:BRADO1849,conserved hypothetical protein
bra:BRADO1850,hypothetical
bra:BRADO1851,vanB
bra:BRADO1852,conserved
bra:BRADO1853,ligB
bra:BRADO1854,putative
bra:BRADO1855,conserved hypothetical protein
bra:BRADO1856,putative
bra:BRADO1857,putative
bra:BRADO1858,putative
bra:BRADO1859,conserved hypothetical protein
bra:BRADO1860,hypothetical protein
bra:BRADO1861,hypothetical
bra:BRADO1862,"putative transcriptional regulatory protein GntR family, with an PLP-dependent aminotransferase, a MOSC and an rubredoxin domain"
bra:BRADO1863,Putative
bra:BRADO1864,hypothetical
bra:BRADO1865,putative
bra:BRADOmisc_RNA_8,Intron_gpII
bra:BRADO1866,conserved
bra:BRADO1867,vanillate
bra:BRADO1868,vanR
bra:BRADO1869,putative
bra:BRADO1870,hypothetical protein
bra:BRADO1871,Putative
bra:BRADO1872,tdcD
bra:BRADO1873,betA
bra:BRADO1874,hemC
bra:BRADO1875,hemE
bra:BRADO1876,conserved
bra:BRADO1877,conserved hypothetical protein
bra:BRADO1878,conserved
bra:BRADO1879,conserved hypothetical protein
bra:BRADO1880,hypothetical
bra:BRADO1881,putative
bra:BRADO1884,fbp
bra:BRADO1885,conserved
bra:BRADO1886,conserved
bra:BRADO1888,conserved
bra:BRADO1889,conserved hypothetical protein
bra:BRADO1890,hypothetical
bra:BRADO1891,conserved
bra:BRADO1892,putative
bra:BRADO1893,conserved hypothetical protein
bra:BRADO1894,hypothetical protein
bra:BRADO1895,conserved
bra:BRADO1896,putative
bra:BRADO1897,putative
bra:BRADO1899,conserved hypothetical protein
bra:BRADO1900,putative transport protein (MFS superfamily)
bra:BRADO1901,Putative component of multidrug efflux system
bra:BRADO1902,RND
bra:BRADO1903,putative
bra:BRADO1904,conserved hypothetical protein
bra:BRADO1905,yciA
bra:BRADO1906,conserved
bra:BRADO1907,glpR
bra:BRADO1908,glpD
bra:BRADO1909,putative
bra:BRADO1910,putative
bra:BRADO1911,putative
bra:BRADO1912,putative
bra:BRADO1913,conserved hypothetical protein
bra:BRADO1914,"Putative periplasmic binding ABC transporter protein, probable sugar binding precursor"
bra:BRADO1916,exbB
bra:BRADO1917,exbD
bra:BRADO1918,tonB
bra:BRADO1919,conserved
bra:BRADO1920,hypothetical protein
bra:BRADO1923,conserved hypothetical protein
bra:BRADO1924,putative
bra:BRADO1925,conserved hypothetical protein
bra:BRADO1926,nemA
bra:BRADO1927,putative
bra:BRADO1928,putative
bra:BRADO1929,putative
bra:BRADO1930,putative
bra:BRADO1931,conserved
bra:BRADO1933,Putative
bra:BRADO1934,conserved
bra:BRADO1935,conserved
bra:BRADO1936,hypothetical
bra:BRADO1937,pgm
bra:BRADO1938,conserved
bra:BRADO1939,hypothetical protein
bra:BRADO1940,hypothetical
bra:BRADO1941,fdh
bra:BRADO1942,conserved
bra:BRADO1943,conserved
bra:BRADO1945,conserved
bra:BRADO1946,opgH
bra:BRADO1947,mdoG
bra:BRADO1948,putative
bra:BRADO1949,putative
bra:BRADO1950,conserved
bra:BRADO1951,putative
bra:BRADO1952,conserved
bra:BRADO1953,conserved
bra:BRADO1954,putative
bra:BRADO1955,putative
bra:BRADO1956,Putative
bra:BRADO1957,Putative Amidohydrolase family protein
bra:BRADO1958,Putative
bra:BRADO1959,putative
bra:BRADO1960,conserved hypothetical protein
bra:BRADO1961,conserved hypothetical protein
bra:BRADO1962,conserved hypothetical protein
bra:BRADO1963,conserved
bra:BRADO1964,putative
bra:BRADO1965,conserved
bra:BRADO1966,putative
bra:BRADO1967,conserved
bra:BRADO1968,putative
bra:BRADO1969,conserved hypothetical protein
bra:BRADO1970,Putative
bra:BRADO1971,putative
bra:BRADO1972,hemF
bra:BRADO1973,putative
bra:BRADO1974,conserved
bra:BRADO1975,putative
bra:BRADO1976,Ubiquinol-cytochrome
bra:BRADO1977,Cytochrome b/c1 [Contains: Cytochrome b
bra:BRADO1978,hypothetical
bra:BRADO1979,conserved hypothetical protein
bra:BRADO1982,conserved
bra:BRADO1983,hypothetical
bra:BRADO1984,hypothetical
bra:BRADO1985,conserved
bra:BRADO1986,putative
bra:BRADO1988,hypothetical protein
bra:BRADO1990,conserved
bra:BRADO1991,trpE(G)
bra:BRADO1992,apt
bra:BRADO1993,conserved
bra:BRADO1994,conserved
bra:BRADO1995,hypothetical
bra:BRADO1996,putative protease htpX
bra:BRADO1997,conserved hypothetical protein
bra:BRADO1998,conserved
bra:BRADO1999,conserved hypothetical protein
bra:BRADO2000,putative
bra:BRADO2001,conserved hypothetical protein
bra:BRADO2002,conserved
bra:BRADO2003,conserved hypothetical protein
bra:BRADO2005,mutY
bra:BRADO2006,gst
bra:BRADO2007,putative
bra:BRADO2008,putative
bra:BRADO2009,conserved hypothetical protein
bra:BRADO2010,adenine
bra:BRADO2011,conserved
bra:BRADO2012,moaB
bra:BRADO2013,"putative transcriptional regulator, MarR family"
bra:BRADO2014,putative
bra:BRADO2015,xfp
bra:BRADO2016,conserved hypothetical protein
bra:BRADO2017,rnhB
bra:BRADO2018,conserved hypothetical protein
bra:BRADO2019,putative
bra:BRADO2020,putative
bra:BRADO2021,conserved hypothetical protein
bra:BRADO2022,ispE
bra:BRADO2023,ispB
bra:BRADO2024,conserved
bra:BRADO2025,conserved hypothetical protein
bra:BRADO2026,hypothetical
bra:BRADO2027,putative
bra:BRADO2028,conserved hypothetical protein
bra:BRADO2029,glyQ
bra:BRADO2030,conserved hypothetical protein
bra:BRADO2031,glyS
bra:BRADO2032,conserved hypothetical protein
bra:BRADO2033,conserved
bra:BRADO2034,ppdK
bra:BRADO2035,conserved
bra:BRADO2036,nadB
bra:BRADO2037,putative
bra:BRADO2038,putative
bra:BRADO2039,conserved
bra:BRADO2040,conserved
bra:BRADO2041,putative
bra:BRADO2042,putative
bra:BRADO2043,conserved hypothetical protein
bra:BRADO2044,conserved
bra:BRADO2045,putative
bra:BRADO2046,tag
bra:BRADO2047,putative
bra:BRADO2048,dihydroorotase
bra:BRADO2049,hypothetical protein
bra:BRADO2050,conserved
bra:BRADO2051,conserved
bra:BRADO2052,putative Nudix hydrolase family protein
bra:BRADO2053,conserved
bra:BRADO2054,conserved
bra:BRADO2055,conserved hypothetical protein
bra:BRADO2056,Putative
bra:BRADO2057,putative
bra:BRADO2058,conserved
bra:BRADOtRNA9,tRNA-Pro
bra:BRADO2059,putative
bra:BRADO2060,putative methyl-accepting chemotaxis receptor/sensory transducer
bra:BRADO2061,conserved hypothetical protein
bra:BRADO2062,putative
bra:BRADO2063,conserved hypothetical protein
bra:BRADO2064,conserved
bra:BRADO2065,conserved hypothetical protein
bra:BRADO2066,putative
bra:BRADO2067,putative
bra:BRADO2068,putative
bra:BRADO2069,putative NAD-dependent epimerase/dehydratasen
bra:BRADO2070,deoB
bra:BRADO2071,conserved hypothetical protein
bra:BRADO2072,putative
bra:BRADO2073,putative
bra:BRADO2074,conserved hypothetical protein
bra:BRADO2075,putative
bra:BRADO2076,conserved
bra:BRADO2077,conserved
bra:BRADO2078,hypothetical protein
bra:BRADO2079,putative
bra:BRADO2080,conserved
bra:BRADO2081,conserved hypothetical protein
bra:BRADO2082,conserved hypothetical protein
bra:BRADO2083,hypothetical
bra:BRADO2084,conserved hypothetical protein
bra:BRADO2085,conserved hypothetical protein
bra:BRADO2086,conserved hypothetical protein with an ATP-binding domain
bra:BRADO2087,putative
bra:BRADO2088,bam
bra:BRADO2089,putative
bra:BRADO2090,conserved hypothetical protein
bra:BRADO2091,conserved
bra:BRADO2092,hypothetical
bra:BRADO2093,serine
bra:BRADO2094,hypothetical
bra:BRADO2096,conserved
bra:BRADO2097,hypothetical
bra:BRADO2098,Putative Nudix hydrolase family protein
bra:BRADO2099,putative
bra:BRADO2102,Aldehyde
bra:BRADO2103,conserved
bra:BRADO2105,conserved
bra:BRADO2106,pncA
bra:BRADO2107,putative
bra:BRADO2108,conserved
bra:BRADO2109,putative
bra:BRADO2110,putative
bra:BRADO2111,putative
bra:BRADO2112,putative
bra:BRADO2113,putative
bra:BRADO2114,putative
bra:BRADO2115,putative
bra:BRADO2116,conserved
bra:BRADO2117,conserved
bra:BRADO2118,conserved
bra:BRADO2119,putative
bra:BRADO2120,putative
bra:BRADO2121,livG
bra:BRADO2122,livF
bra:BRADO2123,putative
bra:BRADO2124,conserved hypothetical protein
bra:BRADO2126,conserved
bra:BRADO2127,conserved hypothetical protein
bra:BRADO2128,dkgB
bra:BRADO2129,conserved hypothetical protein
bra:BRADO2130,conserved hypothetical protein
bra:BRADO2131,conserved hypothetical protein
bra:BRADO2132,putative
bra:BRADO2133,putative
bra:BRADO2134,gcdH
bra:BRADO2135,putative
bra:BRADO2137,hypothetical protein
bra:BRADO2138,conserved hypothetical protein
bra:BRADO2139,ABC
bra:BRADO2140,alkK
bra:BRADO2141,conserved
bra:BRADO2142,"conserved hypothetical protein, putative ErfK/YbiS/YcfS/YnhG precursor"
bra:BRADO2143,putative
bra:BRADO2144,conserved
bra:BRADO2145,fixR1
bra:BRADO2146,pdxH
bra:BRADO2147,conserved hypothetical protein
bra:BRADO2148,putative
bra:BRADO2149,conserved hypothetical protein
bra:BRADO2150,ECF
bra:BRADO2151,fabI
bra:BRADO2152,putative
bra:BRADO2153,aroC
bra:BRADO2154,putative
bra:BRADO2155,ATP-dependent
bra:BRADO2156,conserved
bra:BRADO2157,conserved hypothetical protein
bra:BRADO2158,putative
bra:BRADO2159,putative
bra:BRADO2160,putative
bra:BRADO2161,dxs
bra:BRADO2164,xseB
bra:BRADO2165,putative
bra:BRADO2166,putative
bra:BRADO2167,putative
bra:BRADO2168,putative
bra:BRADO2169,putative
bra:BRADO2170,hypothetical
bra:BRADO2171,hypothetical
bra:BRADO2172,katN
bra:BRADO2175,hypothetical
bra:BRADO2176,hypothetical
bra:BRADO2177,hypothetical
bra:BRADO2178,hypothetical
bra:BRADO2179,putative
bra:BRADOtRNA10,tRNA-Gln
bra:BRADO2180,hypothetical protein
bra:BRADO2181,hypothetical protein
bra:BRADO2183,hypothetical protein
bra:BRADO2184,fcl
bra:BRADO2185,gmd
bra:BRADO2186,conserved
bra:BRADO2187,hypothetical
bra:BRADO2188,hypothetical
bra:BRADO2189,conserved hypothetical protein
bra:BRADO2190,conserved hypothetical protein
bra:BRADO2191,Putative general secretion pathway protein D
bra:BRADO2193,putative
bra:BRADO2194,putative general secretion pathway protein I
bra:BRADO2195,Putative
bra:BRADO2196,Putative
bra:BRADO2197,hypothetical protein
bra:BRADO2198,hypothetical
bra:BRADO2199,hypothetical
bra:BRADO2200,putative permease protein
bra:BRADO2201,putative
bra:BRADO2202,putative
bra:BRADO2203,conserved
bra:BRADO2204,hypothetical
bra:BRADO2205,putative
bra:BRADO2206,hypothetical protein
bra:BRADO2207,putative
bra:BRADO2208,hypothetical protein
bra:BRADO2209,putative
bra:BRADO2210,putative
bra:BRADO2211,putative phosphatase
bra:BRADO2213,hypothetical protein
bra:BRADO2214,hypothetical
bra:BRADO2217,putative
bra:BRADO2218,putative
bra:BRADO2219,hypothetical protein
bra:BRADO2221,conserved
bra:BRADO2222,hypothetical protein
bra:BRADO2224,Putative
bra:BRADO2225,conserved hypothetical protein
bra:BRADO2226,Putative
bra:BRADO2227,Putative
bra:BRADO2228,conserved hypothetical protein
bra:BRADO2229,conserved hypothetical protein
bra:BRADO2230,conserved hypothetical protein
bra:BRADO2231,putative
bra:BRADO2232,putative UDP-glucose lipid carrier transferase
bra:BRADO2233,putative
bra:BRADO2234,putative
bra:BRADO2235,conserved hypothetical protein
bra:BRADO2236,conserved hypothetical protein
bra:BRADO2237,conserved hypothetical protein
bra:BRADO2238,hypothetical protein
bra:BRADO2242,putative
bra:BRADO2243,putative
bra:BRADO2244,idhA
bra:BRADO2245,Putative
bra:BRADO2247,putative
bra:BRADO2248,putative
bra:BRADO2249,conserved
bra:BRADO2250,hypothetical protein
bra:BRADO2251,conserved hypothetical protein
bra:BRADO2252,putative
bra:BRADO2254,putative
bra:BRADO2255,conserved
bra:BRADO2256,Putative
bra:BRADO2257,Putative
bra:BRADO2258,conserved hypothetical protein
bra:BRADO2259,Putative
bra:BRADO2260,putative
bra:BRADO2261,Putative cytochrome c
bra:BRADO2262,hypothetical protein
bra:BRADO2263,putative
bra:BRADO2264,putative
bra:BRADO2265,Maleylacetate
bra:BRADO2266,putative
bra:BRADO2267,putative
bra:BRADO2268,livF
bra:BRADO2269,putative
bra:BRADO2270,putative
bra:BRADO2271,tfdB
bra:BRADO2272,putative
bra:BRADO2273,cbbR
bra:BRADO2274,cbbL
bra:BRADO2275,cbbS
bra:BRADO2276,putative
bra:BRADO2277,CsoS3
bra:BRADO2278,carboxysome
bra:BRADO2279,carboxysome
bra:BRADO2280,csoS1C
bra:BRADO2281,csoS1A
bra:BRADO2282,hypothetical
bra:BRADO2283,conserved hypothetical protein
bra:BRADO2284,putative
bra:BRADO2285,conserved
bra:BRADO2286,putative
bra:BRADO2287,putative
bra:BRADO2288,hypothetical protein
bra:BRADO2289,hypothetical
bra:BRADO2290,putative
bra:BRADO2291,putative
bra:BRADO2294,conserved
bra:BRADO2295,conserved
bra:BRADO2297,Putative
bra:BRADO2298,hypothetical protein
bra:BRADO2299,Putative ferric siderophore receptor protein precursor
bra:BRADO2300,hypothetical
bra:BRADO2301,dctA
bra:BRADO2302,ndh
bra:BRADO2303,two-component
bra:BRADO2304,dctD
bra:BRADO2305,hypothetical
bra:BRADO2306,conserved
bra:BRADO2307,putative
bra:BRADO2308,ilvD
bra:BRADO2309,putative
bra:BRADO2310,putative
bra:BRADO2311,putative
bra:BRADO2312,conserved
bra:BRADO2315,putative
bra:BRADO2316,putative
bra:BRADO2317,putative
bra:BRADO2318,putative
bra:BRADO2319,putative Alpha/beta hydrolase
bra:BRADO2320,putative
bra:BRADO2321,putative
bra:BRADO2322,NADPH
bra:BRADO2323,putative
bra:BRADO2324,conserved
bra:BRADO2325,putative
bra:BRADO2326,putative
bra:BRADO2327,putative
bra:BRADO2328,conserved
bra:BRADO2329,hypothetical
bra:BRADO2330,conserved hypothetical protein
bra:BRADO2331,hypothetical protein
bra:BRADO2332,conserved
bra:BRADO2333,putative
bra:BRADO2334,tspO
bra:BRADO2335,ligR
bra:BRADO2336,protocatechuate
bra:BRADO2337,ligJ
bra:BRADO2338,ligK
bra:BRADO2339,putative
bra:BRADO2340,ligI
bra:BRADO2341,ligA
bra:BRADO2342,ligB
bra:BRADO2343,ligC
bra:BRADO2344,Putative
bra:BRADO2345,conserved
bra:BRADO2346,aroE
bra:BRADO2347,amn
bra:BRADO2348,putative
bra:BRADO2349,putative
bra:BRADO2350,putative
bra:BRADO2351,putative
bra:BRADO2352,phbH
bra:BRADO2353,putative
bra:BRADO2354,putative
bra:BRADO2356,conserved
bra:BRADO2357,hypothetical protein
bra:BRADO2358,putative
bra:BRADO2359,xylB
bra:BRADO2360,xylA
bra:BRADO2361,rbsA
bra:BRADO2362,rbsC
bra:BRADO2363,putative
bra:BRADO2365,putative
bra:BRADO2366,fabA
bra:BRADO2368,hypothetical
bra:BRADO2369,conserved
bra:BRADO2370,conserved hypothetical protein
bra:BRADO2372,putative
bra:BRADO2373,conserved
bra:BRADO2374,conserved hypothetical protein
bra:BRADO2375,putative
bra:BRADO2376,putative
bra:BRADO2377,putative
bra:BRADO2378,putative
bra:BRADO2379,Protocatechuate
bra:BRADO2380,mhpB
bra:BRADO2381,conserved
bra:BRADO2382,conserved hypothetical protein
bra:BRADO2383,putative
bra:BRADO2384,putative
bra:BRADO2385,putative
bra:BRADO2386,conserved hypothetical protein
bra:BRADO2387,putative
bra:BRADO2388,putative metal-dependent hydrolase
bra:BRADO2389,putative
bra:BRADO2390,dctA
bra:BRADO2391,conserved hypothetical protein
bra:BRADO2392,Conserved hypothetical protein
bra:BRADO2393,putative
bra:BRADO2394,CLC-type
bra:BRADO2395,putative
bra:BRADO2396,cyoA
bra:BRADO2397,cyoC
bra:BRADO2398,cyoD
bra:BRADO2399,conserved hypothetical protein
bra:BRADO2400,HtrA
bra:BRADO2402,putative
bra:BRADO2403,conserved hypothetical protein
bra:BRADO2404,putative
bra:BRADO2405,conserved
bra:BRADO2406,conserved hypothetical protein
bra:BRADO2407,putative
bra:BRADO2408,putative diheme cytochrome C
bra:BRADO2409,putative
bra:BRADO2410,putative
bra:BRADO2411,putative
bra:BRADO2412,putative
bra:BRADO2413,Isoquinoline
bra:BRADO2414,Isoquinoline
bra:BRADO2415,putative
bra:BRADO2416,conserved
bra:BRADO2417,conserved
bra:BRADO2418,putative
bra:BRADO2419,hypothetical protein
bra:BRADO2420,hypothetical
bra:BRADO2421,hypothetical
bra:BRADO2422,conserved
bra:BRADO2423,putative
bra:BRADO2424,bioB
bra:BRADO2425,conserved
bra:BRADO2426,putative
bra:BRADO2427,putative
bra:BRADO2428,putative
bra:BRADO2429,conserved
bra:BRADO2430,conserved hypothetical protein
bra:BRADO2431,putative
bra:BRADO2432,fixK
bra:BRADO2433,putative
bra:BRADO2434,fixJ
bra:BRADO2435,fixL
bra:BRADO2436,conserved
bra:BRADO2437,conserved
bra:BRADO2438,Cytochrome c oxidase polypeptide I
bra:BRADO2439,ccoO
bra:BRADO2440,cytochrome
bra:BRADO2441,ccoP
bra:BRADO2442,fixG
bra:BRADO2443,nitrogen
bra:BRADO2444,nitrogen fixation protein fixI
bra:BRADO2445,nitrogen
bra:BRADO2446,putative
bra:BRADO2447,conserved hypothetical protein
bra:BRADO2448,conserved
bra:BRADO2449,putative
bra:BRADO2450,hypothetical
bra:BRADO2451,conserved
bra:BRADO2452,putative
bra:BRADO2453,glgA
bra:BRADO2455,putative
bra:BRADO2457,putative
bra:BRADO2458,putative
bra:BRADO2459,putative
bra:BRADO2460,Adenine
bra:BRADO2461,putative
bra:BRADO2462,putative
bra:BRADO2463,putative
bra:BRADO2464,putative
bra:BRADO2466,conserved
bra:BRADO2467,putative
bra:BRADO2468,putative
bra:BRADO2469,putative
bra:BRADO2470,putative
bra:BRADO2471,nrtA
bra:BRADO2472,nrtB
bra:BRADO2473,nrtC
bra:BRADO2474,putative nitric oxide dioxygenase (NOD)
bra:BRADO2475,nasD
bra:BRADO2476,nasA
bra:BRADO2477,putative
bra:BRADO2478,conserved hypothetical protein
bra:BRADO2479,conserved
bra:BRADO2480,conserved hypothetical protein
bra:BRADO2481,putative
bra:BRADO2482,putative
bra:BRADO2483,hypothetical
bra:BRADO2484,putative
bra:BRADO2485,putative
bra:BRADO2486,aldehyde
bra:BRADO2487,Putative
bra:BRADO2488,putative
bra:BRADO2489,putative
bra:BRADO2490,putative
bra:BRADO2491,putative
bra:BRADO2492,ribokinase
bra:BRADO2493,putative
bra:BRADO2494,gdh
bra:BRADO2495,conserved hypothetical protein
bra:BRADO2496,conserved
bra:BRADO2497,conserved hypothetical protein
bra:BRADO2499,putative
bra:BRADO2500,putative
bra:BRADO2501,putative
bra:BRADO2502,Putative
bra:BRADO2503,ABC transporter permease protein
bra:BRADO2504,yliC
bra:BRADO2505,putative
bra:BRADO2506,conserved
bra:BRADO2507,putative
bra:BRADO2508,putative
bra:BRADO2509,putative
bra:BRADO2510,putative
bra:BRADO2511,putative
bra:BRADO2512,putative
bra:BRADO2513,conserved
bra:BRADO2514,putative
bra:BRADO2515,conserved hypothetical protein
bra:BRADO2516,conserved
bra:BRADO2517,conserved
bra:BRADO2518,paaX
bra:BRADO2519,paaA
bra:BRADO2520,paaB
bra:BRADO2521,paaC
bra:BRADO2522,paaD
bra:BRADO2523,putative
bra:BRADO2524,paaK
bra:BRADO2525,paaI
bra:BRADO2526,conserved hypothetical protein
bra:BRADO2527,conserved hypothetical protein
bra:BRADO2529,hypothetical
bra:BRADO2530,conserved
bra:BRADO2531,kgtP
bra:BRADO2532,putative
bra:BRADO2533,putative
bra:BRADO2534,yeaU
bra:BRADO2535,putative
bra:BRADO2536,N-carbamoyl-beta-alanine
bra:BRADO2537,putative
bra:BRADO2538,conserved
bra:BRADO2539,putative
bra:BRADO2540,putative
bra:BRADO2541,putative
bra:BRADO2542,ABC
bra:BRADO2543,high-affinity
bra:BRADO2544,ABC
bra:BRADO2545,ABC
bra:BRADO2546,putative
bra:BRADO2547,putative
bra:BRADO2548,hypothetical
bra:BRADO2549,hypothetical
bra:BRADO2550,putative
bra:BRADO2551,putative
bra:BRADO2552,putative
bra:BRADO2553,conserved
bra:BRADO2554,putative
bra:BRADO2555,putative
bra:BRADO2556,putative sensory transducer protein
bra:BRADO2557,putative
bra:BRADO2558,conserved hypothetical protein
bra:BRADO2559,putative
bra:BRADO2560,putative methyl-accepting chemotaxis protein
bra:BRADO2561,putative
bra:BRADO2562,conserved hypothetical protein
bra:BRADO2563,conserved
bra:BRADO2564,conserved
bra:BRADO2565,conserved
bra:BRADO2566,putative
bra:BRADO2567,conserved
bra:BRADO2568,conserved hypothetical protein
bra:BRADO2569,putative
bra:BRADO2570,putative
bra:BRADO2571,putative
bra:BRADO2572,conserved
bra:BRADO2573,conserved
bra:BRADO2574,putative
bra:BRADO2575,putative
bra:BRADO2576,Putative
bra:BRADO2577,Putative
bra:BRADO2578,putative
bra:BRADO2579,Putative
bra:BRADO2580,ppc
bra:BRADO2582,Putative
bra:BRADO2583,Putative
bra:BRADO2584,Conserved
bra:BRADO2585,Conserved
bra:BRADO2586,conserved
bra:BRADO2587,Putative
bra:BRADO2588,Putative
bra:BRADO2589,conserved
bra:BRADO2590,alkB
bra:BRADO2591,Putative
bra:BRADO2592,putative
bra:BRADO2593,putative NAD-dependent aldehyde dehydrogenase family protein
bra:BRADO2594,putative
bra:BRADO2595,hpcG
bra:BRADO2596,putative
bra:BRADO2597,Putative
bra:BRADO2598,putative
bra:BRADO2599,putative
bra:BRADO2600,conserved
bra:BRADO2601,conserved
bra:BRADO2602,conserved
bra:BRADO2603,Conserved
bra:BRADO2604,conserved hypothetical protein
bra:BRADO2605,Putative
bra:BRADO2606,conserved
bra:BRADO2607,conserved
bra:BRADO2608,conserved
bra:BRADO2609,Putative
bra:BRADO2611,putative
bra:BRADO2612,Putative
bra:BRADO2613,GTP
bra:BRADO2614,Aminotransferase
bra:BRADO2615,putative
bra:BRADO2616,Conserved
bra:BRADO2617,Putative
bra:BRADO2618,Putative
bra:BRADO2619,putative
bra:BRADO2620,Putative
bra:BRADO2621,putative
bra:BRADO2622,hypothetical
bra:BRADO2623,Conserved
bra:BRADO2624,putative
bra:BRADO2625,Conserved
bra:BRADO2626,conserved
bra:BRADO2627,putative
bra:BRADO2628,Putative
bra:BRADO2629,putative
bra:BRADO2630,putative
bra:BRADO2631,conserved
bra:BRADO2632,ispH2
bra:BRADO2633,putative
bra:BRADO2634,conserved
bra:BRADO2635,putative aminotransferase
bra:BRADO2636,conserved
bra:BRADO2637,Putative
bra:BRADO2638,Putative
bra:BRADO2639,Conserved
bra:BRADO2640,Putative
bra:BRADO2641,GMC-type
bra:BRADO2642,Putative Amidohydrolase family protein
bra:BRADO2643,Putative
bra:BRADO2644,Hypothetical
bra:BRADO2645,conserved
bra:BRADO2646,putative
bra:BRADO2647,dnaE2
bra:BRADO2648,conserved
bra:BRADO2649,Hypothetical
bra:BRADO2650,conserved hypothetical protein
bra:BRADO2651,Putative
bra:BRADO2652,Putative
bra:BRADO2653,putative
bra:BRADO2654,conserved hypothetical protein
bra:BRADO2655,conserved hypothetical protein
bra:BRADO2656,putative
bra:BRADO2658,conserved
bra:BRADO2659,putative
bra:BRADO2660,conserved hypothetical protein
bra:BRADO2661,conserved
bra:BRADO2662,putative
bra:BRADO2663,Putative
bra:BRADO2664,hypothetical
bra:BRADO2666,Putative
bra:BRADO2667,conserved hypothetical protein
bra:BRADO2668,conserved
bra:BRADO2669,Conserved hypothetical protein
bra:BRADO2670,Putative
bra:BRADO2671,conserved
bra:BRADO2672,hypothetical
bra:BRADO2673,Conserved
bra:BRADO2674,conserved hypothetical protein
bra:BRADO2675,Conserved hypothetical protein
bra:BRADO2676,Putative
bra:BRADO2677,Putative
bra:BRADO2678,conserved
bra:BRADO2679,mutB
bra:BRADO2680,hypothetical
bra:BRADO2681,conserved hypothetical protein
bra:BRADO2682,mutA
bra:BRADO2683,folK
bra:BRADO2684,folB
bra:BRADO2685,folP
bra:BRADO2686,conserved
bra:BRADO2688,Conserved hypothetical protein
bra:BRADO2689,putative
bra:BRADO2690,putative
bra:BRADO2692,Non-heme
bra:BRADO2693,conserved hypothetical protein
bra:BRADO2694,Conserved hypothetical protein
bra:BRADO2695,degP
bra:BRADO2696,groS
bra:BRADO2697,groL
bra:BRADO2698,hypothetical
bra:BRADO2699,ibpA
bra:BRADO2700,Conserved
bra:BRADO2701,Putative
bra:BRADO2702,conserved hypothetical protein
bra:BRADO2704,conserved hypothetical protein
bra:BRADO2705,putative
bra:BRADO2706,Putative
bra:BRADO2707,conserved
bra:BRADO2708,Putative
bra:BRADO2709,conserved hypothetical protein
bra:BRADO2710,conserved
bra:BRADO2711,conserved
bra:BRADO2712,Conserved
bra:BRADO2713,conserved hypothetical protein
bra:BRADO2714,Putative acetyl-CoA hydrolase/transferase family protein
bra:BRADO2715,conserved hypothetical protein
bra:BRADO2716,conserved hypothetical protein
bra:BRADO2717,conserved hypothetical protein
bra:BRADO2718,putative
bra:BRADO2719,conserved
bra:BRADO2720,putative
bra:BRADO2721,hypothetical protein
bra:BRADO2722,Conserved hypothetical protein
bra:BRADO2723,Conserved hypothetical protein
bra:BRADO2724,Putative
bra:BRADO2725,Putative
bra:BRADO2726,conserved hypothetical protein
bra:BRADO2727,Conserved
bra:BRADO2728,putative
bra:BRADO2729,Putative
bra:BRADO2730,conserved
bra:BRADO2731,conserved
bra:BRADO2732,cycH
bra:BRADO2733,cycJ
bra:BRADO2734,cycK
bra:BRADO2735,cycL
bra:BRADO2736,Putative
bra:BRADO2737,Putative
bra:BRADO2738,hypothetical
bra:BRADO2740,hypothetical protein
bra:BRADO2741,Putative
bra:BRADO2742,putative Two-component transcriptional regulator
bra:BRADO2743,putative two-component sensor histidine kinase
bra:BRADO2744,glnE
bra:BRADO2746,hypothetical
bra:BRADO2747,Conserved Hypothetical protein
bra:BRADO2748,hypothetical
bra:BRADO2749,hypothetical
bra:BRADO2750,Hypothetical
bra:BRADO2751,conserved hypothetical protein
bra:BRADO2752,"Putative extracellular solute-binding protein, family 3"
bra:BRADO2753,hypothetical
bra:BRADO2754,ilvD
bra:BRADO2755,Putative
bra:BRADO2756,putative
bra:BRADO2757,hypothetical
bra:BRADO2758,conserved hypothetical protein
bra:BRADO2759,icd
bra:BRADO2760,Putative
bra:BRADO2761,hypothetical
bra:BRADO2762,hypothetical protein
bra:BRADO2763,conserved hypothetical protein
bra:BRADO2764,Toxin secretion ABC transporter (ATP-binding and membrane protein)
bra:BRADO2765,Putative
bra:BRADO2766,conserved
bra:BRADO2767,putative
bra:BRADO2768,conserved hypothetical protein
bra:BRADO2769,putative
bra:BRADO2770,putative
bra:BRADO2771,putative
bra:BRADO2772,putative
bra:BRADO2773,putative
bra:BRADO2774,cynS
bra:BRADO2775,conserved
bra:BRADO2776,purC
bra:BRADO2777,purS
bra:BRADO2778,conserved
bra:BRADO2779,purQ
bra:BRADO2780,hypothetical
bra:BRADO2782,hypothetical
bra:BRADO2783,conserved hypothetical protein
bra:BRADO2784,Conserved hypothetical protein
bra:BRADO2785,purL
bra:BRADO2786,Conserved hypothetical protein
bra:BRADO2787,conserved hypothetical protein
bra:BRADO2788,conserved
bra:BRADO2789,Conserved Hypothetical protein
bra:BRADO2790,conserved hypothetical protein
bra:BRADO2791,conserved
bra:BRADO2792,conserved
bra:BRADO2793,Putative
bra:BRADO2794,conserved hypothetical protein
bra:BRADO2795,Putative
bra:BRADO2796,putative
bra:BRADO2797,hypothetical
bra:BRADO2798,rpsD
bra:BRADO2799,conserved hypothetical protein
bra:BRADO2800,conserved hypothetical protein
bra:BRADO2801,putative HpcH/HpaI aldolase family protein
bra:BRADO2802,murI
bra:BRADO2803,putative
bra:BRADO2804,conserved
bra:BRADO2805,conserved hypothetical protein
bra:BRADO2806,conserved
bra:BRADO2807,hypothetical
bra:BRADO2808,hypothetical
bra:BRADO2809,hypothetical
bra:BRADO2810,ddlA
bra:BRADO2811,putative
bra:BRADO2812,hypothetical
bra:BRADO2813,conserved
bra:BRADO2814,conserved hypothetical protein
bra:BRADO2815,hypothetical
bra:BRADO2816,Putative
bra:BRADO2817,hypothetical protein
bra:BRADO2818,conserved hypothetical protein
bra:BRADO2819,Putative Amidohydrolase family protein
bra:BRADO2820,conserved
bra:BRADO2821,Conserved Hypothetical protein
bra:BRADO2822,hypothetical protein
bra:BRADO2823,putative
bra:BRADO2824,Conserved hypothetical protein
bra:BRADO2825,ftsH
bra:BRADO2826,cytochrome
bra:BRADO2827,putative
bra:BRADO2828,putative
bra:BRADO2829,hypothetical protein
bra:BRADO2830,purB
bra:BRADO2831,hypothetical
bra:BRADO2832,putative
bra:BRADO2833,conserved hypothetical protein
bra:BRADO2834,conserved
bra:BRADO2835,conserved hypothetical protein
bra:BRADO2836,Conserved hypothetical protein
bra:BRADO2837,Conserved hypothetical protein
bra:BRADO2838,putative
bra:BRADO2839,dctA
bra:BRADO2840,conserved hypothetical protein
bra:BRADO2841,allA
bra:BRADO2842,rpe
bra:BRADO2843,conserved hypothetical protein
bra:BRADO2844,conserved
bra:BRADO2845,putative
bra:BRADO2847,putative
bra:BRADO2848,livK
bra:BRADO2849,livF
bra:BRADO2850,livG
bra:BRADO2851,livM
bra:BRADO2852,livH
bra:BRADO2853,Hypothetical
bra:BRADO2854,conserved hypothetical protein
bra:BRADO2855,catD
bra:BRADO2856,Putative
bra:BRADO2857,putative
bra:BRADO2858,Putative
bra:BRADO2859,putative
bra:BRADO2860,conserved
bra:BRADO2861,conserved hypothetical protein
bra:BRADO2862,conserved hypothetical protein
bra:BRADO2863,Conserved Hypothetical protein
bra:BRADO2864,conserved hypothetical protein
bra:BRADO2865,conserved
bra:BRADO2866,adhA
bra:BRADO2867,putative
bra:BRADO2868,putative
bra:BRADO2869,conserved hypothetical protein
bra:BRADO2870,putative
bra:BRADO2871,putative
bra:BRADO2872,putative
bra:BRADO2873,putative
bra:BRADO2874,conserved
bra:BRADO2875,conserved
bra:BRADO2876,conserved hypothetical protein
bra:BRADO2877,putative dolichol-phosphate mannosyltransferase
bra:BRADO2878,conserved hypothetical protein
bra:BRADO2879,conserved hypothetical protein
bra:BRADO2880,hypothetical
bra:BRADO2881,conserved
bra:BRADO2882,putative
bra:BRADO2883,Putative
bra:BRADO2884,Putative
bra:BRADO2885,hypothetical
bra:BRADO2886,conserved hypothetical protein
bra:BRADO2887,conserved
bra:BRADO2888,hypothetical
bra:BRADO2889,lepB
bra:BRADO2890,conserved hypothetical protein
bra:BRADO2891,Putative
bra:BRADO2892,groL
bra:BRADO2893,groS
bra:BRADO2894,conserved hypothetical protein
bra:BRADO2895,hypothetical
bra:BRADO2896,conserved
bra:BRADO2897,conserved hypothetical protein
bra:BRADO2898,conserved hypothetical protein
bra:BRADO2899,conserved hypothetical protein
bra:BRADO2900,conserved hypothetical protein
bra:BRADO2901,putative
bra:BRADO2902,conserved hypothetical protein
bra:BRADO2903,conserved hypothetical protein
bra:BRADO2904,conserved
bra:BRADO2906,conserved
bra:BRADO2908,conserved hypothetical protein
bra:BRADO2909,gpt
bra:BRADO2910,conserved
bra:BRADO2911,putative
bra:BRADO2912,Putative
bra:BRADO2913,conserved hypothetical protein
bra:BRADO2914,putative
bra:BRADO2915,putative
bra:BRADO2916,putative
bra:BRADO2917,Putative Amidohydrolase family protein
bra:BRADO2918,conserved hypothetical protein
bra:BRADO2919,putative ABC transporter (ATP-binding protein)
bra:BRADO2920,putative ABC transporter (permease protein)
bra:BRADO2921,putative ABC transporter (permease protein)
bra:BRADO2922,putative carboxypeptidase G2 (Folate hydrolase G2
bra:BRADO2923,putative ABC transporter (substrate-binding protein)
bra:BRADO2924,putative
bra:BRADO2925,putative
bra:BRADO2926,hypothetical protein
bra:BRADO2927,putative
bra:BRADO2928,conserved
bra:BRADO2929,putative
bra:BRADO2930,hypothetical protein
bra:BRADO2931,hypothetical protein
bra:BRADO2932,putative
bra:BRADOtRNA45,tRNA-Leu
bra:BRADO2933,hypothetical
bra:BRADO2934,conserved hypothetical protein
bra:BRADO2935,putative
bra:BRADO2936,conserved
bra:BRADO2937,conserved hypothetical protein
bra:BRADO2938,putative
bra:BRADO2939,conserved hypothetical protein
bra:BRADO2940,serine
bra:BRADO2941,conserved
bra:BRADO2942,conserved hypothetical protein
bra:BRADO2943,conserved hypothetical protein
bra:BRADO2944,conserved hypothetical protein
bra:BRADO2945,conserved
bra:BRADO2946,hypothetical
bra:BRADO2947,hypothetical
bra:BRADO2948,hypothetical
bra:BRADO2949,conserved
bra:BRADO2950,hypothetical
bra:BRADO2951,Putative
bra:BRADO2952,putative carboxymethylenebutenolidase precursor (Dienelactone hydrolase
bra:BRADO2953,hypothetical
bra:BRADO2954,conserved
bra:BRADO2955,hypothetical
bra:BRADO2956,hypothetical protein
bra:BRADO2957,conserved hypothetical protein
bra:BRADO2958,conserved
bra:BRADO2959,conserved
bra:BRADO2960,conserved hypothetical protein
bra:BRADO2961,conserved
bra:BRADO2962,Conserved hypothetical protein
bra:BRADO2963,conserved
bra:BRADO2964,putative
bra:BRADO2965,putative
bra:BRADO2966,putative
bra:BRADO2967,conserved hypothetical protein
bra:BRADO2968,Conserved hypothetical protein
bra:BRADO2969,conserved hypothetical protein
bra:BRADO2970,hypothetical
bra:BRADO2971,thrS
bra:BRADO2973,conserved
bra:BRADO2974,putative
bra:BRADO2975,conserved hypothetical protein
bra:BRADO2976,conserved hypothetical protein
bra:BRADO2977,putative
bra:BRADO2978,conserved hypothetical protein
bra:BRADO2979,conserved
bra:BRADO2980,conserved
bra:BRADO2981,hypothetical
bra:BRADO2982,conserved hypothetical protein
bra:BRADO2983,conserved hypothetical protein
bra:BRADO2984,folE
bra:BRADO2985,hisI
bra:BRADO2986,conserved
bra:BRADO2987,conserved
bra:BRADO2988,putative
bra:BRADO2989,response
bra:BRADO2990,putative
bra:BRADO2991,putative adenylate/guanylyl cyclase with a CHASE2 domain
bra:BRADO2992,conserved hypothetical protein
bra:BRADO2993,"putative Peptidase S10, serine carboxypeptidase"
bra:BRADO2994,putative beta lactamase family protein
bra:BRADO2995,conserved hypothetical protein
bra:BRADO2996,hypothetical protein
bra:BRADO2997,hypothetical
bra:BRADO2998,conserved hypothetical protein
bra:BRADO2999,hypothetical
bra:BRADO3000,conserved hypothetical protein
bra:BRADO3001,hypothetical
bra:BRADO3002,conserved
bra:BRADO3003,hypothetical
bra:BRADOtRNA44,tRNA-Thr
bra:BRADO3004,conserved hypothetical protein
bra:BRADO3005,conserved hypothetical protein
bra:BRADO3006,conserved hypothetical protein
bra:BRADO3007,putative rRNA methylase
bra:BRADO3008,hypothetical
bra:BRADOtRNA11,tRNA-Tyr
bra:BRADO3009,putative
bra:BRADO3011,hypothetical
bra:BRADO3012,conserved hypothetical protein
bra:BRADO3013,hypothetical
bra:BRADOtRNA12,tRNA-Gly
bra:BRADO3014,hypothetical
bra:BRADO3015,putative
bra:BRADO3016,putative
bra:BRADO3017,putative
bra:BRADO3018,N-carbamoyl-D-amino
bra:BRADO3019,putative ABC transporter periplasmic-binding protein
bra:BRADO3020,putative ABC transporter permease protein
bra:BRADO3021,putative ABC transporter permease protein
bra:BRADO3022,ABC
bra:BRADO3023,"ABC transporter protein, ATP-binding protein"
bra:BRADO3024,csaA
bra:BRADO3025,putative
bra:BRADO3026,hypothetical
bra:BRADO3027,hypothetical
bra:BRADO3028,conserved hypothetical protein
bra:BRADO3030,conserved
bra:BRADO3031,conserved
bra:BRADO3032,putative
bra:BRADO3033,conserved hypothetical protein
bra:BRADO3034,putative
bra:BRADO3035,putative
bra:BRADO3036,putative
bra:BRADO3037,hypothetical
bra:BRADO3038,hypothetical protein
bra:BRADO3040,hypothetical
bra:BRADO3041,Putative
bra:BRADO3042,putative
bra:BRADO3043,putative
bra:BRADO3044,putative
bra:BRADOtRNA13,tRNA-Trp
bra:BRADO3045,putative
bra:BRADO3046,putative
bra:BRADO3047,nusG
bra:BRADO3048,rplK
bra:BRADO3049,rplA
bra:BRADO3050,putative
bra:BRADO3051,hypothetical
bra:BRADO3052,rplJ
bra:BRADO3053,rplL
bra:BRADO3054,rpoB
bra:BRADO3055,rpoC
bra:BRADO3056,conserved
bra:BRADO3057,putative
bra:BRADO3058,conserved hypothetical protein
bra:BRADO3059,putative
bra:BRADO3061,rpsL
bra:BRADO3062,rpsG
bra:BRADO3063,fusA
bra:BRADO3064,tufB
bra:BRADO3065,rpsJ
bra:BRADO3066,rplC
bra:BRADO3067,rplD
bra:BRADO3068,rplW
bra:BRADO3069,rplB
bra:BRADO3070,rpsS
bra:BRADO3071,rplV
bra:BRADO3072,rpsC
bra:BRADO3073,rplP
bra:BRADO3074,rpmC
bra:BRADO3075,rpsQ
bra:BRADO3076,rplN
bra:BRADO3077,rplX
bra:BRADO3078,rplE
bra:BRADO3079,rpsN
bra:BRADO3080,rpsH
bra:BRADO3081,rplF
bra:BRADO3082,rplR
bra:BRADO3083,rpsE
bra:BRADO3084,rpmD
bra:BRADO3085,rplO
bra:BRADO3086,secY
bra:BRADO3087,adk
bra:BRADO3088,rpsM
bra:BRADO3089,rpsK
bra:BRADO3090,rpoA
bra:BRADO3091,rplQ
bra:BRADO3092,hypothetical
bra:BRADO3093,putative
bra:BRADO3094,conserved
bra:BRADO3095,putative
bra:BRADO3096,putative
bra:BRADO3097,Putative
bra:BRADO3098,ABC
bra:BRADO3099,Putative
bra:BRADO3100,hypothetical
bra:BRADO3101,3-oxoacyl-acyl
bra:BRADO3102,putative
bra:BRADO3103,ilvD1
bra:BRADO3104,putative
bra:BRADO3105,ABC
bra:BRADO3106,Putative
bra:BRADO3107,putative
bra:BRADO3108,putative
bra:BRADO3109,putative
bra:BRADO3110,putative
bra:BRADO3111,putative
bra:BRADO3112,putative
bra:BRADO3113,conserved
bra:BRADO3114,pseudogene
bra:BRADO3115,pseudogene
bra:BRADO3116,conserved hypothetical protein
bra:BRADO3117,Conserved
bra:BRADO3121,conserved hypothetical protein
bra:BRADO3122,conserved hypothetical protein
bra:BRADO3123,conserved hypothetical protein
bra:BRADO3125,putative
bra:BRADO3126,putative
bra:BRADO3127,putative
bra:BRADO3128,conserved
bra:BRADO3129,Conserved
bra:BRADO3130,putative
bra:BRADO3131,putative
bra:BRADO3132,putative
bra:BRADO3133,putative
bra:BRADO3134,atoB
bra:BRADO3135,enoyl-CoA
bra:BRADO3136,putative
bra:BRADO3137,Methylmalonate-semialdehyde
bra:BRADO3138,acyl-CoA
bra:BRADO3139,enoyl-CoA
bra:BRADO3140,putative
bra:BRADO3141,putative
bra:BRADO3142,nodN-like
bra:BRADO3143,putative
bra:BRADO3144,conserved hypothetical protein
bra:BRADO3145,putative
bra:BRADO3146,ABC
bra:BRADO3147,conserved
bra:BRADO3148,conserved
bra:BRADO3149,putative
bra:BRADO3150,putative
bra:BRADO3151,ftsJ
bra:BRADO3152,conserved
bra:BRADO3153,conserved hypothetical protein
bra:BRADO3154,conserved
bra:BRADO3155,conserved hypothetical protein
bra:BRADO3156,conserved hypothetical protein
bra:BRADO3157,conserved hypothetical protein
bra:BRADO3158,conserved
bra:BRADO3159,conserved hypothetical protein
bra:BRADO3160,putative
bra:BRADO3161,putative
bra:BRADO3162,putative
bra:BRADO3163,putative
bra:BRADO3164,conserved hypothetical protein
bra:BRADO3165,guaB
bra:BRADO3166,Putative
bra:BRADO3167,conserved hypothetical protein
bra:BRADO3168,putative
bra:BRADO3169,guaA
bra:BRADO3170,hypothetical
bra:BRADO3171,hypothetical
bra:BRADO3172,putative YeeE and YedE family membrane protein
bra:BRADO3173,putative
bra:BRADO3174,putative thioredoxin
bra:BRADO3175,putative
bra:BRADO3176,conserved hypothetical protein
bra:BRADO3178,putative thioredoxin-like protein
bra:BRADO3179,putative
bra:BRADO3180,Putative
bra:BRADO3181,putative
bra:BRADO3182,putative sulfur oxidation protein (SoxA)
bra:BRADO3183,putative
bra:BRADO3184,putative
bra:BRADO3185,putative
bra:BRADO3186,conserved hypothetical protein
bra:BRADO3187,conserved hypothetical protein
bra:BRADO3188,conserved
bra:BRADO3189,conserved hypothetical protein
bra:BRADO3190,conserved hypothetical protein
bra:BRADO3191,conserved hypothetical protein
bra:BRADO3192,putative
bra:BRADO3193,putative
bra:BRADO3194,putative suppressor for copper-sensitivity B
bra:BRADO3195,hypothetical protein
bra:BRADO3196,putative
bra:BRADO3197,conserved
bra:BRADO3198,putative
bra:BRADO3199,putative
bra:BRADO3200,putative
bra:BRADO3201,putative
bra:BRADO3202,Putative
bra:BRADO3203,sulfide-quinone
bra:BRADO3204,putative
bra:BRADO3205,conserved hypothetical protein
bra:BRADO3206,fixG
bra:BRADO3207,conserved hypothetical protein
bra:BRADO3208,pseudogene
bra:BRADO3209,hypothetical
bra:BRADO3210,hypothetical
bra:BRADO3211,hypothetical
bra:BRADO3212,conserved
bra:BRADO3213,putative
bra:BRADO3214,hypothetical protein
bra:BRADO3215,hypothetical
bra:BRADO3216,hypothetical
bra:BRADO3217,conserved
bra:BRADO3218,conserved
bra:BRADO3219,pseudogene
bra:BRADO3220,putative
bra:BRADOtRNA43,tRNA-Arg
bra:BRADO3221,conserved hypothetical protein
bra:BRADO3222,conserved hypothetical protein
bra:BRADO3223,Histone-like
bra:BRADO3224,Deoxyribodipyrimidine
bra:BRADO3225,putative
bra:BRADO3226,putative
bra:BRADO3227,putative
bra:BRADO3228,conserved hypothetical protein
bra:BRADO3229,Hydantoin
bra:BRADO3230,Hydantoin
bra:BRADO3231,hypothetical
bra:BRADO3232,conserved
bra:BRADO3233,Putative
bra:BRADO3234,conserved hypothetical protein
bra:BRADO3235,Thioredoxin
bra:BRADO3236,conserved
bra:BRADO3237,pseudogene
bra:BRADO3238,conserved hypothetical protein
bra:BRADO3239,conserved
bra:BRADO3240,putative
bra:BRADO3241,Major
bra:BRADO3242,conserved
bra:BRADO3243,conserved hypothetical protein
bra:BRADO3244,putative
bra:BRADO3245,putative
bra:BRADO3246,sensor
bra:BRADO3247,conserved
bra:BRADO3248,conserved
bra:BRADO3249,putative acyl-CoA carboxylase biotin-carrying subunit
bra:BRADO3250,putative
bra:BRADO3251,putative
bra:BRADO3252,Ubiquinone/menaquinone
bra:BRADO3253,conserved hypothetical protein
bra:BRADO3254,conserved
bra:BRADO3255,conserved hypothetical protein
bra:BRADO3256,putative
bra:BRADO3257,putative
bra:BRADO3258,conserved
bra:BRADO3259,lipB
bra:BRADO3260,pseudogene
bra:BRADOtRNA14,tRNA-Leu
bra:BRADO3261,Putative
bra:BRADO3262,hypothetical
bra:BRADO3263,hypothetical
bra:BRADO3264,hypothetical
bra:BRADO3265,hypothetical
bra:BRADO3267,hypothetical
bra:BRADO3268,putative
bra:BRADO3269,hypothetical
bra:BRADO3270,putative
bra:BRADO3271,conserved hypothetical protein
bra:BRADO3272,putative
bra:BRADO3273,conserved
bra:BRADO3274,conserved hypothetical protein
bra:BRADO3275,hypothetical protein
bra:BRADO3276,Putative
bra:BRADO3277,hypothetical protein
bra:BRADO3278,hypothetical protein
bra:BRADO3279,hypothetical
bra:BRADO3280,purF
bra:BRADO3281,putative
bra:BRADO3282,radA
bra:BRADO3283,conserved hypothetical protein
bra:BRADO3284,hypothetical protein
bra:BRADO3285,putative
bra:BRADO3286,putative
bra:BRADO3287,hypothetical protein
bra:BRADO3288,exodeoxyribonuclease
bra:BRADO3289,hypothetical protein
bra:BRADO3290,putative
bra:BRADO3291,putative
bra:BRADO3292,putative
bra:BRADO3293,hypothetical
bra:BRADO3294,putative
bra:BRADO3295,hypothetical protein
bra:BRADO3296,conserved hypothetical protein
bra:BRADO3297,conserved hypothetical protein
bra:BRADO3299,hypothetical
bra:BRADO3301,putative
bra:BRADO3302,putative
bra:BRADO3303,hypothetical
bra:BRADO3304,putative
bra:BRADO3305,hypothetical
bra:BRADO3306,50S
bra:BRADO3307,hypothetical protein
bra:BRADO3308,rpsR
bra:BRADO3309,RPS6
bra:BRADO3310,fabD
bra:BRADO3311,fabG
bra:BRADO3312,hypothetical
bra:BRADO3313,Acyl
bra:BRADO3314,fabF
bra:BRADO3315,conserved hypothetical protein
bra:BRADO3316,conserved
bra:BRADO3317,gmk
bra:BRADO3318,hypothetical protein
bra:BRADO3319,hypothetical
bra:BRADO3320,hypothetical protein
bra:BRADO3321,putative
bra:BRADO3322,ksgA
bra:BRADO3323,pdxA
bra:BRADO3324,conserved
bra:BRADO3325,putative
bra:BRADO3326,putative
bra:BRADO3327,putative
bra:BRADO3328,Putative
bra:BRADO3329,putative
bra:BRADO3330,conserved
bra:BRADO3331,putative
bra:BRADO3332,hypothetical
bra:BRADO3333,putative
bra:BRADO3334,ndk
bra:BRADO3335,conserved hypothetical protein
bra:BRADO3336,Molybdenum
bra:BRADO3337,Molybdenum
bra:BRADO3338,hypothetical
bra:BRADO3339,hypothetical
bra:BRADO3340,putative
bra:BRADO3341,putative
bra:BRADO3342,conserved
bra:BRADO3343,putative
bra:BRADO3344,purM
bra:BRADO3345,purN
bra:BRADO3346,cspA
bra:BRADO3350,putative
bra:BRADO3351,conserved
bra:BRADO3352,conserved hypothetical protein
bra:BRADO3353,conserved hypothetical protein
bra:BRADO3354,pseudogene
bra:BRADO3355,hypothetical
bra:BRADO3356,rnd
bra:BRADO3357,hypothetical
bra:BRADO3358,conserved
bra:BRADO3359,aspS
bra:BRADO3360,Putative
bra:BRADO3361,conserved hypothetical protein
bra:BRADO3362,conserved
bra:BRADO3363,conserved
bra:BRADO3364,conserved
bra:BRADO3365,hypothetical
bra:BRADO3366,conserved
bra:BRADO3367,putative bifunctional enzyme: malic oxidoreductase (N-terminal)
bra:BRADO3368,conserved hypothetical protein
bra:BRADO3369,conserved
bra:BRADO3370,putative polysaccharide deacetylase
bra:BRADO3371,putative
bra:BRADO3372,putative ErfK/YbiS/YcfS/YnhG family protein
bra:BRADO3373,conserved hypothetical protein
bra:BRADO3374,hypothetical
bra:BRADO3375,hypothetical protein
bra:BRADO3376,putative secretion ATP-binding protein (ABC-type transporter family)
bra:BRADO3377,conserved hypothetical protein
bra:BRADO3378,putative
bra:BRADO3379,hypothetical protein
bra:BRADO3381,conserved
bra:BRADO3382,hypothetical protein
bra:BRADO3383,putative peptidase M20 family protein
bra:BRADO3384,conserved hypothetical protein
bra:BRADO3385,putative
bra:BRADO3386,conserved
bra:BRADO3387,conserved
bra:BRADO3388,putative Short-chain dehydrogenase/reductase family (SDR)
bra:BRADO3389,hypothetical protein
bra:BRADO3390,Hypothetical
bra:BRADO3391,conserved
bra:BRADO3392,hypothetical
bra:BRADO3393,conserved
bra:BRADO3394,putative
bra:BRADO3395,glnII
bra:BRADO3396,conserved hypothetical protein
bra:BRADO3397,putative
bra:BRADO3398,putative
bra:BRADO3399,putative
bra:BRADO3400,conserved hypothetical protein
bra:BRADO3401,conserved
bra:BRADO3402,conserved hypothetical protein
bra:BRADO3403,conserved
bra:BRADO3405,putative
bra:BRADO3406,putative
bra:BRADO3407,putative
bra:BRADO3408,putative
bra:BRADO3409,hypothetical protein
bra:BRADO3410,putative
bra:BRADO3411,pseudogene
bra:BRADO3412,pseudogene
bra:BRADO3413,pseudogene
bra:BRADO3414,hypothetical
bra:BRADO3416,Conserved
bra:BRADO3417,putative
bra:BRADO3418,hypothetical protein
bra:BRADO3419,Putative
bra:BRADO3420,gabT
bra:BRADO3421,putative peptidase M20 family protein
bra:BRADO3422,putative
bra:BRADO3423,conserved
bra:BRADO3424,conserved
bra:BRADO3425,conserved
bra:BRADO3426,Conserved
bra:BRADO3427,hypothetical
bra:BRADO3428,conserved hypothetical protein
bra:BRADO3429,conserved
bra:BRADO3430,putative
bra:BRADO3431,conserved
bra:BRADO3432,conserved
bra:BRADO3433,hypothetical
bra:BRADO3434,putative
bra:BRADO3435,putative
bra:BRADO3436,putative
bra:BRADO3437,conserved
bra:BRADO3438,conserved
bra:BRADO3439,conserved
bra:BRADO3440,putative glucose/sorbosone dehydrogenase
bra:BRADO3441,conserved hypothetical protein
bra:BRADO3442,hypothetical
bra:BRADO3443,hypothetical
bra:BRADO3444,hbdA
bra:BRADO3448,conserved hypothetical protein
bra:BRADO3449,conserved hypothetical protein
bra:BRADO3450,hypothetical
bra:BRADO3451,conserved hypothetical protein
bra:BRADO3452,conserved hypothetical protein
bra:BRADO3453,conserved
bra:BRADO3454,Conserved
bra:BRADO3455,conserved hypothetical protein
bra:BRADO3456,hypothetical
bra:BRADO3457,putative
bra:BRADO3458,conserved
bra:BRADO3459,putative
bra:BRADO3460,conserved hypothetical protein
bra:BRADO3461,putative
bra:BRADO3464,conserved
bra:BRADO3465,conserved hypothetical protein
bra:BRADO3466,putative
bra:BRADO3467,pseudogene
bra:BRADO3468,Conserved
bra:BRADO3469,hypothetical
bra:BRADO3470,hypothetical protein
bra:BRADO3471,hypothetical
bra:BRADO3472,hypothetical
bra:BRADO3474,hypothetical
bra:BRADO3475,nrd
bra:BRADO3476,putative transport protein
bra:BRADO3477,putative sensor histidine kinase with a CHASE3 and a response regulator receiver domain
bra:BRADO3478,putative sensor histidine kinase with a CHASE3 and a response regulator receiver domain
bra:BRADO3479,conserved
bra:BRADO3480,putative
bra:BRADO3481,conserved hypothetical protein
bra:BRADO3482,putative
bra:BRADO3483,hypothetical
bra:BRADO3484,conserved
bra:BRADO3485,putative
bra:BRADO3486,putative
bra:BRADO3487,putative
bra:BRADO3488,conserved hypothetical protein
bra:BRADO3489,conserved hypothetical protein
bra:BRADO3490,hypothetical
bra:BRADO3491,conserved hypothetical protein
bra:BRADO3492,aminotransferase (class-I pyridoxal-phosphate-dependent and class II)
bra:BRADO3493,putative
bra:BRADO3494,putative
bra:BRADO3495,conserved hypothetical protein
bra:BRADO3496,aat
bra:BRADO3497,putative
bra:BRADO3498,putative
bra:BRADO3499,putative
bra:BRADO3500,accC
bra:BRADO3501,accB
bra:BRADO3502,putative
bra:BRADO3503,conserved
bra:BRADO3504,putative citrate utilization protein B (citB)
bra:BRADO3505,putative
bra:BRADO3506,putative
bra:BRADO3507,conserved hypothetical protein
bra:BRADO3508,conserved hypothetical protein
bra:BRADO3509,putative
bra:BRADO3510,dctA
bra:BRADO3511,putative
bra:BRADO3513,putative
bra:BRADO3514,putative membrane carboxypeptidase/penicillin-binding protein
bra:BRADO3515,hypothetical
bra:BRADO3516,prfB
bra:BRADO3517,putative
bra:BRADO3518,upp
bra:BRADO3519,putative
bra:BRADO3520,conserved hypothetical protein
bra:BRADO3522,conserved hypothetical protein
bra:BRADO3523,putative
bra:BRADO3524,putative
bra:BRADO3525,Putative cystathionine beta-lyase (CBL
bra:BRADO3526,conserved hypothetical protein
bra:BRADO3527,hypothetical
bra:BRADO3528,putative
bra:BRADO3529,conserved
bra:BRADO3530,conserved
bra:BRADO3531,conserved hypothetical protein
bra:BRADO3532,tyrS
bra:BRADO3533,conserved
bra:BRADO3534,putative
bra:BRADO3535,conserved hypothetical protein
bra:BRADO3536,conserved hypothetical protein
bra:BRADO3537,hypothetical
bra:BRADO3538,conserved hypothetical protein
bra:BRADO3539,nifS
bra:BRADO3540,sufB
bra:BRADO3541,conserved
bra:BRADO3542,sufC
bra:BRADO3543,sufD
bra:BRADO3544,sufS
bra:BRADO3545,conserved
bra:BRADO3546,Iron-sulfur
bra:BRADO3547,conserved hypothetical protein
bra:BRADO3548,conserved hypothetical protein
bra:BRADO3549,Putative
bra:BRADO3550,conserved hypothetical protein
bra:BRADO3551,conserved hypothetical protein
bra:BRADO3552,putative
bra:BRADO3553,conserved hypothetical protein
bra:BRADO3554,conserved hypothetical protein
bra:BRADO3555,parE
bra:BRADO3556,conserved hypothetical protein
bra:BRADO3557,conserved
bra:BRADO3558,argC
bra:BRADO3559,putative
bra:BRADO3560,putative
bra:BRADO3561,putative ABC sugar transporter (substrate binding protein)
bra:BRADO3562,putative ABC transporter (permease protein)
bra:BRADO3563,putative sugar ABC transporter (permease protein)
bra:BRADO3564,putative
bra:BRADO3565,conserved
bra:BRADO3566,putative
bra:BRADO3567,conserved hypothetical protein
bra:BRADO3568,phbC
bra:BRADO3570,conserved
bra:BRADO3571,putative
bra:BRADO3572,hom
bra:BRADO3573,glpX
bra:BRADO3574,putative
bra:BRADO3575,hypothetical
bra:BRADO3576,conserved hypothetical protein
bra:BRADO3577,putative
bra:BRADO3578,conserved
bra:BRADO3579,conserved
bra:BRADO3580,Putative
bra:BRADO3581,putative
bra:BRADO3582,conserved hypothetical protein
bra:BRADO3583,conserved
bra:BRADO3584,conserved
bra:BRADO3585,conserved hypothetical protein
bra:BRADO3586,efp
bra:BRADO3587,Putative
bra:BRADO3588,putative
bra:BRADO3589,conserved hypothetical protein
bra:BRADO3590,aroG
bra:BRADO3591,conserved hypothetical protein
bra:BRADO3592,conserved hypothetical protein
bra:BRADO3594,hemA
bra:BRADO3595,conserved
bra:BRADO3596,hypothetical
bra:BRADO3597,hypothetical
bra:BRADO3598,conserved hypothetical protein
bra:BRADOtRNA15,tRNA-Glu
bra:BRADO3599,hypothetical
bra:BRADO3600,putative
bra:BRADO3601,hypothetical
bra:BRADO3602,hypothetical
bra:BRADO3603,hypothetical
bra:BRADO3604,hypothetical
bra:BRADO3605,Hypothetical
bra:BRADO3606,hypothetical protein
bra:BRADO3607,hypothetical
bra:BRADO3608,hypothetical
bra:BRADO3609,hypothetical
bra:BRADO3610,hypothetical
bra:BRADO3611,hypothetical
bra:BRADO3612,hypothetical
bra:BRADO3613,hypothetical protein
bra:BRADO3614,hypothetical
bra:BRADO3615,hypothetical
bra:BRADO3616,hypothetical
bra:BRADO3618,hypothetical
bra:BRADO3619,hypothetical
bra:BRADO3620,hypothetical
bra:BRADO3621,putative
bra:BRADO3622,hypothetical
bra:BRADO3623,hypothetical protein
bra:BRADO3624,hypothetical
bra:BRADO3625,hypothetical
bra:BRADO3626,conserved hypothetical protein
bra:BRADO3627,hypothetical protein
bra:BRADO3628,conserved hypothetical protein
bra:BRADO3629,hypothetical protein
bra:BRADO3630,hypothetical
bra:BRADO3631,hypothetical
bra:BRADO3632,hypothetical
bra:BRADO3633,hypothetical
bra:BRADO3634,hypothetical
bra:BRADO3635,hypothetical
bra:BRADO3636,hypothetical
bra:BRADO3637,hypothetical
bra:BRADO3638,hypothetical
bra:BRADO3639,hypothetical
bra:BRADO3640,hypothetical
bra:BRADO3641,hypothetical
bra:BRADO3642,hypothetical protein
bra:BRADO3643,conserved
bra:BRADO3644,conserved
bra:BRADO3645,hypothetical protein
bra:BRADO3646,hypothetical protein
bra:BRADO3647,hypothetical protein
bra:BRADO3648,hypothetical protein
bra:BRADO3649,hypothetical protein
bra:BRADO3650,hypothetical
bra:BRADO3651,hypothetical
bra:BRADO3652,hypothetical
bra:BRADO3653,hypothetical protein
bra:BRADO3654,hypothetical
bra:BRADO3655,hypothetical protein
bra:BRADO3656,hypothetical
bra:BRADO3657,hypothetical
bra:BRADO3658,hypothetical
bra:BRADO3659,conserved
bra:BRADO3660,conserved
bra:BRADO3661,conserved
bra:BRADO3662,hypothetical protein
bra:BRADO3663,putative
bra:BRADO3664,hypothetical
bra:BRADO3665,gloA
bra:BRADO3667,HupA
bra:BRADO3669,conserved hypothetical protein
bra:BRADO3670,conserved
bra:BRADO3672,putative transciptional regulatory Sir2-family protein
bra:BRADO3673,Putative
bra:BRADOtRNA16,tRNA-Pro
bra:BRADO3674,conserved
bra:BRADO3675,conserved
bra:BRADO3676,putative
bra:BRADO3677,"putative transcriptional regulatory protein, AsnC/Lrp family"
bra:BRADO3678,putative
bra:BRADO3679,putative
bra:BRADO3680,putative acyl-CoA carboxylase biotin-carrying subunit
bra:BRADO3681,hmgL
bra:BRADO3682,"putative TRAP-type C4-dicarboxylate transporter, DctM subunit"
bra:BRADO3683,"putative TRAP-type C4-dicarboxylate transport system, DctQ subunit"
bra:BRADO3684,"putative TRAP-type C4-dicarboxylate transport system, periplasmic component (dctP-like)"
bra:BRADO3685,conserved hypothetical protein
bra:BRADO3686,conserved
bra:BRADO3687,hypothetical protein
bra:BRADO3688,hypothetical protein
bra:BRADO3689,conserved
bra:BRADO3690,conserved hypothetical protein
bra:BRADO3691,hypothetical
bra:BRADO3692,putative protozoan/cyanobacterial globin family
bra:BRADO3693,putative
bra:BRADO3694,conserved hypothetical protein
bra:BRADO3695,putative
bra:BRADO3696,conserved hypothetical protein
bra:BRADO3697,putative
bra:BRADO3698,conserved
bra:BRADO3699,putative
bra:BRADO3700,putative
bra:BRADO3701,conserved
bra:BRADO3702,putative
bra:BRADO3703,conserved hypothetical protein
bra:BRADO3704,conserved hypothetical protein
bra:BRADO3705,putative
bra:BRADO3706,putative
bra:BRADO3707,putative
bra:BRADO3708,putative
bra:BRADO3709,conserved hypothetical protein
bra:BRADO3710,Putative
bra:BRADO3711,conserved
bra:BRADO3712,conserved hypothetical protein
bra:BRADOtRNA42,tRNA-Ser
bra:BRADO3713,hypothetical
bra:BRADO3716,conserved hypothetical protein
bra:BRADO3717,hypothetical
bra:BRADO3718,hypothetical
bra:BRADO3719,putative
bra:BRADO3720,conserved
bra:BRADO3721,conserved
bra:BRADO3722,hypothetical
bra:BRADO3724,conserved
bra:BRADO3725,putative
bra:BRADO3726,hypothetical
bra:BRADO3727,conserved
bra:BRADO3728,conserved
bra:BRADO3729,Dipeptidyl
bra:BRADO3730,putative
bra:BRADO3731,putative
bra:BRADO3732,conserved hypothetical protein
bra:BRADO3733,"putative ABC transporter, permease protein"
bra:BRADO3734,conserved hypothetical protein
bra:BRADO3735,putative
bra:BRADO3736,putative
bra:BRADO3737,prfC
bra:BRADO3738,putative
bra:BRADO3739,Serine
bra:BRADO3740,putative
bra:BRADO3741,conserved hypothetical protein
bra:BRADO3742,conserved hypothetical protein
bra:BRADO3743,putative
bra:BRADO3744,conserved
bra:BRADO3745,conserved hypothetical protein
bra:BRADO3746,der
bra:BRADO3747,putative
bra:BRADO3748,aceA
bra:BRADO3749,hypothetical
bra:BRADO3750,Probable
bra:BRADO3751,hypothetical protein
bra:BRADO3752,hypothetical
bra:BRADO3753,hypothetical
bra:BRADOtRNA41,tRNA-Lys
bra:BRADO3754,Putative
bra:BRADO3755,Putative
bra:BRADO3757,Putative
bra:BRADO3758,conserved hypothetical protein
bra:BRADO3759,conserved
bra:BRADO3760,glmU
bra:BRADO3761,hypothetical
bra:BRADO3762,hypothetical
bra:BRADO3763,glmS
bra:BRADO3764,putative
bra:BRADO3765,conserved
bra:BRADO3766,conserved
bra:BRADO3767,putative
bra:BRADO3768,conserved
bra:BRADO3769,recG
bra:BRADO3770,conserved
bra:BRADO3771,Mfd
bra:BRADO3772,pseudogene
bra:BRADO3773,hypothetical
bra:BRADO3774,conserved hypothetical protein
bra:BRADO3775,putative
bra:BRADO3776,conserved hypothetical protein
bra:BRADO3777,conserved hypothetical protein
bra:BRADO3778,conserved
bra:BRADO3779,putative
bra:BRADO3780,putative FAD-dependent monoxygenase
bra:BRADO3781,putative
bra:BRADO3782,conserved hypothetical protein
bra:BRADO3783,qor
bra:BRADO3784,conserved hypothetical protein
bra:BRADO3785,hypothetical
bra:BRADO3786,Conserved
bra:BRADO3787,argM
bra:BRADO3789,conserved
bra:BRADO3790,conserved
bra:BRADO3791,putative
bra:BRADO3792,putative
bra:BRADO3793,putative
bra:BRADO3794,putative
bra:BRADO3796,putative
bra:BRADO3797,putative
bra:BRADO3798,putative
bra:BRADO3799,conserved
bra:BRADO3800,conserved
bra:BRADO3801,conserved hypothetical protein
bra:BRADO3802,putative
bra:BRADO3803,1-aminocyclopropane-1-carboxylate
bra:BRADO3806,fusA
bra:BRADO3807,putative
bra:BRADO3808,conserved hypothetical protein
bra:BRADO3809,conserved hypothetical protein
bra:BRADO3810,Cyclohexadienyl dehydratase precursor [Includes: Prephenate dehydratase (EC 4.2.1.51)
bra:BRADO3811,conserved
bra:BRADO3812,conserved
bra:BRADO3813,putative
bra:BRADO3814,ugpC
bra:BRADO3815,ABC
bra:BRADO3816,putative
bra:BRADO3817,ABC
bra:BRADO3818,conserved
bra:BRADOtRNA40,tRNA-Ser
bra:BRADO3819,hypothetical
bra:BRADO3821,hypothetical
bra:BRADO3822,conserved hypothetical protein
bra:BRADO3823,conserved
bra:BRADO3824,conserved
bra:BRADO3825,epoxide
bra:BRADO3826,putative
bra:BRADO3827,tmk
bra:BRADO3828,putative
bra:BRADO3829,Methionyl-tRNA
bra:BRADO3830,Putative
bra:BRADO3831,conserved
bra:BRADO3832,conserved
bra:BRADO3833,putative
bra:BRADO3834,putative
bra:BRADO3835,putative
bra:BRADO3836,Conserved
bra:BRADO3837,putative
bra:BRADO3838,putative
bra:BRADO3839,Putative Branched-chain amino acid ABC transporter (permease protein)
bra:BRADO3840,putative
bra:BRADO3841,hypothetical
bra:BRADO3842,hypothetical
bra:BRADO3843,hypothetical
bra:BRADO3844,Putative
bra:BRADO3845,nthA
bra:BRADO3846,nthB
bra:BRADO3847,conserved
bra:BRADO3848,hypothetical
bra:BRADO3849,conserved hypothetical protein
bra:BRADO3851,Protein
bra:BRADO3852,hypothetical
bra:BRADO3853,hypothetical protein
bra:BRADO3854,putative
bra:BRADO3855,hfq
bra:BRADO3856,ntrX
bra:BRADO3857,ntrY
bra:BRADO3858,putative
bra:BRADO3859,putative
bra:BRADO3860,putative
bra:BRADO3861,putative transport protein (MFS superfamily)
bra:BRADO3862,conserved hypothetical protein
bra:BRADO3863,putative
bra:BRADO3864,conserved hypothetical protein
bra:BRADO3865,putative
bra:BRADO3866,ntrC
bra:BRADO3867,ntrB
bra:BRADO3868,putative
bra:BRADO3869,ispDF
bra:BRADO3870,conserved hypothetical protein
bra:BRADO3871,hypothetical
bra:BRADO3873,conserved
bra:BRADO3874,hypothetical
bra:BRADO3875,Conserved hypothetical protein
bra:BRADO3877,conserved hypothetical protein
bra:BRADO3878,conserved
bra:BRADO3879,lipA
bra:BRADO3880,putative
bra:BRADO3881,valS
bra:BRADO3882,conserved
bra:BRADO3884,putative
bra:BRADO3885,putative
bra:BRADO3886,conserved
bra:BRADOtRNA17,tRNA-Asn
bra:BRADO3887,hypothetical
bra:BRADO3889,hypothetical
bra:BRADO3890,conserved
bra:BRADO3891,conserved
bra:BRADO3892,putative
bra:BRADO3893,conserved hypothetical protein
bra:BRADO3894,putative
bra:BRADO3895,putative
bra:BRADO3896,conserved
bra:BRADO3897,putative
bra:BRADO3898,conserved hypothetical protein
bra:BRADO3899,hypothetical
bra:BRADO3900,conserved hypothetical protein
bra:BRADOtRNA39,tRNA-Cys
bra:BRADO3901,conserved hypothetical protein
bra:BRADO3902,mdtC
bra:BRADO3903,mdtB
bra:BRADO3904,mdtA
bra:BRADO3905,putative
bra:BRADO3906,conserved hypothetical protein
bra:BRADO3907,conserved
bra:BRADO3908,putative
bra:BRADO3909,cysB
bra:BRADO3910,putative
bra:BRADO3911,putative
bra:BRADO3912,putative
bra:BRADO3913,putative
bra:BRADO3914,metC
bra:BRADO3915,putative Na+/phosphate transporter
bra:BRADO3916,conserved hypothetical protein
bra:BRADO3917,"Putative Glycosyl transferase, family 2"
bra:BRADO3918,putative
bra:BRADO3919,"putative glycosyl transferase, family 39"
bra:BRADO3920,pbpC
bra:BRADO3921,conserved hypothetical protein
bra:BRADOtRNA18,tRNA-Arg
bra:BRADO3923,hypothetical
bra:BRADO3924,hypothetical
bra:BRADO3925,hypothetical
bra:BRADO3926,hypothetical
bra:BRADO3927,hypothetical protein
bra:BRADO3928,hypothetical protein
bra:BRADO3930,conserved
bra:BRADO3931,hypothetical
bra:BRADO3932,hypothetical
bra:BRADO3933,putative
bra:BRADO3934,hypothetical
bra:BRADO3935,hypothetical
bra:BRADO3936,hypothetical
bra:BRADO3937,conserved hypothetical protein
bra:BRADO3939,hypothetical
bra:BRADO3940,hypothetical
bra:BRADO3941,hypothetical
bra:BRADO3942,conserved
bra:BRADO3943,conserved
bra:BRADO3944,putative
bra:BRADO3945,hypothetical
bra:BRADO3946,Putative
bra:BRADO3947,putative
bra:BRADO3948,putative
bra:BRADO3949,putative
bra:BRADO3950,hypothetical
bra:BRADO3951,conserved
bra:BRADO3952,hypothetical
bra:BRADO3953,putative
bra:BRADO3954,conserved hypothetical protein
bra:BRADO3955,two-component
bra:BRADO3956,putative
bra:BRADO3957,putative
bra:BRADO3958,putative
bra:BRADO3959,putative
bra:BRADO3960,putative
bra:BRADO3961,putative
bra:BRADO3962,conserved
bra:BRADO3963,putative
bra:BRADO3964,hypothetical protein
bra:BRADO3966,putative secretion ATP-binding protein (ABC-type transporter family)
bra:BRADO3967,putative secretion protein (HlyD family)
bra:BRADO3968,hypothetical
bra:BRADO3970,hypothetical
bra:BRADO3971,hypothetical
bra:BRADO3973,putative
bra:BRADO3974,putative
bra:BRADO3975,conserved
bra:BRADO3976,conserved
bra:BRADO3977,conserved
bra:BRADO3978,conserved hypothetical protein
bra:BRADO3979,conserved hypothetical protein
bra:BRADO3980,conserved hypothetical protein
bra:BRADO3981,putative
bra:BRADO3982,kaiC
bra:BRADO3983,kaiB
bra:BRADO3984,hypothetical
bra:BRADO3986,conserved
bra:BRADO3987,cysK
bra:BRADO3989,hypothetical
bra:BRADO3990,tgt
bra:BRADO3991,hypothetical
bra:BRADO3992,asd
bra:BRADO3993,queA
bra:BRADO3994,conserved hypothetical protein
bra:BRADO3995,ppiB
bra:BRADO3996,ppiA
bra:BRADO3997,kdtB
bra:BRADO3998,conserved
bra:BRADO3999,gyrA
bra:BRADO4000,"putative transcriptional regulatory protein, LysR family"
bra:BRADO4001,"oxydo-reductase,"
bra:BRADO4002,ssb
bra:BRADO4003,putative outer-membrane protein
bra:BRADO4004,putative outer-membrane protein
bra:BRADO4005,putative outer-membrane protein
bra:BRADO4006,putative outer-membrane protein
bra:BRADO4007,putative
bra:BRADO4008,hypothetical protein
bra:BRADO4009,hypothetical
bra:BRADO4010,uvrA
bra:BRADO4011,putative phosphoglycolate phosphatase
bra:BRADO4012,conserved hypothetical protein
bra:BRADO4013,conserved hypothetical protein
bra:BRADO4014,putative
bra:BRADO4015,conserved hypothetical protein
bra:BRADO4016,conserved
bra:BRADO4017,Fatty
bra:BRADO4018,conserved hypothetical protein
bra:BRADO4019,conserved
bra:BRADO4020,conserved
bra:BRADO4021,conserved
bra:BRADO4022,conserved hypothetical protein
bra:BRADO4023,conserved hypothetical protein
bra:BRADO4024,conserved
bra:BRADO4025,hypothetical
bra:BRADO4026,hypothetical
bra:BRADO4027,conserved
bra:BRADO4028,conserved hypothetical protein
bra:BRADO4029,conserved
bra:BRADO4030,putative
bra:BRADO4031,putative dioxygenase
bra:BRADO4032,putative
bra:BRADO4033,conserved
bra:BRADO4034,secF
bra:BRADO4035,secD
bra:BRADO4036,yajC
bra:BRADO4037,hypothetical
bra:BRADO4038,putative
bra:BRADO4039,putative
bra:BRADO4040,pcm
bra:BRADO4041,putative
bra:BRADO4042,surE
bra:BRADO4043,conserved
bra:BRADO4044,serS
bra:BRADO4045,putative
bra:BRADO4046,putative
bra:BRADO4047,putative
bra:BRADO4048,conserved
bra:BRADO4049,conserved
bra:BRADO4050,putative
bra:BRADO4051,Conserved
bra:BRADO4052,argS
bra:BRADO4053,putative
bra:BRADO4054,hypothetical
bra:BRADO4055,conserved
bra:BRADO4056,putative
bra:BRADO4057,conserved
bra:BRADO4058,putative
bra:BRADO4059,putative
bra:BRADO4060,conserved
bra:BRADO4061,putative
bra:BRADO4062,xthA2
bra:BRADO4063,putative
bra:BRADO4064,putative
bra:BRADO4065,ureG
bra:BRADO4066,ureC
bra:BRADO4067,ureAB
bra:BRADO4068,ureF
bra:BRADO4069,Putative
bra:BRADO4070,hypothetical protein
bra:BRADO4071,amidase
bra:BRADO4072,putative
bra:BRADO4073,putative
bra:BRADO4074,Putative
bra:BRADO4075,Putative
bra:BRADO4076,Putative branched chain amino-acid ABC transporter (substrate binding protein)
bra:BRADO4077,putative
bra:BRADO4078,putative
bra:BRADO4079,Putative Exopolysaccharide regulatory protein exoR
bra:BRADO4080,ilvD
bra:BRADO4081,conserved hypothetical protein
bra:BRADO4082,putative
bra:BRADO4083,lpD
bra:BRADO4084,pdhC
bra:BRADO4085,conserved
bra:BRADO4086,pdhB
bra:BRADO4087,pdhA
bra:BRADO4088,conserved hypothetical protein
bra:BRADO4089,Putative
bra:BRADO4090,Conserved hypothetical protein
bra:BRADO4091,putative Beta-lactamase family protein
bra:BRADO4092,conserved hypothetical protein
bra:BRADO4093,putative
bra:BRADO4094,eno
bra:BRADO4095,Conserved hypothetical protein
bra:BRADO4096,hypothetical
bra:BRADO4097,putative
bra:BRADO4098,putative
bra:BRADO4099,hypothetical
bra:BRADO4100,Putative Permease of the major facilitator superfamily
bra:BRADO4101,kdsA
bra:BRADO4102,conserved hypothetical protein
bra:BRADO4103,pyrG
bra:BRADO4104,putative
bra:BRADO4105,putative
bra:BRADO4106,putative
bra:BRADO4107,tpiA
bra:BRADO4108,Putative
bra:BRADO4109,trpD
bra:BRADO4110,trpC
bra:BRADO4111,moaC
bra:BRADO4112,putative
bra:BRADO4113,ctpA
bra:BRADO4114,Putative FMN-dependent alpha-hydroxy acid dehydrogenase family protein
bra:BRADO4115,Putative
bra:BRADO4116,conserved
bra:BRADO4117,hypothetical
bra:BRADO4118,putative
bra:BRADO4119,Putative
bra:BRADO4120,lexA
bra:BRADO4121,hypothetical
bra:BRADO4122,putative
bra:BRADO4123,hypothetical
bra:BRADO4124,glnS
bra:BRADO4125,gltX
bra:BRADO4126,gltA
bra:BRADO4127,lpxB
bra:BRADO4128,conserved
bra:BRADO4129,lpxA
bra:BRADO4130,fabZ
bra:BRADO4131,lpxD
bra:BRADO4132,conserved hypothetical protein
bra:BRADO4133,putative
bra:BRADO4134,dxr
bra:BRADO4135,cdsA
bra:BRADO4136,ispU
bra:BRADO4137,frr
bra:BRADO4138,pyrH
bra:BRADO4139,tsf
bra:BRADO4140,rpsB
bra:BRADO4141,hypothetical
bra:BRADO4142,hypothetical protein
bra:BRADO4143,hypothetical protein
bra:BRADO4144,conserved hypothetical protein
bra:BRADO4145,dnaE
bra:BRADO4146,hypothetical
bra:BRADO4147,putative
bra:BRADO4148,hypothetical
bra:BRADO4149,putative
bra:BRADO4150,conserved hypothetical protein
bra:BRADO4151,putative
bra:BRADO4152,lolD
bra:BRADO4153,lolC
bra:BRADO4154,proS
bra:BRADO4155,putative Copper resistance protein
bra:BRADO4156,conserved hypothetical protein
bra:BRADO4157,Putative
bra:BRADO4158,conserved
bra:BRADO4159,conserved hypothetical protein
bra:BRADO4160,conserved hypothetical protein
bra:BRADO4161,conserved hypothetical protein
bra:BRADO4162,hypothetical protein
bra:BRADO4163,Putative ABC transporter (substrate-binding protein)
bra:BRADO4164,Putative ABC transporter (ATP-binding protein)
bra:BRADO4165,Putative ABC transporter (permease protein)
bra:BRADO4166,putative
bra:BRADO4167,conserved
bra:BRADO4168,Putative glyoxalase I family protein
bra:BRADO4169,Putative
bra:BRADO4170,putative
bra:BRADO4171,nuoN
bra:BRADO4172,nuoM
bra:BRADO4173,nuoL
bra:BRADO4174,nuoK
bra:BRADO4175,nuoJ
bra:BRADO4176,nuoII
bra:BRADO4177,nuoH
bra:BRADO4178,nuoG
bra:BRADO4179,nuoF
bra:BRADO4180,conserved
bra:BRADO4181,nuoE
bra:BRADO4182,Conserved Hypothetical protein
bra:BRADO4183,nuoD
bra:BRADO4184,nuoC
bra:BRADO4185,nuoB
bra:BRADO4186,nuoA
bra:BRADO4187,hypothetical
bra:BRADO4188,conserved hypothetical protein
bra:BRADOtRNA38,tRNA-Asp
bra:BRADO4189,pepT
bra:BRADO4190,Putative
bra:BRADO4191,hypothetical
bra:BRADO4192,hypothetical protein
bra:BRADO4193,conserved hypothetical protein
bra:BRADO4194,Putative
bra:BRADO4195,hypothetical
bra:BRADOtRNA37,tRNA-Val
bra:BRADO4196,lon
bra:BRADO4197,clpX
bra:BRADO4198,clpP
bra:BRADO4199,hypothetical
bra:BRADO4200,tig
bra:BRADOtRNA36,tRNA-Leu
bra:BRADO4201,conserved hypothetical protein
bra:BRADO4202,Putative
bra:BRADO4203,conserved hypothetical protein
bra:BRADO4204,glnB
bra:BRADO4205,glnA
bra:BRADO4206,hypothetical
bra:BRADO4207,hypothetical
bra:BRADO4208,hypothetical protein
bra:BRADO4209,putative
bra:BRADO4210,putative
bra:BRADO4211,Putative Amidohydrolase family protein
bra:BRADO4212,putative Permease of the major facilitator superfamily (MFS)
bra:BRADO4213,conserved hypothetical protein
bra:BRADO4214,conserved hypothetical protein
bra:BRADO4215,putative
bra:BRADO4216,rpsI
bra:BRADO4217,rplM
bra:BRADO4218,Putative
bra:BRADO4219,putative
bra:BRADO4220,Conserved Hypothetical protein
bra:BRADO4221,metC
bra:BRADO4222,hypothetical
bra:BRADO4223,conserved hypothetical protein
bra:BRADO4225,Putative Cytochrome oxidase assembly protein
bra:BRADO4226,conserved
bra:BRADO4227,Putative
bra:BRADO4228,conserved hypothetical protein
bra:BRADO4229,Putative
bra:BRADO4230,putative
bra:BRADO4231,putative
bra:BRADO4232,conserved hypothetical protein
bra:BRADO4233,conserved hypothetical protein
bra:BRADO4234,conserved
bra:BRADO4235,putative TPR domain protein
bra:BRADO4236,conserved
bra:BRADO4237,putative
bra:BRADO4238,conserved hypothetical protein
bra:BRADO4240,Conserved
bra:BRADO4241,conserved hypothetical protein
bra:BRADO4242,putative
bra:BRADO4243,hypothetical
bra:BRADO4244,Putative
bra:BRADO4245,putative
bra:BRADO4246,Putative
bra:BRADO4247,putative
bra:BRADO4248,putative
bra:BRADO4249,conserved
bra:BRADO4250,Conserved hypothetical protein
bra:BRADO4251,conserved hypothetical protein
bra:BRADO4252,hypothetical
bra:BRADO4253,hypothetical
bra:BRADO4254,hypothetical protein
bra:BRADO4255,putative
bra:BRADO4256,putative
bra:BRADO4257,hypothetical
bra:BRADO4258,conserved hypothetical protein
bra:BRADO4259,conserved hypothetical protein with RDD domain
bra:BRADO4260,conserved hypothetical protein
bra:BRADO4261,conserved hypothetical protein
bra:BRADO4262,conserved hypothetical protein
bra:BRADO4263,conserved hypothetical protein
bra:BRADO4264,hypothetical
bra:BRADO4266,Hypothetical protein
bra:BRADO4267,putative
bra:BRADO4268,putative
bra:BRADO4269,ssuD
bra:BRADO4270,ssuC
bra:BRADO4271,ssuB
bra:BRADO4272,ssuA
bra:BRADO4273,putative
bra:BRADO4274,putative
bra:BRADO4275,srpH
bra:BRADO4276,hypothetical
bra:BRADO4277,ntaA
bra:BRADO4278,putative
bra:BRADO4279,putative nitroreductase family protein
bra:BRADO4280,putative
bra:BRADO4281,hypothetical
bra:BRADO4282,putative
bra:BRADO4283,putative
bra:BRADO4284,conserved
bra:BRADO4285,metQ
bra:BRADO4286,Putative
bra:BRADO4287,metI
bra:BRADO4288,metN
bra:BRADO4289,conserved
bra:BRADO4290,hypothetical
bra:BRADO4291,hypothetical
bra:BRADO4292,putative
bra:BRADO4293,conserved
bra:BRADO4295,pseudogene
bra:BRADO4296,putative
bra:BRADO4297,putative
bra:BRADO4298,hypothetical
bra:BRADO4299,hypothetical
bra:BRADO4300,hypothetical
bra:BRADO4301,hypothetical
bra:BRADO4302,conserved
bra:BRADO4303,conserved
bra:BRADO4304,conserved
bra:BRADO4305,conserved
bra:BRADO4306,putative
bra:BRADO4307,conserved
bra:BRADO4308,Putative
bra:BRADO4309,conserved hypothetical protein
bra:BRADO4310,putative
bra:BRADO4311,putative
bra:BRADO4312,putative
bra:BRADO4313,conserved
bra:BRADO4314,putative
bra:BRADO4315,hypothetical
bra:BRADO4316,hypothetical
bra:BRADO4317,Putative
bra:BRADO4318,hypothetical
bra:BRADO4319,conserved hypothetical protein
bra:BRADO4320,conserved
bra:BRADO4321,conserved
bra:BRADO4322,putative
bra:BRADO4323,conserved
bra:BRADO4324,putative
bra:BRADO4325,putative alpha/beta hydrolase
bra:BRADO4326,conserved
bra:BRADO4327,conserved hypothetical protein
bra:BRADO4328,conserved
bra:BRADO4329,conserved hypothetical protein
bra:BRADO4330,hypothetical
bra:BRADO4331,putative
bra:BRADO4332,hypothetical
bra:BRADO4333,conserved
bra:BRADO4334,putative
bra:BRADO4335,putative
bra:BRADO4336,putative
bra:BRADO4337,putative
bra:BRADO4338,conserved
bra:BRADO4339,conserved hypothetical protein
bra:BRADO4340,putative
bra:BRADO4341,hypothetical protein
bra:BRADO4343,putative sigma-54-dependent transcriptional regulator
bra:BRADO4344,groEL
bra:BRADO4345,conserved
bra:BRADO4346,putative
bra:BRADO4347,putative
bra:BRADO4348,putative
bra:BRADO4349,putative Ferredoxin--NAD(+) reductase
bra:BRADO4350,putative
bra:BRADO4351,hypothetical
bra:BRADO4352,hypothetical
bra:BRADO4353,putative
bra:BRADO4355,putative
bra:BRADO4356,hypothetical
bra:BRADO4357,conserved
bra:BRADO4358,pseudogene
bra:BRADO4359,hypothetical
bra:BRADO4360,ssuA
bra:BRADO4361,ssuD
bra:BRADO4362,putative
bra:BRADO4363,ssuB
bra:BRADO4364,putative
bra:BRADO4365,putative
bra:BRADO4367,hypothetical
bra:BRADO4369,hypothetical
bra:BRADO4370,conserved
bra:BRADO4371,hypothetical protein
bra:BRADO4372,conserved hypothetical protein
bra:BRADO4373,conserved
bra:BRADO4374,hypothetical
bra:BRADO4375,conserved
bra:BRADO4376,hypothetical
bra:BRADO4377,hypothetical
bra:BRADO4378,conserved
bra:BRADO4379,conserved
bra:BRADO4380,conserved
bra:BRADO4381,conserved
bra:BRADO4382,conserved
bra:BRADO4383,conserved hypothetical protein
bra:BRADO4384,hypothetical protein
bra:BRADO4385,putative
bra:BRADO4386,conserved hypothetical protein
bra:BRADO4387,hypothetical
bra:BRADO4388,conserved
bra:BRADO4389,putative
bra:BRADO4390,putative
bra:BRADO4392,putative
bra:BRADO4393,putative
bra:BRADO4394,putative
bra:BRADO4395,putative
bra:BRADO4396,putative
bra:BRADO4397,putative
bra:BRADO4398,hypothetical protein
bra:BRADO4399,putative
bra:BRADO4400,ddpA
bra:BRADO4401,putative
bra:BRADO4402,dppF
bra:BRADO4403,ddpD
bra:BRADO4404,ddpC
bra:BRADO4405,ddpB
bra:BRADO4406,putative
bra:BRADO4407,putative
bra:BRADO4408,conserved hypothetical protein
bra:BRADO4409,putative enzyme with alpha/beta-hydrolase domain
bra:BRADO4410,putative
bra:BRADO4411,Putative
bra:BRADO4412,Putative
bra:BRADO4413,pseudogene
bra:BRADO4414,pseudogene
bra:BRADOtRNA35,tRNA-Pro
bra:BRADO4415,putative
bra:BRADO4416,ihfA
bra:BRADO4417,fabH
bra:BRADO4418,plsX
bra:BRADO4419,conserved
bra:BRADO4420,conserved hypothetical protein
bra:BRADO4421,conserved hypothetical protein
bra:BRADO4422,conserved
bra:BRADO4423,hppA
bra:BRADO4424,thiL
bra:BRADO4425,nusB
bra:BRADO4426,ribH
bra:BRADO4427,ribC
bra:BRADO4428,ribD
bra:BRADO4429,conserved
bra:BRADO4430,glyA
bra:BRADO4431,hypothetical
bra:BRADO4432,conserved
bra:BRADO4433,conserved
bra:BRADO4434,putative
bra:BRADO4435,conserved hypothetical protein
bra:BRADO4436,hemB
bra:BRADO4437,conserved hypothetical protein
bra:BRADO4438,putative
bra:BRADO4439,putative
bra:BRADO4440,putative
bra:BRADO4441,putative
bra:BRADO4442,putative
bra:BRADO4443,putative
bra:BRADO4444,arsC
bra:BRADO4445,conserved hypothetical protein
bra:BRADO4446,putative
bra:BRADO4447,putative
bra:BRADO4448,parC
bra:BRADO4449,cpo
bra:BRADO4451,conserved
bra:BRADO4453,hypothetical
bra:BRADO4454,putative
bra:BRADO4455,putative
bra:BRADO4456,putative
bra:BRADO4457,putative
bra:BRADO4458,conserved
bra:BRADO4459,yqjG
bra:BRADO4460,putative
bra:BRADO4461,conserved hypothetical protein
bra:BRADO4462,era
bra:BRADO4463,rnc
bra:BRADO4464,lepB
bra:BRADO4466,acpS
bra:BRADO4467,pdxJ
bra:BRADO4468,relA
bra:BRADO4469,rpoZ
bra:BRADO4470,conserved
bra:BRADO4471,putative
bra:BRADO4472,putative
bra:BRADO4473,smpB
bra:BRADO4474,mscL
bra:BRADO4475,dapA
bra:BRADO4476,putative soluble lytic transglycosylase (SLT)
bra:BRADO4477,conserved
bra:BRADO4478,Conserved hypothetical protein
bra:BRADO4479,Conserved hypothetical protein
bra:BRADOtRNA34,tRNA-Ser
bra:BRADO4481,hypothetical protein
bra:BRADO4482,conserved
bra:BRADO4483,hypothetical protein
bra:BRADO4484,pseudogene
bra:BRADO4486,gatB
bra:BRADO4487,hypothetical
bra:BRADO4488,conserved
bra:BRADO4489,gatA
bra:BRADO4490,conserved
bra:BRADO4491,gatC
bra:BRADO4492,putative
bra:BRADO4493,putative
bra:BRADO4494,putative
bra:BRADO4495,conserved hypothetical protein
bra:BRADO4496,putative
bra:BRADO4497,putative
bra:BRADO4498,conserved hypothetical protein
bra:BRADO4499,putative protease (CAAX family)
bra:BRADO4500,putative protease (CAAX family)
bra:BRADO4501,aidB
bra:BRADO4502,pyrB
bra:BRADO4503,pyrC
bra:BRADO4504,conserved hypothetical protein
bra:BRADO4505,conserved hypothetical protein
bra:BRADO4506,DprA
bra:BRADO4507,hypothetical
bra:BRADO4508,topA
bra:BRADO4509,rnr
bra:BRADO4510,conserved hypothetical protein
bra:BRADO4511,putative
bra:BRADO4512,ntaA
bra:BRADO4513,rpmG
bra:BRADO4514,putative
bra:BRADO4515,conserved hypothetical protein
bra:BRADO4516,hypothetical
bra:BRADO4517,hypothetical
bra:BRADO4519,DNA
bra:BRADO4520,pleD
bra:BRADO4521,putative
bra:BRADO4522,conserved
bra:BRADO4523,dinB
bra:BRADO4524,conserved hypothetical protein
bra:BRADO4525,putative
bra:BRADO4526,putative
bra:BRADO4527,conserved hypothetical protein
bra:BRADO4528,conserved hypothetical protein
bra:BRADO4529,nadC
bra:BRADO4530,nadB
bra:BRADO4531,nadA
bra:BRADO4532,conserved hypothetical protein
bra:BRADO4533,virR
bra:BRADO4534,conserved hypothetical protein
bra:BRADO4535,conserved hypothetical protein
bra:BRADO4536,conserved hypothetical protein
bra:BRADO4537,conserved
bra:BRADO4538,conserved
bra:BRADO4539,nitA
bra:BRADO4540,putative
bra:BRADO4541,conserved
bra:BRADO4542,conserved hypothetical protein
bra:BRADO4543,putative
bra:BRADO4544,conserved hypothetical protein
bra:BRADO4545,clpA
bra:BRADO4546,clpS
bra:BRADO4548,conserved
bra:BRADO4549,putative
bra:BRADO4550,"conserved hypothetical protein, containing N-terminal fragment of heat shock protein DnaJ"
bra:BRADO4551,conserved
bra:BRADO4552,conserved hypothetical protein
bra:BRADO4553,conserved hypothetical protein
bra:BRADO4554,panC
bra:BRADO4555,conserved
bra:BRADO4556,conserved
bra:BRADO4557,conserved hypothetical protein
bra:BRADO4558,conserved
bra:BRADO4559,putative
bra:BRADO4560,conserved
bra:BRADO4561,putative aldo/keto reductase
bra:BRADO4562,putative
bra:BRADO4563,putative
bra:BRADO4564,putative polysaccharide deacetylase
bra:BRADO4566,putative
bra:BRADO4567,conserved hypothetical protein
bra:BRADO4568,putative
bra:BRADO4569,conserved hypothetical protein
bra:BRADO4570,putative
bra:BRADO4571,putative
bra:BRADO4572,conserved
bra:BRADO4573,hypothetical
bra:BRADO4574,conserved hypothetical protein
bra:BRADO4575,putative
bra:BRADO4576,conserved
bra:BRADO4577,eutB
bra:BRADO4578,eutC
bra:BRADO4579,putative
bra:BRADO4580,putative
bra:BRADO4581,putative
bra:BRADO4582,putative
bra:BRADO4583,putative
bra:BRADO4584,putative
bra:BRADO4585,Putative
bra:BRADO4586,Putative
bra:BRADO4587,putative
bra:BRADO4588,hypothetical
bra:BRADO4589,hypothetical
bra:BRADO4590,conserved hypothetical protein
bra:BRADO4592,fixG
bra:BRADO4593,conserved hypothetical protein
bra:BRADO4594,putative
bra:BRADO4595,putative
bra:BRADO4596,conserved hypothetical protein
bra:BRADO4598,Acetylornithine
bra:BRADO4599,putative
bra:BRADO4600,putative
bra:BRADO4601,putative
bra:BRADO4602,putative
bra:BRADO4603,putative
bra:BRADO4604,putative
bra:BRADO4605,pseudogene
bra:BRADO4606,putative
bra:BRADO4608,putative
bra:BRADO4609,dhaK
bra:BRADO4610,conserved
bra:BRADO4611,ptsI
bra:BRADO4612,ptsH
bra:BRADO4613,putative
bra:BRADO4614,dhaL
bra:BRADO4615,putative
bra:BRADO4616,ugpC
bra:BRADO4617,conserved hypothetical protein
bra:BRADO4618,putative
bra:BRADO4619,putative
bra:BRADO4620,putative
bra:BRADO4621,hypothetical protein
bra:BRADO4622,Putative
bra:BRADO4623,Putative
bra:BRADO4624,3-oxoacyl-(Acyl
bra:BRADO4625,conserved hypothetical protein
bra:BRADO4626,conserved hypothetical protein
bra:BRADO4627,oxa5
bra:BRADO4628,pseudogene
bra:BRADO4629,conserved hypothetical protein
bra:BRADO4630,conserved hypothetical protein
bra:BRADO4631,conserved hypothetical protein
bra:BRADO4632,putative
bra:BRADO4633,putative
bra:BRADO4634,rarA
bra:BRADO4635,putative
bra:BRADO4636,putative
bra:BRADO4637,putative oxidoreductase
bra:BRADO4638,conserved hypothetical protein
bra:BRADO4639,conserved hypothetical protein
bra:BRADO4640,hypothetical protein
bra:BRADO4641,putative
bra:BRADO4642,conserved hypothetical protein
bra:BRADO4643,hypothetical protein
bra:BRADO4644,putative
bra:BRADO4645,conserved hypothetical protein
bra:BRADO4646,conserved hypothetical protein
bra:BRADO4647,conserved hypothetical protein
bra:BRADO4648,conserved
bra:BRADO4649,putative
bra:BRADO4650,exbD
bra:BRADO4651,exbB
bra:BRADO4652,ybiX
bra:BRADO4653,putative outer membrane TonB-dependent receptor
bra:BRADO4654,conserved
bra:BRADO4655,putative
bra:BRADO4656,Putative
bra:BRADO4657,Putative
bra:BRADOtRNA19,tRNA-Gln
bra:BRADO4659,"putative O-linked N-acetylglucosamine transferase, SPINDLY family"
bra:BRADO4660,pseudogene
bra:BRADO4661,conserved hypothetical protein
bra:BRADO4663,conserved
bra:BRADO4664,conserved hypothetical protein
bra:BRADO4665,hpcB
bra:BRADO4666,putative
bra:BRADO4667,conserved hypothetical protein
bra:BRADO4668,putative
bra:BRADO4669,putative efflux transporter permease
bra:BRADO4670,conserved hypothetical protein
bra:BRADO4671,ydhJ
bra:BRADO4672,conserved hypothetical protein
bra:BRADO4673,conserved
bra:BRADO4674,conserved
bra:BRADO4675,acpXL
bra:BRADO4676,putative
bra:BRADO4677,putative
bra:BRADO4678,fabF
bra:BRADO4679,putative
bra:BRADO4680,conserved hypothetical protein
bra:BRADO4681,potF
bra:BRADO4682,putative
bra:BRADO4683,conserved hypothetical protein
bra:BRADO4684,kup
bra:BRADO4685,kup
bra:BRADO4686,putative
bra:BRADO4687,putative
bra:BRADO4688,putative
bra:BRADO4689,putative
bra:BRADO4690,conserved
bra:BRADO4691,pssA
bra:BRADO4692,psd
bra:BRADO4693,putative
bra:BRADO4694,conserved
bra:BRADO4695,conserved hypothetical protein
bra:BRADO4696,putative
bra:BRADO4697,putative
bra:BRADO4698,conserved
bra:BRADO4699,cysS
bra:BRADO4700,conserved hypothetical protein
bra:BRADO4701,conserved hypothetical protein
bra:BRADO4702,putative
bra:BRADO4703,putative
bra:BRADO4704,aroF
bra:BRADO4705,conserved hypothetical protein
bra:BRADO4706,hypothetical protein
bra:BRADO4707,putative
bra:BRADO4708,conserved
bra:BRADO4709,conserved hypothetical protein
bra:BRADO4710,conserved hypothetical protein
bra:BRADO4711,hypothetical
bra:BRADO4712,gor
bra:BRADO4713,conserved hypothetical protein
bra:BRADO4714,rpiA
bra:BRADO4715,cbbZ
bra:BRADO4717,conserved
bra:BRADO4718,moaA
bra:BRADO4719,conserved hypothetical protein
bra:BRADO4720,conserved hypothetical protein
bra:BRADO4721,hypothetical
bra:BRADO4722,conserved hypothetical protein
bra:BRADO4723,putative
bra:BRADO4724,conserved
bra:BRADO4726,putative
bra:BRADO4727,putative
bra:BRADO4728,putative
bra:BRADO4729,putative
bra:BRADO4730,putative
bra:BRADO4731,putative cation efflux system protein
bra:BRADO4732,putative
bra:BRADO4733,putative periplasmic mannitol-binding protein
bra:BRADO4734,putative periplasmic mannitol-binding protein
bra:BRADO4735,putative
bra:BRADO4736,conserved hypothetical protein
bra:BRADO4737,putative oxidoreductase
bra:BRADO4738,hypothetical protein
bra:BRADO4739,conserved hypothetical protein
bra:BRADO4740,conserved hypothetical protein
bra:BRADO4741,putative
bra:BRADO4742,conserved
bra:BRADO4743,conserved hypothetical protein
bra:BRADO4744,putative
bra:BRADO4745,dusA
bra:BRADO4747,hypothetical
bra:BRADO4748,hypothetical
bra:BRADO4749,hypothetical protein
bra:BRADO4750,hypothetical protein
bra:BRADO4751,conserved hypothetical protein
bra:BRADO4752,hypothetical protein
bra:BRADO4753,exoA
bra:BRADO4754,conserved hypothetical protein
bra:BRADO4755,conserved
bra:BRADO4756,hypothetical protein
bra:BRADO4757,Exopolysaccharide
bra:BRADO4758,conserved
bra:BRADO4759,hypothetical protein
bra:BRADO4760,conserved hypothetical protein
bra:BRADO4761,putative
bra:BRADO4762,putative
bra:BRADO4763,putative
bra:BRADO4764,putative
bra:BRADO4765,putative
bra:BRADO4767,"putative transcriptional regulatory protein, LysR family"
bra:BRADO4768,putative
bra:BRADO4769,putative
bra:BRADO4770,conserved hypothetical protein
bra:BRADO4771,conserved hypothetical protein
bra:BRADO4772,conserved hypothetical protein with VWA domain containing CoxE-like protein
bra:BRADO4773,putative
bra:BRADO4774,putative oxidoreductase subunit
bra:BRADO4775,putative oxidoreductase subunit
bra:BRADO4776,putative
bra:BRADO4777,putative oxidoreductase subunit
bra:BRADO4778,conserved
bra:BRADO4779,conserved
bra:BRADO4780,conserved
bra:BRADO4781,conserved
bra:BRADO4782,putative modular protein: ATP-binding protein (ABC transporter component)(N-terminal)
bra:BRADO4783,putative
bra:BRADO4784,putative
bra:BRADO4785,putative
bra:BRADO4786,putative
bra:BRADO4787,putative
bra:BRADO4788,"putative sugar ABC transporter, substrate binding protein"
bra:BRADO4789,"putative sugar ABC transporter, ATP-binding protein"
bra:BRADO4790,"putative sugar ABC transporter, permease protein"
bra:BRADO4791,"putative sugar ABC transporter, permease protein"
bra:BRADO4792,glpD
bra:BRADO4793,fucA
bra:BRADO4794,putative
bra:BRADO4795,putative
bra:BRADO4796,putative
bra:BRADO4797,putative
bra:BRADO4798,putative
bra:BRADO4799,putative
bra:BRADO4800,putative
bra:BRADO4801,putative
bra:BRADO4802,putative
bra:BRADO4803,conserved hypothetical protein
bra:BRADO4804,conserved hypothetical protein
bra:BRADO4805,conserved
bra:BRADO4806,putative
bra:BRADO4807,putative
bra:BRADO4808,putative
bra:BRADO4809,putative
bra:BRADO4810,putative
bra:BRADO4811,putative
bra:BRADO4812,putative
bra:BRADO4813,hypothetical protein
bra:BRADO4814,"putative glycosyl transferase, WecB/TagA/CpsF family"
bra:BRADO4815,putative exopolysaccharide production protein (ExoQ-like)
bra:BRADO4816,hypothetical protein
bra:BRADO4817,putative
bra:BRADO4818,putative acyltransferase
bra:BRADO4819,conserved
bra:BRADO4820,putative oxidoreductase
bra:BRADO4821,hypothetical protein
bra:BRADO4822,putative
bra:BRADO4823,hypothetical protein
bra:BRADO4824,putative
bra:BRADO4825,hypothetical protein
bra:BRADO4826,putative
bra:BRADO4827,putative
bra:BRADO4828,conserved
bra:BRADO4829,conserved
bra:BRADO4830,putative
bra:BRADO4831,putative
bra:BRADO4832,putative
bra:BRADO4833,hypothetical
bra:BRADO4834,conserved hypothetical protein
bra:BRADO4835,putative sugar-phosphate nucleotidyltransferase
bra:BRADO4836,putative
bra:BRADO4837,putative
bra:BRADO4840,conserved
bra:BRADO4841,putative
bra:BRADO4842,conserved
bra:BRADO4844,hypothetical
bra:BRADO_5S_2,ribosomal
bra:BRADO_23S_2,ribosomal
bra:BRADOtRNA33,tRNA-Ala
bra:BRADOtRNA32,tRNA-Ile
bra:BRADO_16S_2,ribosomal
bra:BRADO4852,Putative
bra:BRADO4853,Putative
bra:BRADO4854,putative
bra:BRADO4855,Putative
bra:BRADO4856,Putative
bra:BRADO4857,Putative
bra:BRADO4858,Putative
bra:BRADO4859,Conserved hypothetical protein
bra:BRADO4860,Putative
bra:BRADO4862,conserved
bra:BRADO4863,conserved hypothetical protein
bra:BRADO4864,hypothetical
bra:BRADO4865,putative
bra:BRADO4866,putative
bra:BRADO4867,conserved hypothetical protein
bra:BRADO4868,Putative
bra:BRADO4869,putative
bra:BRADO4871,"Putative ABC transporter, substrate-binding protein"
bra:BRADO4872,Putative
bra:BRADO4873,metC
bra:BRADO4874,conserved hypothetical protein
bra:BRADO4875,putative cell wall or antigenic protein (fragment)
bra:BRADO4876,conserved hypothetical protein
bra:BRADO4877,conserved hypothetical protein
bra:BRADO4878,cyoB
bra:BRADO4879,Putative
bra:BRADO4880,putative
bra:BRADO4881,putative
bra:BRADO4882,conserved hypothetical protein
bra:BRADO4883,conserved
bra:BRADO4884,putative
bra:BRADO4885,putative
bra:BRADO4886,hypothetical
bra:BRADO4887,conserved
bra:BRADO4888,Putative
bra:BRADO4889,Putative
bra:BRADO4890,putative
bra:BRADO4891,Putative
bra:BRADO4894,conserved
bra:BRADO4895,conserved hypothetical protein
bra:BRADO4896,Putative
bra:BRADO4897,cobB
bra:BRADO4898,Putative
bra:BRADO4899,cobM
bra:BRADO4900,Putative
bra:BRADO4901,cobL
bra:BRADO4902,cobK
bra:BRADO4903,cobJ
bra:BRADO4904,cobI
bra:BRADO4905,cobH
bra:BRADO4906,Putative
bra:BRADO4907,Putative
bra:BRADO4908,putative
bra:BRADO4909,conserved
bra:BRADO4910,Conserved hypothetical protein
bra:BRADOmisc_RNA_2,Cobalamin
bra:BRADO4911,cobU
bra:BRADO4912,cobO
bra:BRADO4913,cobQ
bra:BRADO4914,Cobalamin
bra:BRADO4915,Putative
bra:BRADO4916,Putative
bra:BRADO4917,putative
bra:BRADO4918,Nicotinate-nucleotide--dimethylbenzimidazole
bra:BRADO4919,speF
bra:BRADO4920,putative
bra:BRADO4921,conserved
bra:BRADO4922,putative
bra:BRADO4924,putative
bra:BRADO4925,putative
bra:BRADO4926,conserved hypothetical protein
bra:BRADO4927,conserved hypothetical protein
bra:BRADO4930,hypothetical protein
bra:BRADO4932,hypothetical
bra:BRADO4934,hypothetical
bra:BRADO4935,hypothetical
bra:BRADO4936,hypothetical
bra:BRADO4938,Conserved hypothetical protein
bra:BRADO4939,putative
bra:BRADO4940,Permease
bra:BRADO4941,hypothetical
bra:BRADO4942,hypothetical protein
bra:BRADO4945,hyi
bra:BRADO4946,gcl
bra:BRADO4947,Putative
bra:BRADO4949,hypothetical
bra:BRADO4951,hypothetical
bra:BRADO4952,putative
bra:BRADO4953,conserved hypothetical protein with a putative CoA binding domain
bra:BRADO4954,putative
bra:BRADO4955,putative
bra:BRADO4956,putative
bra:BRADO4957,hypothetical
bra:BRADO4958,hypothetical
bra:BRADO4959,conserved hypothetical protein
bra:BRADO4960,conserved hypothetical protein
bra:BRADO4961,conserved hypothetical protein
bra:BRADO4962,hypothetical protein
bra:BRADO4963,oxlT
bra:BRADO4964,oxlT
bra:BRADO4965,conserved
bra:BRADO4966,putative
bra:BRADO4967,putative
bra:BRADO4968,putative
bra:BRADO4969,putative
bra:BRADO4970,conserved
bra:BRADO4972,Conserved
bra:BRADO4973,conserved hypothetical protein
bra:BRADO4974,putative
bra:BRADO4975,fdsG
bra:BRADO4976,fdsB
bra:BRADO4977,fdsA
bra:BRADO4978,fdhD
bra:BRADO4979,fdsD
bra:BRADO4980,Putative
bra:BRADO4981,alaS
bra:BRADOmisc_RNA_3,gcvT
bra:BRADOmisc_RNA_4,gcvT
bra:BRADO4982,gcvT
bra:BRADO4983,gcvH
bra:BRADO4984,gcvP
bra:BRADO4985,recA
bra:BRADO4987,conserved
bra:BRADO4989,conserved
bra:BRADO4990,conserved
bra:BRADO4991,conserved
bra:BRADO4992,conserved
bra:BRADO4993,putative
bra:BRADO4994,conserved
bra:BRADO4995,conserved hypothetical protein
bra:BRADO4996,conserved
bra:BRADO4997,Conserved hypothetical protein
bra:BRADO4998,conserved hypothetical protein
bra:BRADO4999,conserved hypothetical protein
bra:BRADO5000,putative
bra:BRADO5001,hypothetical
bra:BRADO5002,hypothetical protein
bra:BRADO5003,conserved hypothetical protein
bra:BRADO5004,Conserved hypothetical protein
bra:BRADO5005,Putative
bra:BRADO5006,hypothetical
bra:BRADO5007,putative
bra:BRADO5008,putative
bra:BRADO5009,putative
bra:BRADO5010,conserved hypothetical protein
bra:BRADO5011,putative
bra:BRADO5012,conserved hypothetical protein
bra:BRADO5014,conserved
bra:BRADO5015,putative
bra:BRADO5016,fumA
bra:BRADO5018,conserved
bra:BRADO5019,conserved
bra:BRADO5020,putative
bra:BRADO5021,conserved hypothetical protein
bra:BRADO5022,conserved hypothetical protein
bra:BRADO5023,Putative
bra:BRADO5024,flhB
bra:BRADO5025,fliR
bra:BRADO5026,fliQ
bra:BRADO5027,Flagellar
bra:BRADO5028,flgC
bra:BRADO5029,Putative
bra:BRADO5030,conserved hypothetical protein
bra:BRADO5031,fliP
bra:BRADO5032,conserved hypothetical protein with a TPR-like domain
bra:BRADO5033,conserved hypothetical protein
bra:BRADO5034,conserved hypothetical protein
bra:BRADO5035,fliM
bra:BRADO5036,fliL
bra:BRADO5037,putative
bra:BRADO5038,flgG
bra:BRADO5039,putative
bra:BRADO5040,flgH
bra:BRADO5041,putative hydratase/decarboxylase
bra:BRADO5042,Putative
bra:BRADO5043,Conserved hypothetical protein
bra:BRADO5045,dksA
bra:BRADO5046,conserved hypothetical protein
bra:BRADO5047,hypothetical
bra:BRADO5048,putative
bra:BRADO5049,Putative
bra:BRADO5050,flgI
bra:BRADO5051,conserved
bra:BRADO5052,conserved
bra:BRADO5053,conserved
bra:BRADO5054,conserved hypothetical protein
bra:BRADO5055,Putative
bra:BRADO5056,Putative
bra:BRADO5057,putative
bra:BRADO5058,Putative
bra:BRADO5059,putative
bra:BRADO5060,conserved hypothetical protein
bra:BRADO5061,conserved
bra:BRADO5062,conserved
bra:BRADO5063,Conserved hypothetical protein
bra:BRADO5064,putative
bra:BRADO5065,putative
bra:BRADO5066,msrB
bra:BRADO5067,Putative
bra:BRADO5068,conserved hypothetical protein
bra:BRADO5069,Putative
bra:BRADO5070,putative
bra:BRADO5071,conserved
bra:BRADO5072,conserved
bra:BRADO5073,conserved hypothetical protein
bra:BRADO5074,conserved hypothetical protein
bra:BRADO5076,conserved hypothetical protein
bra:BRADO5077,conserved hypothetical protein
bra:BRADO5078,conserved hypothetical protein
bra:BRADO5079,Putative
bra:BRADO5080,Putative
bra:BRADO5081,fdxB
bra:BRADO5082,Conserved hypothetical protein
bra:BRADO5083,conserved hypothetical protein
bra:BRADO5084,Putative
bra:BRADO5085,Putative
bra:BRADO5086,putative
bra:BRADO5087,Putative
bra:BRADO5088,putative Permease of the major facilitator superfamily
bra:BRADO5089,conserved
bra:BRADO5090,conserved hypothetical protein
bra:BRADO5091,putative
bra:BRADO5092,Putative
bra:BRADO5093,ttuE
bra:BRADO5094,ttuC
bra:BRADO5095,Transcriptional
bra:BRADO5096,glgX
bra:BRADO5097,hypothetical
bra:BRADO5098,Conserved hypothetical protein
bra:BRADO5099,hypothetical protein
bra:BRADO5100,Putative
bra:BRADO5101,putative
bra:BRADO5102,conserved hypothetical protein
bra:BRADO5103,hypothetical
bra:BRADO5104,hypothetical
bra:BRADO5105,putative
bra:BRADO5106,putative arsenate reductase
bra:BRADO5107,"Putative transcriptional regulator, arsR family"
bra:BRADO5108,"putative transcriptional regulatory protein, arsR family"
bra:BRADO5109,conserved hypothetical protein
bra:BRADO5110,putative
bra:BRADO5111,Conserved hypothetical protein
bra:BRADO5112,conserved hypothetical protein
bra:BRADO5113,putative
bra:BRADO5114,putative
bra:BRADO5115,putative
bra:BRADO5116,putative FAD-binding monooxygenase
bra:BRADO5117,putative
bra:BRADO5118,putative
bra:BRADO5119,Putative
bra:BRADO5120,putative
bra:BRADO5121,putative
bra:BRADO5122,conserved hypothetical protein
bra:BRADO5123,conserved hypothetical protein
bra:BRADO5124,conserved hypothetical protein
bra:BRADO5125,conserved hypothetical protein
bra:BRADO5126,Conserved hypothetical protein
bra:BRADO5127,Conserved
bra:BRADO5128,putative
bra:BRADO5129,conserved hypothetical protein
bra:BRADO5130,Non-heme
bra:BRADO5131,putative
bra:BRADO5132,conserved hypothetical protein
bra:BRADO5133,thiD
bra:BRADO5134,putative
bra:BRADO5135,putative
bra:BRADO5136,putative
bra:BRADO5137,putative
bra:BRADO5138,cycG
bra:BRADO5139,cycF
bra:BRADO5140,putative
bra:BRADO5142,conserved hypothetical protein
bra:BRADO5143,Putative
bra:BRADO5144,hypothetical protein
bra:BRADO5145,Putative
bra:BRADO5146,hypothetical
bra:BRADO5147,putative aminotransferase
bra:BRADO5148,putative
bra:BRADO5149,conserved hypothetical protein
bra:BRADO5150,"putative O-linked N-acetylglucosamine transferase, SPINDLY family"
bra:BRADO5151,"putative O-linked N-acetylglucosamine transferase, SPINDLY family"
bra:BRADO5152,manC
bra:BRADO5153,nucleotide sugar epimerase
bra:BRADO5154,UDP-glucose/GDP-mannose dehydrogenase family protein
bra:BRADO5155,conserved hypothetical protein
bra:BRADO5156,putative
bra:BRADO5157,"putative Acyltransferase, group 3"
bra:BRADO5158,hypothetical
bra:BRADO5159,"putative Acyltransferase, group 3"
bra:BRADO5160,Conserved hypothetical protein
bra:BRADO5161,putative membrane bound O-acyl transferase (MBOAT) family protein
bra:BRADO5162,hypothetical
bra:BRADO5164,putative
bra:BRADO5165,Putative
bra:BRADO5166,putative
bra:BRADO5167,putative
bra:BRADO5168,putative
bra:BRADO5169,putative
bra:BRADO5170,putative
bra:BRADO5171,Putative
bra:BRADO5172,conserved
bra:BRADO5173,Conserved hypothetical protein
bra:BRADO5174,putative
bra:BRADO5175,putative
bra:BRADO5176,conserved hypothetical protein
bra:BRADO5178,Putative
bra:BRADO5179,putative
bra:BRADO5180,putative
bra:BRADO5181,putative
bra:BRADO5182,hypothetical protein
bra:BRADO5183,hypothetical protein
bra:BRADO5185,hypothetical protein
bra:BRADO5186,putative Acetyltransferase
bra:BRADO5187,putative
bra:BRADO5188,Putative
bra:BRADO5189,putative
bra:BRADO5190,putative
bra:BRADO5191,putative
bra:BRADO5192,putative
bra:BRADO5193,putative CysN/CysC bifunctional enzyme: Sulfate adenylyltransferase (SAT) subunit 1 (N-terminal)
bra:BRADO5194,Hypothetical protein
bra:BRADO5195,hypothetical protein
bra:BRADO5196,putative
bra:BRADO5197,putative
bra:BRADO5198,"putative Glycosyl transferase, group 4"
bra:BRADO5199,putative
bra:BRADO5200,putative
bra:BRADO5201,rfaE
bra:BRADO5202,rfaD
bra:BRADO5203,rfaF
bra:BRADO5204,gmhA
bra:BRADO5205,putative
bra:BRADO5206,lpcC
bra:BRADO5207,galE
bra:BRADO5208,Putative
bra:BRADO5209,putative
bra:BRADO5210,putative
bra:BRADO5211,hypothetical
bra:BRADO5212,Putative
bra:BRADO5213,putative
bra:BRADO5215,Putative
bra:BRADO5216,conserved
bra:BRADO5217,conserved
bra:BRADO5218,Putative
bra:BRADO5219,putative
bra:BRADO5220,Putative
bra:BRADO5221,putative
bra:BRADO5222,conserved hypothetical protein
bra:BRADO5223,conserved
bra:BRADO5224,putative
bra:BRADO5226,putative
bra:BRADO5227,putative
bra:BRADO5228,hypothetical protein
bra:BRADO5229,putative
bra:BRADO5230,conserved
bra:BRADO5232,hypothetical
bra:BRADO5233,hypothetical
bra:BRADO5234,hypothetical
bra:BRADO5235,Conserved hypothetical protein
bra:BRADO5236,putative
bra:BRADO5237,hypothetical
bra:BRADO5238,ahcY
bra:BRADO5239,metK
bra:BRADO5240,conserved
bra:BRADO5241,conserved hypothetical protein with a TPR motif and a caspase domain
bra:BRADO5242,hypothetical protein
bra:BRADO5244,conserved
bra:BRADO5245,hypothetical protein
bra:BRADO5246,conserved hypothetical protein
bra:BRADO5247,hypothetical
bra:BRADO5248,hypothetical
bra:BRADO5249,conserved hypothetical protein
bra:BRADO5250,putative
bra:BRADO5251,Putative
bra:BRADO5252,conserved hypothetical protein
bra:BRADO5253,putative
bra:BRADO5254,conserved hypothetical protein
bra:BRADO5256,hypothetical
bra:BRADO5257,purU
bra:BRADO5258,Putative
bra:BRADO5259,fcl
bra:BRADO5260,gmd
bra:BRADO5261,putative
bra:BRADO5263,putative
bra:BRADO5264,putative
bra:BRADO5265,putative
bra:BRADO5266,putative
bra:BRADO5267,conserved hypothetical protein
bra:BRADO5268,High-affinity
bra:BRADO5269,putative
bra:BRADO5270,putative
bra:BRADO5271,hypothetical
bra:BRADO5273,conserved hypothetical protein
bra:BRADO5274,conserved hypothetical protein
bra:BRADO5275,conserved hypothetical protein
bra:BRADO5276,putative
bra:BRADO5277,serine-glyoxylate
bra:BRADO5278,Serine-glyoxylate
bra:BRADO5279,putative
bra:BRADO5280,putative
bra:BRADO5281,conserved
bra:BRADO5282,conserved hypothetical protein
bra:BRADO5283,putative
bra:BRADO5284,conserved
bra:BRADO5285,conserved hypothetical protein
bra:BRADO5286,conserved hypothetical protein
bra:BRADO5287,putative
bra:BRADO5288,conserved
bra:BRADO5289,bifunctional protein [Includes: 2-acylglycerophosphoethanolamine acyltransferase
bra:BRADO5290,hypothetical protein
bra:BRADO5292,Putative
bra:BRADO5294,putative
bra:BRADO5295,putative
bra:BRADO5296,Putative
bra:BRADO5297,putative
bra:BRADO5298,putative
bra:BRADO5299,"putative transcriptional regulator with a cAMP binding domain, Crp family"
bra:BRADO5301,conserved hypothetical protein
bra:BRADO5302,Putative
bra:BRADO5303,Putative
bra:BRADO5304,putative
bra:BRADO5305,conserved
bra:BRADO5306,conserved
bra:BRADO5307,conserved
bra:BRADO5308,putative
bra:BRADO5309,conserved hypothetical protein
bra:BRADO5310,putative
bra:BRADO5311,hypothetical
bra:BRADO5312,conserved
bra:BRADO5313,putative Formyl-coenzyme A transferase (Formyl-CoA transferase
bra:BRADO5314,hypothetical
bra:BRADO5315,conserved
bra:BRADO5316,conserved
bra:BRADO5317,hypothetical
bra:BRADO5318,conserved
bra:BRADO5319,conserved
bra:BRADO5320,putative
bra:BRADO5321,putative
bra:BRADO5322,Malate
bra:BRADO5323,arginase
bra:BRADO5324,hypothetical
bra:BRADO5325,conserved hypothetical protein
bra:BRADO5326,hypothetical
bra:BRADO5327,conserved
bra:BRADO5328,cycB
bra:BRADO5329,conserved
bra:BRADO5330,hypothetical
bra:BRADO5331,hypothetical
bra:BRADO5332,hypothetical
bra:BRADO5333,conserved hypothetical protein
bra:BRADO5334,hypothetical protein
bra:BRADO5335,putative
bra:BRADO5336,conserved hypothetical protein
bra:BRADO5338,conserved
bra:BRADO5339,conserved
bra:BRADO5340,putative
bra:BRADO5341,conserved
bra:BRADO5342,qor
bra:BRADO5343,conserved
bra:BRADO5344,sugE
bra:BRADO5345,conserved hypothetical protein
bra:BRADO5347,conserved
bra:BRADO5348,conserved
bra:BRADO5349,phnN
bra:BRADO5350,phnM
bra:BRADO5351,phnL
bra:BRADO5352,putative
bra:BRADO5353,putative
bra:BRADO5354,putative
bra:BRADO5355,putative
bra:BRADO5356,phnG
bra:BRADO5357,putative
bra:BRADO5358,conserved
bra:BRADO5359,ATP
bra:BRADO5360,putative Molybdenum transport system permease protein modB
bra:BRADO5361,putative permease protein
bra:BRADO5362,conserved hypothetical protein
bra:BRADO5363,putative
bra:BRADO5364,putative
bra:BRADO5365,putative
bra:BRADO5366,phnC
bra:BRADO5367,putative
bra:BRADO5368,putative Metal-dependent hydrolase involved in phosphonate metabolism
bra:BRADO5369,conserved
bra:BRADO5370,conserved hypothetical protein
bra:BRADO5371,putative
bra:BRADO5372,putative
bra:BRADO5373,putative
bra:BRADO5374,putative
bra:BRADO5375,hypothetical protein
bra:BRADO5376,Thioredoxin
bra:BRADO5377,"alkylhydroperoxidase,"
bra:BRADO5378,conserved
bra:BRADO5379,putative
bra:BRADO5380,Putative
bra:BRADO5381,putative
bra:BRADO5382,mop
bra:BRADO5383,putative
bra:BRADO5384,fixC
bra:BRADO5385,fixB
bra:BRADO5386,fixA
bra:BRADO5388,nifW
bra:BRADO5389,cysE
bra:BRADO5390,nifV
bra:BRADO5392,"putative transcriptional regulator, FUR family"
bra:BRADO5393,putative
bra:BRADO5394,nifH
bra:BRADO5395,hypothetical
bra:BRADO5396,putative
bra:BRADO5397,putative
bra:BRADO5398,"Ferredoxin,"
bra:BRADO5399,putative
bra:BRADO5400,conserved hypothetical protein
bra:BRADO5401,conserved
bra:BRADO5402,conserved
bra:BRADO5403,Putative carboxymethylenebutenolidase(Dienelactone hydrolase
bra:BRADO5404,conserved
bra:BRADO5405,putative
bra:BRADO5406,putative
bra:BRADO5407,conserved
bra:BRADO5408,hypothetical
bra:BRADO5409,conserved
bra:BRADO5410,putative
bra:BRADO5411,putative
bra:BRADO5412,conserved
bra:BRADO5413,conserved
bra:BRADO5414,conserved
bra:BRADO5415,putative
bra:BRADO5416,conserved hypothetical protein (superfamily of ARM repeat)
bra:BRADO5417,conserved hypothetical protein
bra:BRADO5418,putative
bra:BRADO5419,fdxN
bra:BRADO5420,nifB
bra:BRADO5421,conserved
bra:BRADO5422,fixU
bra:BRADO5423,nifS
bra:BRADO5424,putative
bra:BRADO5425,iscA
bra:BRADO5426,conserved
bra:BRADO5427,conserved
bra:BRADO5428,hypothetical
bra:BRADO5429,Thiosulfate
bra:BRADO5430,conserved
bra:BRADO5431,conserved
bra:BRADO5432,fdxB
bra:BRADO5433,conserved
bra:BRADO5434,conserved
bra:BRADO5435,nifX
bra:BRADO5436,nifN
bra:BRADO5437,nifE
bra:BRADO5438,nifK
bra:BRADO5439,nifD
bra:BRADO5440,nifH
bra:BRADO5442,hypothetical
bra:BRADO5443,sufE
bra:BRADO5444,sufS
bra:BRADO5445,sufD
bra:BRADO5446,sufC
bra:BRADO5447,sufB
bra:BRADO5448,yfhL
bra:BRADO5449,nifA
bra:BRADO5450,fixR
bra:BRADO5451,conserved
bra:BRADO5452,hypothetical
bra:BRADO5453,putative
bra:BRADO5454,hypothetical
bra:BRADO5455,hypothetical
bra:BRADO5456,hypothetical
bra:BRADO5457,conserved
bra:BRADO5458,putative
bra:BRADO5459,putative
bra:BRADO5460,fghA
bra:BRADO5461,conserved
bra:BRADO5462,conserved hypothetical protein
bra:BRADO5463,conserved hypothetical protein
bra:BRADO5464,putative
bra:BRADO5465,Putative
bra:BRADO5466,conserved
bra:BRADO5467,conserved hypothetical protein
bra:BRADO5468,Putative
bra:BRADO5469,Putative
bra:BRADO5470,conserved hypothetical protein
bra:BRADO5471,conserved
bra:BRADO5472,putative
bra:BRADO5473,Putative
bra:BRADO5474,putative
bra:BRADO5475,conserved
bra:BRADO5476,conserved
bra:BRADO5477,conserved hypothetical protein
bra:BRADO5478,Coenzyme
bra:BRADO5479,hypothetical
bra:BRADO5480,Putative
bra:BRADO5481,putative
bra:BRADO5482,Putative
bra:BRADO5483,putative
bra:BRADO5484,mxaF'
bra:BRADO5485,Putative
bra:BRADO5486,adhC
bra:BRADO5487,gfa
bra:BRADO5488,iorA
bra:BRADO5489,iorB
bra:BRADO5490,Putative
bra:BRADO5492,Putative
bra:BRADO5493,Putative
bra:BRADO5494,Putative
bra:BRADO5495,hypothetical
bra:BRADO5496,Putative
bra:BRADO5497,putative
bra:BRADO5498,putative
bra:BRADO5499,Putative
bra:BRADO5500,putative
bra:BRADO5501,atsC
bra:BRADO5502,putative
bra:BRADO5503,putative
bra:BRADO5504,putative
bra:BRADO5505,Putative
bra:BRADO5506,hyuA
bra:BRADO5507,hyuB
bra:BRADO5508,Putative
bra:BRADO5509,Putative Branched-chain amino acid ABC transporter (ATP binding protein)
bra:BRADO5510,livG
bra:BRADO5511,putative branched-chain amino acid ABC transporter (permease protein)
bra:BRADO5512,Putative Branched-chain amino acid ABC transporter (permease protein)
bra:BRADO5513,Putative
bra:BRADO5514,putative
bra:BRADO5515,putative NADH-dependent flavin oxidoreductase
bra:BRADO5516,leuC
bra:BRADO5517,leuD
bra:BRADO5518,conserved hypothetical protein
bra:BRADO5519,hypothetical
bra:BRADO5521,Putative
bra:BRADO5522,hypothetical
bra:BRADO5523,hypothetical
bra:BRADOtRNA31,tRNA-Lys
bra:BRADO5524,conserved hypothetical protein
bra:BRADO5525,dctM
bra:BRADO5526,dctQ
bra:BRADO5527,dctP
bra:BRADO5528,leuA
bra:BRADO5529,hypothetical
bra:BRADO5530,putative
bra:BRADO5531,Putative
bra:BRADO5532,putative
bra:BRADO5533,hypothetical
bra:BRADO5534,Hypothetical
bra:BRADO5535,hypothetical protein
bra:BRADO5536,hypothetical
bra:BRADO5537,hypothetical
bra:BRADO5538,putative
bra:BRADO5539,Conserved hypothetical protein
bra:BRADO5540,Hypothetical
bra:BRADO5541,Putative
bra:BRADO5542,Putative
bra:BRADO5543,conserved hypothetical protein
bra:BRADO5544,Putative
bra:BRADO5545,conserved
bra:BRADO5546,conserved
bra:BRADO5547,Putative
bra:BRADO5548,Putative
bra:BRADO5549,Putative
bra:BRADO5550,putative
bra:BRADO5551,putative
bra:BRADO5552,putative
bra:BRADO5553,conserved hypothetical protein
bra:BRADO5554,hypothetical
bra:BRADO5555,hypothetical
bra:BRADO5556,putative
bra:BRADO5558,conserved
bra:BRADO5559,ilvC
bra:BRADO5560,Putative
bra:BRADO5561,Putative
bra:BRADO5562,ilvH
bra:BRADO5563,putative
bra:BRADO5564,ilvI
bra:BRADO5565,putative
bra:BRADO5567,miaA
bra:BRADO5568,serB
bra:BRADO5569,conserved hypothetical protein
bra:BRADO5570,Putative NADPH-dependent FMN reductase
bra:BRADO5571,hypothetical
bra:BRADO5572,Putative
bra:BRADO5573,conserved
bra:BRADO5574,hflC
bra:BRADO5575,hflK
bra:BRADO5576,folA
bra:BRADO5577,Putative acetyltransferase family protein
bra:BRADO5578,thyA
bra:BRADO5579,Conserved hypothetical protein
bra:BRADO5580,conserved hypothetical protein
bra:BRADO5581,Putative
bra:BRADO5582,putative
bra:BRADO5583,conserved
bra:BRADO5584,fumC
bra:BRADO5585,conserved
bra:BRADO5586,conserved
bra:BRADO5587,feoA
bra:BRADO5588,feoB
bra:BRADO5589,putative
bra:BRADO5590,putative
bra:BRADO5591,putative
bra:BRADO5592,putative
bra:BRADO5593,Putative
bra:BRADO5594,putative
bra:BRADO5595,Putative
bra:BRADO5596,Putative
bra:BRADO5597,Putative
bra:BRADO5598,Putative
bra:BRADO5599,putative
bra:BRADO5600,conserved
bra:BRADO5601,putative
bra:BRADO5602,putative
bra:BRADO5603,putative
bra:BRADO5604,conserved hypothetical protein
bra:BRADO5605,putative
bra:BRADO5606,Putative
bra:BRADO5607,hypothetical protein
bra:BRADO5608,Conserved hypothetical protein
bra:BRADO5609,putative
bra:BRADO5610,Conserved hypothetical protein
bra:BRADO5611,putative
bra:BRADO5612,hypothetical
bra:BRADO5613,Conserved hypothetical protein
bra:BRADO5614,hypothetical
bra:BRADO5615,hypothetical
bra:BRADO5616,hypothetical protein
bra:BRADO5617,conserved
bra:BRADO5618,uvrD
bra:BRADO5619,Conserved hypothetical protein
bra:BRADO5620,Putative
bra:BRADO5621,conserved hypothetical protein
bra:BRADO5622,putative
bra:BRADO5623,conserved hypothetical protein
bra:BRADO5624,conserved hypothetical protein
bra:BRADO5625,conserved hypothetical protein
bra:BRADO5626,hypothetical
bra:BRADO5627,putative
bra:BRADO5628,putative
bra:BRADO5629,conserved hypothetical protein
bra:BRADO5630,conserved hypothetical protein
bra:BRADO5631,Fumarate
bra:BRADO5632,Putative
bra:BRADO5633,Putative
bra:BRADO5634,Putative
bra:BRADO5636,conserved hypothetical protein
bra:BRADO5637,Putative
bra:BRADO5638,hypothetical
bra:BRADO5639,putative membrane bound O-acyl transferase (MBOAT) family protein
bra:BRADO5640,putative
bra:BRADO5641,conserved hypothetical protein
bra:BRADO5642,Putative
bra:BRADO5643,Putative
bra:BRADO5644,prmA
bra:BRADO5645,hypothetical
bra:BRADO5647,Putative
bra:BRADO5648,"putative Drug resistance transporter, Bcr/CflA family"
bra:BRADO5649,ligA
bra:BRADO5650,recN
bra:BRADO5651,Conserved hypothetical protein
bra:BRADO5652,lpxC
bra:BRADO5653,ftsZ
bra:BRADO5654,ftsA
bra:BRADO5655,ftsQ
bra:BRADO5656,ddlB
bra:BRADO5657,murB
bra:BRADO5658,murC
bra:BRADO5659,murG
bra:BRADO5660,ftsW
bra:BRADO5661,murD
bra:BRADO5662,mraY
bra:BRADO5663,murF
bra:BRADO5664,murE
bra:BRADO5665,ftsI
bra:BRADO5666,conserved hypothetical protein
bra:BRADO5667,mraW
bra:BRADO5669,putative
bra:BRADO5670,putative
bra:BRADO5671,conserved
bra:BRADOmisc_RNA_6,RNaseP_bact_a
bra:BRADO5672,putative
bra:BRADO5673,putative
bra:BRADO5674,putative
bra:BRADO5675,putative
bra:BRADO5676,"putative transcriptional regulator with metal-binding domain (Helix-turn-helix protein, CopG family)"
bra:BRADO5677,putative outer membrane receptor
bra:BRADO5678,hypothetical
bra:BRADO5679,conserved hypothetical protein
bra:BRADO5680,hypothetical
bra:BRADO5681,conserved hypothetical protein
bra:BRADO5682,putative
bra:BRADO5683,putative
bra:BRADO5684,putative
bra:BRADO5685,macA
bra:BRADO5686,macB
bra:BRADO5687,conserved hypothetical protein
bra:BRADO5688,putative
bra:BRADO5689,putative
bra:BRADO5690,Putative
bra:BRADO5691,putative
bra:BRADO5692,putative
bra:BRADO5693,putative
bra:BRADO5694,putative
bra:BRADO5695,conserved hypothetical protein
bra:BRADO5696,putative
bra:BRADO5697,putative
bra:BRADO5698,conserved hypothetical protein
bra:BRADO5699,Junctophilin-4
bra:BRADO5700,conserved
bra:BRADO5701,putative
bra:BRADO5702,putative
bra:BRADO5703,putative
bra:BRADO5704,putative two component sensor histidine kinase
bra:BRADO5705,conserved hypothetical protein
bra:BRADO5706,hypothetical
bra:BRADO5707,conserved hypothetical protein
bra:BRADO5708,hypothetical protein
bra:BRADOmisc_RNA_10,THI
bra:BRADO5709,thiO
bra:BRADO5710,thiS
bra:BRADO5711,thiG
bra:BRADO5712,thiE
bra:BRADO5713,thiC
bra:BRADO5714,conserved hypothetical protein
bra:BRADO5715,hypothetical protein
bra:BRADO5717,hypothetical protein
bra:BRADO5718,putative
bra:BRADO5719,putative
bra:BRADO5720,conserved
bra:BRADO5721,putative
bra:BRADO5722,putative
bra:BRADO5723,conserved
bra:BRADO5724,putative
bra:BRADO5725,conserved
bra:BRADO5726,conserved hypothetical protein
bra:BRADO5727,conserved
bra:BRADO5728,putative
bra:BRADO5729,putative
bra:BRADO5730,conserved hypothetical protein
bra:BRADO5731,bfr
bra:BRADO5732,putative
bra:BRADO5733,conserved hypothetical protein
bra:BRADO5734,conserved hypothetical protein
bra:BRADO5735,conserved hypothetical protein
bra:BRADO5736,putative
bra:BRADO5737,conserved
bra:BRADO5738,conserved hypothetical protein
bra:BRADO5739,putative
bra:BRADO5740,conserved
bra:BRADO5741,putative
bra:BRADO5742,conserved hypothetical protein
bra:BRADO5743,conserved
bra:BRADO5744,sseA
bra:BRADO5745,conserved hypothetical protein
bra:BRADO5746,conserved
bra:BRADO5747,conserved hypothetical protein
bra:BRADO5748,putative
bra:BRADO5749,putative permease of the major facilitator superfamily (MFS)
bra:BRADO5750,putative
bra:BRADO5751,putative
bra:BRADO5752,putative
bra:BRADO5753,conserved hypothetical protein
bra:BRADO5754,plcN
bra:BRADO5755,putative
bra:BRADO5756,putative
bra:BRADO5757,putative
bra:BRADO5758,putative
bra:BRADO5759,putative
bra:BRADO5760,putative
bra:BRADO5761,putative
bra:BRADO5762,putative
bra:BRADO5763,putative
bra:BRADO5764,hypothetical
bra:BRADO5765,conserved
bra:BRADO5766,hypothetical protein
bra:BRADO5768,putative
bra:BRADO5769,conserved hypothetical protein
bra:BRADO5770,putative
bra:BRADO5771,conserved hypothetical protein
bra:BRADO5772,putative dimethylaniline monooxygenase (N-oxide-forming)
bra:BRADO5773,putative
bra:BRADO5774,putative periplasmic-binding protein
bra:BRADO5775,hypothetical protein
bra:BRADO5776,conserved hypothetical protein
bra:BRADO5777,putative multidrug efflux transporter (AcrB family)
bra:BRADO5778,putative periplasmic-binding protein
bra:BRADO5779,putative
bra:BRADO5780,putative
bra:BRADO5781,putative
bra:BRADO5782,conserved
bra:BRADO5783,hypothetical protein
bra:BRADO5785,hypothetical
bra:BRADO5786,conserved hypothetical protein
bra:BRADO5787,conserved
bra:BRADO5788,gpx
bra:BRADO5789,putative
bra:BRADO5790,conserved hypothetical protein
bra:BRADO5791,conserved hypothetical protein
bra:BRADO5792,conserved
bra:BRADO5793,pqqA
bra:BRADO5794,pqqB
bra:BRADO5795,pqqC
bra:BRADO5796,pqqD
bra:BRADO5797,pqqE
bra:BRADO5798,pip
bra:BRADO5799,conserved
bra:BRADO5800,putative glutamate synthase (NADPH)
bra:BRADO5801,putative
bra:BRADO5802,putative
bra:BRADO5803,hypothetical
bra:BRADO5804,ycgB
bra:BRADO5805,yeaH
bra:BRADO5807,yeaG
bra:BRADO5809,putative
bra:BRADO5810,putative
bra:BRADO5811,zwf
bra:BRADO5812,putative bifunctional: 6-phosphogluconolactonase (N-terminal) (Pgl)
bra:BRADO5813,putative
bra:BRADO5814,putative
bra:BRADO5815,putative
bra:BRADO5816,putative
bra:BRADO5817,glgB
bra:BRADO5818,glgX
bra:BRADO5819,putative
bra:BRADO5820,putative
bra:BRADO5821,conserved
bra:BRADO5822,conserved hypothetical protein
bra:BRADO5823,putative
bra:BRADO5824,conserved hypothetical protein
bra:BRADO5825,conserved
bra:BRADO5826,kdpE
bra:BRADO5827,kdpD
bra:BRADO5828,kdpC
bra:BRADO5829,kdpB
bra:BRADO5830,kdpA
bra:BRADO5831,conserved hypothetical protein
bra:BRADO5832,conserved
bra:BRADO5833,conserved
bra:BRADO5834,conserved hypothetical protein
bra:BRADO5835,conserved
bra:BRADO5836,putative permease of the Major Facilitator Superfamily (MFS)
bra:BRADO5837,conserved hypothetical protein
bra:BRADO5838,mobB
bra:BRADO5839,mobA
bra:BRADO5840,putative
bra:BRADO5841,putative
bra:BRADO5842,conserved hypothetical protein
bra:BRADOtRNA20,tRNA-Met
bra:BRADO5843,hypothetical protein
bra:BRADO5844,conserved hypothetical protein
bra:BRADO5845,hypothetical protein
bra:BRADO5846,hypothetical
bra:BRADO5847,Putative hydroxyacid dehydrogenase/reductase
bra:BRADO5848,pcaC
bra:BRADO5849,NAD-dependent
bra:BRADO5850,putative
bra:BRADO5851,putative
bra:BRADO5852,putative
bra:BRADO5853,putative
bra:BRADO5854,braF
bra:BRADO5855,Hypothetical protein
bra:BRADO5856,hypothetical
bra:BRADO5857,hypothetical protein
bra:BRADO5858,hypothetical
bra:BRADO5859,putative
bra:BRADO5860,Conserved hypothetical protein
bra:BRADO5861,Putative
bra:BRADO5862,ureG
bra:BRADO5863,ureC
bra:BRADO5864,ureAB
bra:BRADO5865,Putative
bra:BRADO5866,putative
bra:BRADO5867,Homoserine
bra:BRADO5868,Conserved hypothetical protein
bra:BRADO5869,amiE
bra:BRADO5870,putative
bra:BRADO5871,Putative
bra:BRADO5872,Putative
bra:BRADO5873,Putative
bra:BRADO5874,Putative
bra:BRADO5875,putative response regulator with antiterminator output domain
bra:BRADO5876,Putative
bra:BRADO5877,putative
bra:BRADO5878,soxB
bra:BRADO5879,soxD
bra:BRADO5880,soxA
bra:BRADO5881,soxG
bra:BRADO5882,glnA
bra:BRADO5883,putative
bra:BRADO5884,putative C-terminal domain of alpha subunit of Glutamate synthase
bra:BRADO5885,putative
bra:BRADO5886,putative
bra:BRADO5887,conserved hypothetical protein
bra:BRADO5888,hypothetical
bra:BRADO5889,pseudogene
bra:BRADO5890,pseudogene
bra:BRADO5891,hypothetical
bra:BRADOtRNA30,tRNA-Met
bra:BRADO5892,conserved hypothetical protein
bra:BRADO5893,putative N-methyltransferase
bra:BRADO5894,trmU
bra:BRADO5895,putative
bra:BRADO5897,putative
bra:BRADO5898,conserved
bra:BRADO5899,fliF
bra:BRADO5900,fliG
bra:BRADO5901,putative
bra:BRADO5902,fliN
bra:BRADO5903,flbD
bra:BRADO5904,hypothetical protein with a putative signal peptide
bra:BRADO5906,conserved
bra:BRADO5908,conserved hypothetical protein
bra:BRADO5909,putative
bra:BRADO5910,"Putative ABC transporter, ATP-binding protein"
bra:BRADO5911,"Putative ABC transporter, permease protein"
bra:BRADO5912,ssuD
bra:BRADO5913,"Putative ABC transporter, substrate binding protein"
bra:BRADO5914,Putative
bra:BRADO5915,Putative
bra:BRADO5916,napA
bra:BRADO5917,napB
bra:BRADO5918,napC
bra:BRADO5919,conserved hypothetical protein
bra:BRADO5920,conserved
bra:BRADO5921,Putative
bra:BRADO5922,hypothetical
bra:BRADO5923,conserved hypothetical protein with a TPR motif and a caspase domain
bra:BRADO5925,msrA
bra:BRADO5926,msrB
bra:BRADO5928,conserved
bra:BRADO5929,conserved
bra:BRADO5930,putative
bra:BRADO5931,hypothetical protein
bra:BRADO5932,conserved hypothetical protein
bra:BRADO5933,conserved hypothetical protein
bra:BRADO5934,conserved
bra:BRADO5935,purA
bra:BRADO5936,lolD
bra:BRADO5937,"Putative ABC transporter, permease protein"
bra:BRADO5938,Putative
bra:BRADO5939,putative
bra:BRADO5940,Putative transport protein
bra:BRADO5941,Putative transport protein
bra:BRADO5942,conserved hypothetical protein
bra:BRADO5943,putative
bra:BRADO5944,ftsH
bra:BRADO5945,conserved hypothetical protein
bra:BRADO5947,conserved hypothetical protein
bra:BRADO5948,serA
bra:BRADO5949,serC
bra:BRADO5950,conserved hypothetical protein
bra:BRADO5951,Putative
bra:BRADO5952,conserved hypothetical protein
bra:BRADO5953,conserved hypothetical protein
bra:BRADO5954,conserved hypothetical protein
bra:BRADO5955,conserved hypothetical protein
bra:BRADO5957,glmM
bra:BRADO5958,putative L-lactate dehydrogenase (Cytochrome)
bra:BRADO5960,conserved
bra:BRADO5961,aroE
bra:BRADO5962,conserved hypothetical protein
bra:BRADO5963,Putative
bra:BRADO5964,conserved hypothetical protein
bra:BRADO5965,putative
bra:BRADO5966,hypothetical
bra:BRADO5967,putative
bra:BRADO5968,putative
bra:BRADO5969,Putative
bra:BRADO5970,fusA
bra:BRADO5971,conserved
bra:BRADO5972,conserved hypothetical protein
bra:BRADO5973,aatA
bra:BRADO5974,conserved hypothetical protein
bra:BRADO5975,putative glutathione S-transferase (GST)
bra:BRADO5976,hypothetical
bra:BRADO5977,hypothetical protein
bra:BRADO5978,putative
bra:BRADO5979,Conserved hypothetical protein
bra:BRADO5980,conserved hypothetical protein
bra:BRADO5981,conserved hypothetical protein
bra:BRADO5982,conserved
bra:BRADO5983,hypothetical
bra:BRADO5984,putative
bra:BRADO5985,hypothetical
bra:BRADO5986,hypothetical protein
bra:BRADO5987,putative
bra:BRADO5988,putative
bra:BRADO5989,putative
bra:BRADO5990,conserved
bra:BRADO5991,conserved hypothetical protein
bra:BRADO5992,Putative
bra:BRADO5993,hypothetical
bra:BRADO5994,hypothetical
bra:BRADO5995,putative
bra:BRADO5997,hypothetical
bra:BRADO5999,hypothetical
bra:BRADO6000,prs
bra:BRADO6001,conserved hypothetical protein
bra:BRADO6002,conserved
bra:BRADO6003,conserved
bra:BRADO6004,lgt
bra:BRADO6005,conserved
bra:BRADO6006,50S
bra:BRADO6007,pth
bra:BRADO6008,Putative
bra:BRADO6009,conserved
bra:BRADO6010,conserved
bra:BRADO6011,conserved hypothetical protein
bra:BRADO6012,conserved hypothetical protein
bra:BRADO6013,conserved
bra:BRADO6014,hypothetical protein
bra:BRADO6015,conserved hypothetical protein
bra:BRADO6016,hypothetical protein
bra:BRADO6017,conserved
bra:BRADO6018,conserved hypothetical protein
bra:BRADO6019,hypothetical
bra:BRADO6021,Putative permease of the major facilitator superfamily (MFS)
bra:BRADO6022,Putative
bra:BRADO6023,Putative
bra:BRADO6024,putative
bra:BRADO6025,putative
bra:BRADO6026,coxF
bra:BRADO6027,coxE
bra:BRADO6028,coxD
bra:BRADO6029,coxL
bra:BRADO6030,coxS
bra:BRADO6031,coxM
bra:BRADO6032,coxC
bra:BRADO6033,putative
bra:BRADOmisc_RNA_9,RFN
bra:BRADO6034,conserved
bra:BRADO6035,proC
bra:BRADO6036,conserved hypothetical protein
bra:BRADO6037,Putative
bra:BRADO6038,hisS
bra:BRADO6039,putative
bra:BRADO6040,putative
bra:BRADO6041,putative
bra:BRADO6042,putative
bra:BRADO6043,putative
bra:BRADO6044,putative
bra:BRADO6045,putative FAD-binding monooxygenase
bra:BRADO6046,putative
bra:BRADO6047,Putative
bra:BRADO6048,conserved hypothetical protein
bra:BRADO6049,conserved hypothetical protein
bra:BRADO6050,conserved hypothetical protein
bra:BRADO6051,putative
bra:BRADO6052,conserved
bra:BRADO6053,cspA
bra:BRADO6054,putative
bra:BRADO6055,uvrC
bra:BRADO6056,conserved
bra:BRADO6057,pgsA
bra:BRADO6058,moaD
bra:BRADO6059,moaE
bra:BRADO6060,putative
bra:BRADO6061,putative
bra:BRADO6062,conserved hypothetical protein
bra:BRADO6063,conserved hypothetical protein
bra:BRADO6064,putative hydrolase
bra:BRADO6065,putative
bra:BRADO6066,ribF
bra:BRADO6067,ileS
bra:BRADO6068,lspA
bra:BRADO6069,conserved hypothetical protein
bra:BRADO6070,putative
bra:BRADO6071,putative
bra:BRADO6073,putative
bra:BRADO6074,putative
bra:BRADO6075,Putative
bra:BRADO6076,conserved hypothetical protein
bra:BRADO6077,putative
bra:BRADO6078,conserved
bra:BRADO6079,mutL
bra:BRADO6080,Putative
bra:BRADO6081,Putative
bra:BRADO6082,putative
bra:BRADO6083,putative
bra:BRADO6084,Putative
bra:BRADO6085,putative
bra:BRADO6086,hypothetical
bra:BRADO6087,putative
bra:BRADO6088,purD
bra:BRADO6089,Putative
bra:BRADO6090,conserved hypothetical protein
bra:BRADO6091,putative
bra:BRADO6092,putative
bra:BRADO6093,putative
bra:BRADO6094,conserved
bra:BRADO6095,lpxK
bra:BRADO6096,kdtA
bra:BRADO6097,conserved
bra:BRADO6098,conserved
bra:BRADO6099,putative
bra:BRADO6100,putative
bra:BRADO6101,conserved
bra:BRADO6102,ubiA
bra:BRADO6103,conserved hypothetical protein
bra:BRADO6104,hypothetical
bra:BRADO6105,conserved
bra:BRADO6106,Putative
bra:BRADO6107,hisG
bra:BRADO6108,putative
bra:BRADO6109,Conserved hypothetical protein
bra:BRADO6110,conserved
bra:BRADO6111,putative
bra:BRADO6112,conserved hypothetical protein
bra:BRADO6113,conserved
bra:BRADO6114,groES
bra:BRADO6115,groEL
bra:BRADO6116,conserved hypothetical protein
bra:BRADO6117,conserved
bra:BRADO6118,glcA
bra:BRADO6119,putative
bra:BRADO6120,conserved
bra:BRADO6121,conserved
bra:BRADO6122,glcF
bra:BRADO6123,glcE
bra:BRADO6125,hypothetical
bra:BRADO6126,hypothetical
bra:BRADO6127,conserved
bra:BRADO6128,hypothetical
bra:BRADO6129,hypothetical
bra:BRADO6131,glcD
bra:BRADO6132,Cytochrome
bra:BRADO6133,putative alpha/beta hydrolase
bra:BRADO6134,conserved
bra:BRADO6135,Conserved
bra:BRADO6136,conserved hypothetical protein
bra:BRADO6137,rpmJ
bra:BRADO6138,Putative
bra:BRADO6139,Putative ybaK-like protein
bra:BRADO6140,putative
bra:BRADO6141,putative
bra:BRADO6142,wrbA
bra:BRADO6143,hypothetical
bra:BRADO6144,Putative
bra:BRADO6145,gltL
bra:BRADO6146,gltK
bra:BRADO6147,gltJ
bra:BRADO6148,gltI
bra:BRADO6149,Putative
bra:BRADO6150,Putative Thiamine pyrophosphate-requiring enzyme
bra:BRADO6151,putative
bra:BRADO6152,putative
bra:BRADO6153,Putative
bra:BRADO6154,hypothetical protein
bra:BRADO6155,hypothetical
bra:BRADO6156,conserved hypothetical protein
bra:BRADO6157,Putative
bra:BRADO6158,putative
bra:BRADO6159,putative
bra:BRADO6160,hypothetical
bra:BRADO6161,Putative
bra:BRADO6162,Putative acyltransferase 3 family protein
bra:BRADO6163,dht
bra:BRADO6164,hypothetical
bra:BRADO6165,exoB
bra:BRADO6166,Putative
bra:BRADO6167,putative
bra:BRADO6168,Putative
bra:BRADO6169,conserved hypothetical protein
bra:BRADO6170,putative
bra:BRADO6171,putative
bra:BRADO6172,Putative
bra:BRADO6173,Putative
bra:BRADO6174,hypothetical
bra:BRADO6175,conserved hypothetical protein with NAD(P)-binding domain
bra:BRADO6176,putative
bra:BRADO6178,Putative
bra:BRADO6179,Putative
bra:BRADO6180,putative
bra:BRADO6181,Putative
bra:BRADO6182,Putative
bra:BRADO6183,hypothetical
bra:BRADO6184,hypothetical
bra:BRADO6185,hypothetical protein
bra:BRADO6186,putative
bra:BRADO6188,conserved hypothetical protein
bra:BRADO6189,Putative
bra:BRADO6190,putative
bra:BRADO6191,putative
bra:BRADO6192,putative
bra:BRADO6193,hypothetical protein
bra:BRADO6194,putative
bra:BRADO6195,hypothetical
bra:BRADO6196,putative
bra:BRADO6197,hypothetical protein
bra:BRADO6198,hypothetical
bra:BRADO6199,hypothetical protein
bra:BRADO6200,Putative
bra:BRADO6201,Toxin secretion ABC transporter (ATP-binding and membrane protein)
bra:BRADO6202,hypothetical
bra:BRADO6203,hypothetical
bra:BRADO6205,Putative
bra:BRADO6206,putative
bra:BRADO6207,putative
bra:BRADO6208,putative conjugal transfer protein
bra:BRADO6209,putative
bra:BRADO6212,Putative
bra:BRADOtRNA29,tRNA-Val
bra:BRADO6213,Putative
bra:BRADO6214,putative
bra:BRADO6215,putative
bra:BRADO6216,Putative
bra:BRADO6217,putative
bra:BRADO6218,Conserved hypothetical protein
bra:BRADO6219,putative
bra:BRADO6220,putative
bra:BRADO6221,putative
bra:BRADO6222,conserved hypothetical protein
bra:BRADO6223,conserved
bra:BRADO6224,putative
bra:BRADO6225,putative
bra:BRADO6226,hypothetical protein
bra:BRADO6228,putative Sensor histidine kinase
bra:BRADO6230,conserved
bra:BRADO6231,putative
bra:BRADO6232,hypothetical
bra:BRADO6233,putative
bra:BRADO6234,Putative ABC transporter (substrate-binding protein)
bra:BRADO6235,putative
bra:BRADO6236,hspD
bra:BRADO6237,conserved hypothetical protein
bra:BRADO6238,gltB
bra:BRADO6240,gltD
bra:BRADO6241,Putative
bra:BRADO6242,Putative
bra:BRADO6243,putative
bra:BRADO6244,conserved hypothetical protein
bra:BRADO6245,kpsF
bra:BRADO6246,conserved
bra:BRADO6247,conserved
bra:BRADO6248,conserved hypothetical protein
bra:BRADO6249,hemH
bra:BRADO6250,conserved
bra:BRADO6252,shc
bra:BRADO6253,putative
bra:BRADO6254,hypothetical
bra:BRADO6255,Putative
bra:BRADO6256,Putative
bra:BRADO6257,conserved hypothetical protein
bra:BRADO6258,dcp
bra:BRADO6259,conserved hypothetical protein
bra:BRADO6260,putative
bra:BRADO6261,Putative
bra:BRADO6262,hypothetical
bra:BRADO6263,Conserved hypothetical protein
bra:BRADO6264,hss
bra:BRADO6265,conserved hypothetical protein
bra:BRADO6266,Conserved
bra:BRADO6267,Putative
bra:BRADO6268,Putative
bra:BRADO6269,Putative
bra:BRADO6270,Putative
bra:BRADO6272,crcB
bra:BRADO6273,sodB
bra:BRADO6274,conserved
bra:BRADO6277,conserved
bra:BRADO6278,conserved hypothetical protein
bra:BRADO6279,conserved hypothetical protein
bra:BRADO6280,hypothetical
bra:BRADO6281,putative
bra:BRADO6282,hypothetical
bra:BRADO6283,Putative
bra:BRADO6284,Putative
bra:BRADO6285,Putative
bra:BRADO6286,putative
bra:BRADO6287,Putative
bra:BRADO6288,putative
bra:BRADO6289,Putative
bra:BRADO6290,Putative
bra:BRADO6291,putative
bra:BRADO6292,conserved hypothetical protein
bra:BRADO6293,putative
bra:BRADO6295,conserved hypothetical protein
bra:BRADO6296,htpG
bra:BRADO6297,putative
bra:BRADO6298,putative
bra:BRADO6299,putative
bra:BRADO6300,conserved
bra:BRADO6302,conserved hypothetical protein
bra:BRADO6303,hypothetical
bra:BRADO6304,Putative
bra:BRADO6305,putative
bra:BRADO6306,hypothetical
bra:BRADO6307,hypothetical
bra:BRADO6308,Conserved
bra:BRADO6309,conserved hypothetical protein
bra:BRADO6310,Putative
bra:BRADO6311,Conserved
bra:BRADO6312,conserved
bra:BRADO6313,putative
bra:BRADO6314,exbD
bra:BRADO6315,exbB
bra:BRADO6316,putative
bra:BRADO6317,Putative
bra:BRADO6318,putative
bra:BRADO6319,atzD
bra:BRADO6320,conserved hypothetical protein
bra:BRADO6322,conserved
bra:BRADO6323,conserved hypothetical protein
bra:BRADO6324,Putative
bra:BRADO6325,Putative
bra:BRADO6326,conserved hypothetical protein
bra:BRADO6327,conserved
bra:BRADO6328,putative oxidoreductase
bra:BRADO6329,conserved hypothetical protein
bra:BRADO6330,putative
bra:BRADO6331,hypothetical
bra:BRADO6332,hypothetical
bra:BRADO6333,hypothetical protein
bra:BRADO6334,conserved hypothetical protein
bra:BRADO6335,conserved hypothetical protein
bra:BRADO6336,conserved hypothetical protein
bra:BRADO6337,conserved hypothetical protein
bra:BRADO6338,putative
bra:BRADO6339,putative
bra:BRADO6340,putative
bra:BRADO6341,putative
bra:BRADO6342,Putative
bra:BRADO6343,putative
bra:BRADO6344,putative
bra:BRADO6345,putative
bra:BRADO6346,gspG
bra:BRADO6347,gspF
bra:BRADO6348,gspE
bra:BRADO6349,gspD
bra:BRADO6350,conserved hypothetical protein
bra:BRADO6351,putative phosphoesterase familiy protein
bra:BRADO6352,conserved
bra:BRADO6353,putative
bra:BRADO6354,conserved
bra:BRADO6355,hypothetical
bra:BRADO6356,putative
bra:BRADO6357,putative
bra:BRADO6358,putative
bra:BRADO6359,putative
bra:BRADO6360,putative
bra:BRADO6361,ackA
bra:BRADO6362,conserved
bra:BRADO6363,fabI
bra:BRADO6364,putative
bra:BRADO6365,hypothetical
bra:BRADO6366,Conserved hypothetical protein
bra:BRADO6367,hypothetical protein
bra:BRADO6368,hypothetical protein
bra:BRADO6371,hypothetical
bra:BRADO6372,hypothetical
bra:BRADO6373,putative
bra:BRADO6374,hypothetical protein
bra:BRADO6376,hypothetical
bra:BRADO6377,hypothetical
bra:BRADO6378,hypothetical
bra:BRADO6379,hypothetical protein
bra:BRADO6380,hypothetical
bra:BRADO6381,hypothetical
bra:BRADO6382,hypothetical
bra:BRADO6383,Hypothetical protein
bra:BRADO6384,hypothetical
bra:BRADO6385,conserved hypothetical protein
bra:BRADO6386,putative
bra:BRADO6387,conserved hypothetical protein
bra:BRADO6390,conserved hypothetical protein
bra:BRADO6391,conserved
bra:BRADO6392,hypothetical
bra:BRADO6394,conserved
bra:BRADO6395,conserved
bra:BRADO6396,conserved
bra:BRADO6397,tnpR
bra:BRADO6399,hypothetical
bra:BRADO6401,hypothetical
bra:BRADO6402,hypothetical protein
bra:BRADO6403,conserved
bra:BRADO6404,"putative DNA breaking-rejoining enzyme, catalytic core superfamily"
bra:BRADO6405,hypothetical
bra:BRADO6406,hypothetical
bra:BRADO6407,putative
bra:BRADO6409,putative
bra:BRADO6410,hypothetical
bra:BRADO6412,Cation-transporting
bra:BRADO6413,hypothetical protein
bra:BRADO6414,putative
bra:BRADO6415,hypothetical
bra:BRADO6418,putative
bra:BRADOtRNA28,tRNA-Met
bra:BRADO6419,putative NAD-dependent aldehyde dehydrogenase
bra:BRADO6420,putative Glucose-methanol-choline oxidoreductase protein family
bra:BRADO6421,hypothetical protein
bra:BRADO6422,putative short-chain dehydrogenase/reductase protein
bra:BRADO6423,conserved hypothetical protein
bra:BRADO6424,putative short-chain reductase/dehydrogenase
bra:BRADO6425,conserved
bra:BRADO6426,putative
bra:BRADO6427,putative Isomerase/Decarboxylase related protein family
bra:BRADO6428,putative
bra:BRADO6429,putative
bra:BRADO6430,ogt
bra:BRADO6431,Putative carboxypeptidase G2 precursor (Folate hydrolase G2) (Pteroylmonoglutamic acid hydrolase G2) (Glutamate carboxypeptidase)
bra:BRADO6432,putative
bra:BRADO6433,conserved
bra:BRADO6434,conserved hypothetical protein
bra:BRADO6435,putative
bra:BRADO6436,conserved hypothetical protein
bra:BRADO6437,putative
bra:BRADO_5S_1,ribosomal
bra:BRADO_23S_1,ribosomal
bra:BRADOtRNA27,tRNA-Ala
bra:BRADOtRNA26,tRNA-Ile
bra:BRADO_16S_1,ribosomal
bra:BRADO6447,putative
bra:BRADO6448,hypothetical
bra:BRADO6449,hypothetical protein
bra:BRADO6450,clpB
bra:BRADO6451,Conserved hypothetical protein
bra:BRADO6452,conserved
bra:BRADO6453,putative alpha/beta-Hydrolases superfamily
bra:BRADO6454,putative
bra:BRADO6455,putative
bra:BRADO6456,Conserved hypothetical protein
bra:BRADO6457,conserved
bra:BRADO6458,conserved
bra:BRADO6460,putative
bra:BRADO6461,metX
bra:BRADO6462,Putative
bra:BRADO6463,hisC
bra:BRADO6464,tyrC
bra:BRADO6465,conserved
bra:BRADO6466,putative
bra:BRADO6467,putative
bra:BRADO6468,conserved hypothetical protein
bra:BRADO6469,ftsX
bra:BRADO6470,ftsE
bra:BRADO6471,conserved
bra:BRADO6472,putative
bra:BRADO6473,putative
bra:BRADO6474,Putative
bra:BRADO6475,conserved hypothetical protein
bra:BRADO6476,conserved
bra:BRADO6477,hypothetical
bra:BRADO6478,conserved hypothetical protein
bra:BRADO6479,conserved
bra:BRADO6480,hypothetical protein
bra:BRADO6481,putative
bra:BRADO6482,putative
bra:BRADO6483,hypothetical protein
bra:BRADO6484,argC
bra:BRADO6485,lysA
bra:BRADO6486,conserved hypothetical protein
bra:BRADO6487,argH
bra:BRADO6488,tlpA
bra:BRADO6489,conserved hypothetical protein
bra:BRADO6490,hbdA
bra:BRADO6491,etfA
bra:BRADO6492,etfB
bra:BRADO6493,putative
bra:BRADO6494,conserved
bra:BRADO6495,putative
bra:BRADO6496,Putative
bra:BRADO6498,putative
bra:BRADO6499,putative
bra:BRADO6500,conserved
bra:BRADO6501,conserved
bra:BRADO6502,putative
bra:BRADO6503,putative
bra:BRADO6504,putative
bra:BRADO6505,crtW
bra:BRADO6506,crtB
bra:BRADO6507,crtI
bra:BRADO6508,crtY
bra:BRADO6509,crtE
bra:BRADO6510,putative
bra:BRADO6511,putative
bra:BRADO6512,conserved
bra:BRADO6514,conserved
bra:BRADO6515,putative
bra:BRADO6516,putative
bra:BRADO6517,hypothetical protein
bra:BRADO6519,hypothetical protein
bra:BRADO6520,hypothetical protein
bra:BRADO6521,conserved hypothetical protein
bra:BRADO6522,putative
bra:BRADO6523,putative
bra:BRADO6524,putative
bra:BRADO6525,Histamine
bra:BRADO6526,Putative beta-lactamase family protein
bra:BRADO6528,"putative transcriptional regulatory protein, AraC family"
bra:BRADO6529,putative
bra:BRADO6530,putative
bra:BRADO6531,conserved hypothetical protein
bra:BRADO6532,conserved hypothetical protein
bra:BRADO6533,hypothetical protein
bra:BRADO6534,putative
bra:BRADO6535,hypothetical
bra:BRADO6537,conserved
bra:BRADO6538,conserved hypothetical protein
bra:BRADO6539,conserved
bra:BRADO6540,conserved
bra:BRADO6541,conserved
bra:BRADO6542,conserved hypothetical protein
bra:BRADO6543,conserved hypothetical protein
bra:BRADO6544,hypothetical
bra:BRADO6545,conserved hypothetical protein
bra:BRADO6546,putative
bra:BRADOtRNA21,tRNA-Leu
bra:BRADO6547,hypothetical
bra:BRADO6548,hypothetical
bra:BRADO6549,hypothetical
bra:BRADO6550,hypothetical
bra:BRADO6552,conserved hypothetical protein
bra:BRADO6553,putative permeases of the major facilitator superfamily
bra:BRADO6554,Putative
bra:BRADO6555,nadE
bra:BRADO6556,conserved
bra:BRADO6557,putative
bra:BRADO6558,putative
bra:BRADO6559,conserved
bra:BRADO6560,Conserved hypothetical protein
bra:BRADO6561,conserved
bra:BRADO6562,conserved
bra:BRADO6563,Conserved
bra:BRADO6564,putative
bra:BRADO6565,conserved
bra:BRADO6566,putative
bra:BRADO6567,conserved
bra:BRADO6568,minE
bra:BRADO6569,minD
bra:BRADO6570,minC
bra:BRADO6572,hypothetical
bra:BRADO6573,putative
bra:BRADO6574,putative
bra:BRADO6575,putative
bra:BRADO6576,putative
bra:BRADO6577,conserved hypothetical protein
bra:BRADO6578,Conserved hypothetical protein
bra:BRADO6579,phosphoribosyl-ATP
bra:BRADO6580,conserved hypothetical protein
bra:BRADO6581,conserved hypothetical protein
bra:BRADO6582,putative
bra:BRADO6583,putative
bra:BRADO6584,fadD
bra:BRADO6585,Putative
bra:BRADO6586,rnhA
bra:BRADO6587,thrB
bra:BRADO6588,ispH1
bra:BRADO6589,conserved
bra:BRADO6590,conserved hypothetical protein
bra:BRADO6592,conserved hypothetical protein
bra:BRADO6593,Putative
bra:BRADO6594,conserved hypothetical protein with two TPR repeat domains
bra:BRADO6595,putative short-chain dehydrogenase
bra:BRADO6596,conserved
bra:BRADO6597,putative
bra:BRADO6598,putative
bra:BRADO6599,conserved
bra:BRADO6600,conserved hypothetical protein
bra:BRADO6601,conserved hypothetical protein
bra:BRADO6602,conserved hypothetical protein
bra:BRADO6604,conserved hypothetical protein
bra:BRADO6605,putative oxidoreductase (aldo/keto reductase)
bra:BRADO6606,conserved hypothetical protein
bra:BRADO6607,putative
bra:BRADO6608,putative aminopeptidase
bra:BRADO6609,putative
bra:BRADO6610,dan
bra:BRADO6611,putative zinc-dependent alcohol dehydrogenase (oxidoreductase)
bra:BRADO6612,glgA
bra:BRADO6613,glgC
bra:BRADO6614,putative
bra:BRADO6615,putative
bra:BRADO6616,putative oxidoreductase
bra:BRADO6617,"putative ABC transporter, ATP-binding protein"
bra:BRADO6618,"putative ABC transporter, permease protein (fragment)"
bra:BRADO6619,putative
bra:BRADO6620,putative
bra:BRADO6621,putative
bra:BRADO6622,hypothetical protein
bra:BRADO6623,hypothetical
bra:BRADO6624,putative
bra:BRADO6625,conserved hypothetical protein
bra:BRADO6626,conserved hypothetical protein
bra:BRADO6627,ubiG
bra:BRADO6628,hypothetical
bra:BRADO6629,hypothetical
bra:BRADO6630,hypothetical
bra:BRADO6631,putative
bra:BRADO6632,conserved
bra:BRADOtRNA25,tRNA-Phe
bra:BRADO6633,conserved
bra:BRADO6634,putative
bra:BRADO6635,putative
bra:BRADO6636,conserved
bra:BRADO6637,hisD
bra:BRADO6638,conserved
bra:BRADO6639,murA
bra:BRADO6640,putative nucleotide-disulphide oxidoreductase
bra:BRADO6641,conserved
bra:BRADOtRNA22,tRNA-Thr
bra:BRADO6642,poxB
bra:BRADO6643,hypothetical
bra:BRADO6644,hypothetical protein
bra:BRADO6645,conserved
bra:BRADO6646,hypothetical protein
bra:BRADO6647,rbtD
bra:BRADO6648,hypothetical
bra:BRADO6649,putative
bra:BRADO6650,putative metal ion transporter
bra:BRADO6651,putative
bra:BRADO6652,putative
bra:BRADO6653,putative
bra:BRADO6654,putative
bra:BRADO6655,hypothetical
bra:BRADO6656,putative
bra:BRADO6657,putative dioxygenase
bra:BRADO6658,putative
bra:BRADO6659,hypothetical
bra:BRADO6660,putative
bra:BRADO6661,hypothetical protein
bra:BRADO6662,putative
bra:BRADO6663,putative
bra:BRADO6664,putative
bra:BRADO6665,putative
bra:BRADO6666,putative
bra:BRADO6667,putative
bra:BRADO6668,hypothetical
bra:BRADO6669,conserved hypothetical protein
bra:BRADO6670,putative
bra:BRADO6671,putative Metallo-hydrolase/oxidoreductase superfamily protein
bra:BRADO6672,hemA
bra:BRADO6673,putative
bra:BRADO6674,putative
bra:BRADO6675,conserved hypothetical protein
bra:BRADO6676,putative
bra:BRADO6677,putative
bra:BRADO6678,hypothetical
bra:BRADO6679,conserved hypothetical protein
bra:BRADO6680,putative
bra:BRADO6681,putative
bra:BRADO6682,conserved hypothetical protein
bra:BRADO6683,conserved hypothetical protein
bra:BRADO6684,conserved hypothetical protein
bra:BRADO6685,atpI
bra:BRADO6686,atpB
bra:BRADO6687,atpE
bra:BRADO6688,atpB'
bra:BRADO6689,atpF
bra:BRADO6690,conserved
bra:BRADO6691,putative
bra:BRADO6692,putative
bra:BRADO6693,thrC
bra:BRADO6695,conserved
bra:BRADO6696,hypothetical
bra:BRADO6697,carboxymuconolactone
bra:BRADO6698,putative
bra:BRADO6699,putative
bra:BRADO6700,conserved hypothetical protein
bra:BRADO6701,hypothetical
bra:BRADO6702,coxC
bra:BRADO6703,coxG
bra:BRADO6704,coxF
bra:BRADO6705,coxE
bra:BRADO6706,coxA
bra:BRADO6707,coxB
bra:BRADO6710,conserved hypothetical protein
bra:BRADO6711,putative
bra:BRADO6712,tldD
bra:BRADO6713,lepB1
bra:BRADO6714,conserved
bra:BRADO6715,putative cytochrome c-type biogenesis protein
bra:BRADO6716,putative
bra:BRADO6717,conserved hypothetical protein
bra:BRADO6718,gshA
bra:BRADO6719,putative
bra:BRADO6720,gst
bra:BRADO6721,conserved
bra:BRADO6722,conserved
bra:BRADO6723,putative bifunctional anaerobic fatty acid oxidation complex protein (fadJ/fadB-like): enoyl-CoA hydratase/epimerase/isomerase (N-terminal)
bra:BRADO6724,putative
bra:BRADO6725,putative
bra:BRADO6726,conserved
bra:BRADO6727,putative
bra:BRADO6728,conserved
bra:BRADO6729,conserved
bra:BRADO6730,putative permease
bra:BRADO6731,conserved hypothetical protein
bra:BRADO6732,putative
bra:BRADO6733,putative
bra:BRADO6734,conserved hypothetical protein
bra:BRADO6735,putative
bra:BRADO6736,putative
bra:BRADO6737,conserved hypothetical protein
bra:BRADO6738,putative
bra:BRADO6739,putative
bra:BRADO6740,conserved
bra:BRADO6741,matE1
bra:BRADO6742,pyrD
bra:BRADO6743,conserved
bra:BRADO6744,acaP
bra:BRADO6745,lysS
bra:BRADO6746,putative
bra:BRADO6747,putative
bra:BRADO6748,hypothetical
bra:BRADO6749,conserved hypothetical protein
bra:BRADO6751,hypothetical protein
bra:BRADO6752,putative
bra:BRADO6755,putative
bra:BRADO6756,putative
bra:BRADO6757,putative
bra:BRADO6758,putative
bra:BRADO6759,conserved
bra:BRADO6760,putative
bra:BRADO6761,garR
bra:BRADO6762,idnO
bra:BRADOtRNA24,tRNA-Gly
bra:BRADO6763,conserved hypothetical protein
bra:BRADO6764,ogt2
bra:BRADO6765,putative
bra:BRADO6766,conserved hypothetical protein
bra:BRADO6767,conserved
bra:BRADO6768,putative cation-driven multidrug efflux pump
bra:BRADO6769,dcd
bra:BRADO6770,metZ
bra:BRADO6771,putative esterase/acetylhydrolase
bra:BRADO6772,conserved hypothetical protein
bra:BRADO6773,conserved
bra:BRADO6774,apaG
bra:BRADO6776,hslO
bra:BRADO6777,putative
bra:BRADO6778,argF
bra:BRADO6779,argD
bra:BRADO6781,conserved
bra:BRADO6782,phoR
bra:BRADO6783,conserved hypothetical protein
bra:BRADO6784,conserved hypothetical protein
bra:BRADO6785,conserved hypothetical protein
bra:BRADO6786,Putative
bra:BRADO6787,Putative
bra:BRADO6788,boxB
bra:BRADO6789,putative
bra:BRADO6790,putative
bra:BRADO6791,Putative
bra:BRADO6792,aroK
bra:BRADO6793,hypothetical
bra:BRADO6794,Hypothetical
bra:BRADO6795,Putative
bra:BRADO6796,putative
bra:BRADO6797,Putative
bra:BRADO6798,putative
bra:BRADOmisc_RNA_5,ykkC-yxkD
bra:BRADO6800,conserved hypothetical protein
bra:BRADO6801,hypothetical protein
bra:BRADO6802,Putative
bra:BRADO6803,Putative
bra:BRADO6804,putative
bra:BRADO6805,putative
bra:BRADO6806,conserved hypothetical protein
bra:BRADO6807,hypothetical
bra:BRADO6808,conserved hypothetical protein
bra:BRADO6809,fdxB
bra:BRADO6810,putative
bra:BRADO6811,putative
bra:BRADO6812,hypothetical protein
bra:BRADO6813,Putative
bra:BRADO6814,putative
bra:BRADO6815,putative
bra:BRADO6816,putative
bra:BRADO6817,conserved
bra:BRADO6818,putative
bra:BRADO6819,conserved
bra:BRADO6820,putative
bra:BRADO6821,putative
bra:BRADO6822,putative
bra:BRADO6823,Putative
bra:BRADO6824,hypothetical protein
bra:BRADO6825,hypothetical protein
bra:BRADO6826,hypothetical protein
bra:BRADO6827,hypothetical protein
bra:BRADO6828,hypothetical protein
bra:BRADO6829,conserved hypothetical protein
bra:BRADO6830,"Putative ABC transporter, substrate-binding protein"
bra:BRADO6831,Putative
bra:BRADO6832,two-component
bra:BRADO6833,two-component
bra:BRADO6834,RNA
bra:BRADO6835,Cytochrome
bra:BRADO6836,Cytochrome
bra:BRADO6837,conserved hypothetical protein
bra:BRADO6838,aapJ
bra:BRADO6839,conserved hypothetical protein
bra:BRADO6840,putative
bra:BRADO6841,putative
bra:BRADO6842,conserved
bra:BRADO6843,Putative
bra:BRADO6844,putative
bra:BRADO6845,conserved hypothetical protein
bra:BRADO6846,putative cytochrome C
bra:BRADO6847,Conserved hypothetical protein
bra:BRADO6848,Conserved hypothetical protein
bra:BRADO6849,putative cytochrome C
bra:BRADO6850,conserved
bra:BRADO6851,putative
bra:BRADO6852,Conserved hypothetical protein
bra:BRADO6853,Putative glucose-methanol-choline (GMC) oxidoreductase
bra:BRADO6854,hypothetical
bra:BRADO6856,conserved hypothetical protein
bra:BRADO6857,conserved hypothetical protein
bra:BRADO6858,conserved hypothetical protein
bra:BRADO6859,Putative
bra:BRADO6860,Putative
bra:BRADO6861,Putative permease of the Major Facilitator Superfamily
bra:BRADO6862,putative
bra:BRADO6863,Putative
bra:BRADO6864,Putative
bra:BRADO6865,conserved hypothetical protein
bra:BRADO6866,conserved hypothetical protein
bra:BRADO6867,MAPEG
bra:BRADO6868,"putative ABC transporter, substrate binding protein"
bra:BRADO6869,putative AMP-dependent synthetase
bra:BRADO6870,conserved
bra:BRADO6871,Putative
bra:BRADO6873,putative
bra:BRADO6874,Putative
bra:BRADO6875,putative
bra:BRADO6876,Putative carboxylase
bra:BRADO6877,conserved
bra:BRADO6878,putative
bra:BRADO6879,putative
bra:BRADO6880,putative
bra:BRADO6881,putative
bra:BRADO6882,putative
bra:BRADO6883,"Putative ABC transporter, substrate-binding protein"
bra:BRADO6886,conserved
bra:BRADO6887,conserved hypothetical protein
bra:BRADO6888,conserved hypothetical protein
bra:BRADO6889,conserved hypothetical protein
bra:BRADO6890,conserved hypothetical protein
bra:BRADO6891,putative
bra:BRADO6892,fmdA
bra:BRADO6893,Putative
bra:BRADO6894,Putative
bra:BRADO6895,Putative
bra:BRADO6896,Putative
bra:BRADO6897,Putative
bra:BRADO6898,Sensor
bra:BRADO6899,Two-component
bra:BRADO6900,putative
bra:BRADO6901,putative
bra:BRADO6902,putative
bra:BRADO6903,mtnA
bra:BRADO6904,5'-methylthioadenosine
bra:BRADO6905,Putative
bra:BRADO6906,putative
bra:BRADO6907,putative
bra:BRADO6908,conserved hypothetical protein
bra:BRADO6909,putative
bra:BRADO6911,Putative
bra:BRADO6912,metY
bra:BRADO6913,metA
bra:BRADO6914,putA
bra:BRADO6915,conserved
bra:BRADO6916,conserved hypothetical protein
bra:BRADO6917,Putative
bra:BRADO6918,Putative
bra:BRADO6919,putative
bra:BRADO6920,Conserved
bra:BRADO6921,putative
bra:BRADO6922,putative
bra:BRADO6923,hypothetical protein
bra:BRADO6924,conserved
bra:BRADO6925,Putative
bra:BRADO6926,Toxin secretion ABC transporter (ATP-binding and membrane protein)
bra:BRADO6927,RTX
bra:BRADO6928,conserved hypothetical protein
bra:BRADO6929,hypothetical
bra:BRADO6930,hypothetical protein
bra:BRADO6931,Hypothetical
bra:BRADO6932,putative
bra:BRADO6933,hypothetical
bra:BRADO6934,hypothetical
bra:BRADO6935,hypothetical
bra:BRADO6936,Bacteriophage
bra:BRADO6939,hypothetical
bra:BRADO6940,hypothetical
bra:BRADO6941,hypothetical
bra:BRADO6942,hypothetical protein
bra:BRADO6943,Putative
bra:BRADO6944,hypothetical
bra:BRADO6945,hypothetical
bra:BRADO6946,hypothetical
bra:BRADO6947,Conserved hypothetical protein
bra:BRADO6948,Conserved
bra:BRADO6949,conserved
bra:BRADOtRNA23,tRNA-Ser
bra:BRADO6951,conserved
bra:BRADO6952,otsA
bra:BRADO6953,otsB
bra:BRADO6954,putative Major Facilitator Superfamily (MFS) transporter
bra:BRADO6955,Putative
bra:BRADO6956,Hypothetical
bra:BRADO6957,Putative
bra:BRADO6958,putative
bra:BRADO6959,Putative
bra:BRADO6960,Putative
bra:BRADO6961,hpd
bra:BRADO6962,putative
bra:BRADO6963,conserved
bra:BRADO6964,fahA
bra:BRADO6966,hmgA
bra:BRADO6967,Putative
bra:BRADO6968,conserved
bra:BRADO6969,putative
bra:BRADO6970,putative
bra:BRADO6971,Putative
bra:BRADO6972,putative
bra:BRADO6973,putative
bra:BRADO6974,conserved hypothetical protein
bra:BRADO6975,Putative
bra:BRADO6976,putative
bra:BRADO6977,conserved hypothetical protein
bra:BRADO6978,putative
bra:BRADO6979,Putative
bra:BRADO6980,conserved hypothetical protein
bra:BRADO6981,conserved hypothetical protein
bra:BRADO6982,putative Peptidase
bra:BRADO6983,conserved
bra:BRADO6984,putative
bra:BRADO6985,"Putative Aminotransferase, class V"
bra:BRADO6986,putative peptidase S9A family
bra:BRADO6987,conserved hypothetical protein
bra:BRADO6988,putative
bra:BRADO6989,putative
bra:BRADO6990,putative
bra:BRADO6991,putative
bra:BRADO6992,putative
bra:BRADO6993,Methyl-accepting
bra:BRADO6994,Methyl-accepting
bra:BRADO6995,response
bra:BRADO6996,Sensor
bra:BRADO6997,putative
bra:BRADO6998,putative
bra:BRADO6999,conserved
bra:BRADO7000,cheR
bra:BRADO7001,cheY
bra:BRADO7002,cheW
bra:BRADO7003,cheA
bra:BRADO7004,putative
bra:BRADO7005,conserved hypothetical protein
bra:BRADO7006,hypothetical protein
bra:BRADO7007,Putative
bra:BRADO7008,putative
bra:BRADO7009,putative
bra:BRADO7010,putative
bra:BRADO7011,conserved
bra:BRADO7012,putative
bra:BRADO7013,conserved
bra:BRADO7014,hypothetical
bra:BRADO7015,conserved
bra:BRADO7016,ipdC
bra:BRADO7017,hypothetical protein
bra:BRADO7018,conserved
bra:BRADO7019,hypothetical protein
bra:BRADO7020,conserved hypothetical protein
bra:BRADO7021,putative
bra:BRADO7022,putative
bra:BRADO7023,hypothetical
bra:BRADO7024,hypothetical
bra:BRADO7025,Putative
bra:BRADO7026,rfbD
bra:BRADO7027,rfbC
bra:BRADO7028,rfbA
bra:BRADO7029,rfbB
bra:BRADO7031,hypothetical
bra:BRADO7032,hypothetical protein
bra:BRADO7033,putative
bra:BRADO7034,Conserved hypothetical protein
bra:BRADO7035,Putative
bra:BRADO7036,Putative Toxin secretion ABC transporter (ATP-binding and membrane protein)
bra:BRADO7037,Conserved hypothetical protein
bra:BRADO7038,hypothetical
bra:BRADO7039,hypothetical protein
bra:BRADO7040,hypothetical protein
bra:BRADO7042,putative
bra:BRADO7043,conserved
bra:BRADO7044,putative
bra:BRADO7045,hypothetical
bra:BRADO7046,Putative
bra:BRADO7047,GDP-mannose
bra:BRADO7048,Hypothetical
bra:BRADO7049,hypothetical
bra:BRADO7050,conserved hypothetical protein
bra:BRADO7051,putative
bra:BRADO7052,putative
bra:BRADO7053,Hypothetical
bra:BRADO7054,putative
bra:BRADO7055,conserved
bra:BRADO7056,putative
bra:BRADO7057,conserved hypothetical protein
bra:BRADO7058,putative
bra:BRADO7059,putative
bra:BRADO7060,hypothetical
bra:BRADO7061,hypothetical protein
bra:BRADO7062,putative
bra:BRADO7063,hypothetical
bra:BRADO7064,putative
bra:BRADO7065,putative
bra:BRADO7066,Hypothetical
bra:BRADO7067,hypothetical
bra:BRADO7068,hypothetical
bra:BRADO7069,conserved
bra:BRADO7070,hypothetical
bra:BRADO7071,putative
bra:BRADO7072,putative
bra:BRADO7073,putative
bra:BRADO7074,putative
bra:BRADO7075,conserved hypothetical protein
bra:BRADO7076,putative
bra:BRADO7077,putative
bra:BRADO7078,putative
bra:BRADO7079,conserved hypothetical protein
bra:BRADO7080,conserved
bra:BRADO7081,conserved
bra:BRADO7083,conserved
bra:BRADO7084,putative
bra:BRADO7085,L-sorbosone
bra:BRADO7086,hypothetical
bra:BRADO7087,putative Sir2-family regulator protein
bra:BRADO7088,hypothetical
bra:BRADO7089,putative
bra:BRADO7090,putative
bra:BRADO7091,Putative
bra:BRADO7092,putative
bra:BRADO7093,putative
bra:BRADO7094,putative
bra:BRADO7095,putative
bra:BRADO7096,putative
bra:BRADO7097,conserved
bra:BRADO7098,conserved
bra:BRADO7099,putative
bra:BRADO7100,hypothetical protein
bra:BRADO7101,Conserved Hypothetical protein
bra:BRADO7102,putative
bra:BRADO7103,hypothetical protein
bra:BRADO7104,hypothetical protein
bra:BRADO7105,conserved
bra:BRADO7106,conserved
bra:BRADO7107,Conserved hypothetical protein
bra:BRADO7108,putative
bra:BRADO7109,conserved hypothetical protein
bra:BRADO7110,Putative
bra:BRADO7111,putative
bra:BRADO7112,amiF
bra:BRADO7113,putative
bra:BRADO7114,conserved hypothetical protein
bra:BRADO7116,putative
bra:BRADO7117,conserved hypothetical protein
bra:BRADO7118,hypothetical
bra:BRADO7119,putative
bra:BRADO7120,putative
bra:BRADO7121,putative
bra:BRADO7122,putative
bra:BRADO7123,putative TPR domain protein
bra:BRADO7124,uppS
bra:BRADO7125,conserved hypothetical protein
bra:BRADO7126,conserved hypothetical protein
bra:BRADO7127,conserved hypothetical protein
bra:BRADO7128,conserved hypothetical protein
bra:BRADO7129,Conserved hypothetical protein
bra:BRADO7130,conserved hypothetical protein
bra:BRADO7131,conserved hypothetical protein
bra:BRADO7132,putative ATP-dependent AMP-binding enzyme family
bra:BRADO7133,Putative
bra:BRADO7134,Putative
bra:BRADO7135,Conserved hypothetical protein
bra:BRADO7136,Putative
bra:BRADO7137,Putative
bra:BRADO7138,conserved
bra:BRADO7139,Putative
bra:BRADO7140,Conserved hypothetical protein
bra:BRADO7141,msrA
bra:BRADO7142,conserved hypothetical protein
bra:BRADO7143,rpsT
