pathway_id	ncbi_gene_id
brp00010	103827616
brp00010	103827804
brp00010	103827942
brp00010	103828073
brp00010	103828089
brp00010	103828238
brp00010	103828273
brp00010	103829227
brp00010	103829330
brp00010	103829344
brp00010	103829348
brp00010	103829597
brp00010	103830313
brp00010	103830478
brp00010	103830479
brp00010	103830574
brp00010	103831554
brp00010	103831877
brp00010	103832118
brp00010	103832166
brp00010	103832230
brp00010	103832426
brp00010	103832634
brp00010	103832773
brp00010	103832797
brp00010	103832872
brp00010	103833133
brp00010	103833143
brp00010	103834139
brp00010	103834979
brp00010	103835052
brp00010	103835074
brp00010	103835152
brp00010	103835237
brp00010	103835648
brp00010	103835677
brp00010	103835700
brp00010	103836104
brp00010	103836310
brp00010	103837499
brp00010	103837888
brp00010	103837987
brp00010	103838909
brp00010	103839215
brp00010	103839286
brp00010	103839353
brp00010	103839851
brp00010	103840005
brp00010	103840137
brp00010	103840237
brp00010	103840432
brp00010	103840701
brp00010	103840735
brp00010	103840790
brp00010	103841225
brp00010	103841229
brp00010	103841316
brp00010	103841985
brp00010	103842267
brp00010	103842310
brp00010	103842505
brp00010	103842537
brp00010	103842552
brp00010	103843050
brp00010	103843331
brp00010	103843771
brp00010	103843922
brp00010	103844622
brp00010	103844946
brp00010	103845077
brp00010	103845096
brp00010	103845172
brp00010	103846437
brp00010	103847171
brp00010	103847368
brp00010	103848377
brp00010	103848938
brp00010	103849110
brp00010	103849710
brp00010	103850055
brp00010	103850273
brp00010	103850276
brp00010	103850396
brp00010	103850424
brp00010	103851719
brp00010	103851815
brp00010	103852067
brp00010	103852176
brp00010	103853105
brp00010	103853196
brp00010	103853201
brp00010	103853745
brp00010	103853791
brp00010	103854788
brp00010	103855211
brp00010	103855313
brp00010	103855408
brp00010	103855804
brp00010	103856082
brp00010	103856116
brp00010	103856758
brp00010	103856808
brp00010	103856933
brp00010	103856993
brp00010	103857264
brp00010	103857280
brp00010	103857629
brp00010	103857735
brp00010	103858904
brp00010	103858924
brp00010	103859021
brp00010	103859466
brp00010	103859549
brp00010	103859689
brp00010	103859746
brp00010	103859986
brp00010	103860608
brp00010	103860657
brp00010	103860785
brp00010	103860832
brp00010	103860904
brp00010	103861392
brp00010	103861434
brp00010	103861499
brp00010	103862344
brp00010	103862462
brp00010	103862585
brp00010	103863161
brp00010	103863163
brp00010	103863263
brp00010	103863477
brp00010	103863671
brp00010	103863685
brp00010	103864004
brp00010	103864252
brp00010	103864267
brp00010	103864286
brp00010	103864532
brp00010	103864874
brp00010	103865548
brp00010	103865552
brp00010	103866006
brp00010	103866271
brp00010	103866289
brp00010	103867160
brp00010	103867161
brp00010	103867274
brp00010	103867569
brp00010	103868025
brp00010	103868260
brp00010	103868514
brp00010	103868622
brp00010	103868729
brp00010	103869051
brp00010	103869258
brp00010	103869365
brp00010	103869626
brp00010	103869701
brp00010	103869727
brp00010	103870046
brp00010	103870081
brp00010	103870225
brp00010	103870611
brp00010	103870727
brp00010	103870831
brp00010	103871061
brp00010	103871346
brp00010	103871503
brp00010	103871767
brp00010	103872038
brp00010	103872054
brp00010	103872153
brp00010	103872160
brp00010	103872420
brp00010	103872883
brp00010	103873180
brp00010	103873204
brp00010	103873557
brp00010	103873777
brp00010	103873862
brp00010	103874006
brp00010	103874746
brp00010	103874765
brp00010	103875118
brp00010	103875341
brp00010	117133897
brp00020	103828176
brp00020	103829227
brp00020	103829344
brp00020	103829568
brp00020	103829929
brp00020	103830012
brp00020	103830157
brp00020	103830182
brp00020	103831074
brp00020	103831554
brp00020	103832683
brp00020	103834292
brp00020	103834825
brp00020	103834926
brp00020	103834945
brp00020	103835237
brp00020	103836205
brp00020	103836337
brp00020	103836575
brp00020	103836989
brp00020	103837286
brp00020	103837712
brp00020	103838252
brp00020	103838482
brp00020	103839144
brp00020	103839246
brp00020	103839353
brp00020	103840005
brp00020	103840432
brp00020	103840701
brp00020	103841749
brp00020	103841750
brp00020	103843771
brp00020	103844258
brp00020	103844622
brp00020	103844953
brp00020	103845103
brp00020	103845992
brp00020	103847149
brp00020	103847217
brp00020	103847223
brp00020	103847393
brp00020	103849095
brp00020	103850190
brp00020	103850366
brp00020	103850485
brp00020	103850689
brp00020	103851907
brp00020	103852176
brp00020	103852304
brp00020	103854239
brp00020	103854601
brp00020	103855282
brp00020	103855313
brp00020	103855482
brp00020	103855774
brp00020	103856088
brp00020	103856993
brp00020	103857007
brp00020	103857264
brp00020	103858130
brp00020	103858221
brp00020	103859549
brp00020	103859689
brp00020	103860340
brp00020	103860515
brp00020	103860832
brp00020	103862585
brp00020	103862913
brp00020	103862961
brp00020	103863477
brp00020	103864390
brp00020	103864874
brp00020	103866133
brp00020	103866371
brp00020	103866666
brp00020	103868078
brp00020	103868444
brp00020	103869701
brp00020	103870046
brp00020	103870081
brp00020	103870516
brp00020	103871061
brp00020	103871139
brp00020	103871503
brp00020	103871912
brp00020	103872206
brp00020	103873232
brp00020	103873312
brp00020	103874006
brp00020	103874014
brp00020	103874166
brp00020	103875224
brp00020	103875341
brp00030	103827594
brp00030	103827616
brp00030	103827896
brp00030	103828073
brp00030	103829082
brp00030	103832118
brp00030	103832773
brp00030	103832793
brp00030	103832797
brp00030	103833143
brp00030	103833691
brp00030	103835074
brp00030	103835152
brp00030	103835415
brp00030	103835677
brp00030	103836338
brp00030	103836988
brp00030	103837056
brp00030	103837784
brp00030	103837888
brp00030	103838225
brp00030	103838288
brp00030	103839286
brp00030	103839851
brp00030	103840164
brp00030	103840790
brp00030	103841225
brp00030	103841316
brp00030	103841917
brp00030	103842267
brp00030	103842537
brp00030	103843012
brp00030	103843039
brp00030	103845096
brp00030	103846575
brp00030	103846601
brp00030	103847037
brp00030	103847368
brp00030	103848893
brp00030	103849145
brp00030	103850028
brp00030	103850195
brp00030	103850273
brp00030	103850396
brp00030	103850867
brp00030	103851815
brp00030	103852702
brp00030	103853791
brp00030	103856000
brp00030	103856014
brp00030	103856808
brp00030	103860590
brp00030	103860608
brp00030	103861499
brp00030	103862344
brp00030	103862864
brp00030	103863263
brp00030	103864104
brp00030	103864267
brp00030	103864532
brp00030	103865548
brp00030	103866006
brp00030	103866145
brp00030	103866271
brp00030	103866289
brp00030	103866871
brp00030	103867363
brp00030	103867569
brp00030	103868514
brp00030	103870918
brp00030	103872022
brp00030	103872038
brp00030	103872153
brp00030	103872503
brp00030	103872883
brp00030	103873862
brp00030	103874309
brp00030	103874310
brp00030	103874311
brp00030	103874312
brp00030	103874314
brp00030	103875228
brp00030	103875231
brp00030	117133897
brp00040	103827511
brp00040	103827823
brp00040	103827827
brp00040	103828610
brp00040	103828688
brp00040	103828990
brp00040	103829999
brp00040	103830105
brp00040	103831011
brp00040	103831059
brp00040	103831201
brp00040	103831485
brp00040	103832662
brp00040	103833059
brp00040	103833068
brp00040	103833411
brp00040	103834235
brp00040	103834248
brp00040	103834493
brp00040	103834560
brp00040	103834581
brp00040	103834896
brp00040	103835322
brp00040	103835323
brp00040	103836073
brp00040	103836237
brp00040	103836520
brp00040	103836561
brp00040	103836641
brp00040	103836643
brp00040	103836758
brp00040	103836759
brp00040	103836760
brp00040	103836940
brp00040	103836991
brp00040	103837162
brp00040	103837203
brp00040	103837270
brp00040	103837461
brp00040	103838288
brp00040	103839439
brp00040	103840623
brp00040	103841243
brp00040	103841403
brp00040	103841655
brp00040	103841831
brp00040	103841916
brp00040	103842042
brp00040	103842123
brp00040	103842134
brp00040	103842186
brp00040	103842535
brp00040	103842766
brp00040	103842969
brp00040	103843236
brp00040	103843635
brp00040	103843688
brp00040	103843737
brp00040	103844104
brp00040	103844229
brp00040	103844561
brp00040	103844563
brp00040	103845005
brp00040	103845199
brp00040	103845728
brp00040	103846266
brp00040	103846408
brp00040	103846441
brp00040	103846471
brp00040	103846481
brp00040	103847037
brp00040	103847061
brp00040	103847197
brp00040	103847237
brp00040	103847312
brp00040	103847348
brp00040	103848028
brp00040	103848519
brp00040	103848597
brp00040	103849010
brp00040	103849020
brp00040	103849039
brp00040	103849657
brp00040	103849910
brp00040	103849973
brp00040	103850082
brp00040	103850139
brp00040	103850282
brp00040	103850654
brp00040	103850968
brp00040	103850986
brp00040	103851024
brp00040	103851087
brp00040	103851295
brp00040	103851864
brp00040	103851871
brp00040	103852276
brp00040	103852424
brp00040	103853982
brp00040	103854159
brp00040	103854237
brp00040	103854567
brp00040	103854578
brp00040	103855145
brp00040	103855408
brp00040	103855563
brp00040	103855601
brp00040	103856110
brp00040	103856139
brp00040	103856241
brp00040	103857180
brp00040	103857474
brp00040	103857735
brp00040	103858104
brp00040	103858105
brp00040	103858168
brp00040	103858475
brp00040	103858641
brp00040	103858900
brp00040	103858923
brp00040	103859103
brp00040	103859184
brp00040	103859243
brp00040	103859245
brp00040	103859255
brp00040	103859565
brp00040	103859637
brp00040	103859732
brp00040	103860590
brp00040	103860618
brp00040	103860809
brp00040	103860974
brp00040	103861505
brp00040	103861951
brp00040	103862427
brp00040	103862557
brp00040	103863187
brp00040	103863605
brp00040	103863641
brp00040	103863829
brp00040	103863930
brp00040	103864284
brp00040	103864496
brp00040	103865247
brp00040	103865787
brp00040	103865908
brp00040	103866107
brp00040	103866108
brp00040	103866111
brp00040	103866112
brp00040	103866113
brp00040	103866173
brp00040	103866198
brp00040	103866363
brp00040	103866594
brp00040	103866751
brp00040	103866752
brp00040	103866753
brp00040	103866866
brp00040	103867160
brp00040	103867161
brp00040	103869879
brp00040	103869880
brp00040	103870041
brp00040	103870538
brp00040	103870621
brp00040	103870629
brp00040	103870630
brp00040	103870710
brp00040	103870718
brp00040	103870804
brp00040	103870875
brp00040	103870876
brp00040	103872042
brp00040	103872043
brp00040	103872235
brp00040	103872502
brp00040	103873248
brp00040	103873272
brp00040	103873738
brp00040	103873981
brp00040	103874504
brp00040	103874929
brp00040	103875023
brp00040	103875098
brp00040	103875221
brp00040	103875286
brp00040	108872254
brp00040	117132119
brp00040	117132121
brp00040	117132135
brp00051	103827616
brp00051	103828073
brp00051	103828152
brp00051	103828273
brp00051	103829602
brp00051	103829612
brp00051	103830217
brp00051	103830680
brp00051	103831107
brp00051	103831806
brp00051	103831949
brp00051	103832118
brp00051	103832662
brp00051	103832773
brp00051	103832788
brp00051	103832872
brp00051	103833143
brp00051	103835052
brp00051	103835074
brp00051	103835152
brp00051	103836456
brp00051	103836498
brp00051	103837689
brp00051	103837888
brp00051	103837987
brp00051	103839851
brp00051	103839915
brp00051	103841032
brp00051	103841225
brp00051	103841316
brp00051	103841792
brp00051	103842310
brp00051	103842537
brp00051	103842552
brp00051	103842585
brp00051	103843385
brp00051	103843479
brp00051	103843574
brp00051	103843922
brp00051	103843983
brp00051	103844077
brp00051	103844599
brp00051	103845096
brp00051	103845199
brp00051	103847249
brp00051	103847368
brp00051	103850273
brp00051	103850396
brp00051	103851815
brp00051	103852367
brp00051	103852926
brp00051	103853791
brp00051	103855348
brp00051	103855394
brp00051	103856808
brp00051	103857166
brp00051	103857280
brp00051	103857369
brp00051	103857881
brp00051	103858193
brp00051	103858555
brp00051	103858576
brp00051	103859368
brp00051	103860608
brp00051	103860697
brp00051	103861976
brp00051	103861979
brp00051	103862944
brp00051	103863161
brp00051	103863163
brp00051	103863263
brp00051	103864220
brp00051	103864252
brp00051	103864267
brp00051	103865548
brp00051	103865745
brp00051	103866006
brp00051	103866239
brp00051	103866271
brp00051	103866289
brp00051	103866923
brp00051	103867013
brp00051	103867569
brp00051	103867879
brp00051	103868032
brp00051	103868514
brp00051	103868622
brp00051	103869365
brp00051	103870907
brp00051	103871346
brp00051	103872038
brp00051	103872153
brp00051	103872568
brp00051	103872569
brp00051	103872883
brp00051	103873862
brp00051	117133897
brp00052	103827616
brp00052	103828273
brp00052	103830770
brp00052	103831714
brp00052	103832560
brp00052	103832797
brp00052	103832872
brp00052	103833584
brp00052	103833913
brp00052	103833964
brp00052	103834387
brp00052	103834845
brp00052	103835052
brp00052	103835074
brp00052	103835677
brp00052	103836145
brp00052	103836787
brp00052	103837888
brp00052	103837987
brp00052	103838037
brp00052	103838165
brp00052	103838293
brp00052	103838379
brp00052	103838508
brp00052	103838509
brp00052	103838671
brp00052	103838909
brp00052	103840790
brp00052	103840840
brp00052	103841539
brp00052	103841656
brp00052	103842186
brp00052	103842246
brp00052	103842569
brp00052	103843145
brp00052	103843355
brp00052	103843646
brp00052	103843850
brp00052	103843922
brp00052	103845096
brp00052	103845536
brp00052	103845694
brp00052	103845858
brp00052	103846437
brp00052	103846681
brp00052	103849297
brp00052	103849456
brp00052	103850012
brp00052	103850396
brp00052	103850693
brp00052	103850695
brp00052	103851337
brp00052	103851815
brp00052	103853791
brp00052	103855145
brp00052	103855779
brp00052	103855780
brp00052	103855926
brp00052	103855945
brp00052	103856116
brp00052	103856241
brp00052	103856808
brp00052	103857280
brp00052	103857608
brp00052	103858523
brp00052	103858924
brp00052	103860608
brp00052	103861448
brp00052	103861558
brp00052	103863233
brp00052	103863452
brp00052	103863987
brp00052	103865521
brp00052	103866006
brp00052	103866399
brp00052	103868514
brp00052	103868622
brp00052	103868818
brp00052	103869365
brp00052	103869626
brp00052	103870093
brp00052	103870095
brp00052	103870742
brp00052	103871058
brp00052	103871346
brp00052	103872021
brp00052	103873204
brp00052	117125650
brp00052	117133897
brp00053	103828278
brp00053	103828701
brp00053	103832079
brp00053	103832195
brp00053	103832574
brp00053	103832576
brp00053	103832634
brp00053	103833133
brp00053	103834464
brp00053	103834830
brp00053	103834979
brp00053	103835143
brp00053	103835648
brp00053	103835841
brp00053	103836413
brp00053	103836945
brp00053	103837984
brp00053	103838242
brp00053	103838791
brp00053	103839899
brp00053	103840237
brp00053	103840623
brp00053	103840735
brp00053	103841218
brp00053	103842186
brp00053	103843426
brp00053	103845074
brp00053	103845085
brp00053	103845610
brp00053	103845611
brp00053	103845612
brp00053	103846305
brp00053	103846408
brp00053	103846481
brp00053	103848043
brp00053	103849284
brp00053	103849761
brp00053	103849762
brp00053	103849851
brp00053	103850139
brp00053	103850775
brp00053	103850986
brp00053	103851061
brp00053	103851396
brp00053	103851813
brp00053	103851822
brp00053	103851903
brp00053	103852660
brp00053	103852942
brp00053	103853482
brp00053	103854214
brp00053	103854620
brp00053	103855408
brp00053	103855533
brp00053	103856139
brp00053	103857735
brp00053	103858172
brp00053	103858900
brp00053	103859275
brp00053	103859514
brp00053	103859515
brp00053	103860010
brp00053	103860476
brp00053	103861660
brp00053	103861964
brp00053	103862119
brp00053	103862253
brp00053	103862385
brp00053	103862462
brp00053	103863829
brp00053	103866436
brp00053	103866437
brp00053	103866439
brp00053	103866673
brp00053	103867160
brp00053	103867161
brp00053	103868729
brp00053	103869258
brp00053	103870173
brp00053	103870175
brp00053	103870727
brp00053	103870884
brp00053	103871036
brp00053	103871533
brp00053	103871729
brp00053	103872250
brp00053	103872760
brp00053	103873180
brp00053	103873188
brp00053	103873557
brp00053	103874594
brp00053	103875190
brp00053	108872254
brp00061	103827740
brp00061	103828233
brp00061	103828582
brp00061	103829087
brp00061	103830564
brp00061	103830674
brp00061	103831955
brp00061	103833578
brp00061	103833911
brp00061	103835584
brp00061	103836386
brp00061	103837905
brp00061	103838061
brp00061	103838201
brp00061	103838380
brp00061	103839059
brp00061	103839618
brp00061	103840132
brp00061	103843309
brp00061	103843393
brp00061	103843412
brp00061	103843798
brp00061	103845857
brp00061	103846343
brp00061	103846344
brp00061	103846406
brp00061	103850337
brp00061	103851039
brp00061	103852924
brp00061	103853538
brp00061	103853696
brp00061	103854439
brp00061	103855205
brp00061	103855855
brp00061	103856142
brp00061	103856193
brp00061	103857757
brp00061	103858091
brp00061	103858976
brp00061	103859132
brp00061	103860006
brp00061	103860266
brp00061	103860297
brp00061	103860306
brp00061	103860354
brp00061	103860355
brp00061	103861474
brp00061	103863566
brp00061	103863644
brp00061	103863650
brp00061	103864335
brp00061	103865021
brp00061	103866392
brp00061	103866745
brp00061	103867140
brp00061	103867972
brp00061	103868651
brp00061	103869849
brp00061	103870910
brp00061	103871500
brp00061	103871592
brp00061	103871796
brp00061	103872929
brp00061	103873568
brp00061	103874524
brp00061	41704060
brp00062	103827656
brp00062	103827956
brp00062	103828479
brp00062	103829117
brp00062	103829755
brp00062	103830254
brp00062	103830864
brp00062	103830968
brp00062	103831198
brp00062	103834013
brp00062	103834409
brp00062	103834530
brp00062	103836419
brp00062	103839066
brp00062	103839533
brp00062	103840151
brp00062	103840573
brp00062	103841442
brp00062	103842159
brp00062	103842643
brp00062	103843773
brp00062	103844277
brp00062	103844626
brp00062	103844672
brp00062	103846046
brp00062	103846802
brp00062	103847245
brp00062	103847281
brp00062	103848757
brp00062	103848834
brp00062	103850550
brp00062	103851552
brp00062	103852421
brp00062	103852706
brp00062	103853313
brp00062	103854573
brp00062	103855870
brp00062	103858865
brp00062	103860447
brp00062	103860746
brp00062	103860915
brp00062	103862332
brp00062	103864722
brp00062	103864907
brp00062	103866440
brp00062	103868101
brp00062	103868109
brp00062	103868136
brp00062	103871521
brp00062	103872742
brp00062	103873568
brp00071	103827804
brp00071	103827942
brp00071	103829330
brp00071	103830564
brp00071	103830574
brp00071	103831345
brp00071	103832166
brp00071	103832634
brp00071	103833133
brp00071	103833439
brp00071	103833911
brp00071	103834740
brp00071	103834979
brp00071	103835648
brp00071	103835700
brp00071	103836556
brp00071	103837234
brp00071	103837242
brp00071	103837563
brp00071	103838201
brp00071	103839215
brp00071	103839509
brp00071	103840137
brp00071	103840237
brp00071	103840735
brp00071	103841125
brp00071	103842505
brp00071	103843798
brp00071	103844046
brp00071	103844048
brp00071	103844049
brp00071	103847601
brp00071	103849627
brp00071	103851611
brp00071	103852243
brp00071	103853538
brp00071	103853925
brp00071	103854439
brp00071	103854526
brp00071	103854565
brp00071	103854788
brp00071	103856662
brp00071	103857473
brp00071	103857580
brp00071	103859132
brp00071	103859186
brp00071	103859746
brp00071	103860006
brp00071	103860297
brp00071	103860839
brp00071	103861474
brp00071	103861864
brp00071	103862462
brp00071	103863519
brp00071	103863566
brp00071	103865244
brp00071	103866392
brp00071	103867566
brp00071	103868651
brp00071	103868729
brp00071	103869051
brp00071	103869185
brp00071	103869258
brp00071	103870717
brp00071	103870719
brp00071	103870727
brp00071	103873180
brp00071	103873557
brp00071	103873937
brp00071	103874524
brp00071	103874765
brp00071	103874937
brp00071	117133757
brp00073	103829280
brp00073	103830063
brp00073	103830073
brp00073	103830771
brp00073	103830877
brp00073	103831345
brp00073	103831602
brp00073	103833324
brp00073	103834459
brp00073	103836223
brp00073	103836926
brp00073	103837170
brp00073	103838647
brp00073	103838648
brp00073	103838649
brp00073	103838650
brp00073	103838652
brp00073	103838728
brp00073	103841569
brp00073	103843234
brp00073	103843799
brp00073	103843834
brp00073	103844166
brp00073	103844662
brp00073	103844969
brp00073	103844973
brp00073	103844978
brp00073	103845220
brp00073	103845537
brp00073	103845550
brp00073	103845856
brp00073	103847271
brp00073	103849660
brp00073	103849863
brp00073	103850203
brp00073	103850209
brp00073	103850827
brp00073	103851446
brp00073	103851611
brp00073	103851685
brp00073	103851882
brp00073	103851883
brp00073	103851884
brp00073	103851930
brp00073	103852674
brp00073	103852814
brp00073	103853312
brp00073	103854285
brp00073	103854286
brp00073	103854289
brp00073	103854618
brp00073	103854909
brp00073	103855577
brp00073	103856516
brp00073	103856662
brp00073	103856731
brp00073	103856913
brp00073	103856996
brp00073	103857084
brp00073	103857486
brp00073	103857577
brp00073	103857727
brp00073	103857833
brp00073	103860518
brp00073	103863090
brp00073	103864048
brp00073	103864056
brp00073	103865264
brp00073	103865622
brp00073	103865625
brp00073	103866541
brp00073	103866938
brp00073	103867170
brp00073	103867540
brp00073	103868062
brp00073	103870288
brp00073	103870454
brp00073	103873120
brp00073	103873613
brp00073	103873656
brp00073	103873767
brp00073	103875146
brp00073	103875156
brp00073	103875271
brp00073	117127887
brp00100	103828480
brp00100	103828738
brp00100	103829457
brp00100	103830087
brp00100	103832055
brp00100	103832876
brp00100	103834400
brp00100	103836007
brp00100	103836099
brp00100	103836218
brp00100	103836444
brp00100	103836950
brp00100	103838611
brp00100	103842157
brp00100	103842220
brp00100	103842601
brp00100	103842743
brp00100	103843392
brp00100	103843402
brp00100	103843901
brp00100	103843947
brp00100	103847336
brp00100	103848761
brp00100	103850274
brp00100	103850528
brp00100	103850891
brp00100	103853483
brp00100	103854873
brp00100	103854874
brp00100	103854876
brp00100	103855549
brp00100	103856028
brp00100	103857940
brp00100	103858451
brp00100	103858971
brp00100	103858974
brp00100	103860261
brp00100	103860313
brp00100	103860345
brp00100	103862364
brp00100	103863546
brp00100	103864397
brp00100	103864965
brp00100	103865343
brp00100	103865842
brp00100	103866715
brp00100	103867449
brp00100	103869418
brp00100	103870908
brp00100	103871918
brp00100	103872154
brp00100	103872807
brp00100	103874288
brp00100	103874805
brp00100	108870355
brp00100	117125925
brp00130	103828352
brp00130	103828469
brp00130	103828683
brp00130	103829906
brp00130	103830388
brp00130	103830688
brp00130	103831048
brp00130	103833017
brp00130	103834330
brp00130	103835666
brp00130	103835877
brp00130	103838045
brp00130	103838505
brp00130	103839764
brp00130	103839765
brp00130	103840383
brp00130	103842224
brp00130	103842591
brp00130	103843547
brp00130	103844028
brp00130	103844906
brp00130	103845167
brp00130	103847188
brp00130	103851620
brp00130	103851957
brp00130	103852000
brp00130	103852208
brp00130	103852540
brp00130	103852920
brp00130	103853294
brp00130	103853939
brp00130	103854251
brp00130	103854450
brp00130	103855040
brp00130	103856761
brp00130	103857041
brp00130	103857048
brp00130	103857322
brp00130	103857323
brp00130	103858362
brp00130	103859421
brp00130	103859897
brp00130	103859898
brp00130	103861340
brp00130	103861413
brp00130	103861424
brp00130	103861830
brp00130	103862197
brp00130	103862494
brp00130	103865042
brp00130	103865043
brp00130	103865085
brp00130	103866981
brp00130	103867954
brp00130	103868301
brp00130	103868556
brp00130	103868682
brp00130	103869195
brp00130	103869196
brp00130	103869197
brp00130	103870296
brp00130	103871476
brp00130	103872693
brp00130	103875007
brp00130	103875391
brp00190	103827535
brp00190	103827675
brp00190	103828078
brp00190	103828181
brp00190	103828351
brp00190	103828410
brp00190	103829307
brp00190	103829310
brp00190	103829329
brp00190	103829438
brp00190	103829467
brp00190	103829568
brp00190	103829750
brp00190	103830181
brp00190	103830368
brp00190	103830447
brp00190	103830502
brp00190	103830510
brp00190	103831049
brp00190	103832047
brp00190	103832367
brp00190	103832377
brp00190	103832468
brp00190	103832772
brp00190	103832834
brp00190	103833659
brp00190	103833900
brp00190	103834393
brp00190	103834396
brp00190	103834555
brp00190	103834558
brp00190	103834686
brp00190	103834715
brp00190	103834836
brp00190	103834844
brp00190	103835051
brp00190	103835147
brp00190	103835154
brp00190	103835158
brp00190	103835339
brp00190	103835524
brp00190	103835699
brp00190	103835823
brp00190	103835963
brp00190	103836020
brp00190	103836044
brp00190	103836138
brp00190	103836450
brp00190	103836504
brp00190	103836565
brp00190	103836653
brp00190	103836729
brp00190	103836732
brp00190	103836837
brp00190	103836983
brp00190	103836989
brp00190	103837028
brp00190	103837626
brp00190	103837712
brp00190	103837847
brp00190	103837929
brp00190	103838009
brp00190	103838069
brp00190	103838142
brp00190	103838839
brp00190	103839455
brp00190	103839558
brp00190	103839780
brp00190	103839821
brp00190	103840380
brp00190	103840609
brp00190	103840815
brp00190	103840824
brp00190	103840942
brp00190	103841166
brp00190	103841202
brp00190	103841287
brp00190	103841748
brp00190	103841882
brp00190	103842081
brp00190	103842249
brp00190	103842528
brp00190	103842605
brp00190	103842917
brp00190	103843100
brp00190	103843638
brp00190	103843752
brp00190	103843767
brp00190	103843969
brp00190	103844002
brp00190	103844029
brp00190	103844234
brp00190	103844587
brp00190	103844615
brp00190	103844760
brp00190	103845044
brp00190	103845176
brp00190	103845648
brp00190	103845805
brp00190	103846573
brp00190	103846574
brp00190	103846695
brp00190	103847166
brp00190	103847182
brp00190	103847184
brp00190	103847217
brp00190	103847222
brp00190	103847878
brp00190	103848838
brp00190	103849176
brp00190	103850074
brp00190	103850190
brp00190	103850367
brp00190	103850708
brp00190	103850710
brp00190	103850793
brp00190	103850851
brp00190	103850868
brp00190	103850869
brp00190	103850871
brp00190	103850902
brp00190	103851196
brp00190	103851204
brp00190	103851247
brp00190	103851779
brp00190	103851890
brp00190	103852073
brp00190	103852226
brp00190	103852722
brp00190	103852852
brp00190	103853056
brp00190	103853150
brp00190	103853341
brp00190	103853496
brp00190	103853534
brp00190	103853767
brp00190	103853828
brp00190	103854189
brp00190	103854239
brp00190	103854256
brp00190	103854508
brp00190	103854752
brp00190	103855020
brp00190	103855126
brp00190	103855131
brp00190	103855282
brp00190	103855792
brp00190	103855811
brp00190	103855812
brp00190	103855828
brp00190	103855929
brp00190	103856015
brp00190	103856016
brp00190	103856017
brp00190	103856220
brp00190	103856346
brp00190	103856999
brp00190	103857112
brp00190	103857281
brp00190	103857383
brp00190	103857450
brp00190	103857694
brp00190	103858136
brp00190	103858221
brp00190	103858292
brp00190	103858533
brp00190	103858550
brp00190	103858593
brp00190	103858669
brp00190	103858753
brp00190	103858755
brp00190	103858915
brp00190	103859337
brp00190	103859436
brp00190	103859631
brp00190	103859752
brp00190	103859894
brp00190	103860344
brp00190	103860464
brp00190	103860757
brp00190	103861379
brp00190	103861430
brp00190	103861596
brp00190	103861651
brp00190	103861803
brp00190	103861816
brp00190	103861891
brp00190	103861934
brp00190	103861935
brp00190	103862324
brp00190	103862368
brp00190	103862370
brp00190	103863389
brp00190	103863474
brp00190	103863715
brp00190	103863727
brp00190	103864191
brp00190	103864270
brp00190	103864896
brp00190	103865241
brp00190	103865990
brp00190	103866143
brp00190	103866313
brp00190	103866353
brp00190	103866426
brp00190	103866807
brp00190	103866817
brp00190	103867577
brp00190	103867816
brp00190	103868164
brp00190	103868558
brp00190	103869050
brp00190	103869566
brp00190	103869894
brp00190	103869896
brp00190	103870262
brp00190	103870609
brp00190	103870977
brp00190	103871162
brp00190	103871975
brp00190	103872139
brp00190	103872158
brp00190	103872303
brp00190	103872459
brp00190	103872800
brp00190	103872821
brp00190	103874037
brp00190	103874056
brp00190	103874166
brp00190	103874913
brp00190	103875137
brp00190	103875224
brp00190	103875236
brp00190	108869119
brp00190	108869853
brp00190	117125609
brp00190	117125991
brp00190	117126232
brp00190	117129781
brp00190	117129791
brp00190	117133603
brp00190	41704052
brp00190	41704053
brp00190	41704054
brp00190	41704057
brp00190	41704058
brp00190	41704080
brp00190	41704081
brp00190	41704082
brp00190	41704083
brp00190	41704097
brp00190	41704137
brp00190	41704149
brp00190	41704153
brp00190	41704155
brp00190	41704156
brp00190	41704157
brp00190	41704158
brp00190	41704159
brp00190	56140990
brp00190	56140992
brp00190	56140996
brp00190	56141010
brp00190	56141011
brp00190	56141014
brp00190	56141017
brp00190	56141020
brp00190	56141031
brp00190	56141033
brp00190	56141039
brp00190	56141048
brp00190	56141050
brp00190	56141058
brp00190	56141060
brp00190	56141064
brp00190	56141084
brp00195	103828782
brp00195	103829310
brp00195	103829458
brp00195	103829589
brp00195	103829671
brp00195	103830206
brp00195	103830498
brp00195	103831013
brp00195	103831199
brp00195	103832056
brp00195	103832382
brp00195	103832566
brp00195	103832805
brp00195	103833131
brp00195	103833653
brp00195	103833816
brp00195	103834743
brp00195	103835217
brp00195	103835801
brp00195	103835814
brp00195	103836020
brp00195	103836470
brp00195	103836610
brp00195	103836715
brp00195	103837509
brp00195	103837674
brp00195	103837695
brp00195	103838467
brp00195	103838839
brp00195	103839748
brp00195	103839762
brp00195	103839821
brp00195	103840153
brp00195	103840210
brp00195	103840252
brp00195	103840388
brp00195	103840402
brp00195	103842995
brp00195	103843400
brp00195	103843499
brp00195	103844007
brp00195	103844017
brp00195	103844493
brp00195	103846718
brp00195	103846844
brp00195	103847722
brp00195	103848470
brp00195	103849681
brp00195	103850067
brp00195	103851204
brp00195	103852422
brp00195	103853163
brp00195	103854145
brp00195	103854241
brp00195	103855224
brp00195	103855346
brp00195	103855354
brp00195	103858315
brp00195	103858533
brp00195	103858669
brp00195	103858708
brp00195	103858917
brp00195	103861848
brp00195	103862506
brp00195	103863173
brp00195	103863666
brp00195	103864784
brp00195	103865053
brp00195	103867933
brp00195	103867946
brp00195	103868066
brp00195	103868164
brp00195	103868386
brp00195	103869852
brp00195	103870981
brp00195	103871027
brp00195	103871224
brp00195	103871530
brp00195	103871585
brp00195	103871871
brp00195	103872111
brp00195	103872730
brp00195	103872830
brp00195	103873821
brp00195	108869853
brp00195	117125991
brp00195	117126101
brp00195	117126229
brp00195	117126232
brp00195	117126236
brp00195	117127314
brp00195	117127362
brp00195	117129781
brp00195	117129783
brp00195	117129785
brp00195	117133603
brp00195	41704040
brp00195	41704044
brp00195	41704045
brp00195	41704057
brp00195	41704058
brp00195	41704061
brp00195	41704064
brp00195	41704065
brp00195	41704066
brp00195	41704067
brp00195	41704068
brp00195	41704070
brp00195	41704071
brp00195	41704075
brp00195	41704076
brp00195	41704080
brp00195	41704081
brp00195	41704082
brp00195	41704083
brp00195	41704089
brp00195	41704090
brp00195	41704095
brp00195	41704106
brp00195	41704109
brp00195	41704116
brp00195	41704117
brp00195	41704119
brp00195	41704120
brp00195	41704121
brp00195	41704154
brp00195	56140996
brp00196	103828916
brp00196	103828920
brp00196	103829997
brp00196	103830300
brp00196	103830657
brp00196	103833106
brp00196	103835251
brp00196	103835863
brp00196	103836017
brp00196	103837002
brp00196	103838443
brp00196	103838910
brp00196	103840451
brp00196	103841392
brp00196	103842881
brp00196	103844887
brp00196	103850412
brp00196	103853033
brp00196	103854220
brp00196	103857533
brp00196	103858561
brp00196	103860327
brp00196	103862822
brp00196	103865334
brp00196	103866983
brp00196	103867454
brp00196	103867457
brp00196	103870577
brp00196	103872378
brp00196	103873241
brp00196	103875194
brp00220	103827501
brp00220	103828110
brp00220	103828225
brp00220	103829276
brp00220	103830654
brp00220	103831356
brp00220	103831592
brp00220	103832472
brp00220	103832828
brp00220	103833698
brp00220	103835672
brp00220	103835961
brp00220	103838043
brp00220	103838075
brp00220	103838363
brp00220	103839002
brp00220	103840449
brp00220	103840779
brp00220	103841661
brp00220	103842798
brp00220	103845742
brp00220	103845860
brp00220	103846320
brp00220	103846769
brp00220	103847058
brp00220	103847925
brp00220	103848200
brp00220	103849205
brp00220	103850656
brp00220	103851053
brp00220	103851283
brp00220	103851376
brp00220	103852318
brp00220	103852409
brp00220	103852593
brp00220	103853233
brp00220	103855367
brp00220	103855726
brp00220	103855796
brp00220	103855915
brp00220	103858470
brp00220	103858497
brp00220	103859729
brp00220	103860949
brp00220	103861509
brp00220	103862102
brp00220	103862568
brp00220	103862653
brp00220	103863039
brp00220	103863734
brp00220	103865090
brp00220	103865603
brp00220	103867192
brp00220	103869648
brp00220	103871264
brp00220	103871469
brp00220	103872517
brp00220	103873244
brp00230	103827629
brp00230	103827773
brp00230	103827954
brp00230	103827965
brp00230	103828727
brp00230	103828734
brp00230	103828908
brp00230	103830004
brp00230	103830108
brp00230	103830112
brp00230	103830416
brp00230	103830709
brp00230	103830768
brp00230	103830776
brp00230	103831684
brp00230	103831786
brp00230	103831898
brp00230	103832423
brp00230	103832504
brp00230	103832567
brp00230	103832797
brp00230	103833477
brp00230	103833538
brp00230	103833679
brp00230	103833738
brp00230	103833912
brp00230	103834062
brp00230	103834709
brp00230	103834893
brp00230	103835082
brp00230	103835128
brp00230	103835238
brp00230	103835394
brp00230	103835420
brp00230	103835474
brp00230	103835677
brp00230	103835822
brp00230	103836307
brp00230	103836764
brp00230	103836769
brp00230	103837231
brp00230	103837465
brp00230	103837467
brp00230	103838090
brp00230	103839038
brp00230	103839150
brp00230	103839513
brp00230	103839792
brp00230	103839915
brp00230	103840164
brp00230	103840262
brp00230	103840430
brp00230	103840790
brp00230	103841414
brp00230	103841660
brp00230	103841669
brp00230	103842395
brp00230	103845250
brp00230	103845454
brp00230	103845846
brp00230	103846036
brp00230	103846748
brp00230	103846939
brp00230	103847390
brp00230	103847573
brp00230	103847901
brp00230	103847966
brp00230	103850057
brp00230	103850756
brp00230	103851651
brp00230	103852409
brp00230	103852514
brp00230	103852812
brp00230	103853404
brp00230	103853542
brp00230	103853800
brp00230	103853829
brp00230	103854012
brp00230	103854270
brp00230	103854463
brp00230	103855196
brp00230	103855214
brp00230	103855481
brp00230	103856372
brp00230	103856565
brp00230	103856882
brp00230	103857670
brp00230	103857728
brp00230	103858010
brp00230	103858450
brp00230	103858887
brp00230	103859090
brp00230	103859513
brp00230	103859710
brp00230	103859886
brp00230	103859979
brp00230	103860404
brp00230	103860821
brp00230	103860892
brp00230	103860993
brp00230	103861077
brp00230	103861312
brp00230	103861529
brp00230	103861898
brp00230	103862607
brp00230	103863037
brp00230	103863040
brp00230	103863229
brp00230	103863604
brp00230	103864500
brp00230	103865584
brp00230	103865624
brp00230	103865659
brp00230	103866145
brp00230	103866609
brp00230	103867057
brp00230	103867125
brp00230	103867363
brp00230	103867396
brp00230	103868222
brp00230	103868931
brp00230	103868958
brp00230	103870072
brp00230	103871068
brp00230	103871492
brp00230	103871761
brp00230	103871853
brp00230	103872117
brp00230	103872118
brp00230	103872425
brp00230	103872556
brp00230	103872801
brp00230	103873747
brp00230	103873752
brp00230	103874044
brp00230	103874566
brp00230	103874909
brp00230	103875249
brp00230	103875454
brp00230	108868780
brp00232	103828734
brp00232	103833679
brp00232	103836769
brp00240	103827773
brp00240	103828293
brp00240	103828559
brp00240	103828727
brp00240	103828798
brp00240	103828908
brp00240	103829174
brp00240	103829953
brp00240	103829976
brp00240	103830776
brp00240	103831356
brp00240	103831786
brp00240	103832556
brp00240	103832567
brp00240	103833477
brp00240	103833912
brp00240	103834709
brp00240	103835128
brp00240	103835238
brp00240	103835474
brp00240	103835475
brp00240	103836523
brp00240	103836808
brp00240	103836995
brp00240	103837127
brp00240	103837465
brp00240	103837528
brp00240	103839011
brp00240	103839150
brp00240	103840297
brp00240	103840430
brp00240	103840449
brp00240	103841311
brp00240	103841868
brp00240	103842395
brp00240	103843596
brp00240	103845039
brp00240	103845327
brp00240	103845368
brp00240	103845846
brp00240	103846659
brp00240	103847573
brp00240	103849069
brp00240	103850057
brp00240	103852593
brp00240	103852812
brp00240	103852871
brp00240	103853347
brp00240	103853404
brp00240	103853542
brp00240	103854261
brp00240	103854270
brp00240	103854712
brp00240	103855214
brp00240	103856882
brp00240	103857616
brp00240	103857804
brp00240	103858122
brp00240	103858399
brp00240	103859240
brp00240	103859763
brp00240	103860451
brp00240	103860530
brp00240	103860587
brp00240	103861195
brp00240	103861347
brp00240	103861529
brp00240	103861895
brp00240	103861896
brp00240	103861898
brp00240	103862355
brp00240	103863071
brp00240	103863231
brp00240	103864037
brp00240	103864500
brp00240	103865432
brp00240	103866273
brp00240	103867296
brp00240	103867409
brp00240	103868617
brp00240	103869333
brp00240	103869536
brp00240	103869649
brp00240	103870238
brp00240	103870632
brp00240	103871338
brp00240	103871492
brp00240	103872117
brp00240	103872118
brp00240	103873282
brp00240	103873747
brp00240	103873861
brp00240	103874200
brp00240	103874463
brp00240	103874707
brp00240	103875242
brp00240	103875249
brp00240	103875454
brp00240	108870772
brp00250	103828225
brp00250	103828669
brp00250	103829276
brp00250	103830112
brp00250	103831077
brp00250	103831356
brp00250	103831592
brp00250	103832421
brp00250	103832828
brp00250	103833698
brp00250	103834062
brp00250	103834779
brp00250	103834893
brp00250	103835672
brp00250	103835961
brp00250	103837641
brp00250	103838043
brp00250	103838363
brp00250	103839002
brp00250	103839037
brp00250	103839459
brp00250	103840193
brp00250	103840449
brp00250	103840779
brp00250	103840927
brp00250	103841669
brp00250	103842798
brp00250	103845742
brp00250	103845860
brp00250	103846036
brp00250	103846253
brp00250	103846320
brp00250	103846459
brp00250	103846671
brp00250	103846769
brp00250	103847058
brp00250	103847126
brp00250	103847127
brp00250	103848200
brp00250	103849205
brp00250	103850656
brp00250	103851053
brp00250	103851100
brp00250	103851253
brp00250	103851283
brp00250	103851376
brp00250	103852318
brp00250	103852593
brp00250	103854027
brp00250	103855367
brp00250	103855726
brp00250	103855856
brp00250	103855915
brp00250	103855952
brp00250	103856242
brp00250	103856243
brp00250	103856372
brp00250	103857079
brp00250	103857781
brp00250	103859327
brp00250	103859513
brp00250	103859729
brp00250	103860013
brp00250	103860370
brp00250	103860993
brp00250	103861509
brp00250	103862102
brp00250	103862653
brp00250	103863037
brp00250	103863734
brp00250	103865090
brp00250	103865668
brp00250	103867109
brp00250	103869108
brp00250	103869111
brp00250	103869333
brp00250	103869648
brp00250	103869654
brp00250	103869850
brp00250	103871264
brp00250	103871469
brp00250	103872517
brp00250	103873256
brp00250	103873584
brp00250	103873925
brp00250	103874691
brp00260	103828089
brp00260	103829276
brp00260	103829348
brp00260	103830405
brp00260	103830434
brp00260	103830679
brp00260	103830855
brp00260	103830991
brp00260	103831222
brp00260	103831592
brp00260	103831657
brp00260	103832230
brp00260	103832491
brp00260	103832507
brp00260	103832634
brp00260	103833148
brp00260	103833575
brp00260	103833647
brp00260	103833801
brp00260	103833844
brp00260	103834426
brp00260	103834557
brp00260	103834704
brp00260	103834946
brp00260	103835059
brp00260	103835672
brp00260	103835714
brp00260	103835892
brp00260	103835943
brp00260	103836051
brp00260	103836204
brp00260	103836224
brp00260	103836225
brp00260	103836310
brp00260	103836381
brp00260	103836728
brp00260	103837641
brp00260	103837797
brp00260	103837814
brp00260	103837846
brp00260	103837956
brp00260	103840158
brp00260	103840260
brp00260	103840754
brp00260	103840779
brp00260	103841367
brp00260	103843121
brp00260	103843220
brp00260	103843388
brp00260	103844934
brp00260	103845967
brp00260	103846584
brp00260	103847839
brp00260	103848201
brp00260	103848910
brp00260	103850119
brp00260	103850153
brp00260	103850857
brp00260	103850860
brp00260	103851253
brp00260	103851914
brp00260	103852803
brp00260	103853105
brp00260	103853260
brp00260	103853266
brp00260	103853518
brp00260	103853745
brp00260	103856056
brp00260	103856643
brp00260	103857558
brp00260	103857732
brp00260	103857781
brp00260	103858017
brp00260	103859270
brp00260	103859327
brp00260	103859689
brp00260	103859810
brp00260	103860370
brp00260	103860657
brp00260	103860832
brp00260	103861672
brp00260	103861915
brp00260	103862328
brp00260	103863581
brp00260	103863791
brp00260	103864163
brp00260	103864562
brp00260	103865433
brp00260	103865668
brp00260	103865952
brp00260	103867109
brp00260	103867370
brp00260	103867390
brp00260	103868133
brp00260	103869084
brp00260	103869701
brp00260	103870046
brp00260	103870493
brp00260	103870611
brp00260	103871484
brp00260	103871503
brp00260	103871606
brp00260	103871992
brp00260	103872275
brp00260	103872665
brp00260	103873553
brp00260	103874187
brp00260	103874749
brp00261	103827954
brp00261	103835822
brp00261	103836051
brp00261	103840260
brp00261	103846584
brp00261	103850857
brp00261	103851914
brp00261	103856056
brp00261	103857732
brp00261	103858112
brp00261	103859979
brp00261	103862855
brp00261	103866117
brp00261	103866210
brp00261	103866894
brp00261	103868958
brp00261	103871853
brp00261	103872275
brp00261	103872801
brp00270	103828203
brp00270	103828296
brp00270	103828510
brp00270	103828704
brp00270	103829257
brp00270	103830344
brp00270	103830431
brp00270	103830493
brp00270	103830559
brp00270	103830571
brp00270	103832114
brp00270	103832184
brp00270	103832400
brp00270	103832493
brp00270	103832545
brp00270	103832683
brp00270	103832897
brp00270	103832898
brp00270	103833147
brp00270	103833476
brp00270	103833884
brp00270	103834385
brp00270	103834426
brp00270	103834946
brp00270	103835047
brp00270	103835162
brp00270	103835646
brp00270	103835943
brp00270	103836051
brp00270	103836575
brp00270	103836799
brp00270	103837173
brp00270	103837317
brp00270	103837318
brp00270	103837332
brp00270	103837595
brp00270	103837797
brp00270	103837814
brp00270	103838043
brp00270	103838186
brp00270	103838363
brp00270	103838399
brp00270	103839226
brp00270	103839246
brp00270	103839308
brp00270	103840260
brp00270	103840733
brp00270	103840754
brp00270	103841158
brp00270	103841611
brp00270	103841966
brp00270	103841975
brp00270	103842126
brp00270	103842224
brp00270	103842448
brp00270	103842591
brp00270	103842633
brp00270	103843101
brp00270	103843208
brp00270	103843316
brp00270	103844184
brp00270	103844258
brp00270	103844651
brp00270	103844792
brp00270	103844853
brp00270	103845041
brp00270	103845103
brp00270	103845106
brp00270	103845623
brp00270	103845742
brp00270	103845798
brp00270	103845887
brp00270	103845967
brp00270	103846371
brp00270	103846584
brp00270	103847223
brp00270	103847238
brp00270	103847532
brp00270	103847645
brp00270	103848186
brp00270	103848200
brp00270	103848836
brp00270	103849160
brp00270	103849483
brp00270	103850366
brp00270	103850857
brp00270	103851137
brp00270	103851201
brp00270	103851253
brp00270	103851283
brp00270	103851376
brp00270	103851850
brp00270	103851914
brp00270	103852000
brp00270	103852010
brp00270	103852054
brp00270	103853067
brp00270	103853264
brp00270	103854450
brp00270	103854642
brp00270	103855315
brp00270	103855599
brp00270	103855915
brp00270	103856056
brp00270	103856274
brp00270	103856350
brp00270	103856476
brp00270	103856800
brp00270	103856870
brp00270	103857074
brp00270	103857642
brp00270	103857732
brp00270	103857781
brp00270	103857842
brp00270	103858362
brp00270	103858466
brp00270	103858801
brp00270	103858929
brp00270	103858959
brp00270	103859011
brp00270	103859070
brp00270	103859327
brp00270	103859706
brp00270	103859810
brp00270	103860008
brp00270	103860626
brp00270	103860794
brp00270	103860904
brp00270	103861272
brp00270	103861359
brp00270	103861360
brp00270	103861413
brp00270	103861616
brp00270	103861830
brp00270	103862102
brp00270	103862328
brp00270	103862723
brp00270	103862824
brp00270	103862931
brp00270	103863064
brp00270	103863580
brp00270	103864390
brp00270	103864396
brp00270	103864404
brp00270	103865090
brp00270	103865564
brp00270	103865668
brp00270	103865940
brp00270	103866104
brp00270	103866247
brp00270	103866743
brp00270	103867109
brp00270	103867247
brp00270	103867728
brp00270	103868121
brp00270	103868123
brp00270	103868260
brp00270	103868301
brp00270	103868374
brp00270	103868444
brp00270	103869013
brp00270	103870196
brp00270	103870949
brp00270	103871006
brp00270	103871013
brp00270	103871139
brp00270	103871365
brp00270	103871404
brp00270	103871471
brp00270	103871539
brp00270	103871652
brp00270	103871785
brp00270	103871787
brp00270	103871834
brp00270	103871899
brp00270	103872037
brp00270	103872206
brp00270	103872275
brp00270	103872432
brp00270	103873033
brp00270	103873035
brp00270	103873232
brp00270	103873920
brp00270	103874018
brp00270	103874110
brp00270	103874187
brp00270	103874481
brp00270	103874543
brp00270	103874835
brp00270	103875320
brp00270	103875335
brp00270	103875438
brp00270	117126758
brp00280	103828819
brp00280	103829636
brp00280	103830260
brp00280	103832583
brp00280	103832634
brp00280	103832897
brp00280	103832898
brp00280	103833133
brp00280	103833979
brp00280	103834215
brp00280	103834444
brp00280	103834589
brp00280	103834979
brp00280	103835561
brp00280	103835648
brp00280	103835749
brp00280	103836474
brp00280	103836475
brp00280	103836556
brp00280	103837242
brp00280	103837633
brp00280	103839509
brp00280	103840132
brp00280	103840237
brp00280	103840735
brp00280	103843316
brp00280	103843706
brp00280	103851253
brp00280	103852707
brp00280	103853500
brp00280	103853988
brp00280	103854526
brp00280	103854565
brp00280	103855358
brp00280	103855815
brp00280	103857473
brp00280	103857781
brp00280	103858342
brp00280	103859185
brp00280	103859327
brp00280	103859689
brp00280	103860033
brp00280	103860832
brp00280	103860839
brp00280	103862316
brp00280	103862462
brp00280	103863634
brp00280	103864956
brp00280	103864963
brp00280	103865244
brp00280	103865668
brp00280	103867109
brp00280	103867566
brp00280	103868041
brp00280	103868121
brp00280	103868123
brp00280	103868254
brp00280	103868729
brp00280	103869258
brp00280	103869701
brp00280	103869849
brp00280	103870046
brp00280	103870719
brp00280	103870727
brp00280	103871365
brp00280	103871503
brp00280	103871509
brp00280	103871785
brp00280	103871787
brp00280	103872977
brp00280	103873035
brp00280	103873180
brp00280	103873424
brp00280	103873557
brp00280	103874937
brp00280	103875438
brp00290	103828655
brp00290	103830170
brp00290	103831845
brp00290	103832473
brp00290	103832897
brp00290	103832898
brp00290	103833397
brp00290	103841734
brp00290	103842698
brp00290	103843316
brp00290	103847839
brp00290	103850918
brp00290	103851035
brp00290	103853240
brp00290	103853243
brp00290	103853244
brp00290	103857401
brp00290	103858046
brp00290	103859270
brp00290	103862970
brp00290	103863631
brp00290	103865158
brp00290	103866694
brp00290	103866695
brp00290	103867697
brp00290	103868121
brp00290	103868123
brp00290	103870493
brp00290	103871365
brp00290	103871785
brp00290	103871787
brp00290	103872613
brp00290	103873035
brp00290	103874743
brp00290	103875308
brp00290	103875438
brp00300	103829942
brp00300	103834462
brp00300	103836051
brp00300	103840260
brp00300	103841284
brp00300	103846584
brp00300	103846688
brp00300	103850857
brp00300	103851914
brp00300	103854764
brp00300	103855942
brp00300	103856056
brp00300	103857732
brp00300	103858112
brp00300	103861095
brp00300	103862855
brp00300	103866117
brp00300	103866210
brp00300	103866894
brp00300	103867199
brp00300	103872275
brp00310	103832634
brp00310	103833133
brp00310	103834979
brp00310	103835648
brp00310	103836205
brp00310	103836786
brp00310	103837242
brp00310	103839509
brp00310	103840237
brp00310	103840735
brp00310	103841329
brp00310	103843989
brp00310	103844718
brp00310	103844953
brp00310	103845906
brp00310	103847232
brp00310	103847241
brp00310	103847242
brp00310	103849713
brp00310	103851907
brp00310	103852077
brp00310	103854526
brp00310	103854863
brp00310	103855179
brp00310	103855596
brp00310	103856044
brp00310	103857007
brp00310	103859689
brp00310	103860832
brp00310	103860839
brp00310	103862218
brp00310	103862462
brp00310	103864378
brp00310	103864562
brp00310	103865258
brp00310	103867384
brp00310	103868359
brp00310	103868729
brp00310	103869258
brp00310	103869701
brp00310	103870046
brp00310	103870727
brp00310	103871033
brp00310	103871480
brp00310	103871503
brp00310	103873180
brp00310	103873557
brp00310	103874302
brp00310	103874937
brp00330	103827749
brp00330	103829257
brp00330	103830193
brp00330	103832634
brp00330	103833133
brp00330	103833589
brp00330	103834394
brp00330	103834453
brp00330	103834925
brp00330	103834979
brp00330	103835646
brp00330	103835648
brp00330	103835803
brp00330	103837019
brp00330	103837228
brp00330	103837669
brp00330	103838043
brp00330	103838363
brp00330	103840237
brp00330	103840733
brp00330	103840735
brp00330	103841158
brp00330	103841472
brp00330	103843101
brp00330	103843366
brp00330	103844792
brp00330	103845742
brp00330	103845798
brp00330	103845801
brp00330	103845927
brp00330	103846371
brp00330	103846455
brp00330	103847135
brp00330	103848200
brp00330	103851199
brp00330	103851201
brp00330	103851283
brp00330	103851376
brp00330	103852054
brp00330	103852077
brp00330	103852299
brp00330	103853354
brp00330	103853805
brp00330	103854470
brp00330	103854501
brp00330	103855763
brp00330	103855915
brp00330	103856027
brp00330	103856099
brp00330	103856350
brp00330	103856870
brp00330	103857883
brp00330	103858041
brp00330	103858497
brp00330	103858959
brp00330	103859149
brp00330	103860397
brp00330	103861577
brp00330	103861899
brp00330	103862102
brp00330	103862369
brp00330	103862462
brp00330	103863147
brp00330	103863344
brp00330	103863798
brp00330	103864782
brp00330	103865090
brp00330	103865746
brp00330	103866035
brp00330	103866039
brp00330	103866687
brp00330	103866693
brp00330	103867010
brp00330	103868729
brp00330	103869258
brp00330	103870727
brp00330	103872771
brp00330	103872941
brp00330	103872989
brp00330	103873157
brp00330	103873180
brp00330	103873244
brp00330	103873557
brp00330	103874104
brp00330	103874691
brp00330	103875050
brp00330	103875148
brp00340	103828719
brp00340	103832256
brp00340	103832634
brp00340	103833133
brp00340	103834546
brp00340	103834979
brp00340	103835143
brp00340	103835648
brp00340	103837505
brp00340	103838635
brp00340	103840211
brp00340	103840237
brp00340	103840735
brp00340	103852737
brp00340	103857612
brp00340	103860794
brp00340	103861359
brp00340	103861360
brp00340	103862462
brp00340	103863841
brp00340	103865181
brp00340	103866702
brp00340	103867302
brp00340	103868729
brp00340	103868926
brp00340	103869038
brp00340	103869258
brp00340	103870727
brp00340	103871753
brp00340	103873180
brp00340	103873557
brp00340	103873805
brp00350	103827521
brp00350	103827804
brp00350	103827942
brp00350	103828182
brp00350	103828183
brp00350	103829330
brp00350	103830574
brp00350	103832166
brp00350	103832256
brp00350	103833534
brp00350	103833536
brp00350	103833801
brp00350	103833844
brp00350	103835700
brp00350	103837904
brp00350	103838003
brp00350	103838043
brp00350	103838363
brp00350	103839215
brp00350	103839444
brp00350	103839873
brp00350	103840137
brp00350	103841091
brp00350	103842224
brp00350	103842505
brp00350	103842591
brp00350	103842606
brp00350	103843547
brp00350	103844028
brp00350	103845155
brp00350	103845742
brp00350	103848200
brp00350	103848201
brp00350	103851283
brp00350	103851376
brp00350	103851993
brp00350	103852000
brp00350	103852737
brp00350	103854004
brp00350	103854232
brp00350	103854450
brp00350	103854788
brp00350	103855915
brp00350	103858017
brp00350	103858362
brp00350	103859746
brp00350	103861413
brp00350	103861830
brp00350	103862102
brp00350	103864337
brp00350	103865090
brp00350	103865952
brp00350	103868133
brp00350	103868301
brp00350	103869051
brp00350	103871484
brp00350	103872031
brp00350	103874765
brp00360	103828182
brp00360	103828183
brp00360	103829920
brp00360	103832256
brp00360	103833589
brp00360	103833801
brp00360	103833844
brp00360	103837904
brp00360	103838003
brp00360	103838043
brp00360	103838363
brp00360	103841091
brp00360	103841251
brp00360	103842224
brp00360	103842591
brp00360	103842606
brp00360	103843366
brp00360	103843547
brp00360	103844028
brp00360	103845155
brp00360	103845742
brp00360	103848200
brp00360	103848201
brp00360	103851283
brp00360	103851376
brp00360	103852000
brp00360	103852737
brp00360	103853805
brp00360	103854450
brp00360	103855915
brp00360	103858017
brp00360	103858362
brp00360	103860839
brp00360	103861413
brp00360	103861830
brp00360	103862102
brp00360	103863433
brp00360	103864245
brp00360	103864337
brp00360	103865090
brp00360	103865574
brp00360	103865952
brp00360	103867229
brp00360	103868133
brp00360	103868301
brp00360	103869940
brp00360	103870475
brp00360	103871484
brp00380	103827945
brp00380	103828157
brp00380	103828182
brp00380	103828183
brp00380	103829418
brp00380	103829420
brp00380	103830431
brp00380	103830942
brp00380	103831591
brp00380	103831878
brp00380	103831884
brp00380	103832493
brp00380	103832634
brp00380	103832840
brp00380	103832841
brp00380	103833133
brp00380	103833212
brp00380	103833295
brp00380	103833480
brp00380	103833498
brp00380	103833558
brp00380	103833589
brp00380	103834365
brp00380	103834369
brp00380	103834554
brp00380	103834655
brp00380	103834745
brp00380	103834979
brp00380	103835481
brp00380	103835554
brp00380	103835648
brp00380	103835788
brp00380	103836047
brp00380	103836081
brp00380	103836205
brp00380	103837094
brp00380	103837242
brp00380	103837982
brp00380	103838003
brp00380	103838827
brp00380	103839509
brp00380	103840237
brp00380	103840452
brp00380	103840711
brp00380	103840735
brp00380	103840774
brp00380	103840776
brp00380	103842606
brp00380	103842998
brp00380	103842999
brp00380	103843366
brp00380	103843640
brp00380	103843665
brp00380	103844236
brp00380	103844240
brp00380	103844281
brp00380	103844876
brp00380	103844878
brp00380	103844953
brp00380	103845621
brp00380	103846731
brp00380	103847975
brp00380	103847977
brp00380	103848036
brp00380	103848073
brp00380	103848845
brp00380	103850766
brp00380	103850830
brp00380	103851084
brp00380	103851392
brp00380	103851907
brp00380	103851985
brp00380	103852664
brp00380	103852881
brp00380	103853264
brp00380	103853805
brp00380	103853878
brp00380	103854158
brp00380	103854526
brp00380	103854698
brp00380	103854724
brp00380	103854740
brp00380	103854829
brp00380	103856931
brp00380	103857007
brp00380	103857055
brp00380	103857338
brp00380	103859689
brp00380	103860090
brp00380	103860832
brp00380	103860839
brp00380	103861716
brp00380	103862382
brp00380	103862389
brp00380	103862393
brp00380	103862394
brp00380	103862462
brp00380	103862605
brp00380	103864341
brp00380	103865089
brp00380	103867554
brp00380	103868606
brp00380	103868698
brp00380	103868729
brp00380	103868913
brp00380	103869258
brp00380	103869701
brp00380	103870046
brp00380	103870727
brp00380	103871436
brp00380	103871503
brp00380	103872062
brp00380	103872110
brp00380	103872849
brp00380	103872850
brp00380	103872978
brp00380	103873180
brp00380	103873557
brp00380	103873635
brp00380	103874420
brp00380	103874937
brp00380	117125730
brp00380	117127354
brp00380	117127658
brp00380	117134334
brp00380	117134335
brp00380	117134336
brp00400	103830932
brp00400	103831335
brp00400	103832256
brp00400	103832310
brp00400	103832977
brp00400	103835440
brp00400	103835703
brp00400	103836212
brp00400	103836224
brp00400	103836225
brp00400	103836728
brp00400	103837205
brp00400	103837671
brp00400	103837846
brp00400	103837904
brp00400	103838043
brp00400	103838363
brp00400	103839088
brp00400	103841367
brp00400	103842224
brp00400	103842591
brp00400	103842888
brp00400	103843406
brp00400	103843407
brp00400	103844934
brp00400	103845522
brp00400	103845742
brp00400	103845884
brp00400	103846297
brp00400	103846914
brp00400	103848200
brp00400	103849983
brp00400	103850119
brp00400	103850170
brp00400	103850294
brp00400	103850592
brp00400	103851145
brp00400	103851283
brp00400	103851376
brp00400	103851454
brp00400	103852000
brp00400	103852737
brp00400	103854257
brp00400	103854450
brp00400	103854474
brp00400	103855638
brp00400	103855915
brp00400	103858107
brp00400	103858170
brp00400	103858269
brp00400	103858362
brp00400	103859154
brp00400	103859235
brp00400	103860298
brp00400	103861413
brp00400	103861672
brp00400	103861830
brp00400	103862102
brp00400	103863791
brp00400	103864163
brp00400	103864307
brp00400	103864337
brp00400	103864806
brp00400	103865090
brp00400	103866199
brp00400	103867748
brp00400	103868301
brp00400	103868667
brp00400	103869052
brp00400	103870648
brp00400	103871931
brp00400	103873609
brp00400	103874936
brp00400	103875095
brp00410	103830193
brp00410	103830260
brp00410	103831077
brp00410	103832634
brp00410	103833133
brp00410	103833801
brp00410	103833844
brp00410	103834215
brp00410	103834589
brp00410	103834979
brp00410	103835561
brp00410	103835648
brp00410	103836474
brp00410	103836475
brp00410	103837528
brp00410	103837563
brp00410	103837633
brp00410	103839011
brp00410	103839037
brp00410	103839459
brp00410	103840237
brp00410	103840735
brp00410	103840927
brp00410	103841125
brp00410	103844046
brp00410	103844048
brp00410	103844049
brp00410	103846253
brp00410	103846659
brp00410	103847601
brp00410	103848201
brp00410	103851100
brp00410	103852299
brp00410	103853354
brp00410	103854027
brp00410	103855358
brp00410	103856027
brp00410	103856242
brp00410	103856243
brp00410	103857580
brp00410	103858017
brp00410	103858041
brp00410	103858649
brp00410	103860033
brp00410	103860839
brp00410	103861899
brp00410	103862462
brp00410	103863634
brp00410	103864956
brp00410	103864963
brp00410	103865952
brp00410	103866035
brp00410	103866687
brp00410	103868041
brp00410	103868133
brp00410	103868254
brp00410	103868729
brp00410	103869185
brp00410	103869258
brp00410	103869649
brp00410	103869654
brp00410	103870727
brp00410	103871484
brp00410	103873180
brp00410	103873557
brp00410	103873861
brp00410	103873937
brp00410	103874993
brp00410	117133757
brp00430	103828027
brp00430	103828028
brp00430	103831077
brp00430	103835109
brp00430	103835857
brp00430	103839037
brp00430	103839459
brp00430	103840927
brp00430	103842653
brp00430	103842655
brp00430	103842778
brp00430	103846253
brp00430	103850940
brp00430	103851034
brp00430	103851100
brp00430	103853781
brp00430	103854027
brp00430	103856242
brp00430	103856243
brp00430	103861882
brp00430	103862145
brp00430	103869654
brp00430	103872723
brp00440	103843045
brp00440	103843610
brp00440	103847616
brp00440	103854087
brp00440	103857417
brp00440	103857803
brp00440	103865679
brp00440	103867086
brp00440	103867630
brp00440	103871315
brp00440	103872056
brp00440	103874581
brp00440	103875369
brp00450	103827954
brp00450	103833414
brp00450	103834952
brp00450	103835822
brp00450	103837804
brp00450	103837805
brp00450	103838186
brp00450	103841446
brp00450	103841611
brp00450	103845623
brp00450	103845887
brp00450	103851137
brp00450	103852205
brp00450	103856274
brp00450	103856476
brp00450	103857991
brp00450	103859011
brp00450	103859979
brp00450	103862407
brp00450	103863064
brp00450	103863598
brp00450	103866575
brp00450	103868958
brp00450	103871590
brp00450	103871853
brp00450	103872801
brp00450	103874128
brp00460	103828027
brp00460	103828028
brp00460	103828204
brp00460	103830245
brp00460	103830855
brp00460	103831159
brp00460	103831409
brp00460	103831615
brp00460	103831657
brp00460	103831793
brp00460	103833148
brp00460	103833575
brp00460	103834236
brp00460	103834557
brp00460	103835059
brp00460	103835109
brp00460	103835230
brp00460	103835599
brp00460	103835714
brp00460	103838621
brp00460	103838824
brp00460	103838831
brp00460	103840193
brp00460	103840622
brp00460	103841863
brp00460	103841864
brp00460	103841865
brp00460	103841866
brp00460	103841966
brp00460	103842078
brp00460	103842079
brp00460	103844557
brp00460	103844910
brp00460	103845624
brp00460	103846819
brp00460	103846879
brp00460	103847126
brp00460	103847127
brp00460	103847250
brp00460	103848073
brp00460	103848211
brp00460	103849163
brp00460	103850577
brp00460	103850860
brp00460	103850940
brp00460	103851034
brp00460	103851084
brp00460	103851390
brp00460	103851433
brp00460	103852822
brp00460	103852995
brp00460	103853781
brp00460	103855592
brp00460	103856474
brp00460	103856643
brp00460	103856931
brp00460	103858255
brp00460	103858845
brp00460	103858933
brp00460	103859306
brp00460	103859429
brp00460	103861250
brp00460	103861251
brp00460	103861882
brp00460	103862145
brp00460	103862779
brp00460	103862824
brp00460	103862905
brp00460	103862906
brp00460	103862908
brp00460	103863581
brp00460	103864958
brp00460	103865089
brp00460	103866139
brp00460	103866140
brp00460	103866141
brp00460	103866797
brp00460	103866798
brp00460	103866799
brp00460	103866801
brp00460	103866802
brp00460	103866803
brp00460	103866804
brp00460	103867598
brp00460	103868313
brp00460	103869084
brp00460	103869850
brp00460	103870188
brp00460	103870763
brp00460	103870764
brp00460	103872284
brp00460	103873269
brp00460	103873275
brp00460	117125636
brp00470	103829942
brp00470	103841284
brp00470	103846688
brp00470	103853518
brp00470	103855942
brp00470	103867199
brp00470	103871471
brp00470	103875320
brp00480	103827773
brp00480	103828027
brp00480	103828028
brp00480	103828679
brp00480	103828727
brp00480	103829082
brp00480	103829224
brp00480	103829257
brp00480	103829825
brp00480	103830157
brp00480	103830386
brp00480	103830523
brp00480	103830524
brp00480	103830525
brp00480	103830526
brp00480	103830902
brp00480	103831074
brp00480	103831537
brp00480	103831538
brp00480	103831540
brp00480	103831930
brp00480	103832195
brp00480	103832315
brp00480	103832317
brp00480	103833691
brp00480	103833854
brp00480	103834622
brp00480	103835109
brp00480	103835128
brp00480	103835415
brp00480	103835646
brp00480	103835841
brp00480	103835969
brp00480	103836338
brp00480	103836413
brp00480	103836637
brp00480	103836736
brp00480	103836737
brp00480	103836988
brp00480	103837115
brp00480	103837332
brp00480	103837644
brp00480	103838225
brp00480	103838277
brp00480	103838587
brp00480	103838590
brp00480	103838791
brp00480	103840683
brp00480	103840733
brp00480	103841369
brp00480	103841419
brp00480	103842214
brp00480	103842373
brp00480	103842803
brp00480	103842804
brp00480	103842805
brp00480	103842808
brp00480	103843012
brp00480	103843130
brp00480	103843304
brp00480	103843426
brp00480	103843727
brp00480	103844545
brp00480	103844547
brp00480	103844548
brp00480	103844549
brp00480	103844792
brp00480	103846264
brp00480	103846305
brp00480	103846601
brp00480	103847573
brp00480	103847733
brp00480	103848038
brp00480	103848043
brp00480	103848203
brp00480	103849094
brp00480	103849095
brp00480	103850096
brp00480	103850195
brp00480	103850213
brp00480	103850458
brp00480	103850459
brp00480	103850940
brp00480	103851034
brp00480	103851061
brp00480	103851089
brp00480	103851987
brp00480	103852054
brp00480	103852260
brp00480	103852296
brp00480	103852304
brp00480	103852619
brp00480	103852621
brp00480	103852912
brp00480	103852942
brp00480	103853124
brp00480	103853516
brp00480	103853781
brp00480	103854270
brp00480	103855138
brp00480	103856000
brp00480	103856088
brp00480	103857341
brp00480	103857342
brp00480	103857388
brp00480	103858064
brp00480	103858256
brp00480	103858271
brp00480	103858758
brp00480	103858759
brp00480	103860019
brp00480	103860476
brp00480	103860794
brp00480	103861359
brp00480	103861360
brp00480	103861882
brp00480	103862090
brp00480	103862119
brp00480	103862145
brp00480	103862385
brp00480	103862750
brp00480	103862778
brp00480	103863219
brp00480	103863708
brp00480	103864045
brp00480	103864066
brp00480	103864104
brp00480	103864523
brp00480	103864966
brp00480	103864970
brp00480	103864971
brp00480	103864972
brp00480	103865082
brp00480	103866325
brp00480	103866350
brp00480	103867865
brp00480	103868034
brp00480	103868035
brp00480	103868203
brp00480	103868413
brp00480	103868452
brp00480	103868693
brp00480	103870918
brp00480	103871487
brp00480	103871533
brp00480	103871729
brp00480	103871807
brp00480	103872504
brp00480	103872505
brp00480	103872506
brp00480	103872760
brp00480	103873652
brp00480	103874175
brp00480	103874543
brp00480	103874685
brp00480	103875231
brp00480	103875249
brp00500	103828025
brp00500	103828058
brp00500	103828071
brp00500	103828074
brp00500	103828204
brp00500	103828273
brp00500	103828545
brp00500	103828653
brp00500	103829306
brp00500	103829706
brp00500	103830217
brp00500	103830245
brp00500	103830752
brp00500	103830875
brp00500	103830990
brp00500	103831107
brp00500	103831159
brp00500	103831409
brp00500	103831524
brp00500	103831605
brp00500	103831615
brp00500	103831659
brp00500	103831714
brp00500	103831821
brp00500	103832061
brp00500	103832235
brp00500	103832336
brp00500	103832587
brp00500	103832788
brp00500	103832797
brp00500	103832861
brp00500	103832872
brp00500	103833085
brp00500	103833505
brp00500	103833584
brp00500	103833964
brp00500	103834053
brp00500	103834236
brp00500	103834387
brp00500	103834709
brp00500	103835052
brp00500	103835097
brp00500	103835230
brp00500	103835599
brp00500	103835645
brp00500	103835677
brp00500	103836214
brp00500	103836215
brp00500	103836479
brp00500	103836498
brp00500	103836621
brp00500	103836761
brp00500	103836763
brp00500	103836914
brp00500	103837558
brp00500	103837918
brp00500	103837987
brp00500	103838037
brp00500	103838161
brp00500	103838202
brp00500	103838379
brp00500	103838621
brp00500	103838824
brp00500	103838831
brp00500	103839024
brp00500	103839286
brp00500	103839915
brp00500	103840622
brp00500	103840787
brp00500	103840790
brp00500	103840840
brp00500	103841339
brp00500	103841792
brp00500	103841863
brp00500	103841864
brp00500	103841865
brp00500	103841866
brp00500	103842078
brp00500	103842079
brp00500	103842569
brp00500	103843145
brp00500	103843574
brp00500	103843735
brp00500	103843922
brp00500	103844042
brp00500	103844077
brp00500	103844106
brp00500	103844199
brp00500	103844518
brp00500	103844557
brp00500	103844910
brp00500	103845244
brp00500	103845536
brp00500	103845624
brp00500	103845641
brp00500	103845691
brp00500	103845771
brp00500	103846681
brp00500	103846836
brp00500	103847250
brp00500	103847372
brp00500	103848044
brp00500	103848211
brp00500	103848388
brp00500	103849163
brp00500	103849456
brp00500	103850012
brp00500	103851217
brp00500	103851339
brp00500	103851390
brp00500	103851660
brp00500	103852049
brp00500	103852070
brp00500	103852148
brp00500	103852247
brp00500	103852319
brp00500	103852641
brp00500	103852724
brp00500	103852995
brp00500	103853109
brp00500	103853134
brp00500	103853404
brp00500	103853568
brp00500	103853626
brp00500	103854051
brp00500	103854138
brp00500	103855145
brp00500	103855280
brp00500	103855592
brp00500	103855850
brp00500	103855902
brp00500	103855926
brp00500	103855945
brp00500	103856241
brp00500	103856465
brp00500	103856474
brp00500	103857166
brp00500	103857280
brp00500	103857369
brp00500	103857590
brp00500	103857608
brp00500	103858134
brp00500	103858255
brp00500	103858416
brp00500	103858505
brp00500	103858523
brp00500	103858555
brp00500	103858588
brp00500	103859306
brp00500	103859429
brp00500	103860025
brp00500	103860163
brp00500	103860895
brp00500	103860941
brp00500	103861250
brp00500	103861251
brp00500	103861317
brp00500	103861458
brp00500	103861475
brp00500	103861499
brp00500	103861669
brp00500	103861701
brp00500	103861898
brp00500	103861904
brp00500	103862032
brp00500	103862344
brp00500	103862621
brp00500	103862779
brp00500	103862905
brp00500	103862906
brp00500	103862908
brp00500	103862944
brp00500	103863242
brp00500	103863452
brp00500	103863471
brp00500	103864283
brp00500	103864328
brp00500	103864958
brp00500	103865486
brp00500	103865521
brp00500	103865540
brp00500	103865837
brp00500	103866139
brp00500	103866140
brp00500	103866141
brp00500	103866523
brp00500	103866797
brp00500	103866798
brp00500	103866799
brp00500	103866801
brp00500	103866802
brp00500	103866803
brp00500	103866804
brp00500	103866809
brp00500	103866811
brp00500	103866812
brp00500	103866930
brp00500	103866998
brp00500	103867285
brp00500	103867598
brp00500	103867633
brp00500	103867851
brp00500	103867879
brp00500	103868221
brp00500	103868313
brp00500	103868315
brp00500	103868361
brp00500	103868568
brp00500	103868622
brp00500	103868664
brp00500	103868753
brp00500	103868818
brp00500	103869322
brp00500	103869365
brp00500	103870093
brp00500	103870095
brp00500	103870118
brp00500	103870188
brp00500	103870742
brp00500	103870763
brp00500	103870764
brp00500	103870956
brp00500	103871058
brp00500	103871346
brp00500	103871434
brp00500	103871863
brp00500	103871924
brp00500	103872021
brp00500	103872284
brp00500	103872485
brp00500	103872487
brp00500	103873269
brp00500	103873275
brp00500	103873279
brp00500	103873621
brp00500	103873941
brp00500	103874008
brp00500	103874297
brp00500	103874391
brp00500	103874772
brp00500	103874945
brp00500	103875021
brp00500	103875081
brp00500	117125636
brp00500	117125650
brp00510	103827559
brp00510	103828113
brp00510	103829083
brp00510	103829371
brp00510	103829424
brp00510	103829578
brp00510	103831003
brp00510	103831024
brp00510	103831105
brp00510	103831124
brp00510	103832096
brp00510	103832355
brp00510	103832838
brp00510	103833045
brp00510	103835247
brp00510	103835736
brp00510	103835980
brp00510	103836130
brp00510	103836227
brp00510	103837502
brp00510	103837643
brp00510	103837704
brp00510	103837771
brp00510	103840023
brp00510	103840178
brp00510	103840441
brp00510	103841628
brp00510	103842844
brp00510	103843832
brp00510	103844697
brp00510	103845411
brp00510	103845732
brp00510	103846037
brp00510	103846480
brp00510	103847407
brp00510	103847445
brp00510	103849446
brp00510	103850472
brp00510	103850931
brp00510	103850958
brp00510	103852899
brp00510	103853218
brp00510	103853335
brp00510	103854046
brp00510	103855464
brp00510	103855472
brp00510	103856081
brp00510	103856103
brp00510	103856164
brp00510	103856390
brp00510	103857872
brp00510	103858773
brp00510	103859452
brp00510	103859891
brp00510	103860332
brp00510	103860978
brp00510	103861216
brp00510	103861900
brp00510	103861913
brp00510	103863061
brp00510	103863785
brp00510	103866347
brp00510	103866562
brp00510	103866821
brp00510	103866971
brp00510	103867029
brp00510	103867627
brp00510	103868894
brp00510	103869203
brp00510	103869265
brp00510	103870995
brp00510	103871276
brp00510	103871967
brp00510	103872447
brp00510	103872475
brp00510	103873005
brp00510	103873203
brp00510	103873801
brp00510	103875208
brp00510	117125614
brp00511	103828725
brp00511	103830770
brp00511	103831061
brp00511	103831209
brp00511	103832395
brp00511	103837673
brp00511	103839946
brp00511	103840054
brp00511	103843598
brp00511	103847098
brp00511	103853572
brp00511	103855628
brp00511	103856046
brp00511	103858421
brp00511	103860603
brp00511	103863181
brp00511	103863233
brp00511	103864822
brp00511	103875277
brp00513	103827559
brp00513	103828113
brp00513	103829205
brp00513	103829371
brp00513	103829578
brp00513	103831061
brp00513	103831105
brp00513	103831124
brp00513	103831713
brp00513	103832096
brp00513	103832355
brp00513	103832838
brp00513	103832922
brp00513	103835247
brp00513	103835736
brp00513	103835980
brp00513	103836227
brp00513	103837704
brp00513	103840023
brp00513	103840178
brp00513	103840441
brp00513	103842844
brp00513	103843598
brp00513	103843832
brp00513	103844697
brp00513	103845411
brp00513	103845732
brp00513	103847445
brp00513	103850958
brp00513	103853218
brp00513	103853335
brp00513	103854046
brp00513	103855472
brp00513	103856103
brp00513	103856164
brp00513	103856390
brp00513	103856986
brp00513	103858773
brp00513	103859452
brp00513	103859891
brp00513	103860332
brp00513	103860978
brp00513	103861216
brp00513	103861900
brp00513	103861913
brp00513	103863181
brp00513	103866347
brp00513	103866971
brp00513	103868894
brp00513	103869203
brp00513	103869265
brp00513	103869473
brp00513	103871276
brp00513	103871397
brp00513	103872447
brp00513	103872475
brp00513	103873005
brp00514	103835845
brp00514	103835964
brp00514	103837084
brp00514	103846569
brp00514	103850053
brp00514	103850878
brp00514	103852192
brp00514	103854763
brp00514	103856021
brp00514	103858895
brp00514	103859396
brp00514	103864620
brp00514	103865462
brp00514	103867343
brp00514	103870335
brp00514	103871110
brp00514	103872734
brp00520	103827612
brp00520	103827897
brp00520	103828058
brp00520	103828105
brp00520	103828273
brp00520	103828545
brp00520	103828576
brp00520	103828669
brp00520	103828701
brp00520	103829766
brp00520	103830217
brp00520	103830371
brp00520	103830680
brp00520	103831061
brp00520	103831107
brp00520	103831146
brp00520	103831949
brp00520	103832079
brp00520	103832767
brp00520	103832788
brp00520	103832797
brp00520	103832872
brp00520	103833836
brp00520	103833913
brp00520	103834131
brp00520	103834170
brp00520	103835052
brp00520	103835677
brp00520	103835897
brp00520	103836145
brp00520	103836401
brp00520	103836498
brp00520	103836945
brp00520	103837535
brp00520	103837987
brp00520	103838165
brp00520	103838293
brp00520	103838693
brp00520	103839024
brp00520	103839173
brp00520	103839286
brp00520	103839899
brp00520	103840271
brp00520	103840373
brp00520	103840382
brp00520	103840623
brp00520	103840790
brp00520	103841275
brp00520	103841355
brp00520	103841792
brp00520	103841935
brp00520	103842085
brp00520	103842186
brp00520	103842932
brp00520	103843002
brp00520	103843385
brp00520	103843410
brp00520	103843495
brp00520	103843574
brp00520	103843598
brp00520	103843778
brp00520	103843922
brp00520	103844008
brp00520	103844077
brp00520	103844106
brp00520	103844345
brp00520	103844566
brp00520	103844782
brp00520	103845043
brp00520	103845514
brp00520	103845771
brp00520	103845858
brp00520	103845873
brp00520	103846009
brp00520	103846324
brp00520	103846389
brp00520	103846395
brp00520	103846408
brp00520	103846481
brp00520	103846862
brp00520	103847226
brp00520	103847339
brp00520	103847584
brp00520	103847766
brp00520	103849297
brp00520	103849843
brp00520	103850131
brp00520	103850139
brp00520	103850986
brp00520	103850998
brp00520	103851002
brp00520	103851217
brp00520	103851587
brp00520	103852367
brp00520	103852660
brp00520	103852926
brp00520	103853482
brp00520	103854620
brp00520	103855145
brp00520	103855248
brp00520	103856139
brp00520	103856155
brp00520	103856241
brp00520	103856639
brp00520	103857166
brp00520	103857280
brp00520	103857315
brp00520	103857369
brp00520	103857749
brp00520	103857802
brp00520	103857881
brp00520	103858078
brp00520	103858079
brp00520	103858080
brp00520	103858081
brp00520	103858082
brp00520	103858083
brp00520	103858172
brp00520	103858193
brp00520	103858252
brp00520	103858314
brp00520	103858454
brp00520	103858555
brp00520	103858576
brp00520	103858776
brp00520	103858900
brp00520	103858948
brp00520	103858952
brp00520	103858953
brp00520	103859324
brp00520	103859361
brp00520	103859446
brp00520	103859448
brp00520	103860010
brp00520	103860013
brp00520	103860061
brp00520	103860270
brp00520	103861448
brp00520	103861499
brp00520	103861558
brp00520	103861964
brp00520	103861976
brp00520	103861979
brp00520	103862211
brp00520	103862344
brp00520	103862773
brp00520	103862842
brp00520	103862944
brp00520	103863181
brp00520	103863401
brp00520	103863829
brp00520	103864220
brp00520	103864283
brp00520	103864808
brp00520	103864918
brp00520	103865054
brp00520	103865678
brp00520	103865745
brp00520	103865791
brp00520	103866088
brp00520	103866089
brp00520	103866239
brp00520	103866466
brp00520	103866725
brp00520	103866726
brp00520	103866727
brp00520	103866923
brp00520	103867013
brp00520	103867087
brp00520	103867366
brp00520	103867398
brp00520	103867413
brp00520	103867879
brp00520	103868622
brp00520	103869365
brp00520	103869436
brp00520	103870085
brp00520	103870249
brp00520	103870441
brp00520	103870583
brp00520	103870735
brp00520	103870907
brp00520	103870925
brp00520	103871346
brp00520	103871568
brp00520	103872654
brp00520	103874278
brp00520	103874594
brp00520	103874945
brp00520	108872254
brp00520	117125733
brp00531	103830770
brp00531	103831061
brp00531	103833744
brp00531	103843598
brp00531	103847113
brp00531	103850890
brp00531	103860580
brp00531	103863181
brp00540	103828530
brp00540	103834710
brp00540	103835438
brp00540	103839758
brp00540	103847360
brp00540	103848868
brp00541	103829612
brp00541	103829989
brp00541	103830480
brp00541	103830680
brp00541	103831806
brp00541	103831949
brp00541	103832335
brp00541	103832703
brp00541	103833836
brp00541	103838351
brp00541	103840271
brp00541	103840623
brp00541	103841032
brp00541	103841505
brp00541	103841815
brp00541	103842186
brp00541	103845902
brp00541	103846408
brp00541	103849942
brp00541	103850139
brp00541	103850986
brp00541	103851127
brp00541	103852926
brp00541	103853194
brp00541	103855145
brp00541	103855348
brp00541	103856139
brp00541	103856241
brp00541	103856261
brp00541	103856419
brp00541	103857881
brp00541	103858576
brp00541	103860697
brp00541	103861976
brp00541	103861979
brp00541	103863215
brp00541	103863829
brp00541	103864220
brp00541	103865745
brp00541	103867013
brp00541	103867398
brp00541	103868430
brp00541	103869992
brp00541	103871125
brp00541	103871990
brp00541	103872486
brp00541	103872568
brp00541	103872569
brp00541	108872254
brp00543	103832545
brp00543	103845106
brp00543	103856800
brp00543	103868374
brp00543	103870196
brp00543	103871006
brp00543	103874110
brp00561	103827601
brp00561	103828011
brp00561	103828297
brp00561	103828372
brp00561	103830019
brp00561	103830087
brp00561	103830115
brp00561	103830434
brp00561	103830437
brp00561	103830672
brp00561	103830750
brp00561	103831828
brp00561	103832485
brp00561	103832491
brp00561	103832634
brp00561	103833019
brp00561	103833133
brp00561	103833324
brp00561	103833672
brp00561	103834979
brp00561	103835648
brp00561	103835908
brp00561	103836791
brp00561	103836912
brp00561	103836923
brp00561	103837651
brp00561	103837663
brp00561	103837919
brp00561	103837958
brp00561	103838018
brp00561	103838345
brp00561	103838728
brp00561	103839275
brp00561	103839503
brp00561	103840179
brp00561	103840237
brp00561	103840735
brp00561	103841505
brp00561	103841539
brp00561	103841671
brp00561	103842575
brp00561	103842921
brp00561	103843800
brp00561	103844032
brp00561	103844589
brp00561	103844663
brp00561	103845181
brp00561	103845477
brp00561	103845974
brp00561	103846420
brp00561	103846553
brp00561	103846954
brp00561	103847336
brp00561	103847496
brp00561	103848085
brp00561	103848747
brp00561	103849855
brp00561	103849863
brp00561	103850131
brp00561	103850209
brp00561	103850528
brp00561	103850671
brp00561	103850693
brp00561	103850695
brp00561	103850885
brp00561	103851349
brp00561	103851545
brp00561	103852752
brp00561	103852928
brp00561	103853254
brp00561	103853260
brp00561	103854285
brp00561	103854286
brp00561	103854289
brp00561	103855165
brp00561	103855408
brp00561	103855432
brp00561	103855549
brp00561	103855751
brp00561	103855779
brp00561	103855780
brp00561	103856737
brp00561	103857735
brp00561	103858788
brp00561	103858975
brp00561	103860711
brp00561	103861593
brp00561	103861810
brp00561	103861980
brp00561	103862083
brp00561	103862211
brp00561	103862462
brp00561	103863035
brp00561	103863185
brp00561	103864056
brp00561	103865652
brp00561	103865714
brp00561	103865715
brp00561	103867137
brp00561	103867160
brp00561	103867161
brp00561	103868578
brp00561	103868729
brp00561	103868895
brp00561	103869258
brp00561	103869518
brp00561	103869593
brp00561	103870290
brp00561	103870321
brp00561	103870350
brp00561	103870537
brp00561	103870727
brp00561	103870741
brp00561	103870909
brp00561	103871988
brp00561	103872340
brp00561	103873180
brp00561	103873557
brp00561	103873784
brp00561	103875271
brp00561	117132429
brp00562	103828094
brp00562	103828278
brp00562	103829320
brp00562	103830078
brp00562	103830992
brp00562	103831220
brp00562	103832250
brp00562	103834460
brp00562	103835143
brp00562	103835178
brp00562	103835694
brp00562	103835710
brp00562	103835719
brp00562	103836876
brp00562	103837273
brp00562	103837393
brp00562	103837510
brp00562	103837633
brp00562	103837660
brp00562	103837906
brp00562	103837984
brp00562	103838479
brp00562	103838506
brp00562	103839278
brp00562	103840013
brp00562	103840263
brp00562	103841072
brp00562	103841495
brp00562	103841600
brp00562	103842143
brp00562	103842149
brp00562	103842218
brp00562	103842310
brp00562	103842552
brp00562	103842754
brp00562	103842755
brp00562	103843268
brp00562	103843331
brp00562	103843966
brp00562	103844249
brp00562	103844358
brp00562	103844650
brp00562	103845299
brp00562	103845301
brp00562	103845302
brp00562	103845304
brp00562	103845640
brp00562	103846299
brp00562	103846446
brp00562	103847062
brp00562	103847280
brp00562	103847443
brp00562	103848640
brp00562	103848812
brp00562	103848861
brp00562	103848932
brp00562	103849070
brp00562	103849851
brp00562	103850078
brp00562	103850140
brp00562	103850336
brp00562	103850551
brp00562	103851380
brp00562	103851627
brp00562	103851631
brp00562	103851813
brp00562	103852440
brp00562	103852564
brp00562	103852695
brp00562	103853093
brp00562	103855221
brp00562	103855225
brp00562	103855941
brp00562	103856107
brp00562	103856211
brp00562	103856466
brp00562	103856668
brp00562	103857907
brp00562	103857971
brp00562	103858920
brp00562	103859253
brp00562	103859563
brp00562	103860402
brp00562	103860644
brp00562	103860962
brp00562	103862265
brp00562	103863076
brp00562	103863161
brp00562	103863163
brp00562	103863617
brp00562	103863839
brp00562	103864252
brp00562	103864334
brp00562	103864845
brp00562	103866016
brp00562	103866540
brp00562	103866759
brp00562	103866980
brp00562	103868655
brp00562	103868850
brp00562	103869460
brp00562	103870054
brp00562	103870506
brp00562	103870613
brp00562	103870884
brp00562	103871306
brp00562	103871413
brp00562	103871767
brp00562	103871866
brp00562	103872250
brp00562	103872374
brp00562	103872519
brp00562	103873127
brp00562	103873815
brp00562	103873817
brp00562	103873819
brp00562	103873826
brp00562	103874784
brp00562	103875176
brp00563	103827699
brp00563	103830144
brp00563	103832653
brp00563	103836005
brp00563	103836203
brp00563	103837881
brp00563	103838341
brp00563	103838661
brp00563	103841623
brp00563	103841710
brp00563	103842843
brp00563	103842867
brp00563	103843219
brp00563	103843382
brp00563	103845779
brp00563	103846261
brp00563	103847450
brp00563	103850953
brp00563	103851426
brp00563	103852899
brp00563	103854245
brp00563	103854976
brp00563	103858173
brp00563	103862415
brp00563	103865719
brp00563	103865721
brp00563	103867040
brp00563	103867402
brp00563	103870695
brp00563	103870698
brp00563	103870975
brp00563	103871616
brp00563	103872404
brp00563	103872448
brp00563	103874651
brp00563	103875229
brp00563	103875346
brp00563	117125614
brp00564	103827601
brp00564	103828011
brp00564	103828372
brp00564	103828818
brp00564	103829628
brp00564	103830006
brp00564	103830019
brp00564	103830087
brp00564	103830115
brp00564	103830186
brp00564	103830467
brp00564	103830672
brp00564	103830713
brp00564	103830715
brp00564	103830744
brp00564	103830992
brp00564	103831220
brp00564	103831678
brp00564	103831895
brp00564	103831902
brp00564	103832345
brp00564	103832443
brp00564	103832484
brp00564	103832709
brp00564	103833297
brp00564	103833314
brp00564	103833672
brp00564	103834928
brp00564	103835178
brp00564	103836791
brp00564	103836923
brp00564	103837663
brp00564	103837919
brp00564	103838018
brp00564	103838345
brp00564	103838396
brp00564	103838694
brp00564	103838849
brp00564	103839248
brp00564	103839275
brp00564	103839503
brp00564	103839811
brp00564	103840026
brp00564	103840179
brp00564	103840526
brp00564	103840583
brp00564	103841418
brp00564	103841671
brp00564	103841908
brp00564	103842575
brp00564	103842918
brp00564	103842921
brp00564	103843045
brp00564	103843610
brp00564	103843800
brp00564	103843966
brp00564	103844032
brp00564	103844249
brp00564	103844589
brp00564	103844663
brp00564	103844688
brp00564	103845477
brp00564	103845974
brp00564	103846141
brp00564	103846420
brp00564	103846954
brp00564	103847122
brp00564	103847336
brp00564	103847604
brp00564	103847616
brp00564	103848085
brp00564	103848739
brp00564	103848808
brp00564	103849862
brp00564	103849909
brp00564	103850186
brp00564	103850206
brp00564	103850528
brp00564	103850671
brp00564	103851324
brp00564	103852440
brp00564	103852752
brp00564	103852928
brp00564	103853142
brp00564	103853212
brp00564	103853306
brp00564	103854087
brp00564	103854757
brp00564	103855151
brp00564	103855549
brp00564	103855751
brp00564	103856417
brp00564	103856737
brp00564	103857417
brp00564	103857769
brp00564	103857803
brp00564	103857858
brp00564	103857987
brp00564	103858158
brp00564	103858180
brp00564	103858610
brp00564	103858788
brp00564	103858975
brp00564	103859095
brp00564	103859634
brp00564	103859939
brp00564	103859981
brp00564	103860094
brp00564	103861062
brp00564	103861810
brp00564	103861980
brp00564	103862436
brp00564	103863035
brp00564	103863195
brp00564	103863759
brp00564	103864010
brp00564	103864052
brp00564	103864845
brp00564	103865652
brp00564	103865679
brp00564	103865827
brp00564	103866019
brp00564	103866226
brp00564	103866569
brp00564	103866590
brp00564	103866837
brp00564	103867086
brp00564	103867137
brp00564	103867630
brp00564	103868431
brp00564	103868432
brp00564	103868487
brp00564	103868492
brp00564	103868578
brp00564	103868741
brp00564	103868895
brp00564	103869284
brp00564	103869518
brp00564	103869593
brp00564	103869623
brp00564	103869734
brp00564	103869877
brp00564	103869891
brp00564	103870290
brp00564	103870350
brp00564	103870473
brp00564	103870537
brp00564	103870644
brp00564	103870909
brp00564	103871055
brp00564	103871315
brp00564	103871458
brp00564	103871663
brp00564	103871988
brp00564	103872056
brp00564	103872302
brp00564	103873127
brp00564	103873479
brp00564	103873784
brp00564	103874156
brp00564	103874376
brp00564	103874399
brp00564	103874581
brp00564	103874784
brp00564	103875369
brp00564	108868780
brp00565	103828818
brp00565	103830087
brp00565	103830467
brp00565	103832443
brp00565	103833297
brp00565	103834928
brp00565	103838345
brp00565	103840526
brp00565	103843045
brp00565	103843966
brp00565	103844249
brp00565	103844688
brp00565	103847336
brp00565	103848739
brp00565	103849909
brp00565	103850528
brp00565	103853306
brp00565	103854087
brp00565	103854757
brp00565	103855549
brp00565	103858180
brp00565	103858610
brp00565	103859939
brp00565	103860094
brp00565	103862436
brp00565	103864845
brp00565	103866226
brp00565	103868431
brp00565	103868492
brp00565	103869734
brp00565	103869877
brp00565	103871055
brp00565	103871988
brp00565	103872056
brp00565	103873127
brp00565	103873479
brp00565	103874376
brp00565	103874399
brp00565	103874784
brp00565	103875369
brp00566	103832683
brp00566	103836575
brp00566	103839246
brp00566	103841505
brp00566	103844258
brp00566	103845103
brp00566	103847223
brp00566	103847496
brp00566	103850131
brp00566	103850366
brp00566	103855432
brp00566	103862211
brp00566	103864390
brp00566	103868444
brp00566	103871139
brp00566	103872206
brp00566	103873232
brp00566	117132429
brp00590	103828027
brp00590	103828028
brp00590	103830087
brp00590	103831402
brp00590	103835109
brp00590	103841820
brp00590	103846567
brp00590	103847336
brp00590	103848542
brp00590	103850528
brp00590	103850876
brp00590	103850940
brp00590	103851034
brp00590	103853781
brp00590	103855549
brp00590	103857252
brp00590	103861882
brp00590	103862145
brp00590	103868431
brp00590	103873463
brp00591	103830087
brp00591	103830390
brp00591	103830993
brp00591	103830994
brp00591	103830995
brp00591	103830997
brp00591	103831021
brp00591	103834572
brp00591	103835956
brp00591	103842751
brp00591	103844546
brp00591	103847336
brp00591	103850528
brp00591	103852169
brp00591	103852410
brp00591	103852787
brp00591	103855549
brp00591	103868431
brp00591	103869043
brp00592	103829425
brp00592	103829426
brp00592	103829478
brp00592	103830087
brp00592	103830390
brp00592	103830574
brp00592	103830737
brp00592	103830993
brp00592	103830994
brp00592	103830995
brp00592	103830997
brp00592	103831021
brp00592	103831843
brp00592	103832166
brp00592	103834740
brp00592	103835791
brp00592	103835792
brp00592	103835794
brp00592	103835795
brp00592	103835835
brp00592	103835956
brp00592	103836113
brp00592	103836339
brp00592	103836556
brp00592	103837563
brp00592	103839361
brp00592	103839364
brp00592	103840137
brp00592	103841125
brp00592	103842505
brp00592	103842724
brp00592	103842751
brp00592	103844046
brp00592	103844048
brp00592	103844049
brp00592	103846291
brp00592	103847336
brp00592	103847601
brp00592	103848557
brp00592	103849627
brp00592	103850528
brp00592	103852169
brp00592	103852410
brp00592	103852787
brp00592	103852857
brp00592	103853040
brp00592	103853925
brp00592	103854565
brp00592	103854788
brp00592	103855151
brp00592	103855162
brp00592	103855163
brp00592	103855549
brp00592	103857473
brp00592	103857580
brp00592	103857769
brp00592	103859168
brp00592	103859186
brp00592	103860353
brp00592	103860780
brp00592	103861062
brp00592	103861864
brp00592	103865244
brp00592	103866837
brp00592	103867566
brp00592	103868431
brp00592	103869185
brp00592	103870717
brp00592	103870978
brp00592	103872765
brp00592	103872839
brp00592	103872841
brp00592	103873937
brp00592	103874765
brp00592	103875352
brp00592	103875422
brp00592	117133757
brp00600	103828725
brp00600	103830770
brp00600	103831061
brp00600	103831367
brp00600	103832395
brp00600	103834191
brp00600	103835360
brp00600	103835477
brp00600	103835478
brp00600	103836446
brp00600	103837468
brp00600	103839798
brp00600	103840054
brp00600	103841113
brp00600	103841539
brp00600	103843044
brp00600	103843598
brp00600	103845770
brp00600	103850693
brp00600	103850695
brp00600	103852599
brp00600	103853572
brp00600	103853908
brp00600	103854449
brp00600	103855779
brp00600	103855780
brp00600	103857191
brp00600	103858421
brp00600	103859801
brp00600	103859941
brp00600	103860725
brp00600	103861234
brp00600	103861305
brp00600	103862472
brp00600	103863181
brp00600	103863233
brp00600	103865645
brp00600	103867146
brp00600	103868026
brp00600	103869475
brp00600	103872122
brp00600	103873514
brp00600	103873516
brp00600	103874866
brp00600	108869092
brp00601	103838463
brp00601	103847504
brp00601	103848331
brp00601	103867132
brp00601	103867134
brp00601	103870568
brp00603	103831061
brp00603	103838463
brp00603	103841539
brp00603	103843598
brp00603	103847504
brp00603	103848331
brp00603	103850693
brp00603	103850695
brp00603	103855779
brp00603	103855780
brp00603	103863181
brp00603	103867132
brp00603	103867134
brp00603	103870568
brp00604	103830770
brp00604	103831061
brp00604	103843598
brp00604	103863181
brp00620	103827804
brp00620	103827942
brp00620	103828238
brp00620	103828269
brp00620	103829227
brp00620	103829330
brp00620	103829344
brp00620	103829987
brp00620	103830574
brp00620	103830635
brp00620	103830950
brp00620	103831161
brp00620	103831554
brp00620	103832166
brp00620	103832634
brp00620	103832677
brp00620	103832683
brp00620	103833133
brp00620	103833578
brp00620	103834139
brp00620	103834979
brp00620	103835237
brp00620	103835648
brp00620	103835700
brp00620	103836206
brp00620	103836575
brp00620	103836911
brp00620	103837242
brp00620	103837499
brp00620	103837635
brp00620	103839215
brp00620	103839246
brp00620	103839353
brp00620	103839509
brp00620	103840005
brp00620	103840137
brp00620	103840237
brp00620	103840432
brp00620	103840598
brp00620	103840701
brp00620	103840735
brp00620	103841229
brp00620	103842505
brp00620	103842698
brp00620	103843309
brp00620	103843568
brp00620	103843771
brp00620	103844258
brp00620	103844622
brp00620	103845077
brp00620	103845103
brp00620	103845258
brp00620	103846406
brp00620	103846999
brp00620	103847171
brp00620	103847223
brp00620	103849110
brp00620	103850276
brp00620	103850366
brp00620	103850517
brp00620	103850789
brp00620	103851039
brp00620	103851645
brp00620	103852067
brp00620	103852176
brp00620	103854526
brp00620	103854788
brp00620	103855211
brp00620	103855313
brp00620	103855408
brp00620	103855478
brp00620	103855804
brp00620	103855920
brp00620	103856142
brp00620	103856193
brp00620	103856701
brp00620	103856933
brp00620	103856993
brp00620	103857264
brp00620	103857367
brp00620	103857735
brp00620	103857757
brp00620	103858069
brp00620	103858863
brp00620	103859021
brp00620	103859549
brp00620	103859599
brp00620	103859689
brp00620	103859746
brp00620	103859986
brp00620	103860785
brp00620	103860832
brp00620	103860904
brp00620	103862462
brp00620	103862585
brp00620	103863477
brp00620	103864103
brp00620	103864286
brp00620	103864390
brp00620	103864874
brp00620	103865958
brp00620	103866071
brp00620	103866371
brp00620	103866650
brp00620	103866716
brp00620	103867140
brp00620	103867160
brp00620	103867161
brp00620	103867884
brp00620	103868260
brp00620	103868444
brp00620	103868729
brp00620	103869051
brp00620	103869258
brp00620	103869701
brp00620	103869727
brp00620	103869972
brp00620	103870046
brp00620	103870081
brp00620	103870427
brp00620	103870727
brp00620	103870831
brp00620	103870900
brp00620	103871061
brp00620	103871139
brp00620	103871500
brp00620	103871503
brp00620	103871559
brp00620	103871796
brp00620	103871929
brp00620	103872160
brp00620	103872206
brp00620	103872613
brp00620	103873180
brp00620	103873232
brp00620	103873557
brp00620	103873777
brp00620	103874006
brp00620	103874433
brp00620	103874746
brp00620	103874765
brp00620	103874937
brp00620	103875118
brp00620	103875341
brp00620	41704060
brp00630	103827649
brp00630	103828609
brp00630	103829276
brp00630	103829418
brp00630	103829420
brp00630	103830182
brp00630	103830405
brp00630	103830434
brp00630	103830855
brp00630	103830991
brp00630	103831222
brp00630	103831592
brp00630	103831657
brp00630	103831878
brp00630	103832491
brp00630	103832507
brp00630	103832683
brp00630	103833148
brp00630	103833575
brp00630	103833647
brp00630	103833698
brp00630	103834369
brp00630	103834557
brp00630	103834825
brp00630	103834926
brp00630	103835059
brp00630	103835672
brp00630	103835714
brp00630	103835788
brp00630	103836204
brp00630	103836575
brp00630	103837242
brp00630	103837641
brp00630	103839002
brp00630	103839246
brp00630	103839507
brp00630	103839509
brp00630	103840158
brp00630	103840779
brp00630	103841749
brp00630	103841750
brp00630	103842047
brp00630	103842270
brp00630	103842288
brp00630	103843121
brp00630	103843220
brp00630	103844258
brp00630	103845103
brp00630	103846320
brp00630	103846458
brp00630	103847223
brp00630	103847326
brp00630	103849168
brp00630	103849205
brp00630	103850112
brp00630	103850153
brp00630	103850366
brp00630	103850517
brp00630	103850860
brp00630	103850951
brp00630	103851053
brp00630	103851253
brp00630	103852318
brp00630	103852368
brp00630	103852369
brp00630	103852372
brp00630	103853260
brp00630	103854526
brp00630	103856262
brp00630	103856643
brp00630	103857558
brp00630	103857781
brp00630	103857972
brp00630	103858130
brp00630	103858845
brp00630	103858933
brp00630	103859327
brp00630	103859555
brp00630	103859574
brp00630	103859575
brp00630	103859689
brp00630	103859729
brp00630	103859922
brp00630	103860340
brp00630	103860370
brp00630	103860832
brp00630	103860985
brp00630	103862389
brp00630	103862913
brp00630	103862961
brp00630	103863581
brp00630	103863734
brp00630	103863779
brp00630	103863782
brp00630	103864160
brp00630	103864286
brp00630	103864390
brp00630	103865433
brp00630	103865668
brp00630	103865867
brp00630	103866133
brp00630	103866666
brp00630	103867109
brp00630	103867370
brp00630	103867390
brp00630	103868219
brp00630	103868444
brp00630	103869084
brp00630	103869151
brp00630	103869648
brp00630	103869701
brp00630	103869727
brp00630	103870027
brp00630	103870046
brp00630	103870064
brp00630	103871139
brp00630	103871469
brp00630	103871503
brp00630	103871912
brp00630	103871992
brp00630	103872206
brp00630	103872547
brp00630	103872849
brp00630	103872850
brp00630	103873097
brp00630	103873232
brp00630	103873312
brp00630	103874749
brp00630	103874937
brp00630	117125990
brp00630	117129780
brp00630	117133689
brp00630	41704059
brp00640	103828176
brp00640	103830260
brp00640	103832583
brp00640	103833578
brp00640	103834215
brp00640	103834589
brp00640	103835561
brp00640	103835749
brp00640	103836474
brp00640	103836475
brp00640	103837563
brp00640	103837633
brp00640	103838252
brp00640	103841125
brp00640	103843309
brp00640	103844046
brp00640	103844048
brp00640	103844049
brp00640	103846406
brp00640	103847149
brp00640	103847601
brp00640	103850689
brp00640	103851039
brp00640	103853988
brp00640	103855358
brp00640	103855774
brp00640	103855815
brp00640	103856142
brp00640	103856193
brp00640	103857580
brp00640	103857757
brp00640	103858649
brp00640	103859185
brp00640	103859689
brp00640	103859922
brp00640	103860033
brp00640	103860515
brp00640	103860832
brp00640	103860839
brp00640	103860904
brp00640	103863634
brp00640	103864286
brp00640	103864956
brp00640	103864963
brp00640	103867140
brp00640	103868041
brp00640	103868254
brp00640	103868260
brp00640	103869151
brp00640	103869185
brp00640	103869701
brp00640	103870046
brp00640	103871500
brp00640	103871503
brp00640	103871796
brp00640	103872977
brp00640	103873937
brp00640	117133757
brp00640	41704060
brp00650	103828609
brp00650	103828819
brp00650	103829636
brp00650	103831077
brp00650	103832421
brp00650	103834779
brp00650	103837242
brp00650	103839037
brp00650	103839459
brp00650	103839509
brp00650	103840927
brp00650	103841581
brp00650	103846253
brp00650	103851035
brp00650	103851100
brp00650	103853500
brp00650	103854027
brp00650	103854526
brp00650	103856242
brp00650	103856243
brp00650	103857401
brp00650	103858342
brp00650	103860839
brp00650	103865158
brp00650	103867697
brp00650	103869108
brp00650	103869111
brp00650	103869654
brp00650	103869727
brp00650	103869940
brp00650	103872547
brp00650	103874743
brp00650	103874937
brp00650	103875308
brp00660	103832473
brp00660	103833397
brp00660	103851035
brp00660	103853240
brp00660	103853243
brp00660	103853244
brp00660	103857401
brp00660	103858046
brp00660	103863631
brp00660	103865158
brp00660	103866694
brp00660	103867697
brp00660	103874743
brp00660	103875308
brp00670	103827649
brp00670	103828704
brp00670	103830238
brp00670	103830600
brp00670	103830679
brp00670	103830855
brp00670	103831657
brp00670	103832114
brp00670	103832634
brp00670	103833147
brp00670	103833148
brp00670	103833575
brp00670	103833647
brp00670	103834557
brp00670	103835059
brp00670	103835714
brp00670	103836204
brp00670	103836799
brp00670	103836808
brp00670	103836908
brp00670	103839308
brp00670	103840158
brp00670	103840262
brp00670	103841853
brp00670	103842126
brp00670	103843220
brp00670	103846608
brp00670	103849483
brp00670	103850153
brp00670	103850842
brp00670	103850860
brp00670	103856643
brp00670	103857558
brp00670	103857642
brp00670	103858399
brp00670	103858801
brp00670	103859439
brp00670	103859689
brp00670	103859706
brp00670	103860008
brp00670	103860451
brp00670	103860832
brp00670	103861915
brp00670	103862355
brp00670	103862723
brp00670	103863580
brp00670	103863581
brp00670	103865433
brp00670	103865564
brp00670	103865677
brp00670	103866125
brp00670	103866772
brp00670	103867247
brp00670	103867370
brp00670	103867390
brp00670	103867396
brp00670	103868219
brp00670	103868620
brp00670	103869013
brp00670	103869084
brp00670	103869701
brp00670	103870046
brp00670	103870259
brp00670	103871345
brp00670	103871503
brp00670	103873553
brp00670	103874749
brp00670	103875335
brp00710	103827594
brp00710	103827896
brp00710	103828073
brp00710	103828269
brp00710	103829276
brp00710	103830026
brp00710	103830478
brp00710	103830479
brp00710	103830635
brp00710	103830950
brp00710	103831592
brp00710	103832426
brp00710	103832677
brp00710	103832683
brp00710	103832773
brp00710	103832793
brp00710	103833143
brp00710	103833307
brp00710	103833678
brp00710	103835152
brp00710	103835672
brp00710	103835961
brp00710	103836104
brp00710	103836575
brp00710	103836911
brp00710	103837635
brp00710	103838043
brp00710	103838288
brp00710	103838363
brp00710	103839246
brp00710	103840194
brp00710	103840598
brp00710	103840779
brp00710	103841225
brp00710	103841316
brp00710	103841487
brp00710	103841917
brp00710	103842310
brp00710	103842537
brp00710	103842552
brp00710	103842798
brp00710	103843050
brp00710	103843097
brp00710	103844258
brp00710	103845103
brp00710	103845258
brp00710	103845742
brp00710	103846575
brp00710	103847037
brp00710	103847223
brp00710	103847368
brp00710	103848200
brp00710	103848938
brp00710	103849145
brp00710	103849710
brp00710	103850028
brp00710	103850055
brp00710	103850112
brp00710	103850273
brp00710	103850366
brp00710	103850789
brp00710	103850867
brp00710	103851283
brp00710	103851645
brp00710	103852368
brp00710	103852369
brp00710	103852372
brp00710	103852702
brp00710	103853196
brp00710	103853201
brp00710	103855313
brp00710	103855915
brp00710	103855920
brp00710	103856014
brp00710	103856701
brp00710	103856993
brp00710	103858863
brp00710	103859466
brp00710	103859599
brp00710	103860590
brp00710	103860785
brp00710	103862585
brp00710	103862864
brp00710	103863135
brp00710	103863161
brp00710	103863163
brp00710	103863263
brp00710	103863779
brp00710	103863782
brp00710	103864160
brp00710	103864252
brp00710	103864267
brp00710	103864390
brp00710	103865090
brp00710	103865548
brp00710	103865958
brp00710	103866271
brp00710	103866289
brp00710	103866650
brp00710	103866871
brp00710	103867569
brp00710	103868444
brp00710	103868914
brp00710	103869972
brp00710	103870225
brp00710	103870831
brp00710	103871139
brp00710	103871970
brp00710	103872022
brp00710	103872054
brp00710	103872153
brp00710	103872206
brp00710	103872420
brp00710	103872517
brp00710	103873232
brp00710	103873862
brp00710	103874006
brp00710	103874433
brp00710	103875281
brp00710	117125990
brp00710	117129780
brp00710	117133689
brp00710	41704059
brp00730	103828666
brp00730	103831170
brp00730	103833738
brp00730	103833758
brp00730	103836640
brp00730	103837231
brp00730	103837467
brp00730	103837592
brp00730	103840813
brp00730	103844552
brp00730	103844930
brp00730	103846726
brp00730	103851941
brp00730	103857026
brp00730	103857670
brp00730	103858450
brp00730	103858887
brp00730	103859690
brp00730	103859911
brp00730	103860788
brp00730	103865584
brp00730	103867057
brp00730	103868019
brp00730	103870527
brp00730	103873752
brp00730	103874011
brp00730	103874909
brp00740	103827543
brp00740	103827544
brp00740	103828149
brp00740	103828666
brp00740	103829137
brp00740	103830395
brp00740	103833856
brp00740	103834212
brp00740	103834709
brp00740	103836056
brp00740	103837523
brp00740	103837892
brp00740	103839022
brp00740	103851554
brp00740	103853404
brp00740	103854031
brp00740	103855777
brp00740	103858010
brp00740	103858114
brp00740	103859068
brp00740	103861898
brp00740	103866118
brp00740	103866609
brp00740	103869651
brp00740	103873252
brp00740	103873853
brp00750	103831791
brp00750	103834704
brp00750	103834946
brp00750	103835945
brp00750	103837814
brp00750	103837956
brp00750	103840299
brp00750	103842736
brp00750	103844833
brp00750	103845470
brp00750	103850418
brp00750	103852803
brp00750	103852818
brp00750	103853266
brp00750	103853458
brp00750	103855422
brp00750	103858426
brp00750	103863760
brp00750	103865657
brp00750	103866285
brp00750	103872553
brp00760	103827629
brp00760	103830776
brp00760	103831786
brp00760	103832340
brp00760	103832617
brp00760	103833477
brp00760	103833538
brp00760	103834709
brp00760	103835523
brp00760	103836523
brp00760	103837878
brp00760	103839513
brp00760	103842031
brp00760	103842415
brp00760	103843596
brp00760	103843868
brp00760	103845023
brp00760	103846459
brp00760	103850718
brp00760	103851325
brp00760	103852812
brp00760	103853136
brp00760	103853404
brp00760	103853829
brp00760	103854084
brp00760	103854907
brp00760	103856418
brp00760	103856966
brp00760	103856967
brp00760	103857616
brp00760	103859885
brp00760	103860821
brp00760	103861898
brp00760	103862522
brp00760	103863229
brp00760	103867296
brp00760	103869211
brp00760	103871059
brp00760	103871492
brp00760	103873004
brp00770	103828407
brp00770	103828655
brp00770	103829675
brp00770	103830170
brp00770	103830193
brp00770	103830302
brp00770	103831845
brp00770	103832897
brp00770	103832898
brp00770	103833133
brp00770	103834709
brp00770	103834979
brp00770	103835648
brp00770	103837528
brp00770	103837849
brp00770	103838510
brp00770	103838873
brp00770	103839011
brp00770	103840237
brp00770	103840735
brp00770	103841734
brp00770	103841976
brp00770	103843316
brp00770	103846659
brp00770	103847479
brp00770	103850438
brp00770	103851035
brp00770	103852299
brp00770	103853404
brp00770	103857401
brp00770	103858041
brp00770	103858318
brp00770	103859738
brp00770	103861898
brp00770	103862462
brp00770	103862970
brp00770	103865158
brp00770	103866035
brp00770	103866687
brp00770	103867697
brp00770	103868121
brp00770	103868123
brp00770	103868729
brp00770	103869258
brp00770	103869618
brp00770	103869649
brp00770	103869934
brp00770	103870346
brp00770	103870727
brp00770	103871365
brp00770	103871785
brp00770	103871787
brp00770	103873035
brp00770	103873180
brp00770	103873557
brp00770	103873861
brp00770	103874743
brp00770	103874993
brp00770	103875308
brp00770	103875438
brp00780	103827740
brp00780	103828233
brp00780	103829087
brp00780	103830674
brp00780	103831955
brp00780	103835584
brp00780	103837905
brp00780	103839059
brp00780	103839618
brp00780	103845194
brp00780	103845857
brp00780	103847272
brp00780	103850337
brp00780	103852453
brp00780	103852924
brp00780	103853696
brp00780	103855205
brp00780	103855855
brp00780	103856746
brp00780	103858066
brp00780	103860306
brp00780	103860354
brp00780	103860355
brp00780	103863644
brp00780	103864335
brp00780	103866710
brp00780	103871196
brp00780	103872929
brp00785	103829227
brp00785	103829344
brp00785	103830012
brp00785	103831554
brp00785	103832583
brp00785	103833647
brp00785	103834637
brp00785	103835237
brp00785	103835749
brp00785	103836204
brp00785	103836205
brp00785	103839144
brp00785	103839353
brp00785	103840005
brp00785	103840158
brp00785	103840432
brp00785	103840701
brp00785	103842579
brp00785	103843220
brp00785	103843771
brp00785	103844232
brp00785	103844622
brp00785	103844953
brp00785	103850153
brp00785	103850698
brp00785	103851907
brp00785	103852129
brp00785	103852176
brp00785	103853988
brp00785	103855784
brp00785	103855815
brp00785	103857007
brp00785	103857264
brp00785	103857558
brp00785	103859185
brp00785	103859549
brp00785	103859689
brp00785	103860832
brp00785	103863477
brp00785	103864874
brp00785	103865433
brp00785	103867370
brp00785	103867390
brp00785	103869701
brp00785	103870046
brp00785	103870081
brp00785	103871061
brp00785	103871503
brp00785	103872977
brp00785	103874014
brp00785	103874749
brp00785	103875341
brp00790	103827738
brp00790	103829774
brp00790	103831402
brp00790	103832344
brp00790	103832347
brp00790	103836808
brp00790	103837523
brp00790	103837892
brp00790	103838741
brp00790	103840458
brp00790	103841474
brp00790	103841820
brp00790	103843784
brp00790	103846016
brp00790	103846946
brp00790	103847770
brp00790	103849423
brp00790	103850603
brp00790	103851554
brp00790	103853027
brp00790	103853141
brp00790	103854547
brp00790	103856477
brp00790	103856728
brp00790	103857201
brp00790	103857252
brp00790	103857407
brp00790	103858399
brp00790	103860451
brp00790	103862355
brp00790	103864950
brp00790	103866106
brp00790	103866742
brp00790	103870313
brp00790	103870314
brp00790	103870684
brp00790	103872446
brp00790	103873463
brp00790	103873853
brp00860	103828941
brp00860	103829625
brp00860	103830031
brp00860	103830076
brp00860	103831513
brp00860	103831923
brp00860	103832890
brp00860	103833353
brp00860	103834271
brp00860	103836607
brp00860	103837134
brp00860	103837478
brp00860	103838624
brp00860	103838625
brp00860	103839225
brp00860	103841124
brp00860	103841515
brp00860	103841596
brp00860	103842138
brp00860	103842139
brp00860	103843327
brp00860	103843696
brp00860	103844235
brp00860	103844489
brp00860	103844502
brp00860	103844594
brp00860	103844881
brp00860	103845044
brp00860	103845814
brp00860	103846503
brp00860	103846758
brp00860	103847145
brp00860	103847701
brp00860	103847714
brp00860	103847719
brp00860	103847721
brp00860	103847911
brp00860	103848641
brp00860	103848843
brp00860	103850687
brp00860	103852907
brp00860	103853670
brp00860	103854720
brp00860	103855410
brp00860	103855594
brp00860	103855770
brp00860	103856025
brp00860	103856423
brp00860	103858612
brp00860	103858710
brp00860	103859309
brp00860	103860469
brp00860	103860994
brp00860	103861346
brp00860	103861527
brp00860	103861694
brp00860	103862873
brp00860	103862886
brp00860	103863639
brp00860	103864030
brp00860	103865812
brp00860	103866143
brp00860	103866471
brp00860	103866807
brp00860	103867162
brp00860	103869295
brp00860	103869973
brp00860	103870409
brp00860	103870559
brp00860	103871596
brp00860	103871977
brp00860	103872768
brp00860	103873062
brp00860	103873768
brp00860	103873823
brp00860	103874126
brp00860	117126194
brp00900	103827619
brp00900	103828819
brp00900	103829638
brp00900	103831923
brp00900	103832111
brp00900	103832329
brp00900	103833683
brp00900	103834423
brp00900	103835005
brp00900	103835473
brp00900	103836209
brp00900	103836892
brp00900	103837181
brp00900	103837242
brp00900	103837427
brp00900	103837914
brp00900	103838115
brp00900	103838240
brp00900	103838937
brp00900	103839509
brp00900	103839973
brp00900	103840600
brp00900	103840631
brp00900	103841340
brp00900	103842398
brp00900	103843595
brp00900	103845287
brp00900	103845308
brp00900	103845309
brp00900	103845465
brp00900	103845467
brp00900	103845475
brp00900	103845964
brp00900	103846726
brp00900	103850518
brp00900	103851010
brp00900	103851622
brp00900	103851623
brp00900	103851624
brp00900	103852907
brp00900	103853029
brp00900	103853500
brp00900	103853506
brp00900	103853837
brp00900	103853991
brp00900	103854526
brp00900	103854657
brp00900	103855776
brp00900	103856195
brp00900	103856674
brp00900	103856907
brp00900	103857539
brp00900	103857613
brp00900	103858848
brp00900	103858983
brp00900	103859579
brp00900	103859911
brp00900	103860208
brp00900	103860788
brp00900	103862234
brp00900	103863245
brp00900	103863970
brp00900	103864229
brp00900	103865611
brp00900	103867433
brp00900	103869246
brp00900	103869351
brp00900	103870018
brp00900	103870527
brp00900	103870807
brp00900	103870894
brp00900	103870917
brp00900	103871927
brp00900	103872491
brp00900	103873809
brp00900	103874115
brp00900	103874203
brp00900	103874719
brp00900	103874937
brp00901	103249149
brp00901	103828182
brp00901	103828183
brp00901	103830721
brp00901	103830836
brp00901	103831875
brp00901	103831876
brp00901	103838003
brp00901	103842606
brp00901	103852873
brp00901	103852875
brp00901	103852877
brp00902	103841948
brp00902	103858386
brp00902	103858582
brp00902	103862836
brp00902	103875347
brp00902	103875348
brp00904	103828910
brp00904	103830232
brp00904	103832324
brp00904	103832325
brp00904	103832422
brp00904	103832494
brp00904	103832808
brp00904	103833135
brp00904	103834178
brp00904	103834198
brp00904	103835241
brp00904	103836654
brp00904	103836713
brp00904	103838464
brp00904	103838542
brp00904	103840439
brp00904	103842895
brp00904	103844165
brp00904	103844588
brp00904	103847081
brp00904	103849293
brp00904	103850646
brp00904	103851632
brp00904	103852126
brp00904	103853128
brp00904	103853267
brp00904	103853269
brp00904	103857700
brp00904	103858857
brp00904	103860100
brp00904	103860272
brp00904	103861222
brp00904	103861559
brp00904	103863201
brp00904	103865345
brp00904	103867444
brp00904	103867649
brp00904	103868594
brp00904	103868699
brp00904	103872350
brp00904	103874435
brp00904	103874656
brp00905	103828198
brp00905	103829630
brp00905	103837220
brp00905	103840968
brp00905	103842602
brp00905	103846487
brp00905	103846910
brp00905	103850594
brp00905	103850927
brp00905	103854484
brp00905	103855637
brp00905	103862467
brp00905	103864167
brp00905	103865646
brp00905	103868633
brp00905	103870101
brp00905	103875063
brp00906	103827806
brp00906	103828685
brp00906	103829545
brp00906	103832319
brp00906	103832798
brp00906	103833794
brp00906	103834110
brp00906	103835193
brp00906	103835211
brp00906	103835514
brp00906	103835539
brp00906	103837729
brp00906	103839129
brp00906	103840429
brp00906	103842019
brp00906	103843494
brp00906	103843711
brp00906	103844746
brp00906	103845139
brp00906	103846262
brp00906	103849152
brp00906	103849374
brp00906	103850280
brp00906	103850421
brp00906	103851090
brp00906	103853125
brp00906	103853629
brp00906	103856237
brp00906	103856252
brp00906	103856778
brp00906	103857159
brp00906	103857276
brp00906	103858373
brp00906	103859576
brp00906	103859803
brp00906	103860984
brp00906	103861043
brp00906	103861586
brp00906	103862473
brp00906	103863442
brp00906	103863556
brp00906	103864755
brp00906	103866186
brp00906	103867926
brp00906	103868505
brp00906	103869174
brp00906	103869474
brp00906	103870025
brp00906	103870482
brp00906	103871211
brp00906	103871215
brp00906	103871599
brp00906	103871859
brp00906	117126611
brp00908	103249144
brp00908	103249171
brp00908	103828720
brp00908	103829332
brp00908	103829334
brp00908	103829335
brp00908	103830971
brp00908	103831996
brp00908	103835704
brp00908	103837506
brp00908	103839663
brp00908	103841239
brp00908	103842115
brp00908	103842132
brp00908	103845129
brp00908	103845596
brp00908	103845790
brp00908	103846928
brp00908	103846929
brp00908	103849258
brp00908	103851202
brp00908	103851320
brp00908	103851408
brp00908	103852374
brp00908	103852484
brp00908	103853121
brp00908	103856414
brp00908	103857637
brp00908	103857638
brp00908	103857639
brp00908	103857986
brp00908	103859798
brp00908	103861901
brp00908	103862713
brp00908	103863784
brp00908	103864799
brp00908	103865557
brp00908	103865558
brp00908	103865890
brp00908	103866566
brp00908	103867252
brp00908	103867254
brp00908	103867256
brp00908	103867257
brp00908	103869053
brp00908	103869054
brp00908	103869056
brp00908	117127968
brp00909	103830506
brp00909	103832372
brp00909	103832374
brp00909	103834400
brp00909	103836007
brp00909	103836099
brp00909	103838611
brp00909	103842000
brp00909	103842460
brp00909	103842601
brp00909	103845828
brp00909	103848456
brp00909	103849526
brp00909	103849591
brp00909	103854873
brp00909	103854874
brp00909	103854876
brp00909	103857940
brp00909	103862234
brp00909	103862364
brp00909	103863546
brp00909	103863851
brp00909	103864397
brp00909	103864450
brp00909	103865842
brp00909	103874257
brp00909	103874288
brp00909	103874805
brp00909	108870167
brp00910	103828225
brp00910	103828733
brp00910	103828756
brp00910	103829262
brp00910	103829717
brp00910	103830551
brp00910	103831570
brp00910	103832206
brp00910	103832828
brp00910	103833494
brp00910	103833698
brp00910	103834471
brp00910	103836132
brp00910	103836405
brp00910	103838358
brp00910	103839002
brp00910	103840738
brp00910	103841201
brp00910	103843416
brp00910	103843528
brp00910	103844354
brp00910	103845492
brp00910	103845493
brp00910	103845860
brp00910	103845958
brp00910	103846320
brp00910	103847058
brp00910	103847322
brp00910	103847326
brp00910	103848008
brp00910	103848073
brp00910	103849205
brp00910	103850064
brp00910	103850537
brp00910	103850656
brp00910	103850937
brp00910	103850948
brp00910	103851053
brp00910	103851084
brp00910	103851483
brp00910	103852318
brp00910	103852648
brp00910	103853097
brp00910	103855367
brp00910	103855726
brp00910	103856931
brp00910	103857079
brp00910	103857345
brp00910	103857972
brp00910	103858538
brp00910	103858845
brp00910	103858933
brp00910	103859729
brp00910	103861210
brp00910	103862243
brp00910	103863734
brp00910	103865089
brp00910	103865867
brp00910	103869648
brp00910	103870985
brp00910	103871264
brp00910	103871469
brp00910	103871504
brp00910	103871505
brp00910	103871553
brp00910	103871556
brp00910	103871557
brp00910	103871558
brp00910	103871697
brp00910	103873231
brp00910	103873434
brp00910	103873436
brp00910	103873860
brp00920	103827954
brp00920	103828707
brp00920	103830493
brp00920	103832400
brp00920	103832545
brp00920	103832661
brp00920	103833476
brp00920	103833776
brp00920	103833777
brp00920	103833778
brp00920	103835082
brp00920	103835822
brp00920	103837317
brp00920	103837318
brp00920	103837510
brp00920	103839775
brp00920	103839826
brp00920	103841966
brp00920	103844892
brp00920	103845106
brp00920	103847275
brp00920	103847432
brp00920	103847966
brp00920	103848153
brp00920	103849160
brp00920	103851965
brp00920	103853784
brp00920	103853800
brp00920	103854642
brp00920	103855196
brp00920	103855221
brp00920	103856800
brp00920	103859070
brp00920	103859351
brp00920	103859677
brp00920	103859979
brp00920	103860404
brp00920	103861274
brp00920	103862607
brp00920	103862824
brp00920	103862931
brp00920	103863568
brp00920	103863571
brp00920	103866104
brp00920	103866743
brp00920	103868374
brp00920	103868958
brp00920	103869390
brp00920	103870196
brp00920	103871006
brp00920	103871013
brp00920	103871118
brp00920	103871539
brp00920	103871853
brp00920	103872332
brp00920	103872432
brp00920	103872801
brp00920	103873815
brp00920	103873817
brp00920	103873819
brp00920	103874044
brp00920	103874110
brp00940	103249141
brp00940	103249155
brp00940	103827678
brp00940	103828048
brp00940	103828068
brp00940	103828167
brp00940	103828256
brp00940	103828427
brp00940	103828794
brp00940	103828799
brp00940	103829136
brp00940	103829577
brp00940	103829619
brp00940	103829920
brp00940	103830693
brp00940	103830948
brp00940	103831048
brp00940	103831219
brp00940	103831297
brp00940	103831774
brp00940	103832162
brp00940	103832452
brp00940	103832692
brp00940	103832863
brp00940	103832931
brp00940	103833422
brp00940	103833446
brp00940	103833883
brp00940	103834443
brp00940	103834484
brp00940	103835007
brp00940	103835065
brp00940	103835067
brp00940	103835086
brp00940	103835436
brp00940	103836535
brp00940	103836536
brp00940	103837014
brp00940	103837614
brp00940	103837680
brp00940	103837705
brp00940	103837896
brp00940	103837935
brp00940	103838045
brp00940	103838802
brp00940	103839561
brp00940	103839764
brp00940	103839765
brp00940	103839971
brp00940	103840198
brp00940	103840283
brp00940	103840305
brp00940	103840386
brp00940	103840709
brp00940	103841020
brp00940	103841251
brp00940	103841434
brp00940	103842088
brp00940	103842227
brp00940	103842497
brp00940	103842763
brp00940	103842872
brp00940	103842960
brp00940	103843616
brp00940	103843617
brp00940	103843619
brp00940	103843977
brp00940	103844153
brp00940	103844155
brp00940	103844156
brp00940	103844876
brp00940	103844878
brp00940	103845713
brp00940	103845714
brp00940	103845715
brp00940	103845753
brp00940	103846031
brp00940	103846355
brp00940	103846434
brp00940	103846507
brp00940	103846887
brp00940	103847010
brp00940	103847012
brp00940	103847220
brp00940	103847221
brp00940	103847421
brp00940	103847964
brp00940	103850146
brp00940	103850370
brp00940	103850371
brp00940	103850580
brp00940	103850917
brp00940	103850973
brp00940	103851027
brp00940	103851131
brp00940	103851308
brp00940	103851309
brp00940	103851441
brp00940	103851641
brp00940	103851985
brp00940	103852125
brp00940	103852437
brp00940	103852438
brp00940	103852534
brp00940	103852874
brp00940	103853058
brp00940	103853072
brp00940	103853214
brp00940	103853765
brp00940	103854203
brp00940	103854363
brp00940	103854666
brp00940	103855040
brp00940	103855227
brp00940	103855228
brp00940	103855328
brp00940	103855623
brp00940	103855629
brp00940	103856267
brp00940	103856341
brp00940	103856448
brp00940	103856695
brp00940	103856727
brp00940	103856729
brp00940	103857048
brp00940	103857055
brp00940	103857322
brp00940	103857323
brp00940	103857778
brp00940	103857780
brp00940	103857839
brp00940	103857865
brp00940	103857960
brp00940	103857984
brp00940	103858251
brp00940	103859007
brp00940	103859221
brp00940	103859651
brp00940	103859897
brp00940	103859898
brp00940	103860041
brp00940	103860784
brp00940	103860932
brp00940	103861601
brp00940	103861603
brp00940	103861716
brp00940	103861933
brp00940	103862015
brp00940	103862236
brp00940	103862317
brp00940	103862330
brp00940	103862460
brp00940	103862471
brp00940	103862771
brp00940	103863433
brp00940	103863748
brp00940	103863825
brp00940	103863954
brp00940	103864245
brp00940	103864346
brp00940	103865042
brp00940	103865043
brp00940	103865354
brp00940	103865574
brp00940	103865578
brp00940	103865666
brp00940	103865667
brp00940	103865716
brp00940	103865848
brp00940	103865888
brp00940	103865968
brp00940	103865989
brp00940	103866074
brp00940	103866522
brp00940	103867229
brp00940	103867369
brp00940	103867418
brp00940	103867487
brp00940	103867954
brp00940	103868215
brp00940	103868452
brp00940	103868556
brp00940	103868569
brp00940	103868693
brp00940	103868698
brp00940	103869163
brp00940	103869195
brp00940	103869196
brp00940	103869197
brp00940	103869453
brp00940	103869607
brp00940	103869716
brp00940	103869933
brp00940	103870149
brp00940	103870475
brp00940	103870867
brp00940	103870957
brp00940	103871191
brp00940	103872253
brp00940	103872395
brp00940	103872738
brp00940	103873086
brp00940	103873087
brp00940	103873829
brp00940	103873830
brp00940	103873831
brp00940	103874054
brp00940	103874067
brp00940	103874275
brp00940	103875079
brp00941	103828167
brp00941	103829136
brp00941	103830010
brp00941	103831042
brp00941	103831219
brp00941	103833446
brp00941	103834443
brp00941	103835436
brp00941	103836793
brp00941	103837496
brp00941	103837935
brp00941	103838541
brp00941	103839279
brp00941	103841041
brp00941	103841428
brp00941	103841431
brp00941	103846527
brp00941	103846880
brp00941	103847118
brp00941	103847177
brp00941	103850907
brp00941	103852437
brp00941	103852438
brp00941	103854548
brp00941	103855056
brp00941	103855057
brp00941	103856040
brp00941	103856727
brp00941	103856729
brp00941	103857322
brp00941	103857323
brp00941	103857960
brp00941	103860424
brp00941	103861341
brp00941	103862317
brp00941	103865042
brp00941	103865043
brp00941	103865848
brp00941	103865968
brp00941	103866522
brp00941	103867954
brp00941	103870149
brp00941	103873165
brp00941	103873769
brp00941	103873770
brp00941	103874054
brp00942	103833789
brp00942	103846101
brp00942	103848101
brp00944	103844876
brp00944	103844878
brp00944	103847118
brp00944	103851079
brp00944	103851985
brp00944	103857055
brp00944	103861716
brp00944	103868698
brp00945	103828167
brp00945	103829136
brp00945	103831219
brp00945	103833446
brp00945	103834443
brp00945	103835436
brp00945	103837935
brp00945	103852437
brp00945	103852438
brp00945	103856727
brp00945	103856729
brp00945	103857322
brp00945	103857323
brp00945	103857960
brp00945	103862317
brp00945	103865042
brp00945	103865043
brp00945	103865848
brp00945	103865968
brp00945	103866522
brp00945	103867954
brp00945	103870149
brp00945	103874054
brp00950	103828182
brp00950	103828183
brp00950	103833801
brp00950	103833844
brp00950	103837904
brp00950	103838003
brp00950	103838043
brp00950	103838363
brp00950	103842224
brp00950	103842591
brp00950	103842606
brp00950	103845742
brp00950	103848200
brp00950	103848201
brp00950	103851283
brp00950	103851376
brp00950	103852000
brp00950	103854232
brp00950	103854450
brp00950	103855915
brp00950	103858017
brp00950	103858362
brp00950	103861413
brp00950	103861830
brp00950	103862102
brp00950	103864337
brp00950	103865090
brp00950	103865952
brp00950	103868133
brp00950	103868301
brp00950	103871484
brp00960	103832256
brp00960	103833801
brp00960	103833844
brp00960	103836442
brp00960	103837904
brp00960	103838043
brp00960	103838363
brp00960	103838721
brp00960	103842224
brp00960	103842591
brp00960	103843456
brp00960	103843945
brp00960	103845742
brp00960	103846950
brp00960	103848200
brp00960	103848201
brp00960	103848451
brp00960	103848452
brp00960	103850607
brp00960	103851283
brp00960	103851376
brp00960	103852000
brp00960	103852077
brp00960	103852316
brp00960	103852737
brp00960	103854450
brp00960	103855566
brp00960	103855915
brp00960	103858017
brp00960	103858277
brp00960	103858362
brp00960	103860894
brp00960	103861413
brp00960	103861830
brp00960	103862102
brp00960	103863437
brp00960	103864337
brp00960	103864953
brp00960	103864954
brp00960	103864955
brp00960	103864957
brp00960	103864959
brp00960	103864961
brp00960	103864962
brp00960	103864964
brp00960	103865090
brp00960	103865952
brp00960	103868038
brp00960	103868044
brp00960	103868046
brp00960	103868050
brp00960	103868133
brp00960	103868256
brp00960	103868301
brp00960	103871484
brp00965	103828182
brp00965	103828183
brp00965	103833499
brp00965	103838003
brp00965	103842606
brp00965	103871325
brp00965	103871335
brp00966	103828157
brp00966	103831882
brp00966	103831884
brp00966	103832897
brp00966	103832898
brp00966	103833295
brp00966	103833397
brp00966	103835554
brp00966	103837982
brp00966	103840711
brp00966	103843316
brp00966	103846879
brp00966	103850577
brp00966	103850918
brp00966	103852881
brp00966	103853322
brp00966	103853878
brp00966	103854915
brp00966	103859824
brp00966	103860537
brp00966	103860538
brp00966	103861112
brp00966	103862605
brp00966	103863599
brp00966	103863631
brp00966	103864341
brp00966	103865912
brp00966	103866695
brp00966	103868121
brp00966	103868123
brp00966	103869425
brp00966	103871365
brp00966	103871785
brp00966	103871787
brp00966	103872429
brp00966	103872656
brp00966	103873035
brp00966	103875438
brp00970	103828921
brp00970	103829015
brp00970	103829823
brp00970	103830143
brp00970	103830342
brp00970	103830343
brp00970	103830664
brp00970	103831111
brp00970	103832888
brp00970	103833414
brp00970	103834005
brp00970	103834504
brp00970	103834842
brp00970	103835191
brp00970	103835333
brp00970	103836066
brp00970	103836202
brp00970	103837134
brp00970	103837178
brp00970	103837192
brp00970	103839367
brp00970	103839978
brp00970	103840454
brp00970	103840558
brp00970	103841446
brp00970	103841707
brp00970	103842040
brp00970	103842499
brp00970	103842713
brp00970	103842727
brp00970	103842956
brp00970	103843218
brp00970	103843342
brp00970	103843343
brp00970	103843468
brp00970	103844519
brp00970	103844710
brp00970	103845100
brp00970	103846034
brp00970	103846304
brp00970	103846367
brp00970	103846983
brp00970	103849071
brp00970	103849540
brp00970	103850024
brp00970	103850130
brp00970	103851463
brp00970	103852042
brp00970	103852093
brp00970	103853873
brp00970	103854571
brp00970	103854660
brp00970	103854720
brp00970	103856804
brp00970	103856987
brp00970	103857114
brp00970	103858655
brp00970	103858979
brp00970	103858981
brp00970	103859044
brp00970	103859218
brp00970	103859404
brp00970	103860030
brp00970	103860316
brp00970	103861295
brp00970	103861619
brp00970	103862036
brp00970	103862204
brp00970	103863598
brp00970	103863802
brp00970	103863890
brp00970	103864125
brp00970	103864291
brp00970	103864695
brp00970	103866030
brp00970	103866471
brp00970	103867896
brp00970	103868237
brp00970	103870126
brp00970	103870672
brp00970	103871359
brp00970	103871736
brp00970	103872259
brp00970	103873823
brp00970	103874489
brp00970	103874527
brp00970	103875015
brp00970	41704039
brp00970	41704041
brp00970	41704042
brp00970	41704049
brp00970	41704050
brp00970	41704051
brp00970	41704055
brp00970	41704056
brp00970	41704074
brp00970	41704077
brp00970	41704078
brp00970	41704079
brp00970	41704088
brp00970	41704091
brp00970	41704092
brp00970	41704093
brp00970	41704094
brp00970	41704098
brp00970	41704101
brp00970	41704105
brp00970	41704107
brp00970	41704108
brp00970	41704114
brp00970	41704133
brp00970	41704136
brp00970	41704139
brp00970	41704141
brp00970	41704142
brp00970	41704146
brp00970	41704147
brp00970	41704151
brp00970	41704162
brp00970	41704163
brp00970	41704167
brp00970	41704168
brp00970	41704170
brp00970	56141000
brp00970	56141001
brp00970	56141002
brp00970	56141005
brp00970	56141007
brp00970	56141008
brp00970	56141013
brp00970	56141015
brp00970	56141022
brp00970	56141023
brp00970	56141024
brp00970	56141026
brp00970	56141032
brp00970	56141037
brp00970	56141045
brp00970	56141054
brp00970	56141068
brp00970	56141073
brp00999	103828204
brp00999	103830245
brp00999	103831159
brp00999	103831409
brp00999	103831615
brp00999	103834236
brp00999	103835230
brp00999	103835488
brp00999	103835599
brp00999	103836799
brp00999	103838571
brp00999	103838621
brp00999	103838824
brp00999	103838831
brp00999	103839308
brp00999	103840191
brp00999	103840622
brp00999	103841605
brp00999	103841863
brp00999	103841864
brp00999	103841865
brp00999	103841866
brp00999	103842078
brp00999	103842079
brp00999	103842148
brp00999	103842722
brp00999	103844557
brp00999	103844910
brp00999	103845041
brp00999	103845624
brp00999	103847238
brp00999	103847250
brp00999	103847645
brp00999	103848211
brp00999	103849163
brp00999	103849483
brp00999	103849720
brp00999	103849983
brp00999	103851390
brp00999	103851850
brp00999	103852995
brp00999	103853940
brp00999	103854474
brp00999	103855592
brp00999	103855599
brp00999	103856474
brp00999	103857642
brp00999	103858255
brp00999	103858801
brp00999	103859154
brp00999	103859306
brp00999	103859429
brp00999	103859475
brp00999	103859525
brp00999	103859706
brp00999	103860421
brp00999	103861250
brp00999	103861251
brp00999	103862779
brp00999	103862905
brp00999	103862906
brp00999	103862908
brp00999	103864958
brp00999	103865564
brp00999	103866139
brp00999	103866140
brp00999	103866141
brp00999	103866247
brp00999	103866797
brp00999	103866798
brp00999	103866799
brp00999	103866801
brp00999	103866802
brp00999	103866803
brp00999	103866804
brp00999	103867247
brp00999	103867598
brp00999	103867728
brp00999	103868313
brp00999	103868905
brp00999	103870109
brp00999	103870188
brp00999	103870212
brp00999	103870763
brp00999	103870764
brp00999	103871652
brp00999	103872284
brp00999	103873269
brp00999	103873275
brp00999	108869154
brp00999	117125636
brp01040	103829117
brp01040	103831198
brp01040	103836556
brp01040	103837563
brp01040	103839066
brp01040	103841125
brp01040	103841442
brp01040	103843412
brp01040	103844046
brp01040	103844048
brp01040	103844049
brp01040	103844672
brp01040	103846343
brp01040	103846344
brp01040	103846802
brp01040	103847601
brp01040	103851552
brp01040	103852421
brp01040	103853313
brp01040	103854565
brp01040	103855870
brp01040	103857473
brp01040	103857580
brp01040	103858091
brp01040	103858865
brp01040	103858976
brp01040	103865244
brp01040	103866745
brp01040	103867566
brp01040	103869185
brp01040	103870276
brp01040	103870910
brp01040	103873937
brp01040	117133757
brp01100	103249141
brp01100	103249149
brp01100	103249155
brp01100	103827501
brp01100	103827511
brp01100	103827521
brp01100	103827535
brp01100	103827543
brp01100	103827544
brp01100	103827559
brp01100	103827594
brp01100	103827612
brp01100	103827616
brp01100	103827619
brp01100	103827649
brp01100	103827656
brp01100	103827675
brp01100	103827678
brp01100	103827699
brp01100	103827738
brp01100	103827740
brp01100	103827749
brp01100	103827773
brp01100	103827804
brp01100	103827823
brp01100	103827827
brp01100	103827896
brp01100	103827897
brp01100	103827942
brp01100	103827945
brp01100	103827954
brp01100	103827956
brp01100	103827965
brp01100	103828011
brp01100	103828025
brp01100	103828027
brp01100	103828028
brp01100	103828048
brp01100	103828058
brp01100	103828068
brp01100	103828071
brp01100	103828073
brp01100	103828074
brp01100	103828078
brp01100	103828089
brp01100	103828094
brp01100	103828105
brp01100	103828110
brp01100	103828113
brp01100	103828149
brp01100	103828152
brp01100	103828157
brp01100	103828167
brp01100	103828176
brp01100	103828181
brp01100	103828182
brp01100	103828183
brp01100	103828198
brp01100	103828203
brp01100	103828204
brp01100	103828225
brp01100	103828233
brp01100	103828238
brp01100	103828256
brp01100	103828269
brp01100	103828273
brp01100	103828278
brp01100	103828293
brp01100	103828296
brp01100	103828297
brp01100	103828351
brp01100	103828352
brp01100	103828372
brp01100	103828407
brp01100	103828427
brp01100	103828469
brp01100	103828479
brp01100	103828510
brp01100	103828530
brp01100	103828545
brp01100	103828559
brp01100	103828576
brp01100	103828582
brp01100	103828609
brp01100	103828610
brp01100	103828653
brp01100	103828655
brp01100	103828666
brp01100	103828669
brp01100	103828679
brp01100	103828683
brp01100	103828685
brp01100	103828688
brp01100	103828701
brp01100	103828704
brp01100	103828707
brp01100	103828719
brp01100	103828720
brp01100	103828725
brp01100	103828727
brp01100	103828733
brp01100	103828734
brp01100	103828738
brp01100	103828756
brp01100	103828782
brp01100	103828794
brp01100	103828798
brp01100	103828799
brp01100	103828818
brp01100	103828819
brp01100	103828916
brp01100	103828920
brp01100	103828941
brp01100	103828990
brp01100	103829082
brp01100	103829083
brp01100	103829087
brp01100	103829117
brp01100	103829136
brp01100	103829137
brp01100	103829174
brp01100	103829205
brp01100	103829224
brp01100	103829227
brp01100	103829257
brp01100	103829262
brp01100	103829276
brp01100	103829306
brp01100	103829307
brp01100	103829310
brp01100	103829320
brp01100	103829329
brp01100	103829330
brp01100	103829344
brp01100	103829348
brp01100	103829418
brp01100	103829420
brp01100	103829424
brp01100	103829425
brp01100	103829426
brp01100	103829438
brp01100	103829457
brp01100	103829458
brp01100	103829467
brp01100	103829545
brp01100	103829568
brp01100	103829578
brp01100	103829589
brp01100	103829597
brp01100	103829602
brp01100	103829612
brp01100	103829619
brp01100	103829625
brp01100	103829628
brp01100	103829636
brp01100	103829638
brp01100	103829671
brp01100	103829675
brp01100	103829706
brp01100	103829717
brp01100	103829750
brp01100	103829755
brp01100	103829766
brp01100	103829825
brp01100	103829906
brp01100	103829920
brp01100	103829929
brp01100	103829942
brp01100	103829953
brp01100	103829976
brp01100	103829987
brp01100	103829989
brp01100	103829997
brp01100	103829999
brp01100	103830004
brp01100	103830006
brp01100	103830010
brp01100	103830012
brp01100	103830019
brp01100	103830026
brp01100	103830076
brp01100	103830078
brp01100	103830087
brp01100	103830105
brp01100	103830108
brp01100	103830112
brp01100	103830115
brp01100	103830144
brp01100	103830157
brp01100	103830170
brp01100	103830181
brp01100	103830182
brp01100	103830186
brp01100	103830193
brp01100	103830206
brp01100	103830217
brp01100	103830232
brp01100	103830238
brp01100	103830245
brp01100	103830254
brp01100	103830260
brp01100	103830300
brp01100	103830302
brp01100	103830313
brp01100	103830344
brp01100	103830368
brp01100	103830371
brp01100	103830386
brp01100	103830388
brp01100	103830390
brp01100	103830395
brp01100	103830405
brp01100	103830416
brp01100	103830431
brp01100	103830434
brp01100	103830437
brp01100	103830447
brp01100	103830467
brp01100	103830478
brp01100	103830479
brp01100	103830480
brp01100	103830493
brp01100	103830498
brp01100	103830502
brp01100	103830510
brp01100	103830523
brp01100	103830524
brp01100	103830525
brp01100	103830526
brp01100	103830551
brp01100	103830559
brp01100	103830564
brp01100	103830571
brp01100	103830574
brp01100	103830600
brp01100	103830635
brp01100	103830654
brp01100	103830657
brp01100	103830672
brp01100	103830674
brp01100	103830679
brp01100	103830680
brp01100	103830688
brp01100	103830709
brp01100	103830721
brp01100	103830750
brp01100	103830752
brp01100	103830768
brp01100	103830770
brp01100	103830776
brp01100	103830836
brp01100	103830855
brp01100	103830864
brp01100	103830875
brp01100	103830902
brp01100	103830932
brp01100	103830942
brp01100	103830948
brp01100	103830950
brp01100	103830968
brp01100	103830971
brp01100	103830990
brp01100	103830991
brp01100	103830992
brp01100	103830993
brp01100	103830994
brp01100	103830995
brp01100	103830997
brp01100	103831003
brp01100	103831011
brp01100	103831013
brp01100	103831021
brp01100	103831024
brp01100	103831042
brp01100	103831048
brp01100	103831049
brp01100	103831059
brp01100	103831061
brp01100	103831074
brp01100	103831077
brp01100	103831107
brp01100	103831111
brp01100	103831146
brp01100	103831159
brp01100	103831161
brp01100	103831170
brp01100	103831198
brp01100	103831199
brp01100	103831201
brp01100	103831219
brp01100	103831220
brp01100	103831222
brp01100	103831297
brp01100	103831335
brp01100	103831345
brp01100	103831356
brp01100	103831367
brp01100	103831402
brp01100	103831409
brp01100	103831485
brp01100	103831513
brp01100	103831524
brp01100	103831537
brp01100	103831538
brp01100	103831540
brp01100	103831554
brp01100	103831570
brp01100	103831591
brp01100	103831592
brp01100	103831605
brp01100	103831615
brp01100	103831657
brp01100	103831659
brp01100	103831678
brp01100	103831684
brp01100	103831713
brp01100	103831714
brp01100	103831774
brp01100	103831786
brp01100	103831791
brp01100	103831793
brp01100	103831806
brp01100	103831821
brp01100	103831828
brp01100	103831845
brp01100	103831850
brp01100	103831875
brp01100	103831876
brp01100	103831877
brp01100	103831878
brp01100	103831884
brp01100	103831898
brp01100	103831902
brp01100	103831923
brp01100	103831930
brp01100	103831949
brp01100	103831955
brp01100	103832047
brp01100	103832055
brp01100	103832056
brp01100	103832061
brp01100	103832079
brp01100	103832096
brp01100	103832111
brp01100	103832114
brp01100	103832118
brp01100	103832162
brp01100	103832166
brp01100	103832184
brp01100	103832195
brp01100	103832206
brp01100	103832230
brp01100	103832235
brp01100	103832250
brp01100	103832256
brp01100	103832310
brp01100	103832315
brp01100	103832317
brp01100	103832319
brp01100	103832335
brp01100	103832336
brp01100	103832340
brp01100	103832355
brp01100	103832367
brp01100	103832377
brp01100	103832382
brp01100	103832395
brp01100	103832400
brp01100	103832421
brp01100	103832422
brp01100	103832423
brp01100	103832426
brp01100	103832443
brp01100	103832452
brp01100	103832468
brp01100	103832472
brp01100	103832473
brp01100	103832484
brp01100	103832485
brp01100	103832491
brp01100	103832493
brp01100	103832494
brp01100	103832504
brp01100	103832507
brp01100	103832545
brp01100	103832556
brp01100	103832560
brp01100	103832566
brp01100	103832567
brp01100	103832574
brp01100	103832576
brp01100	103832583
brp01100	103832587
brp01100	103832617
brp01100	103832634
brp01100	103832653
brp01100	103832661
brp01100	103832662
brp01100	103832677
brp01100	103832683
brp01100	103832692
brp01100	103832703
brp01100	103832767
brp01100	103832772
brp01100	103832773
brp01100	103832788
brp01100	103832793
brp01100	103832797
brp01100	103832798
brp01100	103832805
brp01100	103832808
brp01100	103832828
brp01100	103832834
brp01100	103832838
brp01100	103832840
brp01100	103832841
brp01100	103832863
brp01100	103832872
brp01100	103832876
brp01100	103832890
brp01100	103832897
brp01100	103832898
brp01100	103832922
brp01100	103832931
brp01100	103832977
brp01100	103833017
brp01100	103833019
brp01100	103833045
brp01100	103833059
brp01100	103833068
brp01100	103833085
brp01100	103833106
brp01100	103833131
brp01100	103833133
brp01100	103833135
brp01100	103833143
brp01100	103833147
brp01100	103833148
brp01100	103833212
brp01100	103833295
brp01100	103833297
brp01100	103833307
brp01100	103833324
brp01100	103833353
brp01100	103833397
brp01100	103833411
brp01100	103833414
brp01100	103833422
brp01100	103833446
brp01100	103833476
brp01100	103833477
brp01100	103833480
brp01100	103833498
brp01100	103833499
brp01100	103833505
brp01100	103833534
brp01100	103833536
brp01100	103833558
brp01100	103833575
brp01100	103833578
brp01100	103833584
brp01100	103833589
brp01100	103833647
brp01100	103833653
brp01100	103833659
brp01100	103833672
brp01100	103833678
brp01100	103833679
brp01100	103833683
brp01100	103833691
brp01100	103833698
brp01100	103833738
brp01100	103833744
brp01100	103833758
brp01100	103833776
brp01100	103833777
brp01100	103833778
brp01100	103833794
brp01100	103833801
brp01100	103833816
brp01100	103833836
brp01100	103833844
brp01100	103833854
brp01100	103833856
brp01100	103833883
brp01100	103833884
brp01100	103833900
brp01100	103833911
brp01100	103833912
brp01100	103833913
brp01100	103833964
brp01100	103833979
brp01100	103834013
brp01100	103834053
brp01100	103834062
brp01100	103834110
brp01100	103834131
brp01100	103834139
brp01100	103834170
brp01100	103834178
brp01100	103834191
brp01100	103834212
brp01100	103834215
brp01100	103834235
brp01100	103834236
brp01100	103834242
brp01100	103834248
brp01100	103834292
brp01100	103834330
brp01100	103834365
brp01100	103834369
brp01100	103834385
brp01100	103834387
brp01100	103834393
brp01100	103834394
brp01100	103834396
brp01100	103834400
brp01100	103834409
brp01100	103834423
brp01100	103834426
brp01100	103834443
brp01100	103834444
brp01100	103834453
brp01100	103834460
brp01100	103834462
brp01100	103834464
brp01100	103834471
brp01100	103834484
brp01100	103834493
brp01100	103834504
brp01100	103834530
brp01100	103834546
brp01100	103834554
brp01100	103834555
brp01100	103834557
brp01100	103834558
brp01100	103834560
brp01100	103834581
brp01100	103834589
brp01100	103834622
brp01100	103834637
brp01100	103834655
brp01100	103834686
brp01100	103834704
brp01100	103834709
brp01100	103834710
brp01100	103834715
brp01100	103834740
brp01100	103834743
brp01100	103834745
brp01100	103834779
brp01100	103834825
brp01100	103834830
brp01100	103834836
brp01100	103834844
brp01100	103834845
brp01100	103834893
brp01100	103834896
brp01100	103834925
brp01100	103834926
brp01100	103834928
brp01100	103834945
brp01100	103834946
brp01100	103834979
brp01100	103835005
brp01100	103835007
brp01100	103835047
brp01100	103835051
brp01100	103835052
brp01100	103835059
brp01100	103835065
brp01100	103835067
brp01100	103835074
brp01100	103835082
brp01100	103835097
brp01100	103835109
brp01100	103835128
brp01100	103835143
brp01100	103835147
brp01100	103835152
brp01100	103835154
brp01100	103835158
brp01100	103835162
brp01100	103835178
brp01100	103835193
brp01100	103835217
brp01100	103835230
brp01100	103835237
brp01100	103835247
brp01100	103835251
brp01100	103835322
brp01100	103835323
brp01100	103835339
brp01100	103835360
brp01100	103835394
brp01100	103835415
brp01100	103835420
brp01100	103835436
brp01100	103835438
brp01100	103835440
brp01100	103835473
brp01100	103835474
brp01100	103835475
brp01100	103835477
brp01100	103835478
brp01100	103835481
brp01100	103835523
brp01100	103835524
brp01100	103835554
brp01100	103835561
brp01100	103835584
brp01100	103835599
brp01100	103835645
brp01100	103835646
brp01100	103835648
brp01100	103835666
brp01100	103835672
brp01100	103835677
brp01100	103835694
brp01100	103835699
brp01100	103835700
brp01100	103835703
brp01100	103835710
brp01100	103835714
brp01100	103835719
brp01100	103835749
brp01100	103835788
brp01100	103835791
brp01100	103835792
brp01100	103835794
brp01100	103835795
brp01100	103835801
brp01100	103835803
brp01100	103835814
brp01100	103835822
brp01100	103835823
brp01100	103835841
brp01100	103835857
brp01100	103835863
brp01100	103835877
brp01100	103835892
brp01100	103835897
brp01100	103835908
brp01100	103835943
brp01100	103835945
brp01100	103835956
brp01100	103835961
brp01100	103835963
brp01100	103835969
brp01100	103835980
brp01100	103836005
brp01100	103836007
brp01100	103836017
brp01100	103836020
brp01100	103836044
brp01100	103836047
brp01100	103836051
brp01100	103836056
brp01100	103836073
brp01100	103836099
brp01100	103836104
brp01100	103836113
brp01100	103836130
brp01100	103836138
brp01100	103836145
brp01100	103836203
brp01100	103836204
brp01100	103836205
brp01100	103836206
brp01100	103836212
brp01100	103836214
brp01100	103836215
brp01100	103836218
brp01100	103836224
brp01100	103836225
brp01100	103836237
brp01100	103836307
brp01100	103836310
brp01100	103836337
brp01100	103836338
brp01100	103836339
brp01100	103836381
brp01100	103836386
brp01100	103836401
brp01100	103836413
brp01100	103836419
brp01100	103836442
brp01100	103836444
brp01100	103836446
brp01100	103836450
brp01100	103836456
brp01100	103836470
brp01100	103836474
brp01100	103836475
brp01100	103836479
brp01100	103836498
brp01100	103836504
brp01100	103836520
brp01100	103836523
brp01100	103836535
brp01100	103836536
brp01100	103836556
brp01100	103836561
brp01100	103836565
brp01100	103836575
brp01100	103836607
brp01100	103836610
brp01100	103836621
brp01100	103836637
brp01100	103836640
brp01100	103836641
brp01100	103836643
brp01100	103836653
brp01100	103836713
brp01100	103836715
brp01100	103836728
brp01100	103836729
brp01100	103836732
brp01100	103836736
brp01100	103836737
brp01100	103836758
brp01100	103836759
brp01100	103836760
brp01100	103836761
brp01100	103836763
brp01100	103836764
brp01100	103836769
brp01100	103836786
brp01100	103836787
brp01100	103836791
brp01100	103836793
brp01100	103836799
brp01100	103836808
brp01100	103836876
brp01100	103836908
brp01100	103836911
brp01100	103836912
brp01100	103836914
brp01100	103836923
brp01100	103836926
brp01100	103836940
brp01100	103836945
brp01100	103836950
brp01100	103836983
brp01100	103836988
brp01100	103836989
brp01100	103836991
brp01100	103836995
brp01100	103837002
brp01100	103837014
brp01100	103837019
brp01100	103837028
brp01100	103837056
brp01100	103837094
brp01100	103837115
brp01100	103837127
brp01100	103837134
brp01100	103837162
brp01100	103837173
brp01100	103837181
brp01100	103837203
brp01100	103837205
brp01100	103837220
brp01100	103837228
brp01100	103837231
brp01100	103837242
brp01100	103837270
brp01100	103837273
brp01100	103837286
brp01100	103837317
brp01100	103837318
brp01100	103837332
brp01100	103837393
brp01100	103837427
brp01100	103837461
brp01100	103837465
brp01100	103837467
brp01100	103837468
brp01100	103837478
brp01100	103837496
brp01100	103837499
brp01100	103837502
brp01100	103837505
brp01100	103837506
brp01100	103837509
brp01100	103837510
brp01100	103837523
brp01100	103837528
brp01100	103837535
brp01100	103837558
brp01100	103837563
brp01100	103837592
brp01100	103837595
brp01100	103837614
brp01100	103837626
brp01100	103837633
brp01100	103837635
brp01100	103837641
brp01100	103837643
brp01100	103837644
brp01100	103837651
brp01100	103837660
brp01100	103837663
brp01100	103837669
brp01100	103837671
brp01100	103837674
brp01100	103837680
brp01100	103837689
brp01100	103837695
brp01100	103837704
brp01100	103837712
brp01100	103837729
brp01100	103837771
brp01100	103837784
brp01100	103837797
brp01100	103837814
brp01100	103837846
brp01100	103837849
brp01100	103837878
brp01100	103837881
brp01100	103837888
brp01100	103837892
brp01100	103837896
brp01100	103837904
brp01100	103837905
brp01100	103837906
brp01100	103837914
brp01100	103837918
brp01100	103837919
brp01100	103837929
brp01100	103837935
brp01100	103837956
brp01100	103837958
brp01100	103837982
brp01100	103837984
brp01100	103837987
brp01100	103838003
brp01100	103838009
brp01100	103838018
brp01100	103838037
brp01100	103838043
brp01100	103838045
brp01100	103838061
brp01100	103838069
brp01100	103838075
brp01100	103838090
brp01100	103838115
brp01100	103838142
brp01100	103838161
brp01100	103838165
brp01100	103838186
brp01100	103838201
brp01100	103838202
brp01100	103838225
brp01100	103838240
brp01100	103838242
brp01100	103838252
brp01100	103838277
brp01100	103838288
brp01100	103838293
brp01100	103838341
brp01100	103838345
brp01100	103838351
brp01100	103838358
brp01100	103838363
brp01100	103838379
brp01100	103838380
brp01100	103838396
brp01100	103838399
brp01100	103838443
brp01100	103838463
brp01100	103838464
brp01100	103838467
brp01100	103838479
brp01100	103838482
brp01100	103838505
brp01100	103838506
brp01100	103838508
brp01100	103838509
brp01100	103838510
brp01100	103838541
brp01100	103838571
brp01100	103838587
brp01100	103838590
brp01100	103838611
brp01100	103838621
brp01100	103838624
brp01100	103838625
brp01100	103838635
brp01100	103838661
brp01100	103838671
brp01100	103838693
brp01100	103838721
brp01100	103838728
brp01100	103838741
brp01100	103838791
brp01100	103838802
brp01100	103838824
brp01100	103838827
brp01100	103838831
brp01100	103838839
brp01100	103838849
brp01100	103838873
brp01100	103838909
brp01100	103838910
brp01100	103838937
brp01100	103839002
brp01100	103839011
brp01100	103839022
brp01100	103839024
brp01100	103839037
brp01100	103839038
brp01100	103839059
brp01100	103839066
brp01100	103839088
brp01100	103839144
brp01100	103839150
brp01100	103839173
brp01100	103839215
brp01100	103839225
brp01100	103839226
brp01100	103839246
brp01100	103839275
brp01100	103839278
brp01100	103839279
brp01100	103839286
brp01100	103839308
brp01100	103839353
brp01100	103839361
brp01100	103839364
brp01100	103839367
brp01100	103839439
brp01100	103839444
brp01100	103839455
brp01100	103839459
brp01100	103839507
brp01100	103839509
brp01100	103839533
brp01100	103839558
brp01100	103839561
brp01100	103839618
brp01100	103839748
brp01100	103839758
brp01100	103839762
brp01100	103839764
brp01100	103839765
brp01100	103839775
brp01100	103839780
brp01100	103839792
brp01100	103839798
brp01100	103839811
brp01100	103839821
brp01100	103839826
brp01100	103839851
brp01100	103839858
brp01100	103839873
brp01100	103839899
brp01100	103839915
brp01100	103839973
brp01100	103840005
brp01100	103840013
brp01100	103840023
brp01100	103840026
brp01100	103840054
brp01100	103840132
brp01100	103840137
brp01100	103840151
brp01100	103840153
brp01100	103840158
brp01100	103840164
brp01100	103840178
brp01100	103840179
brp01100	103840191
brp01100	103840193
brp01100	103840194
brp01100	103840198
brp01100	103840210
brp01100	103840211
brp01100	103840237
brp01100	103840252
brp01100	103840260
brp01100	103840262
brp01100	103840263
brp01100	103840271
brp01100	103840283
brp01100	103840297
brp01100	103840299
brp01100	103840305
brp01100	103840373
brp01100	103840380
brp01100	103840382
brp01100	103840383
brp01100	103840386
brp01100	103840388
brp01100	103840402
brp01100	103840429
brp01100	103840432
brp01100	103840441
brp01100	103840449
brp01100	103840451
brp01100	103840452
brp01100	103840458
brp01100	103840526
brp01100	103840558
brp01100	103840573
brp01100	103840598
brp01100	103840600
brp01100	103840609
brp01100	103840622
brp01100	103840623
brp01100	103840631
brp01100	103840683
brp01100	103840701
brp01100	103840709
brp01100	103840711
brp01100	103840733
brp01100	103840735
brp01100	103840738
brp01100	103840754
brp01100	103840774
brp01100	103840776
brp01100	103840779
brp01100	103840787
brp01100	103840790
brp01100	103840813
brp01100	103840815
brp01100	103840824
brp01100	103840840
brp01100	103840927
brp01100	103840942
brp01100	103840968
brp01100	103841020
brp01100	103841032
brp01100	103841041
brp01100	103841072
brp01100	103841091
brp01100	103841124
brp01100	103841125
brp01100	103841158
brp01100	103841166
brp01100	103841201
brp01100	103841202
brp01100	103841218
brp01100	103841225
brp01100	103841229
brp01100	103841243
brp01100	103841251
brp01100	103841275
brp01100	103841284
brp01100	103841311
brp01100	103841316
brp01100	103841329
brp01100	103841340
brp01100	103841355
brp01100	103841367
brp01100	103841369
brp01100	103841392
brp01100	103841403
brp01100	103841414
brp01100	103841418
brp01100	103841419
brp01100	103841428
brp01100	103841431
brp01100	103841434
brp01100	103841442
brp01100	103841446
brp01100	103841472
brp01100	103841474
brp01100	103841487
brp01100	103841495
brp01100	103841505
brp01100	103841539
brp01100	103841581
brp01100	103841596
brp01100	103841600
brp01100	103841611
brp01100	103841623
brp01100	103841628
brp01100	103841655
brp01100	103841656
brp01100	103841660
brp01100	103841661
brp01100	103841669
brp01100	103841671
brp01100	103841710
brp01100	103841734
brp01100	103841748
brp01100	103841749
brp01100	103841750
brp01100	103841792
brp01100	103841815
brp01100	103841820
brp01100	103841831
brp01100	103841853
brp01100	103841863
brp01100	103841864
brp01100	103841865
brp01100	103841866
brp01100	103841868
brp01100	103841882
brp01100	103841908
brp01100	103841916
brp01100	103841917
brp01100	103841935
brp01100	103841966
brp01100	103841975
brp01100	103841976
brp01100	103841985
brp01100	103842019
brp01100	103842031
brp01100	103842042
brp01100	103842047
brp01100	103842078
brp01100	103842079
brp01100	103842081
brp01100	103842085
brp01100	103842088
brp01100	103842115
brp01100	103842123
brp01100	103842126
brp01100	103842134
brp01100	103842138
brp01100	103842139
brp01100	103842143
brp01100	103842149
brp01100	103842157
brp01100	103842159
brp01100	103842186
brp01100	103842214
brp01100	103842218
brp01100	103842220
brp01100	103842224
brp01100	103842227
brp01100	103842246
brp01100	103842249
brp01100	103842267
brp01100	103842270
brp01100	103842288
brp01100	103842310
brp01100	103842373
brp01100	103842395
brp01100	103842398
brp01100	103842415
brp01100	103842448
brp01100	103842497
brp01100	103842505
brp01100	103842528
brp01100	103842535
brp01100	103842537
brp01100	103842552
brp01100	103842569
brp01100	103842575
brp01100	103842579
brp01100	103842585
brp01100	103842591
brp01100	103842601
brp01100	103842602
brp01100	103842605
brp01100	103842606
brp01100	103842633
brp01100	103842643
brp01100	103842653
brp01100	103842655
brp01100	103842698
brp01100	103842724
brp01100	103842736
brp01100	103842743
brp01100	103842751
brp01100	103842754
brp01100	103842755
brp01100	103842763
brp01100	103842766
brp01100	103842778
brp01100	103842798
brp01100	103842803
brp01100	103842804
brp01100	103842805
brp01100	103842808
brp01100	103842843
brp01100	103842844
brp01100	103842867
brp01100	103842872
brp01100	103842881
brp01100	103842888
brp01100	103842895
brp01100	103842917
brp01100	103842918
brp01100	103842932
brp01100	103842960
brp01100	103842969
brp01100	103842995
brp01100	103843002
brp01100	103843012
brp01100	103843039
brp01100	103843044
brp01100	103843045
brp01100	103843050
brp01100	103843097
brp01100	103843100
brp01100	103843101
brp01100	103843121
brp01100	103843130
brp01100	103843145
brp01100	103843208
brp01100	103843219
brp01100	103843220
brp01100	103843236
brp01100	103843268
brp01100	103843304
brp01100	103843309
brp01100	103843316
brp01100	103843327
brp01100	103843331
brp01100	103843355
brp01100	103843366
brp01100	103843382
brp01100	103843385
brp01100	103843388
brp01100	103843392
brp01100	103843393
brp01100	103843400
brp01100	103843402
brp01100	103843406
brp01100	103843407
brp01100	103843410
brp01100	103843412
brp01100	103843426
brp01100	103843456
brp01100	103843479
brp01100	103843494
brp01100	103843495
brp01100	103843499
brp01100	103843547
brp01100	103843568
brp01100	103843574
brp01100	103843595
brp01100	103843596
brp01100	103843598
brp01100	103843610
brp01100	103843616
brp01100	103843617
brp01100	103843619
brp01100	103843635
brp01100	103843638
brp01100	103843640
brp01100	103843646
brp01100	103843665
brp01100	103843688
brp01100	103843696
brp01100	103843706
brp01100	103843727
brp01100	103843735
brp01100	103843737
brp01100	103843752
brp01100	103843771
brp01100	103843773
brp01100	103843778
brp01100	103843784
brp01100	103843798
brp01100	103843799
brp01100	103843800
brp01100	103843832
brp01100	103843850
brp01100	103843868
brp01100	103843901
brp01100	103843922
brp01100	103843945
brp01100	103843947
brp01100	103843966
brp01100	103843969
brp01100	103843977
brp01100	103843983
brp01100	103843989
brp01100	103844002
brp01100	103844007
brp01100	103844008
brp01100	103844017
brp01100	103844028
brp01100	103844029
brp01100	103844032
brp01100	103844042
brp01100	103844046
brp01100	103844048
brp01100	103844049
brp01100	103844077
brp01100	103844104
brp01100	103844106
brp01100	103844153
brp01100	103844155
brp01100	103844156
brp01100	103844165
brp01100	103844184
brp01100	103844199
brp01100	103844229
brp01100	103844232
brp01100	103844234
brp01100	103844235
brp01100	103844236
brp01100	103844240
brp01100	103844249
brp01100	103844258
brp01100	103844277
brp01100	103844281
brp01100	103844345
brp01100	103844354
brp01100	103844358
brp01100	103844489
brp01100	103844493
brp01100	103844502
brp01100	103844518
brp01100	103844545
brp01100	103844547
brp01100	103844548
brp01100	103844549
brp01100	103844552
brp01100	103844557
brp01100	103844561
brp01100	103844563
brp01100	103844566
brp01100	103844587
brp01100	103844589
brp01100	103844594
brp01100	103844599
brp01100	103844622
brp01100	103844626
brp01100	103844650
brp01100	103844651
brp01100	103844662
brp01100	103844663
brp01100	103844672
brp01100	103844688
brp01100	103844697
brp01100	103844718
brp01100	103844746
brp01100	103844760
brp01100	103844782
brp01100	103844792
brp01100	103844833
brp01100	103844853
brp01100	103844876
brp01100	103844878
brp01100	103844881
brp01100	103844887
brp01100	103844892
brp01100	103844906
brp01100	103844910
brp01100	103844930
brp01100	103844934
brp01100	103844946
brp01100	103844953
brp01100	103845005
brp01100	103845023
brp01100	103845039
brp01100	103845041
brp01100	103845043
brp01100	103845044
brp01100	103845074
brp01100	103845077
brp01100	103845085
brp01100	103845096
brp01100	103845103
brp01100	103845106
brp01100	103845139
brp01100	103845155
brp01100	103845167
brp01100	103845172
brp01100	103845176
brp01100	103845181
brp01100	103845194
brp01100	103845199
brp01100	103845244
brp01100	103845250
brp01100	103845258
brp01100	103845299
brp01100	103845301
brp01100	103845302
brp01100	103845304
brp01100	103845327
brp01100	103845368
brp01100	103845411
brp01100	103845454
brp01100	103845470
brp01100	103845475
brp01100	103845477
brp01100	103845514
brp01100	103845522
brp01100	103845536
brp01100	103845610
brp01100	103845611
brp01100	103845612
brp01100	103845621
brp01100	103845623
brp01100	103845624
brp01100	103845640
brp01100	103845641
brp01100	103845648
brp01100	103845691
brp01100	103845694
brp01100	103845713
brp01100	103845714
brp01100	103845715
brp01100	103845728
brp01100	103845732
brp01100	103845742
brp01100	103845753
brp01100	103845770
brp01100	103845771
brp01100	103845779
brp01100	103845790
brp01100	103845798
brp01100	103845801
brp01100	103845805
brp01100	103845814
brp01100	103845846
brp01100	103845857
brp01100	103845858
brp01100	103845860
brp01100	103845873
brp01100	103845884
brp01100	103845887
brp01100	103845906
brp01100	103845927
brp01100	103845958
brp01100	103845964
brp01100	103845967
brp01100	103845974
brp01100	103845992
brp01100	103846009
brp01100	103846016
brp01100	103846031
brp01100	103846036
brp01100	103846037
brp01100	103846046
brp01100	103846141
brp01100	103846253
brp01100	103846261
brp01100	103846262
brp01100	103846264
brp01100	103846266
brp01100	103846291
brp01100	103846297
brp01100	103846299
brp01100	103846305
brp01100	103846320
brp01100	103846324
brp01100	103846343
brp01100	103846344
brp01100	103846355
brp01100	103846371
brp01100	103846389
brp01100	103846395
brp01100	103846406
brp01100	103846408
brp01100	103846420
brp01100	103846434
brp01100	103846437
brp01100	103846441
brp01100	103846446
brp01100	103846455
brp01100	103846458
brp01100	103846459
brp01100	103846471
brp01100	103846480
brp01100	103846481
brp01100	103846487
brp01100	103846503
brp01100	103846507
brp01100	103846527
brp01100	103846553
brp01100	103846567
brp01100	103846573
brp01100	103846574
brp01100	103846575
brp01100	103846584
brp01100	103846601
brp01100	103846608
brp01100	103846659
brp01100	103846671
brp01100	103846681
brp01100	103846688
brp01100	103846695
brp01100	103846718
brp01100	103846726
brp01100	103846731
brp01100	103846748
brp01100	103846769
brp01100	103846802
brp01100	103846819
brp01100	103846836
brp01100	103846844
brp01100	103846862
brp01100	103846879
brp01100	103846880
brp01100	103846887
brp01100	103846910
brp01100	103846914
brp01100	103846939
brp01100	103846946
brp01100	103846950
brp01100	103846954
brp01100	103846999
brp01100	103847010
brp01100	103847012
brp01100	103847037
brp01100	103847058
brp01100	103847061
brp01100	103847062
brp01100	103847081
brp01100	103847113
brp01100	103847118
brp01100	103847126
brp01100	103847127
brp01100	103847135
brp01100	103847145
brp01100	103847149
brp01100	103847166
brp01100	103847171
brp01100	103847177
brp01100	103847182
brp01100	103847184
brp01100	103847188
brp01100	103847197
brp01100	103847217
brp01100	103847223
brp01100	103847226
brp01100	103847232
brp01100	103847237
brp01100	103847238
brp01100	103847241
brp01100	103847242
brp01100	103847245
brp01100	103847249
brp01100	103847250
brp01100	103847272
brp01100	103847275
brp01100	103847280
brp01100	103847281
brp01100	103847312
brp01100	103847322
brp01100	103847336
brp01100	103847339
brp01100	103847348
brp01100	103847360
brp01100	103847368
brp01100	103847372
brp01100	103847390
brp01100	103847393
brp01100	103847407
brp01100	103847421
brp01100	103847432
brp01100	103847440
brp01100	103847443
brp01100	103847445
brp01100	103847450
brp01100	103847479
brp01100	103847496
brp01100	103847504
brp01100	103847532
brp01100	103847573
brp01100	103847584
brp01100	103847601
brp01100	103847604
brp01100	103847616
brp01100	103847645
brp01100	103847719
brp01100	103847721
brp01100	103847722
brp01100	103847733
brp01100	103847766
brp01100	103847770
brp01100	103847839
brp01100	103847878
brp01100	103847901
brp01100	103847911
brp01100	103847925
brp01100	103847964
brp01100	103847966
brp01100	103847975
brp01100	103847977
brp01100	103848008
brp01100	103848028
brp01100	103848036
brp01100	103848038
brp01100	103848043
brp01100	103848044
brp01100	103848073
brp01100	103848085
brp01100	103848153
brp01100	103848186
brp01100	103848200
brp01100	103848201
brp01100	103848203
brp01100	103848211
brp01100	103848331
brp01100	103848377
brp01100	103848388
brp01100	103848451
brp01100	103848452
brp01100	103848470
brp01100	103848519
brp01100	103848542
brp01100	103848557
brp01100	103848597
brp01100	103848640
brp01100	103848641
brp01100	103848739
brp01100	103848747
brp01100	103848757
brp01100	103848761
brp01100	103848812
brp01100	103848834
brp01100	103848836
brp01100	103848838
brp01100	103848843
brp01100	103848845
brp01100	103848861
brp01100	103848868
brp01100	103848893
brp01100	103848910
brp01100	103848932
brp01100	103848938
brp01100	103849010
brp01100	103849020
brp01100	103849039
brp01100	103849069
brp01100	103849070
brp01100	103849094
brp01100	103849095
brp01100	103849110
brp01100	103849145
brp01100	103849152
brp01100	103849160
brp01100	103849163
brp01100	103849168
brp01100	103849176
brp01100	103849205
brp01100	103849284
brp01100	103849293
brp01100	103849297
brp01100	103849423
brp01100	103849446
brp01100	103849456
brp01100	103849483
brp01100	103849526
brp01100	103849591
brp01100	103849627
brp01100	103849657
brp01100	103849681
brp01100	103849710
brp01100	103849713
brp01100	103849761
brp01100	103849762
brp01100	103849843
brp01100	103849851
brp01100	103849855
brp01100	103849863
brp01100	103849909
brp01100	103849910
brp01100	103849942
brp01100	103849973
brp01100	103849983
brp01100	103850012
brp01100	103850028
brp01100	103850055
brp01100	103850057
brp01100	103850064
brp01100	103850067
brp01100	103850074
brp01100	103850078
brp01100	103850082
brp01100	103850096
brp01100	103850112
brp01100	103850119
brp01100	103850131
brp01100	103850139
brp01100	103850140
brp01100	103850146
brp01100	103850153
brp01100	103850170
brp01100	103850186
brp01100	103850190
brp01100	103850195
brp01100	103850209
brp01100	103850213
brp01100	103850273
brp01100	103850274
brp01100	103850276
brp01100	103850280
brp01100	103850282
brp01100	103850294
brp01100	103850336
brp01100	103850337
brp01100	103850366
brp01100	103850396
brp01100	103850412
brp01100	103850418
brp01100	103850424
brp01100	103850438
brp01100	103850458
brp01100	103850459
brp01100	103850472
brp01100	103850485
brp01100	103850517
brp01100	103850518
brp01100	103850528
brp01100	103850537
brp01100	103850550
brp01100	103850551
brp01100	103850577
brp01100	103850580
brp01100	103850592
brp01100	103850594
brp01100	103850603
brp01100	103850607
brp01100	103850646
brp01100	103850654
brp01100	103850656
brp01100	103850671
brp01100	103850687
brp01100	103850689
brp01100	103850693
brp01100	103850695
brp01100	103850698
brp01100	103850708
brp01100	103850710
brp01100	103850718
brp01100	103850756
brp01100	103850766
brp01100	103850775
brp01100	103850789
brp01100	103850793
brp01100	103850830
brp01100	103850842
brp01100	103850851
brp01100	103850857
brp01100	103850860
brp01100	103850867
brp01100	103850868
brp01100	103850869
brp01100	103850871
brp01100	103850876
brp01100	103850885
brp01100	103850890
brp01100	103850891
brp01100	103850902
brp01100	103850907
brp01100	103850917
brp01100	103850918
brp01100	103850927
brp01100	103850931
brp01100	103850940
brp01100	103850948
brp01100	103850951
brp01100	103850953
brp01100	103850958
brp01100	103850968
brp01100	103850973
brp01100	103850986
brp01100	103850998
brp01100	103851002
brp01100	103851010
brp01100	103851024
brp01100	103851027
brp01100	103851034
brp01100	103851035
brp01100	103851039
brp01100	103851053
brp01100	103851061
brp01100	103851079
brp01100	103851084
brp01100	103851087
brp01100	103851089
brp01100	103851090
brp01100	103851100
brp01100	103851131
brp01100	103851137
brp01100	103851145
brp01100	103851196
brp01100	103851199
brp01100	103851201
brp01100	103851202
brp01100	103851204
brp01100	103851217
brp01100	103851247
brp01100	103851253
brp01100	103851283
brp01100	103851295
brp01100	103851308
brp01100	103851309
brp01100	103851320
brp01100	103851325
brp01100	103851337
brp01100	103851339
brp01100	103851349
brp01100	103851376
brp01100	103851380
brp01100	103851390
brp01100	103851392
brp01100	103851396
brp01100	103851426
brp01100	103851433
brp01100	103851441
brp01100	103851454
brp01100	103851545
brp01100	103851552
brp01100	103851554
brp01100	103851587
brp01100	103851620
brp01100	103851627
brp01100	103851631
brp01100	103851641
brp01100	103851645
brp01100	103851651
brp01100	103851660
brp01100	103851719
brp01100	103851779
brp01100	103851813
brp01100	103851815
brp01100	103851822
brp01100	103851850
brp01100	103851864
brp01100	103851871
brp01100	103851890
brp01100	103851903
brp01100	103851907
brp01100	103851914
brp01100	103851941
brp01100	103851957
brp01100	103851965
brp01100	103851985
brp01100	103851987
brp01100	103851993
brp01100	103852000
brp01100	103852010
brp01100	103852049
brp01100	103852054
brp01100	103852067
brp01100	103852070
brp01100	103852073
brp01100	103852077
brp01100	103852125
brp01100	103852126
brp01100	103852129
brp01100	103852148
brp01100	103852169
brp01100	103852176
brp01100	103852205
brp01100	103852208
brp01100	103852226
brp01100	103852247
brp01100	103852260
brp01100	103852276
brp01100	103852296
brp01100	103852299
brp01100	103852304
brp01100	103852316
brp01100	103852318
brp01100	103852319
brp01100	103852367
brp01100	103852368
brp01100	103852369
brp01100	103852372
brp01100	103852374
brp01100	103852409
brp01100	103852410
brp01100	103852421
brp01100	103852422
brp01100	103852424
brp01100	103852437
brp01100	103852438
brp01100	103852440
brp01100	103852453
brp01100	103852484
brp01100	103852514
brp01100	103852534
brp01100	103852540
brp01100	103852564
brp01100	103852593
brp01100	103852599
brp01100	103852619
brp01100	103852621
brp01100	103852641
brp01100	103852648
brp01100	103852660
brp01100	103852664
brp01100	103852695
brp01100	103852702
brp01100	103852706
brp01100	103852707
brp01100	103852722
brp01100	103852724
brp01100	103852737
brp01100	103852752
brp01100	103852787
brp01100	103852803
brp01100	103852812
brp01100	103852818
brp01100	103852822
brp01100	103852852
brp01100	103852871
brp01100	103852873
brp01100	103852874
brp01100	103852875
brp01100	103852877
brp01100	103852881
brp01100	103852899
brp01100	103852907
brp01100	103852912
brp01100	103852920
brp01100	103852924
brp01100	103852926
brp01100	103852928
brp01100	103852942
brp01100	103852995
brp01100	103853027
brp01100	103853029
brp01100	103853033
brp01100	103853040
brp01100	103853056
brp01100	103853058
brp01100	103853067
brp01100	103853072
brp01100	103853093
brp01100	103853097
brp01100	103853105
brp01100	103853109
brp01100	103853124
brp01100	103853125
brp01100	103853134
brp01100	103853136
brp01100	103853150
brp01100	103853163
brp01100	103853194
brp01100	103853196
brp01100	103853201
brp01100	103853212
brp01100	103853214
brp01100	103853233
brp01100	103853240
brp01100	103853243
brp01100	103853244
brp01100	103853254
brp01100	103853260
brp01100	103853264
brp01100	103853266
brp01100	103853267
brp01100	103853269
brp01100	103853294
brp01100	103853306
brp01100	103853312
brp01100	103853313
brp01100	103853347
brp01100	103853354
brp01100	103853404
brp01100	103853458
brp01100	103853482
brp01100	103853483
brp01100	103853496
brp01100	103853500
brp01100	103853516
brp01100	103853518
brp01100	103853534
brp01100	103853538
brp01100	103853542
brp01100	103853568
brp01100	103853572
brp01100	103853626
brp01100	103853670
brp01100	103853696
brp01100	103853745
brp01100	103853765
brp01100	103853767
brp01100	103853781
brp01100	103853784
brp01100	103853791
brp01100	103853800
brp01100	103853805
brp01100	103853828
brp01100	103853837
brp01100	103853878
brp01100	103853908
brp01100	103853925
brp01100	103853939
brp01100	103853982
brp01100	103853988
brp01100	103853991
brp01100	103854004
brp01100	103854012
brp01100	103854027
brp01100	103854031
brp01100	103854046
brp01100	103854051
brp01100	103854084
brp01100	103854087
brp01100	103854138
brp01100	103854145
brp01100	103854158
brp01100	103854159
brp01100	103854189
brp01100	103854203
brp01100	103854214
brp01100	103854220
brp01100	103854232
brp01100	103854237
brp01100	103854239
brp01100	103854241
brp01100	103854245
brp01100	103854251
brp01100	103854256
brp01100	103854257
brp01100	103854261
brp01100	103854270
brp01100	103854285
brp01100	103854286
brp01100	103854289
brp01100	103854363
brp01100	103854439
brp01100	103854449
brp01100	103854450
brp01100	103854463
brp01100	103854470
brp01100	103854474
brp01100	103854484
brp01100	103854501
brp01100	103854508
brp01100	103854526
brp01100	103854547
brp01100	103854548
brp01100	103854565
brp01100	103854567
brp01100	103854573
brp01100	103854578
brp01100	103854601
brp01100	103854620
brp01100	103854642
brp01100	103854657
brp01100	103854666
brp01100	103854698
brp01100	103854712
brp01100	103854720
brp01100	103854724
brp01100	103854740
brp01100	103854752
brp01100	103854757
brp01100	103854764
brp01100	103854788
brp01100	103854829
brp01100	103854863
brp01100	103854873
brp01100	103854874
brp01100	103854876
brp01100	103854907
brp01100	103854976
brp01100	103855020
brp01100	103855040
brp01100	103855056
brp01100	103855057
brp01100	103855126
brp01100	103855131
brp01100	103855138
brp01100	103855145
brp01100	103855151
brp01100	103855165
brp01100	103855179
brp01100	103855196
brp01100	103855205
brp01100	103855211
brp01100	103855214
brp01100	103855221
brp01100	103855224
brp01100	103855225
brp01100	103855227
brp01100	103855228
brp01100	103855248
brp01100	103855280
brp01100	103855282
brp01100	103855313
brp01100	103855315
brp01100	103855328
brp01100	103855346
brp01100	103855348
brp01100	103855354
brp01100	103855358
brp01100	103855367
brp01100	103855394
brp01100	103855408
brp01100	103855422
brp01100	103855432
brp01100	103855464
brp01100	103855472
brp01100	103855478
brp01100	103855481
brp01100	103855482
brp01100	103855533
brp01100	103855549
brp01100	103855563
brp01100	103855592
brp01100	103855594
brp01100	103855596
brp01100	103855599
brp01100	103855601
brp01100	103855623
brp01100	103855629
brp01100	103855637
brp01100	103855638
brp01100	103855726
brp01100	103855751
brp01100	103855763
brp01100	103855770
brp01100	103855774
brp01100	103855777
brp01100	103855779
brp01100	103855780
brp01100	103855784
brp01100	103855792
brp01100	103855796
brp01100	103855804
brp01100	103855811
brp01100	103855812
brp01100	103855815
brp01100	103855850
brp01100	103855855
brp01100	103855856
brp01100	103855870
brp01100	103855902
brp01100	103855915
brp01100	103855920
brp01100	103855926
brp01100	103855929
brp01100	103855941
brp01100	103855942
brp01100	103855945
brp01100	103855952
brp01100	103856000
brp01100	103856014
brp01100	103856015
brp01100	103856016
brp01100	103856017
brp01100	103856025
brp01100	103856027
brp01100	103856028
brp01100	103856040
brp01100	103856044
brp01100	103856056
brp01100	103856081
brp01100	103856082
brp01100	103856088
brp01100	103856099
brp01100	103856103
brp01100	103856107
brp01100	103856110
brp01100	103856116
brp01100	103856139
brp01100	103856142
brp01100	103856155
brp01100	103856164
brp01100	103856193
brp01100	103856195
brp01100	103856211
brp01100	103856220
brp01100	103856237
brp01100	103856241
brp01100	103856242
brp01100	103856243
brp01100	103856252
brp01100	103856262
brp01100	103856267
brp01100	103856274
brp01100	103856341
brp01100	103856346
brp01100	103856350
brp01100	103856372
brp01100	103856390
brp01100	103856414
brp01100	103856418
brp01100	103856423
brp01100	103856448
brp01100	103856465
brp01100	103856466
brp01100	103856474
brp01100	103856476
brp01100	103856477
brp01100	103856565
brp01100	103856639
brp01100	103856643
brp01100	103856668
brp01100	103856695
brp01100	103856701
brp01100	103856727
brp01100	103856729
brp01100	103856737
brp01100	103856746
brp01100	103856758
brp01100	103856761
brp01100	103856778
brp01100	103856800
brp01100	103856808
brp01100	103856870
brp01100	103856882
brp01100	103856931
brp01100	103856933
brp01100	103856966
brp01100	103856967
brp01100	103856986
brp01100	103856993
brp01100	103856999
brp01100	103857007
brp01100	103857026
brp01100	103857041
brp01100	103857048
brp01100	103857055
brp01100	103857074
brp01100	103857079
brp01100	103857112
brp01100	103857159
brp01100	103857166
brp01100	103857180
brp01100	103857191
brp01100	103857201
brp01100	103857252
brp01100	103857264
brp01100	103857280
brp01100	103857281
brp01100	103857315
brp01100	103857322
brp01100	103857323
brp01100	103857338
brp01100	103857341
brp01100	103857342
brp01100	103857345
brp01100	103857367
brp01100	103857369
brp01100	103857383
brp01100	103857388
brp01100	103857401
brp01100	103857407
brp01100	103857417
brp01100	103857450
brp01100	103857473
brp01100	103857474
brp01100	103857533
brp01100	103857539
brp01100	103857558
brp01100	103857580
brp01100	103857608
brp01100	103857612
brp01100	103857616
brp01100	103857629
brp01100	103857642
brp01100	103857670
brp01100	103857694
brp01100	103857728
brp01100	103857732
brp01100	103857735
brp01100	103857749
brp01100	103857757
brp01100	103857769
brp01100	103857778
brp01100	103857780
brp01100	103857781
brp01100	103857802
brp01100	103857803
brp01100	103857804
brp01100	103857839
brp01100	103857842
brp01100	103857858
brp01100	103857865
brp01100	103857872
brp01100	103857881
brp01100	103857883
brp01100	103857907
brp01100	103857940
brp01100	103857960
brp01100	103857971
brp01100	103857984
brp01100	103857985
brp01100	103857987
brp01100	103858010
brp01100	103858017
brp01100	103858041
brp01100	103858046
brp01100	103858064
brp01100	103858066
brp01100	103858069
brp01100	103858078
brp01100	103858079
brp01100	103858080
brp01100	103858081
brp01100	103858082
brp01100	103858083
brp01100	103858091
brp01100	103858104
brp01100	103858105
brp01100	103858107
brp01100	103858112
brp01100	103858114
brp01100	103858122
brp01100	103858130
brp01100	103858134
brp01100	103858136
brp01100	103858158
brp01100	103858168
brp01100	103858170
brp01100	103858172
brp01100	103858173
brp01100	103858180
brp01100	103858193
brp01100	103858221
brp01100	103858251
brp01100	103858252
brp01100	103858255
brp01100	103858256
brp01100	103858269
brp01100	103858271
brp01100	103858277
brp01100	103858292
brp01100	103858314
brp01100	103858315
brp01100	103858318
brp01100	103858342
brp01100	103858362
brp01100	103858399
brp01100	103858416
brp01100	103858421
brp01100	103858450
brp01100	103858451
brp01100	103858454
brp01100	103858466
brp01100	103858470
brp01100	103858475
brp01100	103858497
brp01100	103858505
brp01100	103858523
brp01100	103858533
brp01100	103858538
brp01100	103858550
brp01100	103858555
brp01100	103858561
brp01100	103858576
brp01100	103858588
brp01100	103858593
brp01100	103858610
brp01100	103858641
brp01100	103858649
brp01100	103858669
brp01100	103858708
brp01100	103858753
brp01100	103858755
brp01100	103858758
brp01100	103858759
brp01100	103858773
brp01100	103858776
brp01100	103858788
brp01100	103858801
brp01100	103858845
brp01100	103858863
brp01100	103858865
brp01100	103858887
brp01100	103858900
brp01100	103858904
brp01100	103858915
brp01100	103858917
brp01100	103858920
brp01100	103858923
brp01100	103858924
brp01100	103858929
brp01100	103858933
brp01100	103858948
brp01100	103858952
brp01100	103858953
brp01100	103858959
brp01100	103858971
brp01100	103858974
brp01100	103858976
brp01100	103858983
brp01100	103859007
brp01100	103859011
brp01100	103859021
brp01100	103859068
brp01100	103859070
brp01100	103859090
brp01100	103859103
brp01100	103859132
brp01100	103859149
brp01100	103859154
brp01100	103859184
brp01100	103859185
brp01100	103859186
brp01100	103859221
brp01100	103859235
brp01100	103859240
brp01100	103859243
brp01100	103859245
brp01100	103859253
brp01100	103859255
brp01100	103859270
brp01100	103859275
brp01100	103859306
brp01100	103859324
brp01100	103859327
brp01100	103859337
brp01100	103859351
brp01100	103859361
brp01100	103859368
brp01100	103859421
brp01100	103859429
brp01100	103859436
brp01100	103859439
brp01100	103859446
brp01100	103859448
brp01100	103859452
brp01100	103859466
brp01100	103859513
brp01100	103859514
brp01100	103859515
brp01100	103859549
brp01100	103859555
brp01100	103859563
brp01100	103859565
brp01100	103859574
brp01100	103859575
brp01100	103859576
brp01100	103859579
brp01100	103859599
brp01100	103859631
brp01100	103859637
brp01100	103859651
brp01100	103859677
brp01100	103859689
brp01100	103859690
brp01100	103859706
brp01100	103859710
brp01100	103859729
brp01100	103859732
brp01100	103859738
brp01100	103859746
brp01100	103859752
brp01100	103859763
brp01100	103859798
brp01100	103859801
brp01100	103859810
brp01100	103859885
brp01100	103859886
brp01100	103859891
brp01100	103859894
brp01100	103859897
brp01100	103859898
brp01100	103859911
brp01100	103859922
brp01100	103859939
brp01100	103859941
brp01100	103859979
brp01100	103859981
brp01100	103859986
brp01100	103860006
brp01100	103860008
brp01100	103860010
brp01100	103860013
brp01100	103860019
brp01100	103860025
brp01100	103860030
brp01100	103860033
brp01100	103860061
brp01100	103860090
brp01100	103860094
brp01100	103860100
brp01100	103860163
brp01100	103860208
brp01100	103860261
brp01100	103860266
brp01100	103860270
brp01100	103860297
brp01100	103860298
brp01100	103860306
brp01100	103860313
brp01100	103860327
brp01100	103860332
brp01100	103860340
brp01100	103860344
brp01100	103860345
brp01100	103860353
brp01100	103860354
brp01100	103860355
brp01100	103860370
brp01100	103860397
brp01100	103860402
brp01100	103860404
brp01100	103860424
brp01100	103860447
brp01100	103860451
brp01100	103860464
brp01100	103860476
brp01100	103860515
brp01100	103860530
brp01100	103860580
brp01100	103860587
brp01100	103860590
brp01100	103860608
brp01100	103860618
brp01100	103860626
brp01100	103860644
brp01100	103860657
brp01100	103860697
brp01100	103860711
brp01100	103860746
brp01100	103860757
brp01100	103860785
brp01100	103860788
brp01100	103860794
brp01100	103860809
brp01100	103860832
brp01100	103860839
brp01100	103860892
brp01100	103860894
brp01100	103860895
brp01100	103860904
brp01100	103860915
brp01100	103860932
brp01100	103860941
brp01100	103860949
brp01100	103860962
brp01100	103860974
brp01100	103860978
brp01100	103860981
brp01100	103860984
brp01100	103860985
brp01100	103860993
brp01100	103860994
brp01100	103861062
brp01100	103861077
brp01100	103861095
brp01100	103861195
brp01100	103861210
brp01100	103861216
brp01100	103861234
brp01100	103861250
brp01100	103861251
brp01100	103861272
brp01100	103861274
brp01100	103861305
brp01100	103861312
brp01100	103861317
brp01100	103861340
brp01100	103861341
brp01100	103861347
brp01100	103861359
brp01100	103861360
brp01100	103861379
brp01100	103861392
brp01100	103861413
brp01100	103861424
brp01100	103861430
brp01100	103861434
brp01100	103861448
brp01100	103861458
brp01100	103861474
brp01100	103861475
brp01100	103861499
brp01100	103861505
brp01100	103861509
brp01100	103861527
brp01100	103861529
brp01100	103861558
brp01100	103861559
brp01100	103861577
brp01100	103861586
brp01100	103861593
brp01100	103861596
brp01100	103861601
brp01100	103861603
brp01100	103861616
brp01100	103861651
brp01100	103861660
brp01100	103861669
brp01100	103861672
brp01100	103861694
brp01100	103861701
brp01100	103861716
brp01100	103861803
brp01100	103861810
brp01100	103861816
brp01100	103861830
brp01100	103861848
brp01100	103861864
brp01100	103861882
brp01100	103861891
brp01100	103861895
brp01100	103861896
brp01100	103861898
brp01100	103861899
brp01100	103861904
brp01100	103861915
brp01100	103861933
brp01100	103861934
brp01100	103861935
brp01100	103861951
brp01100	103861964
brp01100	103861976
brp01100	103861979
brp01100	103861980
brp01100	103862015
brp01100	103862032
brp01100	103862083
brp01100	103862090
brp01100	103862102
brp01100	103862119
brp01100	103862145
brp01100	103862197
brp01100	103862204
brp01100	103862211
brp01100	103862218
brp01100	103862236
brp01100	103862243
brp01100	103862253
brp01100	103862265
brp01100	103862316
brp01100	103862317
brp01100	103862324
brp01100	103862328
brp01100	103862330
brp01100	103862332
brp01100	103862344
brp01100	103862355
brp01100	103862364
brp01100	103862368
brp01100	103862369
brp01100	103862370
brp01100	103862382
brp01100	103862385
brp01100	103862389
brp01100	103862393
brp01100	103862394
brp01100	103862415
brp01100	103862427
brp01100	103862436
brp01100	103862460
brp01100	103862462
brp01100	103862467
brp01100	103862471
brp01100	103862472
brp01100	103862494
brp01100	103862506
brp01100	103862522
brp01100	103862557
brp01100	103862568
brp01100	103862585
brp01100	103862605
brp01100	103862607
brp01100	103862621
brp01100	103862653
brp01100	103862713
brp01100	103862723
brp01100	103862750
brp01100	103862771
brp01100	103862773
brp01100	103862778
brp01100	103862779
brp01100	103862822
brp01100	103862824
brp01100	103862842
brp01100	103862855
brp01100	103862864
brp01100	103862873
brp01100	103862905
brp01100	103862906
brp01100	103862908
brp01100	103862913
brp01100	103862931
brp01100	103862944
brp01100	103862961
brp01100	103862970
brp01100	103863035
brp01100	103863037
brp01100	103863039
brp01100	103863040
brp01100	103863061
brp01100	103863064
brp01100	103863071
brp01100	103863076
brp01100	103863135
brp01100	103863147
brp01100	103863161
brp01100	103863163
brp01100	103863173
brp01100	103863181
brp01100	103863185
brp01100	103863187
brp01100	103863195
brp01100	103863201
brp01100	103863215
brp01100	103863219
brp01100	103863231
brp01100	103863233
brp01100	103863245
brp01100	103863263
brp01100	103863344
brp01100	103863401
brp01100	103863433
brp01100	103863442
brp01100	103863452
brp01100	103863474
brp01100	103863477
brp01100	103863546
brp01100	103863556
brp01100	103863566
brp01100	103863568
brp01100	103863571
brp01100	103863580
brp01100	103863581
brp01100	103863598
brp01100	103863604
brp01100	103863605
brp01100	103863617
brp01100	103863631
brp01100	103863634
brp01100	103863639
brp01100	103863641
brp01100	103863644
brp01100	103863650
brp01100	103863666
brp01100	103863671
brp01100	103863685
brp01100	103863708
brp01100	103863715
brp01100	103863727
brp01100	103863734
brp01100	103863748
brp01100	103863759
brp01100	103863760
brp01100	103863779
brp01100	103863782
brp01100	103863784
brp01100	103863785
brp01100	103863791
brp01100	103863798
brp01100	103863825
brp01100	103863829
brp01100	103863839
brp01100	103863841
brp01100	103863930
brp01100	103863954
brp01100	103863987
brp01100	103864004
brp01100	103864010
brp01100	103864030
brp01100	103864037
brp01100	103864045
brp01100	103864056
brp01100	103864066
brp01100	103864103
brp01100	103864104
brp01100	103864160
brp01100	103864163
brp01100	103864167
brp01100	103864191
brp01100	103864220
brp01100	103864245
brp01100	103864252
brp01100	103864267
brp01100	103864270
brp01100	103864283
brp01100	103864284
brp01100	103864286
brp01100	103864307
brp01100	103864328
brp01100	103864334
brp01100	103864335
brp01100	103864337
brp01100	103864341
brp01100	103864346
brp01100	103864378
brp01100	103864390
brp01100	103864396
brp01100	103864397
brp01100	103864404
brp01100	103864496
brp01100	103864500
brp01100	103864523
brp01100	103864532
brp01100	103864562
brp01100	103864722
brp01100	103864755
brp01100	103864782
brp01100	103864784
brp01100	103864799
brp01100	103864806
brp01100	103864808
brp01100	103864845
brp01100	103864874
brp01100	103864896
brp01100	103864907
brp01100	103864918
brp01100	103864953
brp01100	103864954
brp01100	103864955
brp01100	103864956
brp01100	103864957
brp01100	103864958
brp01100	103864959
brp01100	103864961
brp01100	103864962
brp01100	103864963
brp01100	103864964
brp01100	103864965
brp01100	103864966
brp01100	103864970
brp01100	103864971
brp01100	103864972
brp01100	103865021
brp01100	103865042
brp01100	103865043
brp01100	103865053
brp01100	103865054
brp01100	103865082
brp01100	103865085
brp01100	103865089
brp01100	103865090
brp01100	103865158
brp01100	103865181
brp01100	103865241
brp01100	103865244
brp01100	103865247
brp01100	103865258
brp01100	103865334
brp01100	103865343
brp01100	103865354
brp01100	103865432
brp01100	103865433
brp01100	103865521
brp01100	103865540
brp01100	103865548
brp01100	103865552
brp01100	103865564
brp01100	103865574
brp01100	103865578
brp01100	103865584
brp01100	103865603
brp01100	103865611
brp01100	103865624
brp01100	103865645
brp01100	103865646
brp01100	103865652
brp01100	103865657
brp01100	103865659
brp01100	103865666
brp01100	103865667
brp01100	103865668
brp01100	103865677
brp01100	103865678
brp01100	103865679
brp01100	103865714
brp01100	103865715
brp01100	103865716
brp01100	103865719
brp01100	103865721
brp01100	103865745
brp01100	103865746
brp01100	103865787
brp01100	103865791
brp01100	103865812
brp01100	103865827
brp01100	103865837
brp01100	103865842
brp01100	103865848
brp01100	103865888
brp01100	103865908
brp01100	103865940
brp01100	103865952
brp01100	103865958
brp01100	103865968
brp01100	103865990
brp01100	103866006
brp01100	103866016
brp01100	103866019
brp01100	103866035
brp01100	103866039
brp01100	103866071
brp01100	103866074
brp01100	103866088
brp01100	103866089
brp01100	103866104
brp01100	103866106
brp01100	103866107
brp01100	103866108
brp01100	103866111
brp01100	103866112
brp01100	103866113
brp01100	103866117
brp01100	103866118
brp01100	103866125
brp01100	103866133
brp01100	103866139
brp01100	103866140
brp01100	103866141
brp01100	103866143
brp01100	103866145
brp01100	103866173
brp01100	103866198
brp01100	103866199
brp01100	103866210
brp01100	103866226
brp01100	103866239
brp01100	103866247
brp01100	103866271
brp01100	103866273
brp01100	103866285
brp01100	103866289
brp01100	103866325
brp01100	103866347
brp01100	103866350
brp01100	103866353
brp01100	103866363
brp01100	103866371
brp01100	103866392
brp01100	103866399
brp01100	103866436
brp01100	103866437
brp01100	103866439
brp01100	103866440
brp01100	103866466
brp01100	103866471
brp01100	103866522
brp01100	103866523
brp01100	103866540
brp01100	103866562
brp01100	103866563
brp01100	103866569
brp01100	103866590
brp01100	103866594
brp01100	103866609
brp01100	103866650
brp01100	103866666
brp01100	103866673
brp01100	103866687
brp01100	103866693
brp01100	103866694
brp01100	103866695
brp01100	103866702
brp01100	103866710
brp01100	103866715
brp01100	103866716
brp01100	103866725
brp01100	103866726
brp01100	103866727
brp01100	103866742
brp01100	103866743
brp01100	103866745
brp01100	103866751
brp01100	103866752
brp01100	103866753
brp01100	103866759
brp01100	103866772
brp01100	103866797
brp01100	103866798
brp01100	103866799
brp01100	103866801
brp01100	103866802
brp01100	103866803
brp01100	103866804
brp01100	103866807
brp01100	103866809
brp01100	103866811
brp01100	103866812
brp01100	103866817
brp01100	103866821
brp01100	103866837
brp01100	103866866
brp01100	103866871
brp01100	103866894
brp01100	103866923
brp01100	103866930
brp01100	103866938
brp01100	103866971
brp01100	103866980
brp01100	103866981
brp01100	103866983
brp01100	103866998
brp01100	103867010
brp01100	103867013
brp01100	103867029
brp01100	103867040
brp01100	103867057
brp01100	103867086
brp01100	103867087
brp01100	103867109
brp01100	103867125
brp01100	103867132
brp01100	103867134
brp01100	103867137
brp01100	103867140
brp01100	103867146
brp01100	103867160
brp01100	103867161
brp01100	103867162
brp01100	103867192
brp01100	103867199
brp01100	103867229
brp01100	103867247
brp01100	103867274
brp01100	103867285
brp01100	103867296
brp01100	103867302
brp01100	103867363
brp01100	103867366
brp01100	103867369
brp01100	103867370
brp01100	103867384
brp01100	103867390
brp01100	103867396
brp01100	103867398
brp01100	103867402
brp01100	103867409
brp01100	103867413
brp01100	103867418
brp01100	103867433
brp01100	103867449
brp01100	103867454
brp01100	103867457
brp01100	103867487
brp01100	103867554
brp01100	103867566
brp01100	103867569
brp01100	103867577
brp01100	103867598
brp01100	103867627
brp01100	103867630
brp01100	103867633
brp01100	103867649
brp01100	103867697
brp01100	103867728
brp01100	103867748
brp01100	103867816
brp01100	103867851
brp01100	103867865
brp01100	103867879
brp01100	103867884
brp01100	103867933
brp01100	103867946
brp01100	103867954
brp01100	103867972
brp01100	103868019
brp01100	103868025
brp01100	103868026
brp01100	103868032
brp01100	103868034
brp01100	103868035
brp01100	103868038
brp01100	103868041
brp01100	103868044
brp01100	103868046
brp01100	103868050
brp01100	103868066
brp01100	103868078
brp01100	103868101
brp01100	103868109
brp01100	103868121
brp01100	103868123
brp01100	103868133
brp01100	103868136
brp01100	103868164
brp01100	103868203
brp01100	103868215
brp01100	103868219
brp01100	103868221
brp01100	103868222
brp01100	103868254
brp01100	103868256
brp01100	103868260
brp01100	103868301
brp01100	103868313
brp01100	103868315
brp01100	103868359
brp01100	103868361
brp01100	103868374
brp01100	103868386
brp01100	103868413
brp01100	103868430
brp01100	103868431
brp01100	103868432
brp01100	103868444
brp01100	103868452
brp01100	103868492
brp01100	103868514
brp01100	103868556
brp01100	103868558
brp01100	103868569
brp01100	103868578
brp01100	103868606
brp01100	103868617
brp01100	103868620
brp01100	103868622
brp01100	103868633
brp01100	103868651
brp01100	103868655
brp01100	103868664
brp01100	103868667
brp01100	103868682
brp01100	103868693
brp01100	103868698
brp01100	103868729
brp01100	103868753
brp01100	103868818
brp01100	103868850
brp01100	103868894
brp01100	103868895
brp01100	103868905
brp01100	103868913
brp01100	103868914
brp01100	103868926
brp01100	103868931
brp01100	103868958
brp01100	103869013
brp01100	103869038
brp01100	103869050
brp01100	103869051
brp01100	103869052
brp01100	103869084
brp01100	103869108
brp01100	103869111
brp01100	103869151
brp01100	103869185
brp01100	103869195
brp01100	103869196
brp01100	103869197
brp01100	103869203
brp01100	103869211
brp01100	103869258
brp01100	103869265
brp01100	103869284
brp01100	103869322
brp01100	103869333
brp01100	103869351
brp01100	103869365
brp01100	103869390
brp01100	103869418
brp01100	103869436
brp01100	103869453
brp01100	103869460
brp01100	103869473
brp01100	103869475
brp01100	103869518
brp01100	103869536
brp01100	103869566
brp01100	103869607
brp01100	103869618
brp01100	103869626
brp01100	103869648
brp01100	103869649
brp01100	103869651
brp01100	103869654
brp01100	103869701
brp01100	103869716
brp01100	103869727
brp01100	103869734
brp01100	103869849
brp01100	103869850
brp01100	103869852
brp01100	103869877
brp01100	103869879
brp01100	103869880
brp01100	103869894
brp01100	103869896
brp01100	103869933
brp01100	103869934
brp01100	103869940
brp01100	103869972
brp01100	103869973
brp01100	103869992
brp01100	103870018
brp01100	103870025
brp01100	103870027
brp01100	103870041
brp01100	103870046
brp01100	103870054
brp01100	103870064
brp01100	103870072
brp01100	103870081
brp01100	103870085
brp01100	103870093
brp01100	103870095
brp01100	103870101
brp01100	103870118
brp01100	103870149
brp01100	103870173
brp01100	103870175
brp01100	103870188
brp01100	103870196
brp01100	103870225
brp01100	103870238
brp01100	103870249
brp01100	103870259
brp01100	103870262
brp01100	103870276
brp01100	103870290
brp01100	103870296
brp01100	103870313
brp01100	103870314
brp01100	103870321
brp01100	103870346
brp01100	103870350
brp01100	103870427
brp01100	103870441
brp01100	103870473
brp01100	103870475
brp01100	103870482
brp01100	103870493
brp01100	103870506
brp01100	103870516
brp01100	103870527
brp01100	103870537
brp01100	103870538
brp01100	103870568
brp01100	103870577
brp01100	103870583
brp01100	103870609
brp01100	103870611
brp01100	103870613
brp01100	103870621
brp01100	103870629
brp01100	103870630
brp01100	103870632
brp01100	103870644
brp01100	103870648
brp01100	103870684
brp01100	103870695
brp01100	103870698
brp01100	103870710
brp01100	103870717
brp01100	103870718
brp01100	103870719
brp01100	103870727
brp01100	103870735
brp01100	103870741
brp01100	103870742
brp01100	103870763
brp01100	103870764
brp01100	103870804
brp01100	103870831
brp01100	103870875
brp01100	103870876
brp01100	103870884
brp01100	103870894
brp01100	103870900
brp01100	103870907
brp01100	103870908
brp01100	103870910
brp01100	103870917
brp01100	103870918
brp01100	103870925
brp01100	103870949
brp01100	103870956
brp01100	103870957
brp01100	103870975
brp01100	103870977
brp01100	103870981
brp01100	103870985
brp01100	103870995
brp01100	103871006
brp01100	103871013
brp01100	103871027
brp01100	103871033
brp01100	103871036
brp01100	103871055
brp01100	103871058
brp01100	103871059
brp01100	103871061
brp01100	103871068
brp01100	103871118
brp01100	103871125
brp01100	103871139
brp01100	103871162
brp01100	103871191
brp01100	103871196
brp01100	103871215
brp01100	103871224
brp01100	103871264
brp01100	103871276
brp01100	103871306
brp01100	103871315
brp01100	103871325
brp01100	103871335
brp01100	103871338
brp01100	103871345
brp01100	103871346
brp01100	103871365
brp01100	103871397
brp01100	103871404
brp01100	103871413
brp01100	103871434
brp01100	103871436
brp01100	103871469
brp01100	103871471
brp01100	103871476
brp01100	103871480
brp01100	103871484
brp01100	103871487
brp01100	103871492
brp01100	103871500
brp01100	103871503
brp01100	103871504
brp01100	103871505
brp01100	103871509
brp01100	103871521
brp01100	103871530
brp01100	103871533
brp01100	103871539
brp01100	103871553
brp01100	103871556
brp01100	103871559
brp01100	103871568
brp01100	103871585
brp01100	103871590
brp01100	103871592
brp01100	103871596
brp01100	103871599
brp01100	103871606
brp01100	103871616
brp01100	103871652
brp01100	103871697
brp01100	103871729
brp01100	103871753
brp01100	103871761
brp01100	103871767
brp01100	103871785
brp01100	103871787
brp01100	103871796
brp01100	103871807
brp01100	103871834
brp01100	103871853
brp01100	103871859
brp01100	103871863
brp01100	103871866
brp01100	103871871
brp01100	103871899
brp01100	103871912
brp01100	103871918
brp01100	103871924
brp01100	103871929
brp01100	103871931
brp01100	103871967
brp01100	103871970
brp01100	103871975
brp01100	103871977
brp01100	103871988
brp01100	103871990
brp01100	103871992
brp01100	103872021
brp01100	103872022
brp01100	103872031
brp01100	103872037
brp01100	103872038
brp01100	103872042
brp01100	103872043
brp01100	103872054
brp01100	103872056
brp01100	103872062
brp01100	103872111
brp01100	103872117
brp01100	103872118
brp01100	103872122
brp01100	103872139
brp01100	103872153
brp01100	103872154
brp01100	103872158
brp01100	103872160
brp01100	103872206
brp01100	103872235
brp01100	103872250
brp01100	103872253
brp01100	103872275
brp01100	103872284
brp01100	103872302
brp01100	103872303
brp01100	103872332
brp01100	103872340
brp01100	103872350
brp01100	103872374
brp01100	103872378
brp01100	103872395
brp01100	103872404
brp01100	103872420
brp01100	103872425
brp01100	103872432
brp01100	103872446
brp01100	103872447
brp01100	103872448
brp01100	103872459
brp01100	103872475
brp01100	103872485
brp01100	103872486
brp01100	103872487
brp01100	103872502
brp01100	103872503
brp01100	103872504
brp01100	103872505
brp01100	103872506
brp01100	103872517
brp01100	103872519
brp01100	103872547
brp01100	103872553
brp01100	103872556
brp01100	103872568
brp01100	103872569
brp01100	103872613
brp01100	103872654
brp01100	103872665
brp01100	103872693
brp01100	103872723
brp01100	103872730
brp01100	103872742
brp01100	103872760
brp01100	103872768
brp01100	103872771
brp01100	103872800
brp01100	103872801
brp01100	103872807
brp01100	103872821
brp01100	103872830
brp01100	103872839
brp01100	103872841
brp01100	103872849
brp01100	103872850
brp01100	103872883
brp01100	103872929
brp01100	103872941
brp01100	103872977
brp01100	103872978
brp01100	103872989
brp01100	103873004
brp01100	103873033
brp01100	103873035
brp01100	103873086
brp01100	103873087
brp01100	103873097
brp01100	103873127
brp01100	103873157
brp01100	103873165
brp01100	103873180
brp01100	103873188
brp01100	103873203
brp01100	103873204
brp01100	103873232
brp01100	103873241
brp01100	103873244
brp01100	103873248
brp01100	103873252
brp01100	103873256
brp01100	103873269
brp01100	103873272
brp01100	103873275
brp01100	103873279
brp01100	103873282
brp01100	103873312
brp01100	103873424
brp01100	103873463
brp01100	103873479
brp01100	103873514
brp01100	103873516
brp01100	103873553
brp01100	103873557
brp01100	103873568
brp01100	103873584
brp01100	103873609
brp01100	103873621
brp01100	103873635
brp01100	103873652
brp01100	103873738
brp01100	103873747
brp01100	103873752
brp01100	103873768
brp01100	103873769
brp01100	103873770
brp01100	103873777
brp01100	103873784
brp01100	103873801
brp01100	103873805
brp01100	103873815
brp01100	103873817
brp01100	103873819
brp01100	103873821
brp01100	103873823
brp01100	103873826
brp01100	103873829
brp01100	103873830
brp01100	103873831
brp01100	103873853
brp01100	103873860
brp01100	103873861
brp01100	103873862
brp01100	103873920
brp01100	103873925
brp01100	103873937
brp01100	103873941
brp01100	103873981
brp01100	103874006
brp01100	103874008
brp01100	103874011
brp01100	103874014
brp01100	103874018
brp01100	103874037
brp01100	103874044
brp01100	103874054
brp01100	103874056
brp01100	103874104
brp01100	103874110
brp01100	103874126
brp01100	103874166
brp01100	103874175
brp01100	103874187
brp01100	103874200
brp01100	103874257
brp01100	103874275
brp01100	103874278
brp01100	103874288
brp01100	103874297
brp01100	103874302
brp01100	103874309
brp01100	103874310
brp01100	103874311
brp01100	103874312
brp01100	103874314
brp01100	103874376
brp01100	103874391
brp01100	103874399
brp01100	103874420
brp01100	103874433
brp01100	103874435
brp01100	103874463
brp01100	103874481
brp01100	103874504
brp01100	103874524
brp01100	103874543
brp01100	103874566
brp01100	103874581
brp01100	103874594
brp01100	103874651
brp01100	103874656
brp01100	103874685
brp01100	103874691
brp01100	103874707
brp01100	103874719
brp01100	103874743
brp01100	103874746
brp01100	103874749
brp01100	103874765
brp01100	103874772
brp01100	103874784
brp01100	103874805
brp01100	103874835
brp01100	103874866
brp01100	103874909
brp01100	103874913
brp01100	103874929
brp01100	103874936
brp01100	103874937
brp01100	103874945
brp01100	103874993
brp01100	103875007
brp01100	103875021
brp01100	103875023
brp01100	103875050
brp01100	103875063
brp01100	103875079
brp01100	103875081
brp01100	103875095
brp01100	103875098
brp01100	103875118
brp01100	103875137
brp01100	103875148
brp01100	103875176
brp01100	103875190
brp01100	103875194
brp01100	103875208
brp01100	103875221
brp01100	103875224
brp01100	103875228
brp01100	103875229
brp01100	103875231
brp01100	103875236
brp01100	103875242
brp01100	103875249
brp01100	103875271
brp01100	103875281
brp01100	103875286
brp01100	103875308
brp01100	103875320
brp01100	103875335
brp01100	103875341
brp01100	103875346
brp01100	103875347
brp01100	103875348
brp01100	103875352
brp01100	103875369
brp01100	103875391
brp01100	103875422
brp01100	103875438
brp01100	103875454
brp01100	108868780
brp01100	108869092
brp01100	108869119
brp01100	108869853
brp01100	108870355
brp01100	108870772
brp01100	108872254
brp01100	117125609
brp01100	117125614
brp01100	117125636
brp01100	117125650
brp01100	117125730
brp01100	117125733
brp01100	117125925
brp01100	117125990
brp01100	117125991
brp01100	117126101
brp01100	117126194
brp01100	117126229
brp01100	117126232
brp01100	117126236
brp01100	117126611
brp01100	117126758
brp01100	117127314
brp01100	117127354
brp01100	117127362
brp01100	117127658
brp01100	117127968
brp01100	117129780
brp01100	117129781
brp01100	117129783
brp01100	117129785
brp01100	117129791
brp01100	117132119
brp01100	117132121
brp01100	117132135
brp01100	117132429
brp01100	117133603
brp01100	117133689
brp01100	117133757
brp01100	117133897
brp01100	117134334
brp01100	117134335
brp01100	117134336
brp01100	41704040
brp01100	41704044
brp01100	41704045
brp01100	41704052
brp01100	41704053
brp01100	41704054
brp01100	41704057
brp01100	41704058
brp01100	41704059
brp01100	41704060
brp01100	41704061
brp01100	41704064
brp01100	41704065
brp01100	41704066
brp01100	41704067
brp01100	41704068
brp01100	41704070
brp01100	41704071
brp01100	41704075
brp01100	41704076
brp01100	41704080
brp01100	41704081
brp01100	41704082
brp01100	41704083
brp01100	41704089
brp01100	41704090
brp01100	41704095
brp01100	41704097
brp01100	41704106
brp01100	41704109
brp01100	41704116
brp01100	41704117
brp01100	41704119
brp01100	41704120
brp01100	41704121
brp01100	41704137
brp01100	41704149
brp01100	41704153
brp01100	41704154
brp01100	41704155
brp01100	41704156
brp01100	41704157
brp01100	41704158
brp01100	41704159
brp01100	56140990
brp01100	56140992
brp01100	56140996
brp01100	56141010
brp01100	56141011
brp01100	56141014
brp01100	56141017
brp01100	56141020
brp01100	56141031
brp01100	56141033
brp01100	56141039
brp01100	56141048
brp01100	56141050
brp01100	56141058
brp01100	56141060
brp01100	56141064
brp01100	56141084
brp01110	103249141
brp01110	103249144
brp01110	103249149
brp01110	103249155
brp01110	103249171
brp01110	103827501
brp01110	103827594
brp01110	103827601
brp01110	103827616
brp01110	103827619
brp01110	103827678
brp01110	103827749
brp01110	103827804
brp01110	103827806
brp01110	103827896
brp01110	103827942
brp01110	103827954
brp01110	103827956
brp01110	103828011
brp01110	103828025
brp01110	103828048
brp01110	103828058
brp01110	103828068
brp01110	103828073
brp01110	103828089
brp01110	103828110
brp01110	103828149
brp01110	103828157
brp01110	103828167
brp01110	103828176
brp01110	103828182
brp01110	103828183
brp01110	103828198
brp01110	103828204
brp01110	103828233
brp01110	103828238
brp01110	103828256
brp01110	103828273
brp01110	103828296
brp01110	103828297
brp01110	103828352
brp01110	103828372
brp01110	103828427
brp01110	103828469
brp01110	103828479
brp01110	103828545
brp01110	103828609
brp01110	103828653
brp01110	103828655
brp01110	103828683
brp01110	103828685
brp01110	103828719
brp01110	103828720
brp01110	103828738
brp01110	103828794
brp01110	103828799
brp01110	103828818
brp01110	103828819
brp01110	103828910
brp01110	103828941
brp01110	103829082
brp01110	103829087
brp01110	103829117
brp01110	103829136
brp01110	103829227
brp01110	103829257
brp01110	103829276
brp01110	103829330
brp01110	103829332
brp01110	103829334
brp01110	103829335
brp01110	103829344
brp01110	103829348
brp01110	103829418
brp01110	103829420
brp01110	103829425
brp01110	103829426
brp01110	103829457
brp01110	103829478
brp01110	103829545
brp01110	103829568
brp01110	103829577
brp01110	103829597
brp01110	103829619
brp01110	103829625
brp01110	103829630
brp01110	103829638
brp01110	103829706
brp01110	103829755
brp01110	103829906
brp01110	103829920
brp01110	103829929
brp01110	103829942
brp01110	103830004
brp01110	103830010
brp01110	103830012
brp01110	103830019
brp01110	103830063
brp01110	103830073
brp01110	103830076
brp01110	103830087
brp01110	103830115
brp01110	103830157
brp01110	103830170
brp01110	103830182
brp01110	103830217
brp01110	103830232
brp01110	103830245
brp01110	103830302
brp01110	103830313
brp01110	103830388
brp01110	103830390
brp01110	103830395
brp01110	103830405
brp01110	103830434
brp01110	103830437
brp01110	103830478
brp01110	103830479
brp01110	103830506
brp01110	103830571
brp01110	103830574
brp01110	103830654
brp01110	103830672
brp01110	103830680
brp01110	103830688
brp01110	103830693
brp01110	103830709
brp01110	103830721
brp01110	103830737
brp01110	103830750
brp01110	103830752
brp01110	103830776
brp01110	103830836
brp01110	103830855
brp01110	103830864
brp01110	103830932
brp01110	103830948
brp01110	103830968
brp01110	103830971
brp01110	103830990
brp01110	103830991
brp01110	103830993
brp01110	103830994
brp01110	103830995
brp01110	103830997
brp01110	103831021
brp01110	103831042
brp01110	103831048
brp01110	103831074
brp01110	103831077
brp01110	103831107
brp01110	103831159
brp01110	103831198
brp01110	103831219
brp01110	103831222
brp01110	103831297
brp01110	103831335
brp01110	103831356
brp01110	103831409
brp01110	103831513
brp01110	103831524
brp01110	103831554
brp01110	103831592
brp01110	103831615
brp01110	103831657
brp01110	103831684
brp01110	103831714
brp01110	103831774
brp01110	103831786
brp01110	103831793
brp01110	103831821
brp01110	103831828
brp01110	103831843
brp01110	103831845
brp01110	103831875
brp01110	103831876
brp01110	103831877
brp01110	103831878
brp01110	103831882
brp01110	103831884
brp01110	103831898
brp01110	103831923
brp01110	103831949
brp01110	103831996
brp01110	103832055
brp01110	103832061
brp01110	103832111
brp01110	103832118
brp01110	103832162
brp01110	103832166
brp01110	103832184
brp01110	103832230
brp01110	103832235
brp01110	103832256
brp01110	103832310
brp01110	103832319
brp01110	103832324
brp01110	103832325
brp01110	103832329
brp01110	103832336
brp01110	103832374
brp01110	103832422
brp01110	103832423
brp01110	103832426
brp01110	103832452
brp01110	103832472
brp01110	103832473
brp01110	103832484
brp01110	103832485
brp01110	103832491
brp01110	103832494
brp01110	103832507
brp01110	103832545
brp01110	103832567
brp01110	103832583
brp01110	103832587
brp01110	103832634
brp01110	103832683
brp01110	103832692
brp01110	103832773
brp01110	103832788
brp01110	103832793
brp01110	103832797
brp01110	103832798
brp01110	103832808
brp01110	103832861
brp01110	103832863
brp01110	103832872
brp01110	103832876
brp01110	103832890
brp01110	103832897
brp01110	103832898
brp01110	103832931
brp01110	103832977
brp01110	103833017
brp01110	103833019
brp01110	103833085
brp01110	103833133
brp01110	103833135
brp01110	103833143
brp01110	103833148
brp01110	103833295
brp01110	103833297
brp01110	103833324
brp01110	103833353
brp01110	103833397
brp01110	103833422
brp01110	103833446
brp01110	103833476
brp01110	103833477
brp01110	103833499
brp01110	103833505
brp01110	103833575
brp01110	103833578
brp01110	103833584
brp01110	103833647
brp01110	103833679
brp01110	103833683
brp01110	103833691
brp01110	103833698
brp01110	103833738
brp01110	103833789
brp01110	103833794
brp01110	103833801
brp01110	103833844
brp01110	103833856
brp01110	103833883
brp01110	103833884
brp01110	103833912
brp01110	103833964
brp01110	103834053
brp01110	103834062
brp01110	103834110
brp01110	103834139
brp01110	103834178
brp01110	103834198
brp01110	103834212
brp01110	103834236
brp01110	103834271
brp01110	103834292
brp01110	103834330
brp01110	103834365
brp01110	103834369
brp01110	103834387
brp01110	103834394
brp01110	103834400
brp01110	103834409
brp01110	103834423
brp01110	103834426
brp01110	103834443
brp01110	103834459
brp01110	103834462
brp01110	103834464
brp01110	103834484
brp01110	103834530
brp01110	103834546
brp01110	103834557
brp01110	103834704
brp01110	103834709
brp01110	103834740
brp01110	103834825
brp01110	103834830
brp01110	103834893
brp01110	103834926
brp01110	103834928
brp01110	103834945
brp01110	103834946
brp01110	103834979
brp01110	103835005
brp01110	103835007
brp01110	103835047
brp01110	103835052
brp01110	103835059
brp01110	103835065
brp01110	103835067
brp01110	103835074
brp01110	103835086
brp01110	103835097
brp01110	103835143
brp01110	103835152
brp01110	103835193
brp01110	103835211
brp01110	103835230
brp01110	103835237
brp01110	103835241
brp01110	103835415
brp01110	103835420
brp01110	103835436
brp01110	103835440
brp01110	103835473
brp01110	103835481
brp01110	103835488
brp01110	103835514
brp01110	103835539
brp01110	103835554
brp01110	103835584
brp01110	103835599
brp01110	103835645
brp01110	103835646
brp01110	103835648
brp01110	103835666
brp01110	103835672
brp01110	103835677
brp01110	103835700
brp01110	103835703
brp01110	103835704
brp01110	103835714
brp01110	103835749
brp01110	103835788
brp01110	103835791
brp01110	103835792
brp01110	103835794
brp01110	103835795
brp01110	103835822
brp01110	103835835
brp01110	103835877
brp01110	103835892
brp01110	103835908
brp01110	103835943
brp01110	103835956
brp01110	103836007
brp01110	103836051
brp01110	103836099
brp01110	103836104
brp01110	103836113
brp01110	103836204
brp01110	103836205
brp01110	103836209
brp01110	103836212
brp01110	103836215
brp01110	103836218
brp01110	103836224
brp01110	103836225
brp01110	103836307
brp01110	103836310
brp01110	103836337
brp01110	103836338
brp01110	103836339
brp01110	103836381
brp01110	103836419
brp01110	103836442
brp01110	103836444
brp01110	103836479
brp01110	103836498
brp01110	103836535
brp01110	103836536
brp01110	103836556
brp01110	103836575
brp01110	103836607
brp01110	103836621
brp01110	103836654
brp01110	103836713
brp01110	103836728
brp01110	103836763
brp01110	103836769
brp01110	103836791
brp01110	103836793
brp01110	103836799
brp01110	103836892
brp01110	103836914
brp01110	103836923
brp01110	103836950
brp01110	103836988
brp01110	103836989
brp01110	103837014
brp01110	103837056
brp01110	103837134
brp01110	103837170
brp01110	103837181
brp01110	103837205
brp01110	103837220
brp01110	103837228
brp01110	103837231
brp01110	103837242
brp01110	103837286
brp01110	103837317
brp01110	103837318
brp01110	103837427
brp01110	103837465
brp01110	103837467
brp01110	103837478
brp01110	103837496
brp01110	103837499
brp01110	103837505
brp01110	103837506
brp01110	103837523
brp01110	103837558
brp01110	103837563
brp01110	103837595
brp01110	103837614
brp01110	103837641
brp01110	103837663
brp01110	103837671
brp01110	103837680
brp01110	103837705
brp01110	103837712
brp01110	103837729
brp01110	103837784
brp01110	103837797
brp01110	103837814
brp01110	103837846
brp01110	103837888
brp01110	103837892
brp01110	103837896
brp01110	103837904
brp01110	103837906
brp01110	103837914
brp01110	103837918
brp01110	103837919
brp01110	103837935
brp01110	103837956
brp01110	103837958
brp01110	103837982
brp01110	103837987
brp01110	103838003
brp01110	103838018
brp01110	103838037
brp01110	103838043
brp01110	103838045
brp01110	103838075
brp01110	103838115
brp01110	103838225
brp01110	103838240
brp01110	103838252
brp01110	103838288
brp01110	103838345
brp01110	103838351
brp01110	103838363
brp01110	103838379
brp01110	103838396
brp01110	103838399
brp01110	103838464
brp01110	103838482
brp01110	103838505
brp01110	103838541
brp01110	103838542
brp01110	103838571
brp01110	103838611
brp01110	103838621
brp01110	103838624
brp01110	103838625
brp01110	103838635
brp01110	103838647
brp01110	103838648
brp01110	103838649
brp01110	103838650
brp01110	103838652
brp01110	103838721
brp01110	103838728
brp01110	103838802
brp01110	103838824
brp01110	103838827
brp01110	103838831
brp01110	103838909
brp01110	103838937
brp01110	103839002
brp01110	103839024
brp01110	103839037
brp01110	103839059
brp01110	103839066
brp01110	103839088
brp01110	103839129
brp01110	103839144
brp01110	103839150
brp01110	103839215
brp01110	103839225
brp01110	103839246
brp01110	103839275
brp01110	103839279
brp01110	103839286
brp01110	103839308
brp01110	103839353
brp01110	103839361
brp01110	103839364
brp01110	103839459
brp01110	103839503
brp01110	103839507
brp01110	103839509
brp01110	103839561
brp01110	103839663
brp01110	103839764
brp01110	103839765
brp01110	103839851
brp01110	103839915
brp01110	103839971
brp01110	103839973
brp01110	103840005
brp01110	103840137
brp01110	103840151
brp01110	103840158
brp01110	103840164
brp01110	103840191
brp01110	103840193
brp01110	103840198
brp01110	103840211
brp01110	103840237
brp01110	103840260
brp01110	103840262
brp01110	103840263
brp01110	103840283
brp01110	103840305
brp01110	103840383
brp01110	103840386
brp01110	103840429
brp01110	103840432
brp01110	103840439
brp01110	103840449
brp01110	103840526
brp01110	103840573
brp01110	103840600
brp01110	103840622
brp01110	103840631
brp01110	103840701
brp01110	103840709
brp01110	103840711
brp01110	103840733
brp01110	103840735
brp01110	103840754
brp01110	103840779
brp01110	103840790
brp01110	103840840
brp01110	103840927
brp01110	103840968
brp01110	103841020
brp01110	103841041
brp01110	103841124
brp01110	103841125
brp01110	103841158
brp01110	103841225
brp01110	103841229
brp01110	103841239
brp01110	103841251
brp01110	103841284
brp01110	103841316
brp01110	103841339
brp01110	103841340
brp01110	103841367
brp01110	103841414
brp01110	103841428
brp01110	103841431
brp01110	103841434
brp01110	103841442
brp01110	103841472
brp01110	103841569
brp01110	103841596
brp01110	103841605
brp01110	103841611
brp01110	103841661
brp01110	103841671
brp01110	103841734
brp01110	103841749
brp01110	103841750
brp01110	103841792
brp01110	103841863
brp01110	103841864
brp01110	103841865
brp01110	103841866
brp01110	103841908
brp01110	103841917
brp01110	103841948
brp01110	103841966
brp01110	103841975
brp01110	103841976
brp01110	103841985
brp01110	103842019
brp01110	103842047
brp01110	103842078
brp01110	103842079
brp01110	103842088
brp01110	103842115
brp01110	103842126
brp01110	103842132
brp01110	103842138
brp01110	103842139
brp01110	103842148
brp01110	103842157
brp01110	103842159
brp01110	103842186
brp01110	103842220
brp01110	103842224
brp01110	103842227
brp01110	103842270
brp01110	103842288
brp01110	103842310
brp01110	103842398
brp01110	103842497
brp01110	103842505
brp01110	103842537
brp01110	103842552
brp01110	103842569
brp01110	103842575
brp01110	103842591
brp01110	103842601
brp01110	103842602
brp01110	103842606
brp01110	103842633
brp01110	103842643
brp01110	103842698
brp01110	103842722
brp01110	103842724
brp01110	103842743
brp01110	103842751
brp01110	103842763
brp01110	103842872
brp01110	103842888
brp01110	103842895
brp01110	103842918
brp01110	103842921
brp01110	103842960
brp01110	103843012
brp01110	103843039
brp01110	103843045
brp01110	103843050
brp01110	103843101
brp01110	103843121
brp01110	103843145
brp01110	103843208
brp01110	103843220
brp01110	103843309
brp01110	103843316
brp01110	103843327
brp01110	103843385
brp01110	103843388
brp01110	103843392
brp01110	103843402
brp01110	103843406
brp01110	103843407
brp01110	103843456
brp01110	103843494
brp01110	103843574
brp01110	103843595
brp01110	103843616
brp01110	103843617
brp01110	103843619
brp01110	103843696
brp01110	103843711
brp01110	103843771
brp01110	103843773
brp01110	103843800
brp01110	103843834
brp01110	103843901
brp01110	103843922
brp01110	103843945
brp01110	103843947
brp01110	103843966
brp01110	103843977
brp01110	103844032
brp01110	103844042
brp01110	103844046
brp01110	103844048
brp01110	103844049
brp01110	103844077
brp01110	103844106
brp01110	103844153
brp01110	103844155
brp01110	103844156
brp01110	103844165
brp01110	103844166
brp01110	103844184
brp01110	103844199
brp01110	103844235
brp01110	103844249
brp01110	103844258
brp01110	103844277
brp01110	103844489
brp01110	103844502
brp01110	103844518
brp01110	103844557
brp01110	103844588
brp01110	103844589
brp01110	103844594
brp01110	103844622
brp01110	103844626
brp01110	103844651
brp01110	103844663
brp01110	103844672
brp01110	103844688
brp01110	103844746
brp01110	103844792
brp01110	103844876
brp01110	103844878
brp01110	103844881
brp01110	103844906
brp01110	103844910
brp01110	103844934
brp01110	103844946
brp01110	103844953
brp01110	103844973
brp01110	103844978
brp01110	103845041
brp01110	103845044
brp01110	103845077
brp01110	103845096
brp01110	103845103
brp01110	103845106
brp01110	103845129
brp01110	103845139
brp01110	103845167
brp01110	103845172
brp01110	103845181
brp01110	103845220
brp01110	103845287
brp01110	103845304
brp01110	103845308
brp01110	103845309
brp01110	103845454
brp01110	103845465
brp01110	103845467
brp01110	103845475
brp01110	103845477
brp01110	103845522
brp01110	103845536
brp01110	103845537
brp01110	103845550
brp01110	103845596
brp01110	103845623
brp01110	103845624
brp01110	103845641
brp01110	103845691
brp01110	103845713
brp01110	103845714
brp01110	103845715
brp01110	103845742
brp01110	103845753
brp01110	103845771
brp01110	103845790
brp01110	103845798
brp01110	103845814
brp01110	103845846
brp01110	103845856
brp01110	103845857
brp01110	103845884
brp01110	103845887
brp01110	103845964
brp01110	103845967
brp01110	103845974
brp01110	103845992
brp01110	103846031
brp01110	103846036
brp01110	103846046
brp01110	103846141
brp01110	103846253
brp01110	103846262
brp01110	103846291
brp01110	103846297
brp01110	103846320
brp01110	103846355
brp01110	103846371
brp01110	103846406
brp01110	103846420
brp01110	103846434
brp01110	103846437
brp01110	103846455
brp01110	103846487
brp01110	103846503
brp01110	103846507
brp01110	103846527
brp01110	103846553
brp01110	103846575
brp01110	103846584
brp01110	103846601
brp01110	103846681
brp01110	103846688
brp01110	103846726
brp01110	103846769
brp01110	103846802
brp01110	103846819
brp01110	103846836
brp01110	103846879
brp01110	103846880
brp01110	103846887
brp01110	103846910
brp01110	103846914
brp01110	103846928
brp01110	103846929
brp01110	103846950
brp01110	103846954
brp01110	103847010
brp01110	103847012
brp01110	103847037
brp01110	103847081
brp01110	103847118
brp01110	103847126
brp01110	103847127
brp01110	103847135
brp01110	103847145
brp01110	103847149
brp01110	103847171
brp01110	103847177
brp01110	103847188
brp01110	103847217
brp01110	103847220
brp01110	103847221
brp01110	103847223
brp01110	103847238
brp01110	103847245
brp01110	103847250
brp01110	103847281
brp01110	103847336
brp01110	103847368
brp01110	103847372
brp01110	103847393
brp01110	103847421
brp01110	103847496
brp01110	103847532
brp01110	103847601
brp01110	103847604
brp01110	103847645
brp01110	103847701
brp01110	103847714
brp01110	103847719
brp01110	103847721
brp01110	103847839
brp01110	103847911
brp01110	103847925
brp01110	103847964
brp01110	103848085
brp01110	103848186
brp01110	103848200
brp01110	103848201
brp01110	103848211
brp01110	103848377
brp01110	103848451
brp01110	103848452
brp01110	103848557
brp01110	103848641
brp01110	103848739
brp01110	103848747
brp01110	103848761
brp01110	103848834
brp01110	103848843
brp01110	103848893
brp01110	103848910
brp01110	103848938
brp01110	103849095
brp01110	103849110
brp01110	103849145
brp01110	103849152
brp01110	103849160
brp01110	103849163
brp01110	103849168
brp01110	103849205
brp01110	103849258
brp01110	103849293
brp01110	103849374
brp01110	103849456
brp01110	103849483
brp01110	103849526
brp01110	103849591
brp01110	103849627
brp01110	103849660
brp01110	103849710
brp01110	103849713
brp01110	103849720
brp01110	103849863
brp01110	103849909
brp01110	103849983
brp01110	103850012
brp01110	103850028
brp01110	103850055
brp01110	103850057
brp01110	103850112
brp01110	103850119
brp01110	103850131
brp01110	103850146
brp01110	103850153
brp01110	103850170
brp01110	103850186
brp01110	103850190
brp01110	103850195
brp01110	103850209
brp01110	103850273
brp01110	103850274
brp01110	103850276
brp01110	103850280
brp01110	103850294
brp01110	103850336
brp01110	103850366
brp01110	103850370
brp01110	103850371
brp01110	103850396
brp01110	103850421
brp01110	103850424
brp01110	103850485
brp01110	103850517
brp01110	103850518
brp01110	103850528
brp01110	103850550
brp01110	103850577
brp01110	103850580
brp01110	103850592
brp01110	103850594
brp01110	103850607
brp01110	103850646
brp01110	103850671
brp01110	103850687
brp01110	103850689
brp01110	103850827
brp01110	103850857
brp01110	103850860
brp01110	103850867
brp01110	103850885
brp01110	103850891
brp01110	103850907
brp01110	103850917
brp01110	103850918
brp01110	103850927
brp01110	103850973
brp01110	103851010
brp01110	103851027
brp01110	103851035
brp01110	103851039
brp01110	103851053
brp01110	103851079
brp01110	103851090
brp01110	103851100
brp01110	103851131
brp01110	103851137
brp01110	103851145
brp01110	103851201
brp01110	103851202
brp01110	103851217
brp01110	103851253
brp01110	103851283
brp01110	103851308
brp01110	103851309
brp01110	103851320
brp01110	103851339
brp01110	103851376
brp01110	103851390
brp01110	103851408
brp01110	103851433
brp01110	103851441
brp01110	103851446
brp01110	103851454
brp01110	103851552
brp01110	103851554
brp01110	103851620
brp01110	103851622
brp01110	103851623
brp01110	103851624
brp01110	103851632
brp01110	103851641
brp01110	103851685
brp01110	103851719
brp01110	103851815
brp01110	103851850
brp01110	103851882
brp01110	103851883
brp01110	103851884
brp01110	103851903
brp01110	103851907
brp01110	103851914
brp01110	103851930
brp01110	103851957
brp01110	103851985
brp01110	103852000
brp01110	103852049
brp01110	103852054
brp01110	103852067
brp01110	103852125
brp01110	103852126
brp01110	103852148
brp01110	103852169
brp01110	103852176
brp01110	103852208
brp01110	103852304
brp01110	103852316
brp01110	103852318
brp01110	103852367
brp01110	103852368
brp01110	103852369
brp01110	103852372
brp01110	103852374
brp01110	103852410
brp01110	103852421
brp01110	103852437
brp01110	103852438
brp01110	103852484
brp01110	103852514
brp01110	103852534
brp01110	103852540
brp01110	103852564
brp01110	103852593
brp01110	103852641
brp01110	103852702
brp01110	103852706
brp01110	103852737
brp01110	103852752
brp01110	103852787
brp01110	103852803
brp01110	103852812
brp01110	103852822
brp01110	103852857
brp01110	103852873
brp01110	103852874
brp01110	103852875
brp01110	103852877
brp01110	103852881
brp01110	103852907
brp01110	103852920
brp01110	103852926
brp01110	103852928
brp01110	103852995
brp01110	103853029
brp01110	103853040
brp01110	103853058
brp01110	103853067
brp01110	103853072
brp01110	103853105
brp01110	103853109
brp01110	103853121
brp01110	103853125
brp01110	103853128
brp01110	103853134
brp01110	103853196
brp01110	103853201
brp01110	103853212
brp01110	103853214
brp01110	103853233
brp01110	103853240
brp01110	103853243
brp01110	103853244
brp01110	103853254
brp01110	103853260
brp01110	103853266
brp01110	103853267
brp01110	103853269
brp01110	103853294
brp01110	103853306
brp01110	103853313
brp01110	103853322
brp01110	103853404
brp01110	103853483
brp01110	103853500
brp01110	103853506
brp01110	103853542
brp01110	103853568
brp01110	103853626
brp01110	103853629
brp01110	103853670
brp01110	103853745
brp01110	103853765
brp01110	103853791
brp01110	103853837
brp01110	103853878
brp01110	103853925
brp01110	103853939
brp01110	103853940
brp01110	103853988
brp01110	103853991
brp01110	103854027
brp01110	103854087
brp01110	103854138
brp01110	103854203
brp01110	103854232
brp01110	103854239
brp01110	103854251
brp01110	103854257
brp01110	103854285
brp01110	103854286
brp01110	103854289
brp01110	103854363
brp01110	103854450
brp01110	103854474
brp01110	103854484
brp01110	103854501
brp01110	103854526
brp01110	103854548
brp01110	103854565
brp01110	103854573
brp01110	103854601
brp01110	103854620
brp01110	103854642
brp01110	103854657
brp01110	103854666
brp01110	103854720
brp01110	103854757
brp01110	103854764
brp01110	103854788
brp01110	103854873
brp01110	103854874
brp01110	103854876
brp01110	103854915
brp01110	103855040
brp01110	103855056
brp01110	103855057
brp01110	103855145
brp01110	103855151
brp01110	103855162
brp01110	103855163
brp01110	103855165
brp01110	103855205
brp01110	103855211
brp01110	103855214
brp01110	103855227
brp01110	103855228
brp01110	103855280
brp01110	103855282
brp01110	103855313
brp01110	103855315
brp01110	103855328
brp01110	103855408
brp01110	103855432
brp01110	103855482
brp01110	103855549
brp01110	103855592
brp01110	103855594
brp01110	103855599
brp01110	103855623
brp01110	103855629
brp01110	103855637
brp01110	103855638
brp01110	103855751
brp01110	103855763
brp01110	103855770
brp01110	103855774
brp01110	103855776
brp01110	103855777
brp01110	103855796
brp01110	103855804
brp01110	103855815
brp01110	103855850
brp01110	103855856
brp01110	103855870
brp01110	103855902
brp01110	103855915
brp01110	103855926
brp01110	103855942
brp01110	103855945
brp01110	103856000
brp01110	103856014
brp01110	103856025
brp01110	103856028
brp01110	103856040
brp01110	103856056
brp01110	103856082
brp01110	103856088
brp01110	103856099
brp01110	103856116
brp01110	103856142
brp01110	103856193
brp01110	103856195
brp01110	103856237
brp01110	103856241
brp01110	103856242
brp01110	103856243
brp01110	103856252
brp01110	103856262
brp01110	103856267
brp01110	103856274
brp01110	103856341
brp01110	103856350
brp01110	103856372
brp01110	103856414
brp01110	103856423
brp01110	103856448
brp01110	103856465
brp01110	103856474
brp01110	103856476
brp01110	103856516
brp01110	103856565
brp01110	103856643
brp01110	103856674
brp01110	103856695
brp01110	103856727
brp01110	103856729
brp01110	103856731
brp01110	103856737
brp01110	103856758
brp01110	103856761
brp01110	103856778
brp01110	103856800
brp01110	103856808
brp01110	103856870
brp01110	103856882
brp01110	103856907
brp01110	103856913
brp01110	103856933
brp01110	103856993
brp01110	103856996
brp01110	103857007
brp01110	103857041
brp01110	103857048
brp01110	103857055
brp01110	103857079
brp01110	103857084
brp01110	103857159
brp01110	103857166
brp01110	103857264
brp01110	103857276
brp01110	103857280
brp01110	103857322
brp01110	103857323
brp01110	103857369
brp01110	103857401
brp01110	103857473
brp01110	103857539
brp01110	103857558
brp01110	103857577
brp01110	103857580
brp01110	103857590
brp01110	103857608
brp01110	103857612
brp01110	103857613
brp01110	103857629
brp01110	103857637
brp01110	103857638
brp01110	103857639
brp01110	103857642
brp01110	103857670
brp01110	103857700
brp01110	103857727
brp01110	103857728
brp01110	103857732
brp01110	103857735
brp01110	103857757
brp01110	103857769
brp01110	103857778
brp01110	103857780
brp01110	103857781
brp01110	103857833
brp01110	103857839
brp01110	103857842
brp01110	103857865
brp01110	103857881
brp01110	103857883
brp01110	103857940
brp01110	103857960
brp01110	103857984
brp01110	103857986
brp01110	103857987
brp01110	103858017
brp01110	103858046
brp01110	103858107
brp01110	103858112
brp01110	103858114
brp01110	103858130
brp01110	103858158
brp01110	103858170
brp01110	103858193
brp01110	103858221
brp01110	103858251
brp01110	103858255
brp01110	103858269
brp01110	103858277
brp01110	103858362
brp01110	103858373
brp01110	103858386
brp01110	103858450
brp01110	103858451
brp01110	103858466
brp01110	103858470
brp01110	103858497
brp01110	103858505
brp01110	103858523
brp01110	103858555
brp01110	103858576
brp01110	103858582
brp01110	103858610
brp01110	103858612
brp01110	103858788
brp01110	103858801
brp01110	103858848
brp01110	103858857
brp01110	103858865
brp01110	103858887
brp01110	103858904
brp01110	103858924
brp01110	103858929
brp01110	103858959
brp01110	103858971
brp01110	103858974
brp01110	103858975
brp01110	103858983
brp01110	103859007
brp01110	103859011
brp01110	103859021
brp01110	103859068
brp01110	103859070
brp01110	103859154
brp01110	103859168
brp01110	103859185
brp01110	103859186
brp01110	103859221
brp01110	103859235
brp01110	103859270
brp01110	103859306
brp01110	103859309
brp01110	103859327
brp01110	103859421
brp01110	103859429
brp01110	103859466
brp01110	103859475
brp01110	103859513
brp01110	103859525
brp01110	103859549
brp01110	103859555
brp01110	103859574
brp01110	103859575
brp01110	103859576
brp01110	103859579
brp01110	103859651
brp01110	103859689
brp01110	103859706
brp01110	103859729
brp01110	103859746
brp01110	103859798
brp01110	103859803
brp01110	103859810
brp01110	103859824
brp01110	103859886
brp01110	103859897
brp01110	103859898
brp01110	103859911
brp01110	103859922
brp01110	103859939
brp01110	103859979
brp01110	103859981
brp01110	103859986
brp01110	103860025
brp01110	103860041
brp01110	103860094
brp01110	103860100
brp01110	103860163
brp01110	103860208
brp01110	103860261
brp01110	103860272
brp01110	103860298
brp01110	103860313
brp01110	103860340
brp01110	103860345
brp01110	103860353
brp01110	103860354
brp01110	103860355
brp01110	103860370
brp01110	103860421
brp01110	103860424
brp01110	103860447
brp01110	103860469
brp01110	103860515
brp01110	103860537
brp01110	103860538
brp01110	103860590
brp01110	103860608
brp01110	103860626
brp01110	103860657
brp01110	103860711
brp01110	103860746
brp01110	103860780
brp01110	103860784
brp01110	103860785
brp01110	103860788
brp01110	103860794
brp01110	103860832
brp01110	103860839
brp01110	103860894
brp01110	103860895
brp01110	103860904
brp01110	103860932
brp01110	103860941
brp01110	103860949
brp01110	103860984
brp01110	103860985
brp01110	103860993
brp01110	103860994
brp01110	103861043
brp01110	103861062
brp01110	103861095
brp01110	103861112
brp01110	103861222
brp01110	103861250
brp01110	103861251
brp01110	103861317
brp01110	103861340
brp01110	103861341
brp01110	103861346
brp01110	103861359
brp01110	103861360
brp01110	103861392
brp01110	103861413
brp01110	103861424
brp01110	103861434
brp01110	103861458
brp01110	103861499
brp01110	103861509
brp01110	103861527
brp01110	103861529
brp01110	103861559
brp01110	103861586
brp01110	103861593
brp01110	103861601
brp01110	103861603
brp01110	103861616
brp01110	103861660
brp01110	103861669
brp01110	103861672
brp01110	103861694
brp01110	103861701
brp01110	103861716
brp01110	103861810
brp01110	103861830
brp01110	103861864
brp01110	103861898
brp01110	103861901
brp01110	103861933
brp01110	103861976
brp01110	103861979
brp01110	103861980
brp01110	103862015
brp01110	103862102
brp01110	103862197
brp01110	103862211
brp01110	103862218
brp01110	103862234
brp01110	103862236
brp01110	103862253
brp01110	103862317
brp01110	103862328
brp01110	103862330
brp01110	103862332
brp01110	103862344
brp01110	103862364
brp01110	103862369
brp01110	103862389
brp01110	103862393
brp01110	103862394
brp01110	103862436
brp01110	103862460
brp01110	103862462
brp01110	103862467
brp01110	103862471
brp01110	103862473
brp01110	103862494
brp01110	103862568
brp01110	103862585
brp01110	103862605
brp01110	103862621
brp01110	103862653
brp01110	103862713
brp01110	103862723
brp01110	103862771
brp01110	103862779
brp01110	103862824
brp01110	103862836
brp01110	103862855
brp01110	103862864
brp01110	103862873
brp01110	103862886
brp01110	103862905
brp01110	103862906
brp01110	103862908
brp01110	103862913
brp01110	103862931
brp01110	103862944
brp01110	103862961
brp01110	103862970
brp01110	103863035
brp01110	103863039
brp01110	103863064
brp01110	103863090
brp01110	103863147
brp01110	103863161
brp01110	103863163
brp01110	103863185
brp01110	103863201
brp01110	103863242
brp01110	103863245
brp01110	103863263
brp01110	103863433
brp01110	103863442
brp01110	103863452
brp01110	103863471
brp01110	103863477
brp01110	103863546
brp01110	103863556
brp01110	103863581
brp01110	103863599
brp01110	103863631
brp01110	103863639
brp01110	103863644
brp01110	103863671
brp01110	103863685
brp01110	103863734
brp01110	103863748
brp01110	103863759
brp01110	103863779
brp01110	103863782
brp01110	103863784
brp01110	103863791
brp01110	103863798
brp01110	103863825
brp01110	103863841
brp01110	103863954
brp01110	103863970
brp01110	103864004
brp01110	103864010
brp01110	103864030
brp01110	103864056
brp01110	103864104
brp01110	103864160
brp01110	103864163
brp01110	103864167
brp01110	103864220
brp01110	103864229
brp01110	103864245
brp01110	103864252
brp01110	103864267
brp01110	103864283
brp01110	103864286
brp01110	103864307
brp01110	103864328
brp01110	103864334
brp01110	103864337
brp01110	103864341
brp01110	103864346
brp01110	103864390
brp01110	103864396
brp01110	103864397
brp01110	103864722
brp01110	103864755
brp01110	103864782
brp01110	103864799
brp01110	103864806
brp01110	103864845
brp01110	103864874
brp01110	103864907
brp01110	103864953
brp01110	103864954
brp01110	103864955
brp01110	103864957
brp01110	103864958
brp01110	103864959
brp01110	103864961
brp01110	103864962
brp01110	103864964
brp01110	103864965
brp01110	103865021
brp01110	103865042
brp01110	103865043
brp01110	103865085
brp01110	103865090
brp01110	103865158
brp01110	103865244
brp01110	103865343
brp01110	103865345
brp01110	103865354
brp01110	103865433
brp01110	103865486
brp01110	103865521
brp01110	103865540
brp01110	103865548
brp01110	103865552
brp01110	103865557
brp01110	103865558
brp01110	103865564
brp01110	103865574
brp01110	103865578
brp01110	103865584
brp01110	103865603
brp01110	103865611
brp01110	103865622
brp01110	103865624
brp01110	103865625
brp01110	103865646
brp01110	103865652
brp01110	103865659
brp01110	103865666
brp01110	103865667
brp01110	103865668
brp01110	103865714
brp01110	103865715
brp01110	103865716
brp01110	103865745
brp01110	103865746
brp01110	103865812
brp01110	103865827
brp01110	103865842
brp01110	103865848
brp01110	103865888
brp01110	103865890
brp01110	103865912
brp01110	103865940
brp01110	103865952
brp01110	103865968
brp01110	103865989
brp01110	103866006
brp01110	103866074
brp01110	103866104
brp01110	103866117
brp01110	103866118
brp01110	103866133
brp01110	103866139
brp01110	103866140
brp01110	103866141
brp01110	103866143
brp01110	103866145
brp01110	103866186
brp01110	103866199
brp01110	103866210
brp01110	103866239
brp01110	103866247
brp01110	103866271
brp01110	103866289
brp01110	103866371
brp01110	103866440
brp01110	103866471
brp01110	103866522
brp01110	103866523
brp01110	103866566
brp01110	103866569
brp01110	103866590
brp01110	103866666
brp01110	103866673
brp01110	103866694
brp01110	103866695
brp01110	103866702
brp01110	103866715
brp01110	103866743
brp01110	103866797
brp01110	103866798
brp01110	103866799
brp01110	103866801
brp01110	103866802
brp01110	103866803
brp01110	103866804
brp01110	103866807
brp01110	103866837
brp01110	103866871
brp01110	103866894
brp01110	103866923
brp01110	103866930
brp01110	103866981
brp01110	103866998
brp01110	103867010
brp01110	103867013
brp01110	103867057
brp01110	103867109
brp01110	103867125
brp01110	103867137
brp01110	103867140
brp01110	103867160
brp01110	103867161
brp01110	103867162
brp01110	103867170
brp01110	103867192
brp01110	103867199
brp01110	103867229
brp01110	103867247
brp01110	103867252
brp01110	103867254
brp01110	103867256
brp01110	103867257
brp01110	103867274
brp01110	103867285
brp01110	103867302
brp01110	103867363
brp01110	103867369
brp01110	103867370
brp01110	103867390
brp01110	103867396
brp01110	103867418
brp01110	103867433
brp01110	103867444
brp01110	103867449
brp01110	103867487
brp01110	103867566
brp01110	103867569
brp01110	103867598
brp01110	103867633
brp01110	103867649
brp01110	103867697
brp01110	103867728
brp01110	103867748
brp01110	103867879
brp01110	103867926
brp01110	103867954
brp01110	103867972
brp01110	103868025
brp01110	103868038
brp01110	103868044
brp01110	103868046
brp01110	103868050
brp01110	103868062
brp01110	103868078
brp01110	103868121
brp01110	103868123
brp01110	103868133
brp01110	103868215
brp01110	103868256
brp01110	103868260
brp01110	103868301
brp01110	103868313
brp01110	103868315
brp01110	103868361
brp01110	103868374
brp01110	103868431
brp01110	103868444
brp01110	103868452
brp01110	103868492
brp01110	103868505
brp01110	103868514
brp01110	103868556
brp01110	103868568
brp01110	103868569
brp01110	103868578
brp01110	103868594
brp01110	103868622
brp01110	103868633
brp01110	103868667
brp01110	103868682
brp01110	103868693
brp01110	103868698
brp01110	103868699
brp01110	103868729
brp01110	103868818
brp01110	103868905
brp01110	103868913
brp01110	103868926
brp01110	103868958
brp01110	103869013
brp01110	103869038
brp01110	103869051
brp01110	103869052
brp01110	103869053
brp01110	103869054
brp01110	103869056
brp01110	103869084
brp01110	103869151
brp01110	103869163
brp01110	103869174
brp01110	103869185
brp01110	103869195
brp01110	103869196
brp01110	103869197
brp01110	103869246
brp01110	103869258
brp01110	103869284
brp01110	103869295
brp01110	103869322
brp01110	103869351
brp01110	103869365
brp01110	103869418
brp01110	103869425
brp01110	103869453
brp01110	103869474
brp01110	103869518
brp01110	103869593
brp01110	103869607
brp01110	103869626
brp01110	103869648
brp01110	103869654
brp01110	103869701
brp01110	103869716
brp01110	103869727
brp01110	103869734
brp01110	103869850
brp01110	103869877
brp01110	103869933
brp01110	103869973
brp01110	103870018
brp01110	103870025
brp01110	103870027
brp01110	103870046
brp01110	103870064
brp01110	103870081
brp01110	103870093
brp01110	103870095
brp01110	103870101
brp01110	103870109
brp01110	103870149
brp01110	103870188
brp01110	103870196
brp01110	103870212
brp01110	103870225
brp01110	103870288
brp01110	103870290
brp01110	103870296
brp01110	103870350
brp01110	103870473
brp01110	103870475
brp01110	103870482
brp01110	103870493
brp01110	103870516
brp01110	103870527
brp01110	103870537
brp01110	103870559
brp01110	103870611
brp01110	103870644
brp01110	103870648
brp01110	103870717
brp01110	103870719
brp01110	103870727
brp01110	103870742
brp01110	103870763
brp01110	103870764
brp01110	103870807
brp01110	103870831
brp01110	103870867
brp01110	103870884
brp01110	103870894
brp01110	103870907
brp01110	103870908
brp01110	103870909
brp01110	103870917
brp01110	103870918
brp01110	103870949
brp01110	103870956
brp01110	103870957
brp01110	103870978
brp01110	103871006
brp01110	103871013
brp01110	103871055
brp01110	103871058
brp01110	103871061
brp01110	103871139
brp01110	103871191
brp01110	103871211
brp01110	103871215
brp01110	103871325
brp01110	103871335
brp01110	103871346
brp01110	103871365
brp01110	103871469
brp01110	103871476
brp01110	103871484
brp01110	103871492
brp01110	103871500
brp01110	103871503
brp01110	103871521
brp01110	103871539
brp01110	103871596
brp01110	103871599
brp01110	103871606
brp01110	103871652
brp01110	103871753
brp01110	103871761
brp01110	103871785
brp01110	103871787
brp01110	103871796
brp01110	103871853
brp01110	103871859
brp01110	103871863
brp01110	103871912
brp01110	103871918
brp01110	103871924
brp01110	103871927
brp01110	103871931
brp01110	103871977
brp01110	103871988
brp01110	103871990
brp01110	103871992
brp01110	103872021
brp01110	103872022
brp01110	103872037
brp01110	103872038
brp01110	103872054
brp01110	103872056
brp01110	103872117
brp01110	103872118
brp01110	103872153
brp01110	103872154
brp01110	103872160
brp01110	103872206
brp01110	103872253
brp01110	103872275
brp01110	103872284
brp01110	103872302
brp01110	103872340
brp01110	103872350
brp01110	103872395
brp01110	103872420
brp01110	103872425
brp01110	103872429
brp01110	103872485
brp01110	103872487
brp01110	103872491
brp01110	103872547
brp01110	103872613
brp01110	103872656
brp01110	103872665
brp01110	103872693
brp01110	103872738
brp01110	103872742
brp01110	103872765
brp01110	103872768
brp01110	103872801
brp01110	103872807
brp01110	103872839
brp01110	103872841
brp01110	103872849
brp01110	103872850
brp01110	103872883
brp01110	103872977
brp01110	103873033
brp01110	103873035
brp01110	103873062
brp01110	103873086
brp01110	103873087
brp01110	103873127
brp01110	103873165
brp01110	103873180
brp01110	103873188
brp01110	103873204
brp01110	103873232
brp01110	103873244
brp01110	103873252
brp01110	103873256
brp01110	103873269
brp01110	103873275
brp01110	103873279
brp01110	103873312
brp01110	103873479
brp01110	103873557
brp01110	103873584
brp01110	103873609
brp01110	103873613
brp01110	103873656
brp01110	103873747
brp01110	103873752
brp01110	103873768
brp01110	103873769
brp01110	103873770
brp01110	103873777
brp01110	103873784
brp01110	103873805
brp01110	103873809
brp01110	103873823
brp01110	103873829
brp01110	103873830
brp01110	103873831
brp01110	103873853
brp01110	103873862
brp01110	103873925
brp01110	103873937
brp01110	103873941
brp01110	103874006
brp01110	103874008
brp01110	103874014
brp01110	103874018
brp01110	103874054
brp01110	103874067
brp01110	103874110
brp01110	103874115
brp01110	103874126
brp01110	103874166
brp01110	103874187
brp01110	103874203
brp01110	103874257
brp01110	103874275
brp01110	103874288
brp01110	103874297
brp01110	103874309
brp01110	103874310
brp01110	103874311
brp01110	103874312
brp01110	103874314
brp01110	103874376
brp01110	103874391
brp01110	103874399
brp01110	103874435
brp01110	103874594
brp01110	103874656
brp01110	103874719
brp01110	103874743
brp01110	103874746
brp01110	103874749
brp01110	103874765
brp01110	103874772
brp01110	103874784
brp01110	103874805
brp01110	103874909
brp01110	103874936
brp01110	103874937
brp01110	103874945
brp01110	103874993
brp01110	103875007
brp01110	103875021
brp01110	103875050
brp01110	103875063
brp01110	103875079
brp01110	103875081
brp01110	103875095
brp01110	103875118
brp01110	103875146
brp01110	103875156
brp01110	103875224
brp01110	103875228
brp01110	103875231
brp01110	103875271
brp01110	103875308
brp01110	103875335
brp01110	103875341
brp01110	103875347
brp01110	103875348
brp01110	103875352
brp01110	103875369
brp01110	103875391
brp01110	103875422
brp01110	103875438
brp01110	103875454
brp01110	108869154
brp01110	108870355
brp01110	117125636
brp01110	117125650
brp01110	117125925
brp01110	117125990
brp01110	117126194
brp01110	117126611
brp01110	117126758
brp01110	117127887
brp01110	117127968
brp01110	117129780
brp01110	117132429
brp01110	117133689
brp01110	117133757
brp01110	117133897
brp01110	41704059
brp01110	41704060
brp01200	103827594
brp01200	103827616
brp01200	103827804
brp01200	103827896
brp01200	103827942
brp01200	103828073
brp01200	103828089
brp01200	103828176
brp01200	103828225
brp01200	103828238
brp01200	103828269
brp01200	103828273
brp01200	103828609
brp01200	103829082
brp01200	103829227
brp01200	103829276
brp01200	103829330
brp01200	103829344
brp01200	103829348
brp01200	103829418
brp01200	103829420
brp01200	103829568
brp01200	103829929
brp01200	103830012
brp01200	103830026
brp01200	103830157
brp01200	103830182
brp01200	103830238
brp01200	103830260
brp01200	103830405
brp01200	103830434
brp01200	103830478
brp01200	103830479
brp01200	103830635
brp01200	103830855
brp01200	103830950
brp01200	103830991
brp01200	103831074
brp01200	103831222
brp01200	103831554
brp01200	103831592
brp01200	103831657
brp01200	103831877
brp01200	103831878
brp01200	103832230
brp01200	103832426
brp01200	103832491
brp01200	103832507
brp01200	103832545
brp01200	103832677
brp01200	103832683
brp01200	103832773
brp01200	103832793
brp01200	103832872
brp01200	103833143
brp01200	103833148
brp01200	103833307
brp01200	103833476
brp01200	103833575
brp01200	103833647
brp01200	103833678
brp01200	103833691
brp01200	103834139
brp01200	103834215
brp01200	103834292
brp01200	103834369
brp01200	103834426
brp01200	103834557
brp01200	103834589
brp01200	103834825
brp01200	103834926
brp01200	103834945
brp01200	103834946
brp01200	103835052
brp01200	103835059
brp01200	103835074
brp01200	103835152
brp01200	103835237
brp01200	103835415
brp01200	103835561
brp01200	103835672
brp01200	103835700
brp01200	103835714
brp01200	103835788
brp01200	103835892
brp01200	103835943
brp01200	103835961
brp01200	103836104
brp01200	103836204
brp01200	103836205
brp01200	103836310
brp01200	103836338
brp01200	103836474
brp01200	103836475
brp01200	103836575
brp01200	103836908
brp01200	103836911
brp01200	103836988
brp01200	103836989
brp01200	103837056
brp01200	103837242
brp01200	103837317
brp01200	103837318
brp01200	103837499
brp01200	103837563
brp01200	103837633
brp01200	103837635
brp01200	103837641
brp01200	103837712
brp01200	103837784
brp01200	103837814
brp01200	103837888
brp01200	103837987
brp01200	103838043
brp01200	103838225
brp01200	103838252
brp01200	103838288
brp01200	103838363
brp01200	103839144
brp01200	103839215
brp01200	103839246
brp01200	103839286
brp01200	103839353
brp01200	103839507
brp01200	103839509
brp01200	103840005
brp01200	103840158
brp01200	103840164
brp01200	103840194
brp01200	103840432
brp01200	103840598
brp01200	103840701
brp01200	103840754
brp01200	103840779
brp01200	103841125
brp01200	103841225
brp01200	103841229
brp01200	103841316
brp01200	103841487
brp01200	103841749
brp01200	103841750
brp01200	103841853
brp01200	103841917
brp01200	103841966
brp01200	103842047
brp01200	103842267
brp01200	103842270
brp01200	103842288
brp01200	103842310
brp01200	103842537
brp01200	103842552
brp01200	103842798
brp01200	103843012
brp01200	103843039
brp01200	103843050
brp01200	103843097
brp01200	103843121
brp01200	103843220
brp01200	103843309
brp01200	103843771
brp01200	103843922
brp01200	103844046
brp01200	103844048
brp01200	103844049
brp01200	103844258
brp01200	103844622
brp01200	103844953
brp01200	103845077
brp01200	103845096
brp01200	103845103
brp01200	103845106
brp01200	103845258
brp01200	103845742
brp01200	103845860
brp01200	103845992
brp01200	103846406
brp01200	103846458
brp01200	103846575
brp01200	103846601
brp01200	103847037
brp01200	103847058
brp01200	103847149
brp01200	103847171
brp01200	103847217
brp01200	103847223
brp01200	103847368
brp01200	103847393
brp01200	103847601
brp01200	103847839
brp01200	103848200
brp01200	103848893
brp01200	103848938
brp01200	103849095
brp01200	103849110
brp01200	103849145
brp01200	103849160
brp01200	103849168
brp01200	103849710
brp01200	103850028
brp01200	103850055
brp01200	103850112
brp01200	103850153
brp01200	103850190
brp01200	103850195
brp01200	103850273
brp01200	103850276
brp01200	103850366
brp01200	103850396
brp01200	103850485
brp01200	103850517
brp01200	103850656
brp01200	103850689
brp01200	103850789
brp01200	103850860
brp01200	103850867
brp01200	103850951
brp01200	103851039
brp01200	103851253
brp01200	103851283
brp01200	103851645
brp01200	103851815
brp01200	103851907
brp01200	103852067
brp01200	103852176
brp01200	103852304
brp01200	103852368
brp01200	103852369
brp01200	103852372
brp01200	103852702
brp01200	103853105
brp01200	103853196
brp01200	103853201
brp01200	103853260
brp01200	103853745
brp01200	103853791
brp01200	103854239
brp01200	103854526
brp01200	103854642
brp01200	103855211
brp01200	103855282
brp01200	103855313
brp01200	103855358
brp01200	103855367
brp01200	103855482
brp01200	103855726
brp01200	103855774
brp01200	103855804
brp01200	103855915
brp01200	103855920
brp01200	103856000
brp01200	103856014
brp01200	103856088
brp01200	103856142
brp01200	103856193
brp01200	103856262
brp01200	103856643
brp01200	103856701
brp01200	103856800
brp01200	103856808
brp01200	103856933
brp01200	103856993
brp01200	103857007
brp01200	103857264
brp01200	103857280
brp01200	103857558
brp01200	103857580
brp01200	103857629
brp01200	103857757
brp01200	103857781
brp01200	103857985
brp01200	103858130
brp01200	103858221
brp01200	103858845
brp01200	103858863
brp01200	103858933
brp01200	103859021
brp01200	103859070
brp01200	103859270
brp01200	103859327
brp01200	103859439
brp01200	103859466
brp01200	103859549
brp01200	103859555
brp01200	103859574
brp01200	103859575
brp01200	103859599
brp01200	103859689
brp01200	103859746
brp01200	103859810
brp01200	103859922
brp01200	103859986
brp01200	103860033
brp01200	103860340
brp01200	103860370
brp01200	103860515
brp01200	103860590
brp01200	103860608
brp01200	103860657
brp01200	103860785
brp01200	103860832
brp01200	103860985
brp01200	103861499
brp01200	103862328
brp01200	103862344
brp01200	103862389
brp01200	103862585
brp01200	103862824
brp01200	103862864
brp01200	103862913
brp01200	103862931
brp01200	103862961
brp01200	103863135
brp01200	103863161
brp01200	103863163
brp01200	103863263
brp01200	103863477
brp01200	103863581
brp01200	103863634
brp01200	103863779
brp01200	103863782
brp01200	103864104
brp01200	103864160
brp01200	103864252
brp01200	103864267
brp01200	103864286
brp01200	103864390
brp01200	103864532
brp01200	103864874
brp01200	103864956
brp01200	103864963
brp01200	103865090
brp01200	103865433
brp01200	103865548
brp01200	103865552
brp01200	103865668
brp01200	103865677
brp01200	103865958
brp01200	103866006
brp01200	103866104
brp01200	103866125
brp01200	103866133
brp01200	103866145
brp01200	103866271
brp01200	103866289
brp01200	103866371
brp01200	103866563
brp01200	103866650
brp01200	103866666
brp01200	103866743
brp01200	103866772
brp01200	103866871
brp01200	103867109
brp01200	103867140
brp01200	103867274
brp01200	103867363
brp01200	103867370
brp01200	103867390
brp01200	103867569
brp01200	103868025
brp01200	103868041
brp01200	103868254
brp01200	103868374
brp01200	103868444
brp01200	103868514
brp01200	103868620
brp01200	103868622
brp01200	103868914
brp01200	103869051
brp01200	103869084
brp01200	103869151
brp01200	103869185
brp01200	103869365
brp01200	103869701
brp01200	103869727
brp01200	103869940
brp01200	103869972
brp01200	103870027
brp01200	103870046
brp01200	103870064
brp01200	103870081
brp01200	103870196
brp01200	103870225
brp01200	103870259
brp01200	103870493
brp01200	103870516
brp01200	103870611
brp01200	103870831
brp01200	103870918
brp01200	103871006
brp01200	103871013
brp01200	103871061
brp01200	103871139
brp01200	103871345
brp01200	103871346
brp01200	103871503
brp01200	103871539
brp01200	103871796
brp01200	103871912
brp01200	103871970
brp01200	103871992
brp01200	103872022
brp01200	103872054
brp01200	103872153
brp01200	103872160
brp01200	103872206
brp01200	103872420
brp01200	103872517
brp01200	103872547
brp01200	103872665
brp01200	103872849
brp01200	103872850
brp01200	103873232
brp01200	103873312
brp01200	103873777
brp01200	103873862
brp01200	103873937
brp01200	103874006
brp01200	103874014
brp01200	103874110
brp01200	103874166
brp01200	103874309
brp01200	103874310
brp01200	103874311
brp01200	103874312
brp01200	103874314
brp01200	103874433
brp01200	103874746
brp01200	103874749
brp01200	103874937
brp01200	103875118
brp01200	103875224
brp01200	103875228
brp01200	103875231
brp01200	103875281
brp01200	103875341
brp01200	117125990
brp01200	117129780
brp01200	117133689
brp01200	117133757
brp01200	117133897
brp01200	41704059
brp01200	41704060
brp01210	103827501
brp01210	103828110
brp01210	103828157
brp01210	103828655
brp01210	103829227
brp01210	103829276
brp01210	103829344
brp01210	103829929
brp01210	103830012
brp01210	103830157
brp01210	103830170
brp01210	103830182
brp01210	103831074
brp01210	103831554
brp01210	103831592
brp01210	103831845
brp01210	103831884
brp01210	103832472
brp01210	103832473
brp01210	103832583
brp01210	103832897
brp01210	103832898
brp01210	103833295
brp01210	103833397
brp01210	103834292
brp01210	103834825
brp01210	103834926
brp01210	103834945
brp01210	103835237
brp01210	103835554
brp01210	103835672
brp01210	103835749
brp01210	103835961
brp01210	103836051
brp01210	103836205
brp01210	103837641
brp01210	103837982
brp01210	103838043
brp01210	103838075
brp01210	103838363
brp01210	103839144
brp01210	103839353
brp01210	103840005
brp01210	103840432
brp01210	103840701
brp01210	103840711
brp01210	103840779
brp01210	103841661
brp01210	103841734
brp01210	103841749
brp01210	103841750
brp01210	103842698
brp01210	103842798
brp01210	103843316
brp01210	103843771
brp01210	103844622
brp01210	103844953
brp01210	103845742
brp01210	103845992
brp01210	103846584
brp01210	103846879
brp01210	103847393
brp01210	103847925
brp01210	103848200
brp01210	103849095
brp01210	103850485
brp01210	103850577
brp01210	103850857
brp01210	103850918
brp01210	103851035
brp01210	103851253
brp01210	103851283
brp01210	103851376
brp01210	103851907
brp01210	103851914
brp01210	103852176
brp01210	103852304
brp01210	103852881
brp01210	103853233
brp01210	103853240
brp01210	103853243
brp01210	103853244
brp01210	103853322
brp01210	103853878
brp01210	103853988
brp01210	103854915
brp01210	103855482
brp01210	103855796
brp01210	103855815
brp01210	103855915
brp01210	103856056
brp01210	103856088
brp01210	103857007
brp01210	103857264
brp01210	103857401
brp01210	103857781
brp01210	103858046
brp01210	103858130
brp01210	103858470
brp01210	103859185
brp01210	103859327
brp01210	103859549
brp01210	103859689
brp01210	103859824
brp01210	103860340
brp01210	103860370
brp01210	103860537
brp01210	103860538
brp01210	103860832
brp01210	103860949
brp01210	103861112
brp01210	103862102
brp01210	103862568
brp01210	103862605
brp01210	103862913
brp01210	103862961
brp01210	103862970
brp01210	103863039
brp01210	103863477
brp01210	103863599
brp01210	103863631
brp01210	103864341
brp01210	103864874
brp01210	103865090
brp01210	103865158
brp01210	103865603
brp01210	103865668
brp01210	103865912
brp01210	103866133
brp01210	103866666
brp01210	103866694
brp01210	103866695
brp01210	103867109
brp01210	103867192
brp01210	103867697
brp01210	103868121
brp01210	103868123
brp01210	103869425
brp01210	103869701
brp01210	103870046
brp01210	103870081
brp01210	103870516
brp01210	103871061
brp01210	103871365
brp01210	103871503
brp01210	103871785
brp01210	103871787
brp01210	103871912
brp01210	103872275
brp01210	103872429
brp01210	103872517
brp01210	103872613
brp01210	103872977
brp01210	103873035
brp01210	103873312
brp01210	103874014
brp01210	103874743
brp01210	103875308
brp01210	103875341
brp01210	103875438
brp01212	103827656
brp01212	103827740
brp01212	103828233
brp01212	103829087
brp01212	103829117
brp01212	103830254
brp01212	103830564
brp01212	103830674
brp01212	103831198
brp01212	103831955
brp01212	103833578
brp01212	103833911
brp01212	103834013
brp01212	103834740
brp01212	103835584
brp01212	103836386
brp01212	103836556
brp01212	103837242
brp01212	103837563
brp01212	103837905
brp01212	103838061
brp01212	103838201
brp01212	103838380
brp01212	103839059
brp01212	103839066
brp01212	103839509
brp01212	103839533
brp01212	103839618
brp01212	103840132
brp01212	103841125
brp01212	103841442
brp01212	103843309
brp01212	103843393
brp01212	103843412
brp01212	103843798
brp01212	103844046
brp01212	103844048
brp01212	103844049
brp01212	103845857
brp01212	103846343
brp01212	103846344
brp01212	103846406
brp01212	103846802
brp01212	103847601
brp01212	103848757
brp01212	103849627
brp01212	103850337
brp01212	103851039
brp01212	103851552
brp01212	103852421
brp01212	103852924
brp01212	103853538
brp01212	103853696
brp01212	103853925
brp01212	103854439
brp01212	103854526
brp01212	103854565
brp01212	103855205
brp01212	103855855
brp01212	103855870
brp01212	103856142
brp01212	103856193
brp01212	103857473
brp01212	103857580
brp01212	103857757
brp01212	103858091
brp01212	103858976
brp01212	103859132
brp01212	103859186
brp01212	103860006
brp01212	103860297
brp01212	103860306
brp01212	103860354
brp01212	103860355
brp01212	103860839
brp01212	103860915
brp01212	103861474
brp01212	103861864
brp01212	103863566
brp01212	103863644
brp01212	103864335
brp01212	103865021
brp01212	103865244
brp01212	103866392
brp01212	103866745
brp01212	103867140
brp01212	103867566
brp01212	103867972
brp01212	103868101
brp01212	103868109
brp01212	103868136
brp01212	103868651
brp01212	103869185
brp01212	103869849
brp01212	103870276
brp01212	103870717
brp01212	103870719
brp01212	103870910
brp01212	103871500
brp01212	103871592
brp01212	103871796
brp01212	103872929
brp01212	103873568
brp01212	103873937
brp01212	103874524
brp01212	103874937
brp01212	117133757
brp01212	41704060
brp01230	103827501
brp01230	103827594
brp01230	103827616
brp01230	103827896
brp01230	103828073
brp01230	103828089
brp01230	103828110
brp01230	103828203
brp01230	103828238
brp01230	103828655
brp01230	103828719
brp01230	103829276
brp01230	103829348
brp01230	103829929
brp01230	103829942
brp01230	103830157
brp01230	103830170
brp01230	103830182
brp01230	103830478
brp01230	103830479
brp01230	103830654
brp01230	103830855
brp01230	103830932
brp01230	103831074
brp01230	103831335
brp01230	103831592
brp01230	103831657
brp01230	103831845
brp01230	103831877
brp01230	103832230
brp01230	103832256
brp01230	103832310
brp01230	103832426
brp01230	103832472
brp01230	103832473
brp01230	103832545
brp01230	103832773
brp01230	103832793
brp01230	103832897
brp01230	103832898
brp01230	103832977
brp01230	103833148
brp01230	103833397
brp01230	103833476
brp01230	103833575
brp01230	103833698
brp01230	103834139
brp01230	103834292
brp01230	103834426
brp01230	103834462
brp01230	103834546
brp01230	103834557
brp01230	103834704
brp01230	103834825
brp01230	103834926
brp01230	103834945
brp01230	103834946
brp01230	103835059
brp01230	103835074
brp01230	103835143
brp01230	103835152
brp01230	103835440
brp01230	103835672
brp01230	103835703
brp01230	103835714
brp01230	103835892
brp01230	103835943
brp01230	103835961
brp01230	103836051
brp01230	103836104
brp01230	103836212
brp01230	103836224
brp01230	103836225
brp01230	103836310
brp01230	103836381
brp01230	103836728
brp01230	103836799
brp01230	103837205
brp01230	103837317
brp01230	103837318
brp01230	103837499
brp01230	103837505
brp01230	103837671
brp01230	103837797
brp01230	103837814
brp01230	103837846
brp01230	103837888
brp01230	103837904
brp01230	103837956
brp01230	103838043
brp01230	103838075
brp01230	103838288
brp01230	103838363
brp01230	103838635
brp01230	103839002
brp01230	103839088
brp01230	103839308
brp01230	103840164
brp01230	103840211
brp01230	103840260
brp01230	103840754
brp01230	103840779
brp01230	103841225
brp01230	103841229
brp01230	103841284
brp01230	103841367
brp01230	103841472
brp01230	103841611
brp01230	103841661
brp01230	103841734
brp01230	103841749
brp01230	103841750
brp01230	103841917
brp01230	103841966
brp01230	103842310
brp01230	103842537
brp01230	103842552
brp01230	103842698
brp01230	103842798
brp01230	103842888
brp01230	103843050
brp01230	103843316
brp01230	103843388
brp01230	103843406
brp01230	103843407
brp01230	103844934
brp01230	103845077
brp01230	103845096
brp01230	103845106
brp01230	103845522
brp01230	103845623
brp01230	103845742
brp01230	103845884
brp01230	103845887
brp01230	103845967
brp01230	103845992
brp01230	103846297
brp01230	103846320
brp01230	103846455
brp01230	103846575
brp01230	103846584
brp01230	103846688
brp01230	103846769
brp01230	103846914
brp01230	103847037
brp01230	103847171
brp01230	103847368
brp01230	103847393
brp01230	103847839
brp01230	103847925
brp01230	103848200
brp01230	103848910
brp01230	103848938
brp01230	103849095
brp01230	103849110
brp01230	103849145
brp01230	103849160
brp01230	103849205
brp01230	103849483
brp01230	103849710
brp01230	103849983
brp01230	103850028
brp01230	103850055
brp01230	103850119
brp01230	103850170
brp01230	103850273
brp01230	103850276
brp01230	103850294
brp01230	103850396
brp01230	103850485
brp01230	103850592
brp01230	103850857
brp01230	103850860
brp01230	103850867
brp01230	103851035
brp01230	103851053
brp01230	103851137
brp01230	103851145
brp01230	103851283
brp01230	103851376
brp01230	103851454
brp01230	103851815
brp01230	103851914
brp01230	103852067
brp01230	103852304
brp01230	103852318
brp01230	103852702
brp01230	103852737
brp01230	103852803
brp01230	103853105
brp01230	103853196
brp01230	103853201
brp01230	103853233
brp01230	103853240
brp01230	103853243
brp01230	103853244
brp01230	103853266
brp01230	103853745
brp01230	103853791
brp01230	103854257
brp01230	103854474
brp01230	103854642
brp01230	103854764
brp01230	103855211
brp01230	103855482
brp01230	103855638
brp01230	103855796
brp01230	103855804
brp01230	103855856
brp01230	103855915
brp01230	103855942
brp01230	103856014
brp01230	103856056
brp01230	103856088
brp01230	103856099
brp01230	103856274
brp01230	103856476
brp01230	103856643
brp01230	103856800
brp01230	103856808
brp01230	103856933
brp01230	103857079
brp01230	103857401
brp01230	103857612
brp01230	103857629
brp01230	103857642
brp01230	103857732
brp01230	103857883
brp01230	103858046
brp01230	103858107
brp01230	103858112
brp01230	103858130
brp01230	103858170
brp01230	103858269
brp01230	103858470
brp01230	103858497
brp01230	103858801
brp01230	103859011
brp01230	103859021
brp01230	103859070
brp01230	103859154
brp01230	103859235
brp01230	103859270
brp01230	103859466
brp01230	103859706
brp01230	103859729
brp01230	103859810
brp01230	103859986
brp01230	103860298
brp01230	103860340
brp01230	103860590
brp01230	103860608
brp01230	103860657
brp01230	103860949
brp01230	103861095
brp01230	103861509
brp01230	103861672
brp01230	103862102
brp01230	103862328
brp01230	103862568
brp01230	103862653
brp01230	103862824
brp01230	103862855
brp01230	103862864
brp01230	103862913
brp01230	103862931
brp01230	103862961
brp01230	103862970
brp01230	103863039
brp01230	103863064
brp01230	103863147
brp01230	103863161
brp01230	103863163
brp01230	103863581
brp01230	103863631
brp01230	103863734
brp01230	103863791
brp01230	103863841
brp01230	103864163
brp01230	103864252
brp01230	103864267
brp01230	103864307
brp01230	103864337
brp01230	103864806
brp01230	103865090
brp01230	103865158
brp01230	103865548
brp01230	103865552
brp01230	103865564
brp01230	103865603
brp01230	103865746
brp01230	103866006
brp01230	103866104
brp01230	103866117
brp01230	103866133
brp01230	103866145
brp01230	103866199
brp01230	103866210
brp01230	103866271
brp01230	103866289
brp01230	103866666
brp01230	103866694
brp01230	103866702
brp01230	103866743
brp01230	103866871
brp01230	103866894
brp01230	103867010
brp01230	103867192
brp01230	103867199
brp01230	103867247
brp01230	103867274
brp01230	103867302
brp01230	103867363
brp01230	103867697
brp01230	103867748
brp01230	103868025
brp01230	103868121
brp01230	103868123
brp01230	103868374
brp01230	103868514
brp01230	103868667
brp01230	103868926
brp01230	103869038
brp01230	103869052
brp01230	103869084
brp01230	103869648
brp01230	103870196
brp01230	103870225
brp01230	103870493
brp01230	103870516
brp01230	103870611
brp01230	103870648
brp01230	103871006
brp01230	103871013
brp01230	103871365
brp01230	103871469
brp01230	103871539
brp01230	103871606
brp01230	103871753
brp01230	103871785
brp01230	103871787
brp01230	103871912
brp01230	103871931
brp01230	103872022
brp01230	103872054
brp01230	103872153
brp01230	103872160
brp01230	103872275
brp01230	103872420
brp01230	103872517
brp01230	103872613
brp01230	103872665
brp01230	103873035
brp01230	103873256
brp01230	103873312
brp01230	103873584
brp01230	103873609
brp01230	103873777
brp01230	103873805
brp01230	103873925
brp01230	103874110
brp01230	103874187
brp01230	103874743
brp01230	103874746
brp01230	103874936
brp01230	103875095
brp01230	103875118
brp01230	103875308
brp01230	103875438
brp01230	117133897
brp01232	103827773
brp01232	103828293
brp01232	103828559
brp01232	103828727
brp01232	103828798
brp01232	103829174
brp01232	103829953
brp01232	103830108
brp01232	103830112
brp01232	103830416
brp01232	103830776
brp01232	103831684
brp01232	103831786
brp01232	103832423
brp01232	103832504
brp01232	103832556
brp01232	103832567
brp01232	103833477
brp01232	103833679
brp01232	103833738
brp01232	103833912
brp01232	103834062
brp01232	103834709
brp01232	103835128
brp01232	103835394
brp01232	103835474
brp01232	103835475
brp01232	103836523
brp01232	103836769
brp01232	103836808
brp01232	103836995
brp01232	103837127
brp01232	103837231
brp01232	103837465
brp01232	103837467
brp01232	103838090
brp01232	103839038
brp01232	103839150
brp01232	103840297
brp01232	103841311
brp01232	103841660
brp01232	103841669
brp01232	103841868
brp01232	103842395
brp01232	103843596
brp01232	103845039
brp01232	103845327
brp01232	103845368
brp01232	103845454
brp01232	103845846
brp01232	103846748
brp01232	103847390
brp01232	103847573
brp01232	103847901
brp01232	103849069
brp01232	103850057
brp01232	103850756
brp01232	103852812
brp01232	103852871
brp01232	103853347
brp01232	103853404
brp01232	103853542
brp01232	103854261
brp01232	103854270
brp01232	103854463
brp01232	103854712
brp01232	103855214
brp01232	103855481
brp01232	103856372
brp01232	103856565
brp01232	103856882
brp01232	103857616
brp01232	103857670
brp01232	103857804
brp01232	103858122
brp01232	103858399
brp01232	103858450
brp01232	103858887
brp01232	103859240
brp01232	103859763
brp01232	103860451
brp01232	103860530
brp01232	103860993
brp01232	103861195
brp01232	103861312
brp01232	103861529
brp01232	103861895
brp01232	103861896
brp01232	103861898
brp01232	103862355
brp01232	103863037
brp01232	103863040
brp01232	103863071
brp01232	103863604
brp01232	103864037
brp01232	103864500
brp01232	103865584
brp01232	103865659
brp01232	103866273
brp01232	103867057
brp01232	103867125
brp01232	103867296
brp01232	103867409
brp01232	103869536
brp01232	103870238
brp01232	103870632
brp01232	103871492
brp01232	103872117
brp01232	103872118
brp01232	103872425
brp01232	103873282
brp01232	103873747
brp01232	103873752
brp01232	103874463
brp01232	103874707
brp01232	103874909
brp01232	103875242
brp01232	103875249
brp01232	103875454
brp01232	108870772
brp01240	103827738
brp01240	103827740
brp01240	103828149
brp01240	103828233
brp01240	103828352
brp01240	103828407
brp01240	103828469
brp01240	103828666
brp01240	103828683
brp01240	103828701
brp01240	103828798
brp01240	103828941
brp01240	103829087
brp01240	103829675
brp01240	103829774
brp01240	103829906
brp01240	103829976
brp01240	103830112
brp01240	103830302
brp01240	103830388
brp01240	103830395
brp01240	103830674
brp01240	103830680
brp01240	103830688
brp01240	103830855
brp01240	103831356
brp01240	103831513
brp01240	103831657
brp01240	103831791
brp01240	103831949
brp01240	103831955
brp01240	103832079
brp01240	103832340
brp01240	103832344
brp01240	103832347
brp01240	103832567
brp01240	103832617
brp01240	103832890
brp01240	103832897
brp01240	103832898
brp01240	103833017
brp01240	103833133
brp01240	103833148
brp01240	103833575
brp01240	103833738
brp01240	103833758
brp01240	103833856
brp01240	103833912
brp01240	103834062
brp01240	103834212
brp01240	103834330
brp01240	103834464
brp01240	103834557
brp01240	103834637
brp01240	103834830
brp01240	103834946
brp01240	103834979
brp01240	103835059
brp01240	103835523
brp01240	103835584
brp01240	103835648
brp01240	103835666
brp01240	103835714
brp01240	103835877
brp01240	103835945
brp01240	103836640
brp01240	103836799
brp01240	103836808
brp01240	103836908
brp01240	103836945
brp01240	103837127
brp01240	103837134
brp01240	103837231
brp01240	103837332
brp01240	103837465
brp01240	103837467
brp01240	103837478
brp01240	103837523
brp01240	103837592
brp01240	103837814
brp01240	103837849
brp01240	103837878
brp01240	103837892
brp01240	103837905
brp01240	103838505
brp01240	103838510
brp01240	103838624
brp01240	103838741
brp01240	103838873
brp01240	103839059
brp01240	103839150
brp01240	103839308
brp01240	103839618
brp01240	103839899
brp01240	103840237
brp01240	103840297
brp01240	103840299
brp01240	103840383
brp01240	103840449
brp01240	103840623
brp01240	103840735
brp01240	103840813
brp01240	103841474
brp01240	103841669
brp01240	103841868
brp01240	103841976
brp01240	103842138
brp01240	103842139
brp01240	103842415
brp01240	103842579
brp01240	103842736
brp01240	103843316
brp01240	103843327
brp01240	103843385
brp01240	103843547
brp01240	103843696
brp01240	103843784
brp01240	103843868
brp01240	103844028
brp01240	103844232
brp01240	103844502
brp01240	103844552
brp01240	103844594
brp01240	103844906
brp01240	103844930
brp01240	103845023
brp01240	103845044
brp01240	103845085
brp01240	103845167
brp01240	103845194
brp01240	103845327
brp01240	103845454
brp01240	103845470
brp01240	103845857
brp01240	103846016
brp01240	103846408
brp01240	103846459
brp01240	103846503
brp01240	103846946
brp01240	103847145
brp01240	103847188
brp01240	103847272
brp01240	103847440
brp01240	103847479
brp01240	103847719
brp01240	103847770
brp01240	103849423
brp01240	103849483
brp01240	103850139
brp01240	103850337
brp01240	103850418
brp01240	103850438
brp01240	103850603
brp01240	103850687
brp01240	103850698
brp01240	103850775
brp01240	103850860
brp01240	103850986
brp01240	103851554
brp01240	103851620
brp01240	103851822
brp01240	103851903
brp01240	103851941
brp01240	103851957
brp01240	103852129
brp01240	103852208
brp01240	103852367
brp01240	103852540
brp01240	103852593
brp01240	103852660
brp01240	103852818
brp01240	103852920
brp01240	103852924
brp01240	103852926
brp01240	103853027
brp01240	103853136
brp01240	103853141
brp01240	103853294
brp01240	103853347
brp01240	103853458
brp01240	103853482
brp01240	103853542
brp01240	103853696
brp01240	103853939
brp01240	103854084
brp01240	103854251
brp01240	103854547
brp01240	103854620
brp01240	103854712
brp01240	103854720
brp01240	103854907
brp01240	103855145
brp01240	103855205
brp01240	103855408
brp01240	103855422
brp01240	103855770
brp01240	103855777
brp01240	103855784
brp01240	103855855
brp01240	103856139
brp01240	103856241
brp01240	103856372
brp01240	103856477
brp01240	103856565
brp01240	103856643
brp01240	103856728
brp01240	103856746
brp01240	103856761
brp01240	103856966
brp01240	103857026
brp01240	103857041
brp01240	103857407
brp01240	103857642
brp01240	103857670
brp01240	103857735
brp01240	103857881
brp01240	103858066
brp01240	103858114
brp01240	103858122
brp01240	103858172
brp01240	103858193
brp01240	103858318
brp01240	103858399
brp01240	103858450
brp01240	103858576
brp01240	103858801
brp01240	103858887
brp01240	103859068
brp01240	103859421
brp01240	103859439
brp01240	103859689
brp01240	103859706
brp01240	103859738
brp01240	103859763
brp01240	103859885
brp01240	103860010
brp01240	103860306
brp01240	103860354
brp01240	103860355
brp01240	103860451
brp01240	103860587
brp01240	103860794
brp01240	103860832
brp01240	103860993
brp01240	103861195
brp01240	103861340
brp01240	103861347
brp01240	103861359
brp01240	103861360
brp01240	103861424
brp01240	103861529
brp01240	103861660
brp01240	103861964
brp01240	103861976
brp01240	103861979
brp01240	103862197
brp01240	103862253
brp01240	103862355
brp01240	103862462
brp01240	103862494
brp01240	103862522
brp01240	103863037
brp01240	103863071
brp01240	103863231
brp01240	103863581
brp01240	103863644
brp01240	103863760
brp01240	103863829
brp01240	103864030
brp01240	103864220
brp01240	103864335
brp01240	103864950
brp01240	103865085
brp01240	103865432
brp01240	103865564
brp01240	103865584
brp01240	103865657
brp01240	103865677
brp01240	103865745
brp01240	103865812
brp01240	103866106
brp01240	103866118
brp01240	103866143
brp01240	103866239
brp01240	103866285
brp01240	103866436
brp01240	103866437
brp01240	103866439
brp01240	103866471
brp01240	103866673
brp01240	103866710
brp01240	103866742
brp01240	103866807
brp01240	103866923
brp01240	103866981
brp01240	103867013
brp01240	103867057
brp01240	103867160
brp01240	103867161
brp01240	103867247
brp01240	103867409
brp01240	103868019
brp01240	103868121
brp01240	103868123
brp01240	103868620
brp01240	103868682
brp01240	103868729
brp01240	103869084
brp01240	103869211
brp01240	103869258
brp01240	103869333
brp01240	103869536
brp01240	103869618
brp01240	103869701
brp01240	103869973
brp01240	103870046
brp01240	103870238
brp01240	103870259
brp01240	103870296
brp01240	103870313
brp01240	103870314
brp01240	103870684
brp01240	103870727
brp01240	103870884
brp01240	103870907
brp01240	103871059
brp01240	103871196
brp01240	103871345
brp01240	103871365
brp01240	103871476
brp01240	103871503
brp01240	103871785
brp01240	103871787
brp01240	103871977
brp01240	103872553
brp01240	103872693
brp01240	103872929
brp01240	103873004
brp01240	103873035
brp01240	103873180
brp01240	103873188
brp01240	103873252
brp01240	103873557
brp01240	103873747
brp01240	103873752
brp01240	103873768
brp01240	103873823
brp01240	103873853
brp01240	103874011
brp01240	103874126
brp01240	103874200
brp01240	103874463
brp01240	103874543
brp01240	103874594
brp01240	103874909
brp01240	103874993
brp01240	103875007
brp01240	103875391
brp01240	103875438
brp01240	108872254
brp01240	117126194
brp01250	103827897
brp01250	103828058
brp01250	103828273
brp01250	103828278
brp01250	103828545
brp01250	103828669
brp01250	103828701
brp01250	103829612
brp01250	103829766
brp01250	103829989
brp01250	103830217
brp01250	103830371
brp01250	103830480
brp01250	103830680
brp01250	103831107
brp01250	103831806
brp01250	103831949
brp01250	103832079
brp01250	103832335
brp01250	103832703
brp01250	103832788
brp01250	103832797
brp01250	103832872
brp01250	103833836
brp01250	103833913
brp01250	103834170
brp01250	103835052
brp01250	103835677
brp01250	103836145
brp01250	103836401
brp01250	103836498
brp01250	103836945
brp01250	103837984
brp01250	103837987
brp01250	103838165
brp01250	103838293
brp01250	103838351
brp01250	103839024
brp01250	103839173
brp01250	103839286
brp01250	103839899
brp01250	103840271
brp01250	103840373
brp01250	103840382
brp01250	103840623
brp01250	103840790
brp01250	103841032
brp01250	103841275
brp01250	103841792
brp01250	103841815
brp01250	103842085
brp01250	103842186
brp01250	103842932
brp01250	103843385
brp01250	103843410
brp01250	103843574
brp01250	103843778
brp01250	103843922
brp01250	103844077
brp01250	103844106
brp01250	103845043
brp01250	103845771
brp01250	103845858
brp01250	103845873
brp01250	103846324
brp01250	103846389
brp01250	103846395
brp01250	103846408
brp01250	103846481
brp01250	103849297
brp01250	103849843
brp01250	103849851
brp01250	103849942
brp01250	103850131
brp01250	103850139
brp01250	103850986
brp01250	103850998
brp01250	103851002
brp01250	103851217
brp01250	103851587
brp01250	103851813
brp01250	103852367
brp01250	103852660
brp01250	103852926
brp01250	103853194
brp01250	103853482
brp01250	103854620
brp01250	103855145
brp01250	103855348
brp01250	103856139
brp01250	103856155
brp01250	103856241
brp01250	103856639
brp01250	103857166
brp01250	103857280
brp01250	103857369
brp01250	103857881
brp01250	103858172
brp01250	103858193
brp01250	103858252
brp01250	103858314
brp01250	103858454
brp01250	103858555
brp01250	103858576
brp01250	103858900
brp01250	103858948
brp01250	103859324
brp01250	103860010
brp01250	103860013
brp01250	103860697
brp01250	103861448
brp01250	103861499
brp01250	103861558
brp01250	103861964
brp01250	103861976
brp01250	103861979
brp01250	103862211
brp01250	103862344
brp01250	103862773
brp01250	103862944
brp01250	103863215
brp01250	103863401
brp01250	103863829
brp01250	103864220
brp01250	103864283
brp01250	103864808
brp01250	103864918
brp01250	103865745
brp01250	103866239
brp01250	103866923
brp01250	103867013
brp01250	103867398
brp01250	103867413
brp01250	103867879
brp01250	103868430
brp01250	103868622
brp01250	103869365
brp01250	103869992
brp01250	103870085
brp01250	103870441
brp01250	103870583
brp01250	103870735
brp01250	103870907
brp01250	103870925
brp01250	103871125
brp01250	103871346
brp01250	103871568
brp01250	103871990
brp01250	103872250
brp01250	103872486
brp01250	103872568
brp01250	103872569
brp01250	103874594
brp01250	103874945
brp01250	108872254
brp01310	103830551
brp01310	103832206
brp01310	103844354
brp01310	103848008
brp01310	103853097
brp01320	103827954
brp01320	103833476
brp01320	103835082
brp01320	103835822
brp01320	103837317
brp01320	103837318
brp01320	103839826
brp01320	103841966
brp01320	103847275
brp01320	103847432
brp01320	103847966
brp01320	103848153
brp01320	103849160
brp01320	103853800
brp01320	103854642
brp01320	103855196
brp01320	103859070
brp01320	103859351
brp01320	103859677
brp01320	103859979
brp01320	103860404
brp01320	103861274
brp01320	103862607
brp01320	103862824
brp01320	103862931
brp01320	103866104
brp01320	103866743
brp01320	103868958
brp01320	103871013
brp01320	103871539
brp01320	103871853
brp01320	103872801
brp01320	103874044
brp02010	103829932
brp02010	103830008
brp02010	103830291
brp02010	103830345
brp02010	103830393
brp02010	103830821
brp02010	103831710
brp02010	103832679
brp02010	103832795
brp02010	103834871
brp02010	103835090
brp02010	103835938
brp02010	103836039
brp02010	103836650
brp02010	103837017
brp02010	103837035
brp02010	103839000
brp02010	103839008
brp02010	103839196
brp02010	103839712
brp02010	103840078
brp02010	103840226
brp02010	103841427
brp02010	103844578
brp02010	103845253
brp02010	103845754
brp02010	103845914
brp02010	103846560
brp02010	103846993
brp02010	103849174
brp02010	103849750
brp02010	103850624
brp02010	103852072
brp02010	103852742
brp02010	103853896
brp02010	103854198
brp02010	103854311
brp02010	103856704
brp02010	103857621
brp02010	103857645
brp02010	103857869
brp02010	103857992
brp02010	103858264
brp02010	103860379
brp02010	103860769
brp02010	103860964
brp02010	103860968
brp02010	103861137
brp02010	103861599
brp02010	103861692
brp02010	103863175
brp02010	103863189
brp02010	103863190
brp02010	103863191
brp02010	103863192
brp02010	103863359
brp02010	103863472
brp02010	103863483
brp02010	103863726
brp02010	103864743
brp02010	103864997
brp02010	103865539
brp02010	103865567
brp02010	103865586
brp02010	103865592
brp02010	103866318
brp02010	103866412
brp02010	103867037
brp02010	103867123
brp02010	103867209
brp02010	103867211
brp02010	103867761
brp02010	103868363
brp02010	103868565
brp02010	103868935
brp02010	103869210
brp02010	103869830
brp02010	103871283
brp02010	103871850
brp02010	103872309
brp02010	103872310
brp02010	103872346
brp02010	103872563
brp02010	103875045
brp02010	103875047
brp02010	103875124
brp02010	103875158
brp02010	103875160
brp02010	103875161
brp02010	103875364
brp03008	103827764
brp03008	103827864
brp03008	103827874
brp03008	103828020
brp03008	103828170
brp03008	103828224
brp03008	103828358
brp03008	103829525
brp03008	103829595
brp03008	103829878
brp03008	103830088
brp03008	103830251
brp03008	103830456
brp03008	103831080
brp03008	103832011
brp03008	103832456
brp03008	103832537
brp03008	103833060
brp03008	103834774
brp03008	103834862
brp03008	103834989
brp03008	103835391
brp03008	103836025
brp03008	103836027
brp03008	103836394
brp03008	103836559
brp03008	103836710
brp03008	103836750
brp03008	103837322
brp03008	103837692
brp03008	103838016
brp03008	103838098
brp03008	103838603
brp03008	103839035
brp03008	103839875
brp03008	103840918
brp03008	103840928
brp03008	103841047
brp03008	103841473
brp03008	103841604
brp03008	103841691
brp03008	103841878
brp03008	103842445
brp03008	103842525
brp03008	103842599
brp03008	103843541
brp03008	103843917
brp03008	103844015
brp03008	103844050
brp03008	103844227
brp03008	103844233
brp03008	103844963
brp03008	103845416
brp03008	103845454
brp03008	103846276
brp03008	103846300
brp03008	103846516
brp03008	103846739
brp03008	103847136
brp03008	103847709
brp03008	103849030
brp03008	103849056
brp03008	103849537
brp03008	103850212
brp03008	103850685
brp03008	103850762
brp03008	103850911
brp03008	103851003
brp03008	103851063
brp03008	103851080
brp03008	103851163
brp03008	103851319
brp03008	103851531
brp03008	103851894
brp03008	103852096
brp03008	103852375
brp03008	103852968
brp03008	103853527
brp03008	103853778
brp03008	103854143
brp03008	103854646
brp03008	103854733
brp03008	103855132
brp03008	103855586
brp03008	103855657
brp03008	103855764
brp03008	103856024
brp03008	103856160
brp03008	103856228
brp03008	103856285
brp03008	103856413
brp03008	103856428
brp03008	103856565
brp03008	103857364
brp03008	103858139
brp03008	103858364
brp03008	103858462
brp03008	103858643
brp03008	103858678
brp03008	103858902
brp03008	103859164
brp03008	103859198
brp03008	103859472
brp03008	103860007
brp03008	103860702
brp03008	103860926
brp03008	103861582
brp03008	103862220
brp03008	103863145
brp03008	103863368
brp03008	103863563
brp03008	103863799
brp03008	103864062
brp03008	103864065
brp03008	103864119
brp03008	103864437
brp03008	103864454
brp03008	103864596
brp03008	103864762
brp03008	103866274
brp03008	103866489
brp03008	103866705
brp03008	103866823
brp03008	103868091
brp03008	103868150
brp03008	103868214
brp03008	103868737
brp03008	103868951
brp03008	103870219
brp03008	103870273
brp03008	103870708
brp03008	103870740
brp03008	103870858
brp03008	103871168
brp03008	103872183
brp03008	103872336
brp03008	103872338
brp03008	103872527
brp03008	103874426
brp03008	103874558
brp03008	108871089
brp03008	117126348
brp03008	117126353
brp03008	117126377
brp03008	117126388
brp03008	117127043
brp03008	117127607
brp03008	117127608
brp03008	117128615
brp03008	117128621
brp03008	117128789
brp03008	117128790
brp03008	117128791
brp03008	117128792
brp03008	117128793
brp03008	117128794
brp03008	117129026
brp03008	117129035
brp03008	117129052
brp03008	117129069
brp03008	117129082
brp03008	117129107
brp03008	117129123
brp03008	117129136
brp03008	117129151
brp03008	117129167
brp03008	117129190
brp03008	117129195
brp03008	117129199
brp03008	117129200
brp03008	117129201
brp03008	117129203
brp03008	117129204
brp03008	117129206
brp03008	117129207
brp03008	117129208
brp03008	117129211
brp03008	117129213
brp03008	117129214
brp03008	117129215
brp03008	117129216
brp03008	117129217
brp03008	117129220
brp03008	117129221
brp03008	117129222
brp03008	117129223
brp03008	117129224
brp03008	117129226
brp03008	117129227
brp03008	117129228
brp03008	117129229
brp03008	117129230
brp03008	117129231
brp03008	117129233
brp03008	117129236
brp03008	117129249
brp03008	117129343
brp03008	117129344
brp03008	117129345
brp03008	117129346
brp03008	117129347
brp03008	117129348
brp03008	117129349
brp03008	117129350
brp03008	117129351
brp03008	117129352
brp03008	117129353
brp03008	117129354
brp03008	117129355
brp03008	117129356
brp03008	117129357
brp03008	117129358
brp03008	117129359
brp03008	117129360
brp03008	117129361
brp03008	117129362
brp03008	117129363
brp03008	117129364
brp03008	117129365
brp03008	117129366
brp03008	117129367
brp03008	117129370
brp03008	117129378
brp03008	117129389
brp03008	117129400
brp03008	117129411
brp03008	117129422
brp03008	117129433
brp03008	117129444
brp03008	117129450
brp03008	117129456
brp03008	117129467
brp03008	117129474
brp03008	117129478
brp03008	117129480
brp03008	117129481
brp03008	117129482
brp03008	117129483
brp03008	117129484
brp03008	117129485
brp03008	117129486
brp03008	117129487
brp03008	117129488
brp03008	117129489
brp03008	117129490
brp03008	117129491
brp03008	117129492
brp03008	117129493
brp03008	117129494
brp03008	117129495
brp03008	117129496
brp03008	117129497
brp03008	117129498
brp03008	117129499
brp03008	117129500
brp03008	117129501
brp03008	117129502
brp03008	117129503
brp03008	117129504
brp03008	117129505
brp03008	117129506
brp03008	117129507
brp03008	117129508
brp03008	117129509
brp03008	117129510
brp03008	117129511
brp03008	117129512
brp03008	117129513
brp03008	117129514
brp03008	117129519
brp03008	117129520
brp03008	117129521
brp03008	117129525
brp03008	117129537
brp03008	117129538
brp03008	117129539
brp03008	117129542
brp03008	117129543
brp03008	117129546
brp03008	117129562
brp03008	117129563
brp03008	117129564
brp03008	117129565
brp03008	117129566
brp03008	117129567
brp03008	117129568
brp03008	117129569
brp03008	117129570
brp03008	117129571
brp03008	117129572
brp03008	117129573
brp03008	117129574
brp03008	117129575
brp03008	117129576
brp03008	117129577
brp03008	117129578
brp03008	117129579
brp03008	117129580
brp03008	117129581
brp03008	117129582
brp03008	117129583
brp03008	117129584
brp03008	117129585
brp03008	117129586
brp03008	117129587
brp03008	117129588
brp03008	117129589
brp03008	117129590
brp03008	117129591
brp03008	117129592
brp03008	117129593
brp03008	117129594
brp03008	117129595
brp03008	117129596
brp03008	117129597
brp03008	117129598
brp03008	117129599
brp03008	117129600
brp03008	117129601
brp03008	117129602
brp03008	117129603
brp03008	117129604
brp03008	117129605
brp03008	117129606
brp03008	117129607
brp03008	117129608
brp03008	117129609
brp03008	117129610
brp03008	117129611
brp03008	117129612
brp03008	117129613
brp03008	117129614
brp03008	117129615
brp03008	117129616
brp03008	117129617
brp03008	117129618
brp03008	117129619
brp03008	117129620
brp03008	117129621
brp03008	117129622
brp03008	117129623
brp03008	117129624
brp03008	117129625
brp03008	117129626
brp03008	117129627
brp03008	117129628
brp03008	117129629
brp03008	117129630
brp03008	117129631
brp03008	117129634
brp03008	117129636
brp03008	117129637
brp03008	117129638
brp03008	117129639
brp03008	117129640
brp03008	117129641
brp03008	117129642
brp03008	117129643
brp03008	117129644
brp03008	117129645
brp03008	117129646
brp03008	117129647
brp03008	117129648
brp03008	117129649
brp03008	117129650
brp03008	117129651
brp03008	117129652
brp03008	117129653
brp03008	117129654
brp03008	117129655
brp03008	117129656
brp03008	117129657
brp03008	117129658
brp03008	117129659
brp03008	117129660
brp03008	117129661
brp03008	117129662
brp03008	117129663
brp03008	117129664
brp03008	117129665
brp03008	117129666
brp03008	117129667
brp03008	117129668
brp03008	117129669
brp03008	117129670
brp03008	117129671
brp03008	117129672
brp03008	117129673
brp03008	117129674
brp03008	117129675
brp03008	117129676
brp03008	117129677
brp03008	117129682
brp03008	117129683
brp03008	117129685
brp03008	117129687
brp03008	117129688
brp03008	117129689
brp03008	117129698
brp03008	117129699
brp03008	117129709
brp03008	117129723
brp03008	117129725
brp03008	117129742
brp03008	117129751
brp03008	117129752
brp03008	117129753
brp03008	117129757
brp03008	117129760
brp03008	117129761
brp03008	117129762
brp03008	117129764
brp03008	117129767
brp03008	117129768
brp03008	117129801
brp03008	117129804
brp03008	117129806
brp03008	117129825
brp03008	117129826
brp03008	117129827
brp03008	117129828
brp03008	117129829
brp03008	117129832
brp03008	117129835
brp03008	117129840
brp03008	117129847
brp03008	117129848
brp03008	117129849
brp03008	117129850
brp03008	117129852
brp03008	117129853
brp03008	117129854
brp03008	117129855
brp03008	117129856
brp03008	117129859
brp03008	117129860
brp03008	117129861
brp03008	117129878
brp03008	117129879
brp03008	117129913
brp03008	117129919
brp03008	117129920
brp03008	117129921
brp03008	117129923
brp03008	117129924
brp03008	117129925
brp03008	117129926
brp03008	117129927
brp03008	117129928
brp03008	117129930
brp03008	117129931
brp03008	117129941
brp03008	117129942
brp03008	117129943
brp03008	117129944
brp03008	117129945
brp03008	117129946
brp03008	117129948
brp03008	117129950
brp03008	117129951
brp03008	117129952
brp03008	117129954
brp03008	117129955
brp03008	117129956
brp03008	117129957
brp03008	117129958
brp03008	117129959
brp03008	117129960
brp03008	117129961
brp03008	117129962
brp03008	117129963
brp03008	117129964
brp03008	117129965
brp03008	117129966
brp03008	117129969
brp03008	117129982
brp03008	117129984
brp03008	117129985
brp03008	117129986
brp03008	117129988
brp03008	117129989
brp03008	117129990
brp03008	117129991
brp03008	117129997
brp03008	117129998
brp03008	117130000
brp03008	117130001
brp03008	117130008
brp03008	117130015
brp03008	117130018
brp03008	117130019
brp03008	117130020
brp03008	117130021
brp03008	117130022
brp03008	117130025
brp03008	117130026
brp03008	117130027
brp03008	117130029
brp03008	117130032
brp03008	117130036
brp03008	117130040
brp03008	117130041
brp03008	117130042
brp03008	117130044
brp03008	117130045
brp03008	117130046
brp03008	117130050
brp03008	117130051
brp03008	117130052
brp03008	117130053
brp03008	117130054
brp03008	117130055
brp03008	117130056
brp03008	117130057
brp03008	117130058
brp03008	117130059
brp03008	117130060
brp03008	117130061
brp03008	117130063
brp03008	117130064
brp03008	117130065
brp03008	117130069
brp03008	117130071
brp03008	117130074
brp03008	117130075
brp03008	117130076
brp03008	117130080
brp03008	117130082
brp03008	117130086
brp03008	117130087
brp03008	117130088
brp03008	117130089
brp03008	117130091
brp03008	117130092
brp03008	117130093
brp03008	117130094
brp03008	117130095
brp03008	117130096
brp03008	117130097
brp03008	117130098
brp03008	117130099
brp03008	117130100
brp03008	117130101
brp03008	117130102
brp03008	117130103
brp03008	117130104
brp03008	117130105
brp03008	117130106
brp03008	117130107
brp03008	117130108
brp03008	117130109
brp03008	117130110
brp03008	117130111
brp03008	117130112
brp03008	117130113
brp03008	117130114
brp03008	117130115
brp03008	117130116
brp03008	117130117
brp03008	117130119
brp03008	117130120
brp03008	117130121
brp03008	117130122
brp03008	117130123
brp03008	117130124
brp03008	117130125
brp03008	117130126
brp03008	117130127
brp03008	117130128
brp03008	117130129
brp03008	117130130
brp03008	117130131
brp03008	117130132
brp03008	117130133
brp03008	117130134
brp03008	117130135
brp03008	117130136
brp03008	117130137
brp03008	117130138
brp03008	117130139
brp03008	117130141
brp03008	117130142
brp03008	117130143
brp03008	117130144
brp03008	117130145
brp03008	117130146
brp03008	117130147
brp03008	117130148
brp03008	117130149
brp03008	117130150
brp03008	117130151
brp03008	117130152
brp03008	117130153
brp03008	117130154
brp03008	117130155
brp03008	117130156
brp03008	117130157
brp03008	117130158
brp03008	117130159
brp03008	117130160
brp03008	117130161
brp03008	117130162
brp03008	117130163
brp03008	117130164
brp03008	117130165
brp03008	117130166
brp03008	117130173
brp03008	117130174
brp03008	117130177
brp03008	117130179
brp03008	117130180
brp03008	117130181
brp03008	117130182
brp03008	117130183
brp03008	117130184
brp03008	117130199
brp03008	117130200
brp03008	117130201
brp03008	117130202
brp03008	117130205
brp03008	117130207
brp03008	117130208
brp03008	117130209
brp03008	117130210
brp03008	117130211
brp03008	117130212
brp03008	117130213
brp03008	117130214
brp03008	117130223
brp03008	117130227
brp03008	117130229
brp03008	117130231
brp03008	117130239
brp03008	117130240
brp03008	117130242
brp03008	117130243
brp03008	117130244
brp03008	117130247
brp03008	117130248
brp03008	117130249
brp03008	117130250
brp03008	117130251
brp03008	117130252
brp03008	117130253
brp03008	117130254
brp03008	117130255
brp03008	117130256
brp03008	117130257
brp03008	117130258
brp03008	117130259
brp03008	117130260
brp03008	117130261
brp03008	117130262
brp03008	117130263
brp03008	117130264
brp03008	117130265
brp03008	117130266
brp03008	117130267
brp03008	117130268
brp03008	117130269
brp03008	117130270
brp03008	117130271
brp03008	117130272
brp03008	117130273
brp03008	117130274
brp03008	117130275
brp03008	117130276
brp03008	117130277
brp03008	117130278
brp03008	117130279
brp03008	117130280
brp03008	117130281
brp03008	117130282
brp03008	117130283
brp03008	117130284
brp03008	117130285
brp03008	117130286
brp03008	117130287
brp03008	117130288
brp03008	117130289
brp03008	117130290
brp03008	117130291
brp03008	117130292
brp03008	117130293
brp03008	117130294
brp03008	117130295
brp03008	117130296
brp03008	117130297
brp03008	117130298
brp03008	117130299
brp03008	117130300
brp03008	117130301
brp03008	117130302
brp03008	117130305
brp03008	117130306
brp03008	117130307
brp03008	117130308
brp03008	117130309
brp03008	117130310
brp03008	117130311
brp03008	117130312
brp03008	117130313
brp03008	117130314
brp03008	117130315
brp03008	117130316
brp03008	117130317
brp03008	117130318
brp03008	117130319
brp03008	117130320
brp03008	117130321
brp03008	117130322
brp03008	117130323
brp03008	117130324
brp03008	117130325
brp03008	117130326
brp03008	117130327
brp03008	117130328
brp03008	117130329
brp03008	117130330
brp03008	117130331
brp03008	117130332
brp03008	117130333
brp03008	117130334
brp03008	117130335
brp03008	117130336
brp03008	117130337
brp03008	117130338
brp03008	117130339
brp03008	117130340
brp03008	117130341
brp03008	117130342
brp03008	117130343
brp03008	117130344
brp03008	117130345
brp03008	117130346
brp03008	117130347
brp03008	117130348
brp03008	117130362
brp03008	117130365
brp03008	117130372
brp03008	117130373
brp03008	117130374
brp03008	117130376
brp03008	117130377
brp03008	117130393
brp03008	117130397
brp03008	117130404
brp03008	117130413
brp03008	117130414
brp03008	117130423
brp03008	117130424
brp03008	117130426
brp03008	117130427
brp03008	117130429
brp03008	117130433
brp03008	117130434
brp03008	117130435
brp03008	117130436
brp03008	117130439
brp03008	117130440
brp03008	117130441
brp03008	117130442
brp03008	117130446
brp03008	117130450
brp03008	117130451
brp03008	117130452
brp03008	117130453
brp03008	117130454
brp03008	117130455
brp03008	117130456
brp03008	117130457
brp03008	117130458
brp03008	117130459
brp03008	117130460
brp03008	117130461
brp03008	117130462
brp03008	117130464
brp03008	117130465
brp03008	117130466
brp03008	117130467
brp03008	117130468
brp03008	117130469
brp03008	117130470
brp03008	117130471
brp03008	117130472
brp03008	117130473
brp03008	117130474
brp03008	117130476
brp03008	117130477
brp03008	117130481
brp03008	117130488
brp03008	117130489
brp03008	117130491
brp03008	117130492
brp03008	117130497
brp03008	117130498
brp03008	117130503
brp03008	117130507
brp03008	117130514
brp03008	117130515
brp03008	117130524
brp03008	117130525
brp03008	117130526
brp03008	117130527
brp03008	117130528
brp03008	117130529
brp03008	117130530
brp03008	117130531
brp03008	117130532
brp03008	117130533
brp03008	117130534
brp03008	117130535
brp03008	117130536
brp03008	117130537
brp03008	117130538
brp03008	117130539
brp03008	117130540
brp03008	117130541
brp03008	117130543
brp03008	117130554
brp03008	117130559
brp03008	117130560
brp03008	117130561
brp03008	117130562
brp03008	117130563
brp03008	117130564
brp03008	117130565
brp03008	117130567
brp03008	117130578
brp03008	117130579
brp03008	117130580
brp03008	117130608
brp03008	117130613
brp03008	117130614
brp03008	117130615
brp03008	117130616
brp03008	117130617
brp03008	117130620
brp03008	117130623
brp03008	117130624
brp03008	117130627
brp03008	117130629
brp03008	117130631
brp03008	117130633
brp03008	117130634
brp03008	117130635
brp03008	117130638
brp03008	117130639
brp03008	117130640
brp03008	117130641
brp03008	117130642
brp03008	117130643
brp03008	117130644
brp03008	117130646
brp03008	117130647
brp03008	117130648
brp03008	117130651
brp03008	117130653
brp03008	117130656
brp03008	117130660
brp03008	117130664
brp03008	117130678
brp03008	117130679
brp03008	117130683
brp03008	117130695
brp03008	117130704
brp03008	117130712
brp03008	117130713
brp03008	117130716
brp03008	117130717
brp03008	117130718
brp03008	117130722
brp03008	117130723
brp03008	117130724
brp03008	117130725
brp03008	117130726
brp03008	117130727
brp03008	117130728
brp03008	117130729
brp03008	117130730
brp03008	117130731
brp03008	117130732
brp03008	117130733
brp03008	117130734
brp03008	117130735
brp03008	117130736
brp03008	117130737
brp03008	117130738
brp03008	117130739
brp03008	117130740
brp03008	117130741
brp03008	117130742
brp03008	117130743
brp03008	117130744
brp03008	117130745
brp03008	117130746
brp03008	117130747
brp03008	117130750
brp03008	117130753
brp03008	117130754
brp03008	117130755
brp03008	117130756
brp03008	117130757
brp03008	117130758
brp03008	117130759
brp03008	117130760
brp03008	117130761
brp03008	117130762
brp03008	117130763
brp03008	117130764
brp03008	117130765
brp03008	117130766
brp03008	117130767
brp03008	117130768
brp03008	117130769
brp03008	117130770
brp03008	117130771
brp03008	117130772
brp03008	117130773
brp03008	117130774
brp03008	117130775
brp03008	117130776
brp03008	117130777
brp03008	117130778
brp03008	117130779
brp03008	117130780
brp03008	117130781
brp03008	117130782
brp03008	117130783
brp03008	117130784
brp03008	117130785
brp03008	117130786
brp03008	117130787
brp03008	117130788
brp03008	117130789
brp03008	117130790
brp03008	117130791
brp03008	117130792
brp03008	117130793
brp03008	117130794
brp03008	117130795
brp03008	117130796
brp03008	117130797
brp03008	117130798
brp03008	117130803
brp03008	117130805
brp03008	117130806
brp03008	117130807
brp03008	117130809
brp03008	117130817
brp03008	117130829
brp03008	117130832
brp03008	117130844
brp03008	117130845
brp03008	117130846
brp03008	117130847
brp03008	117130848
brp03008	117130849
brp03008	117130850
brp03008	117130851
brp03008	117130852
brp03008	117130856
brp03008	117130857
brp03008	117130866
brp03008	117130867
brp03008	117130868
brp03008	117130869
brp03008	117130870
brp03008	117130871
brp03008	117130872
brp03008	117130873
brp03008	117130874
brp03008	117130875
brp03008	117130876
brp03008	117130877
brp03008	117130878
brp03008	117130879
brp03008	117130880
brp03008	117130881
brp03008	117130882
brp03008	117130883
brp03008	117130884
brp03008	117130885
brp03008	117130886
brp03008	117130887
brp03008	117130888
brp03008	117130889
brp03008	117130890
brp03008	117130891
brp03008	117130892
brp03008	117130893
brp03008	117130894
brp03008	117130895
brp03008	117130896
brp03008	117130897
brp03008	117130898
brp03008	117130899
brp03008	117130900
brp03008	117130901
brp03008	117130902
brp03008	117130903
brp03008	117130904
brp03008	117130905
brp03008	117130906
brp03008	117130907
brp03008	117130908
brp03008	117130909
brp03008	117130910
brp03008	117130911
brp03008	117130912
brp03008	117130913
brp03008	117130914
brp03008	117130915
brp03008	117130916
brp03008	117130917
brp03008	117130918
brp03008	117130919
brp03008	117130920
brp03008	117130921
brp03008	117130922
brp03008	117130923
brp03008	117130924
brp03008	117130925
brp03008	117130926
brp03008	117130927
brp03008	117130928
brp03008	117130929
brp03008	117130930
brp03008	117130931
brp03008	117130932
brp03008	117130933
brp03008	117130934
brp03008	117130935
brp03008	117130936
brp03008	117130937
brp03008	117130938
brp03008	117130939
brp03008	117130940
brp03008	117130943
brp03008	117130944
brp03008	117130951
brp03008	117130952
brp03008	117130953
brp03008	117130954
brp03008	117130955
brp03008	117130956
brp03008	117130962
brp03008	117130964
brp03008	117130965
brp03008	117130966
brp03008	117130970
brp03008	117130982
brp03008	117130983
brp03008	117130988
brp03008	117130994
brp03008	117131004
brp03008	117131005
brp03008	117131010
brp03008	117131017
brp03008	117131018
brp03008	117131019
brp03008	117131020
brp03008	117131021
brp03008	117131022
brp03008	117131023
brp03008	117131024
brp03008	117131025
brp03008	117131026
brp03008	117131029
brp03008	117131037
brp03008	117131038
brp03008	117131039
brp03008	117131040
brp03008	117131041
brp03008	117131043
brp03008	117131044
brp03008	117131045
brp03008	117131047
brp03008	117131052
brp03008	117131054
brp03008	117131056
brp03008	117131057
brp03008	117131058
brp03008	117131059
brp03008	117131061
brp03008	117131062
brp03008	117131063
brp03008	117131064
brp03008	117131072
brp03008	117131073
brp03008	117131074
brp03008	117131075
brp03008	117131077
brp03008	117131078
brp03008	117131079
brp03008	117131080
brp03008	117131082
brp03008	117131083
brp03008	117131084
brp03008	117131085
brp03008	117131087
brp03008	117131088
brp03008	117131089
brp03008	117131092
brp03008	117131097
brp03008	117131098
brp03008	117131099
brp03008	117131100
brp03008	117131101
brp03008	117131103
brp03008	117131105
brp03008	117131106
brp03008	117131109
brp03008	117131113
brp03008	117131115
brp03008	117131118
brp03008	117131119
brp03008	117131121
brp03008	117131122
brp03008	117131123
brp03008	117131124
brp03008	117131134
brp03008	117131135
brp03008	117131136
brp03008	117131137
brp03008	117131138
brp03008	117131139
brp03008	117131140
brp03008	117131141
brp03008	117131142
brp03008	117131143
brp03008	117131144
brp03008	117131145
brp03008	117131146
brp03008	117131147
brp03008	117131148
brp03008	117131149
brp03008	117131150
brp03008	117131151
brp03008	117131152
brp03008	117131153
brp03008	117131154
brp03008	117131155
brp03008	117131156
brp03008	117131157
brp03008	117131158
brp03008	117131159
brp03008	117131160
brp03008	117131161
brp03008	117131162
brp03008	117131163
brp03008	117131164
brp03008	117131165
brp03008	117131166
brp03008	117131167
brp03008	117131168
brp03008	117131169
brp03008	117131170
brp03008	117131171
brp03008	117131172
brp03008	117131173
brp03008	117131174
brp03008	117131175
brp03008	117131176
brp03008	117131177
brp03008	117131178
brp03008	117131179
brp03008	117131180
brp03008	117131181
brp03008	117131182
brp03008	117131183
brp03008	117131184
brp03008	117131185
brp03008	117131186
brp03008	117131187
brp03008	117131188
brp03008	117131189
brp03008	117131190
brp03008	117131191
brp03008	117131192
brp03008	117131193
brp03008	117131194
brp03008	117131195
brp03008	117131196
brp03008	117131197
brp03008	117131198
brp03008	117131199
brp03008	117131200
brp03008	117131201
brp03008	117131202
brp03008	117131203
brp03008	117131204
brp03008	117131205
brp03008	117131206
brp03008	117131207
brp03008	117131208
brp03008	117131209
brp03008	117131210
brp03008	117131211
brp03008	117131212
brp03008	117131213
brp03008	117131214
brp03008	117131215
brp03008	117131216
brp03008	117131217
brp03008	117131218
brp03008	117131219
brp03008	117131220
brp03008	117131221
brp03008	117131222
brp03008	117131223
brp03008	117131224
brp03008	117131225
brp03008	117131226
brp03008	117131227
brp03008	117131228
brp03008	117131229
brp03008	117131230
brp03008	117131231
brp03008	117131232
brp03008	117131233
brp03008	117131234
brp03008	117131235
brp03008	117131236
brp03008	117131237
brp03008	117131238
brp03008	117131239
brp03008	117131240
brp03008	117131241
brp03008	117131242
brp03008	117131243
brp03008	117131244
brp03008	117131245
brp03008	117131246
brp03008	117131247
brp03008	117131248
brp03008	117131249
brp03008	117131250
brp03008	117131251
brp03008	117131252
brp03008	117131253
brp03008	117131254
brp03008	117131255
brp03008	117131256
brp03008	117131257
brp03008	117131258
brp03008	117131259
brp03008	117131260
brp03008	117131261
brp03008	117131262
brp03008	117131263
brp03008	117131264
brp03008	117131265
brp03008	117131266
brp03008	117131267
brp03008	117131268
brp03008	117131269
brp03008	117131270
brp03008	117131271
brp03008	117131272
brp03008	117131273
brp03008	117131274
brp03008	117131275
brp03008	117131276
brp03008	117131277
brp03008	117131278
brp03008	117131279
brp03008	117131280
brp03008	117131281
brp03008	117131282
brp03008	117131283
brp03008	117131284
brp03008	117131285
brp03008	117131286
brp03008	117131287
brp03008	117131288
brp03008	117131289
brp03008	117131290
brp03008	117131291
brp03008	117131292
brp03008	117131293
brp03008	117131294
brp03008	117131295
brp03008	117131296
brp03008	117131297
brp03008	117131298
brp03008	117131299
brp03008	117131300
brp03008	117131308
brp03008	117131309
brp03008	117131310
brp03008	117131311
brp03008	117131312
brp03008	117131313
brp03008	117131314
brp03008	117131315
brp03008	117131316
brp03008	117131317
brp03008	117131318
brp03008	117131319
brp03008	117131320
brp03008	117131321
brp03008	117131322
brp03008	117131323
brp03008	117131324
brp03008	117131325
brp03008	117131326
brp03008	117131327
brp03008	117131328
brp03008	117131329
brp03008	117131330
brp03008	117131331
brp03008	117131332
brp03008	117131333
brp03008	117131334
brp03008	117131335
brp03008	117131336
brp03008	117131337
brp03008	117131338
brp03008	117131339
brp03008	117131340
brp03008	117131341
brp03008	117131342
brp03008	117131343
brp03008	117131344
brp03008	117131345
brp03008	117131346
brp03008	117131347
brp03008	117131348
brp03008	117131349
brp03008	117131350
brp03008	117131351
brp03008	117131352
brp03008	117131353
brp03008	117131354
brp03008	117131355
brp03008	117131356
brp03008	117131357
brp03008	117131358
brp03008	117131359
brp03008	117131360
brp03008	117131362
brp03008	117131363
brp03008	117131364
brp03008	117131365
brp03008	117131366
brp03008	117131367
brp03008	117131368
brp03008	117131369
brp03008	117131370
brp03008	117131371
brp03008	117131372
brp03008	117131373
brp03008	117131374
brp03008	117131375
brp03008	117131376
brp03008	117131377
brp03008	117131378
brp03008	117131379
brp03008	117131380
brp03008	117131381
brp03008	117131382
brp03008	117131383
brp03008	117131384
brp03008	117131385
brp03008	117131386
brp03008	117131387
brp03008	117131388
brp03008	117131389
brp03008	117131390
brp03008	117131391
brp03008	117131392
brp03008	117131393
brp03008	117131394
brp03008	117131395
brp03008	117131396
brp03008	117131397
brp03008	117131398
brp03008	117131399
brp03008	117131400
brp03008	117131401
brp03008	117131402
brp03008	117131403
brp03008	117131404
brp03008	117131405
brp03008	117131408
brp03008	117131409
brp03008	117131410
brp03008	117131416
brp03008	117131418
brp03008	117131424
brp03008	117131427
brp03008	117131428
brp03008	117131429
brp03008	117131431
brp03008	117131438
brp03008	117131439
brp03008	117131440
brp03008	117131441
brp03008	117131443
brp03008	117131448
brp03008	117131449
brp03008	117131454
brp03008	117131466
brp03008	117131472
brp03008	117131473
brp03008	117131475
brp03008	117131476
brp03008	117131488
brp03008	117131504
brp03008	117131505
brp03008	117131510
brp03008	117131513
brp03008	117131514
brp03008	117131515
brp03008	117131516
brp03008	117131517
brp03008	117131520
brp03008	117131523
brp03008	117131525
brp03008	117131539
brp03008	117131543
brp03008	117131544
brp03008	117131547
brp03008	117131552
brp03008	117131556
brp03008	117131559
brp03008	117131561
brp03008	117131563
brp03008	117131565
brp03008	117131574
brp03008	117131592
brp03008	117131593
brp03008	117131594
brp03008	117131595
brp03008	117131596
brp03008	117131598
brp03008	117131599
brp03008	117131601
brp03008	117131615
brp03008	117131618
brp03008	117131625
brp03008	117131626
brp03008	117131629
brp03008	117131631
brp03008	117131632
brp03008	117131634
brp03008	117131635
brp03008	117131636
brp03008	117131638
brp03008	117131639
brp03008	117131640
brp03008	117131641
brp03008	117131643
brp03008	117132196
brp03008	117132202
brp03008	117132213
brp03008	117132224
brp03008	117132235
brp03008	117132246
brp03008	117132257
brp03008	117132268
brp03008	117132279
brp03008	117132290
brp03008	117132301
brp03008	117132307
brp03008	117132313
brp03008	117132317
brp03008	117132318
brp03008	117132319
brp03008	117132320
brp03008	117132321
brp03008	117132322
brp03008	117132323
brp03008	117132324
brp03008	117132325
brp03008	117132326
brp03008	117132327
brp03008	117132328
brp03008	117132329
brp03008	117132330
brp03008	117132336
brp03008	117132345
brp03008	117133087
brp03008	117133089
brp03008	117133100
brp03008	117133111
brp03008	117133122
brp03008	117133133
brp03008	117133144
brp03008	117133155
brp03008	117133166
brp03008	117133194
brp03008	117133257
brp03008	117133258
brp03008	117133259
brp03008	117133261
brp03008	117133270
brp03008	117133274
brp03008	117133285
brp03008	117133293
brp03008	117133294
brp03008	117133791
brp03008	117133797
brp03008	117133807
brp03008	117133856
brp03008	117133867
brp03008	117134538
brp03008	117134549
brp03010	103249169
brp03010	103827596
brp03010	103827663
brp03010	103827694
brp03010	103827695
brp03010	103827732
brp03010	103827745
brp03010	103827751
brp03010	103827776
brp03010	103827838
brp03010	103828059
brp03010	103828282
brp03010	103828285
brp03010	103828287
brp03010	103828377
brp03010	103828437
brp03010	103828552
brp03010	103828595
brp03010	103828703
brp03010	103828745
brp03010	103828995
brp03010	103829063
brp03010	103829105
brp03010	103829200
brp03010	103829201
brp03010	103829274
brp03010	103829277
brp03010	103829558
brp03010	103829674
brp03010	103829681
brp03010	103829928
brp03010	103829949
brp03010	103829952
brp03010	103829970
brp03010	103830049
brp03010	103830071
brp03010	103830220
brp03010	103830223
brp03010	103830250
brp03010	103830271
brp03010	103830282
brp03010	103830351
brp03010	103830372
brp03010	103830455
brp03010	103830543
brp03010	103830673
brp03010	103830708
brp03010	103830735
brp03010	103830793
brp03010	103830880
brp03010	103830893
brp03010	103830915
brp03010	103830916
brp03010	103830922
brp03010	103830961
brp03010	103831026
brp03010	103831171
brp03010	103831271
brp03010	103831364
brp03010	103831514
brp03010	103831596
brp03010	103831680
brp03010	103831746
brp03010	103831880
brp03010	103831899
brp03010	103831956
brp03010	103831990
brp03010	103832098
brp03010	103832205
brp03010	103832220
brp03010	103832342
brp03010	103832784
brp03010	103832800
brp03010	103832985
brp03010	103833012
brp03010	103833230
brp03010	103833482
brp03010	103833537
brp03010	103833583
brp03010	103833685
brp03010	103834011
brp03010	103834022
brp03010	103834046
brp03010	103834204
brp03010	103834399
brp03010	103834454
brp03010	103834523
brp03010	103834576
brp03010	103834600
brp03010	103834609
brp03010	103834649
brp03010	103834718
brp03010	103834749
brp03010	103834818
brp03010	103834843
brp03010	103834856
brp03010	103834959
brp03010	103834984
brp03010	103835042
brp03010	103835133
brp03010	103835204
brp03010	103835248
brp03010	103835300
brp03010	103835398
brp03010	103835619
brp03010	103835673
brp03010	103835819
brp03010	103835901
brp03010	103835923
brp03010	103835974
brp03010	103835988
brp03010	103836011
brp03010	103836078
brp03010	103836318
brp03010	103836324
brp03010	103836333
brp03010	103836425
brp03010	103836571
brp03010	103836584
brp03010	103836645
brp03010	103836662
brp03010	103836766
brp03010	103836845
brp03010	103836890
brp03010	103837006
brp03010	103837020
brp03010	103837034
brp03010	103837036
brp03010	103837064
brp03010	103837163
brp03010	103837171
brp03010	103837236
brp03010	103837264
brp03010	103837311
brp03010	103837315
brp03010	103837370
brp03010	103837413
brp03010	103837449
brp03010	103837515
brp03010	103837539
brp03010	103837542
brp03010	103837879
brp03010	103837974
brp03010	103837975
brp03010	103837976
brp03010	103838022
brp03010	103838196
brp03010	103838361
brp03010	103838573
brp03010	103838659
brp03010	103838748
brp03010	103838815
brp03010	103838826
brp03010	103838875
brp03010	103838914
brp03010	103839039
brp03010	103839169
brp03010	103839203
brp03010	103839350
brp03010	103839483
brp03010	103839491
brp03010	103839492
brp03010	103839500
brp03010	103839541
brp03010	103839605
brp03010	103839624
brp03010	103839641
brp03010	103840031
brp03010	103840120
brp03010	103840446
brp03010	103840641
brp03010	103840646
brp03010	103840761
brp03010	103840782
brp03010	103840913
brp03010	103841151
brp03010	103841188
brp03010	103841189
brp03010	103841233
brp03010	103841268
brp03010	103841297
brp03010	103841308
brp03010	103841337
brp03010	103841438
brp03010	103841484
brp03010	103841542
brp03010	103841589
brp03010	103841657
brp03010	103841744
brp03010	103841797
brp03010	103841810
brp03010	103841877
brp03010	103841918
brp03010	103841933
brp03010	103842046
brp03010	103842092
brp03010	103842202
brp03010	103842262
brp03010	103842385
brp03010	103842511
brp03010	103842541
brp03010	103842616
brp03010	103842626
brp03010	103842628
brp03010	103842629
brp03010	103842696
brp03010	103842719
brp03010	103842855
brp03010	103842873
brp03010	103842977
brp03010	103843335
brp03010	103843345
brp03010	103843377
brp03010	103843432
brp03010	103843437
brp03010	103843505
brp03010	103843623
brp03010	103843648
brp03010	103843661
brp03010	103843738
brp03010	103843772
brp03010	103843792
brp03010	103843956
brp03010	103844162
brp03010	103844251
brp03010	103844274
brp03010	103844415
brp03010	103844558
brp03010	103844564
brp03010	103844623
brp03010	103844750
brp03010	103844789
brp03010	103844915
brp03010	103844960
brp03010	103845099
brp03010	103845101
brp03010	103845127
brp03010	103845166
brp03010	103845268
brp03010	103845407
brp03010	103845481
brp03010	103845548
brp03010	103845690
brp03010	103845804
brp03010	103845839
brp03010	103845892
brp03010	103845893
brp03010	103845969
brp03010	103846353
brp03010	103846388
brp03010	103846430
brp03010	103846432
brp03010	103846495
brp03010	103846568
brp03010	103846815
brp03010	103846956
brp03010	103847090
brp03010	103847265
brp03010	103847354
brp03010	103847414
brp03010	103847417
brp03010	103847436
brp03010	103847702
brp03010	103847913
brp03010	103848030
brp03010	103848046
brp03010	103848052
brp03010	103848098
brp03010	103848258
brp03010	103848463
brp03010	103848533
brp03010	103848547
brp03010	103848616
brp03010	103848821
brp03010	103848919
brp03010	103848930
brp03010	103849149
brp03010	103849155
brp03010	103849642
brp03010	103849653
brp03010	103849698
brp03010	103849728
brp03010	103849782
brp03010	103849785
brp03010	103849859
brp03010	103849898
brp03010	103849912
brp03010	103849917
brp03010	103850022
brp03010	103850047
brp03010	103850054
brp03010	103850179
brp03010	103850221
brp03010	103850277
brp03010	103850327
brp03010	103850375
brp03010	103850454
brp03010	103850467
brp03010	103850516
brp03010	103850560
brp03010	103850644
brp03010	103850751
brp03010	103850877
brp03010	103850975
brp03010	103850976
brp03010	103851029
brp03010	103851136
brp03010	103851194
brp03010	103851332
brp03010	103851341
brp03010	103851387
brp03010	103851443
brp03010	103851540
brp03010	103851619
brp03010	103851639
brp03010	103851723
brp03010	103851798
brp03010	103851811
brp03010	103851812
brp03010	103851814
brp03010	103851899
brp03010	103851950
brp03010	103852060
brp03010	103852140
brp03010	103852238
brp03010	103852402
brp03010	103852509
brp03010	103852598
brp03010	103852608
brp03010	103852669
brp03010	103852778
brp03010	103852878
brp03010	103852898
brp03010	103853096
brp03010	103853139
brp03010	103853221
brp03010	103853303
brp03010	103853478
brp03010	103853551
brp03010	103853587
brp03010	103853598
brp03010	103853615
brp03010	103853639
brp03010	103853664
brp03010	103854194
brp03010	103854212
brp03010	103854320
brp03010	103854447
brp03010	103854511
brp03010	103854557
brp03010	103854641
brp03010	103854669
brp03010	103854677
brp03010	103854679
brp03010	103854885
brp03010	103854938
brp03010	103855011
brp03010	103855108
brp03010	103855170
brp03010	103855288
brp03010	103855499
brp03010	103855502
brp03010	103855542
brp03010	103855585
brp03010	103855666
brp03010	103855714
brp03010	103855823
brp03010	103855831
brp03010	103855860
brp03010	103856065
brp03010	103856071
brp03010	103856122
brp03010	103856126
brp03010	103856182
brp03010	103856269
brp03010	103856304
brp03010	103856343
brp03010	103856431
brp03010	103856438
brp03010	103856517
brp03010	103856599
brp03010	103856693
brp03010	103856798
brp03010	103856803
brp03010	103856807
brp03010	103857118
brp03010	103857176
brp03010	103857222
brp03010	103857385
brp03010	103857392
brp03010	103857421
brp03010	103857536
brp03010	103857606
brp03010	103857607
brp03010	103857634
brp03010	103857662
brp03010	103857673
brp03010	103857723
brp03010	103857864
brp03010	103857868
brp03010	103857896
brp03010	103857938
brp03010	103857998
brp03010	103858043
brp03010	103858070
brp03010	103858117
brp03010	103858186
brp03010	103858204
brp03010	103858235
brp03010	103858249
brp03010	103858307
brp03010	103858431
brp03010	103858504
brp03010	103858540
brp03010	103858770
brp03010	103858814
brp03010	103858847
brp03010	103858892
brp03010	103858894
brp03010	103858939
brp03010	103858970
brp03010	103859006
brp03010	103859025
brp03010	103859034
brp03010	103859063
brp03010	103859100
brp03010	103859102
brp03010	103859176
brp03010	103859285
brp03010	103859287
brp03010	103859293
brp03010	103859308
brp03010	103859393
brp03010	103859418
brp03010	103859498
brp03010	103859542
brp03010	103859546
brp03010	103859582
brp03010	103859614
brp03010	103859656
brp03010	103859767
brp03010	103859770
brp03010	103859942
brp03010	103859951
brp03010	103860001
brp03010	103860009
brp03010	103860166
brp03010	103860259
brp03010	103860287
brp03010	103860450
brp03010	103860572
brp03010	103860635
brp03010	103860698
brp03010	103860880
brp03010	103860908
brp03010	103860969
brp03010	103861011
brp03010	103861282
brp03010	103861515
brp03010	103861589
brp03010	103861675
brp03010	103861890
brp03010	103862013
brp03010	103862101
brp03010	103862274
brp03010	103862366
brp03010	103862411
brp03010	103862412
brp03010	103862457
brp03010	103862469
brp03010	103862569
brp03010	103862612
brp03010	103862735
brp03010	103862742
brp03010	103862770
brp03010	103862794
brp03010	103862863
brp03010	103862897
brp03010	103862937
brp03010	103862966
brp03010	103863079
brp03010	103863108
brp03010	103863137
brp03010	103863178
brp03010	103863277
brp03010	103863356
brp03010	103863412
brp03010	103863417
brp03010	103863453
brp03010	103863473
brp03010	103863484
brp03010	103863902
brp03010	103863936
brp03010	103863996
brp03010	103864039
brp03010	103864088
brp03010	103864265
brp03010	103864282
brp03010	103864519
brp03010	103864544
brp03010	103864616
brp03010	103864714
brp03010	103864785
brp03010	103864796
brp03010	103865126
brp03010	103865129
brp03010	103865180
brp03010	103865271
brp03010	103865299
brp03010	103865342
brp03010	103865520
brp03010	103865527
brp03010	103865580
brp03010	103865585
brp03010	103865613
brp03010	103865640
brp03010	103865696
brp03010	103865723
brp03010	103865824
brp03010	103865907
brp03010	103865949
brp03010	103866009
brp03010	103866072
brp03010	103866124
brp03010	103866202
brp03010	103866229
brp03010	103866267
brp03010	103866359
brp03010	103866593
brp03010	103866625
brp03010	103866717
brp03010	103866768
brp03010	103866830
brp03010	103866881
brp03010	103867038
brp03010	103867133
brp03010	103867179
brp03010	103867272
brp03010	103867308
brp03010	103867310
brp03010	103867311
brp03010	103867450
brp03010	103867528
brp03010	103867690
brp03010	103867779
brp03010	103867860
brp03010	103868229
brp03010	103868354
brp03010	103868513
brp03010	103868671
brp03010	103868855
brp03010	103869093
brp03010	103869106
brp03010	103869254
brp03010	103869346
brp03010	103869514
brp03010	103869529
brp03010	103869530
brp03010	103869591
brp03010	103869608
brp03010	103869655
brp03010	103869683
brp03010	103869822
brp03010	103869855
brp03010	103869949
brp03010	103870008
brp03010	103870086
brp03010	103870194
brp03010	103870254
brp03010	103870297
brp03010	103870337
brp03010	103870340
brp03010	103870447
brp03010	103870529
brp03010	103870540
brp03010	103870557
brp03010	103870624
brp03010	103870725
brp03010	103870812
brp03010	103870906
brp03010	103870929
brp03010	103870942
brp03010	103871221
brp03010	103871452
brp03010	103871453
brp03010	103871514
brp03010	103871527
brp03010	103871582
brp03010	103871734
brp03010	103871743
brp03010	103872125
brp03010	103872162
brp03010	103872393
brp03010	103872462
brp03010	103872472
brp03010	103872542
brp03010	103872580
brp03010	103872617
brp03010	103873073
brp03010	103873089
brp03010	103873096
brp03010	103873107
brp03010	103873393
brp03010	103873508
brp03010	103873833
brp03010	103873893
brp03010	103873951
brp03010	103874169
brp03010	103874225
brp03010	103874241
brp03010	103874507
brp03010	103874512
brp03010	103874516
brp03010	103874542
brp03010	103874568
brp03010	103874603
brp03010	103874663
brp03010	103874674
brp03010	103874919
brp03010	103874947
brp03010	103874949
brp03010	103874976
brp03010	103874986
brp03010	103875147
brp03010	103875187
brp03010	103875188
brp03010	103875304
brp03010	103875334
brp03010	103875414
brp03010	108869037
brp03010	108870453
brp03010	108871589
brp03010	108871942
brp03010	108872165
brp03010	108872310
brp03010	117126353
brp03010	117126377
brp03010	117126388
brp03010	117127043
brp03010	117128615
brp03010	117128621
brp03010	117129026
brp03010	117129035
brp03010	117129052
brp03010	117129069
brp03010	117129082
brp03010	117129107
brp03010	117129123
brp03010	117129136
brp03010	117129151
brp03010	117129167
brp03010	117129190
brp03010	117129203
brp03010	117129204
brp03010	117129206
brp03010	117129207
brp03010	117129208
brp03010	117129211
brp03010	117129213
brp03010	117129214
brp03010	117129215
brp03010	117129216
brp03010	117129217
brp03010	117129220
brp03010	117129221
brp03010	117129222
brp03010	117129223
brp03010	117129224
brp03010	117129226
brp03010	117129227
brp03010	117129228
brp03010	117129229
brp03010	117129230
brp03010	117129231
brp03010	117129233
brp03010	117129236
brp03010	117129249
brp03010	117129343
brp03010	117129344
brp03010	117129345
brp03010	117129346
brp03010	117129347
brp03010	117129348
brp03010	117129349
brp03010	117129350
brp03010	117129351
brp03010	117129352
brp03010	117129353
brp03010	117129354
brp03010	117129355
brp03010	117129356
brp03010	117129357
brp03010	117129358
brp03010	117129359
brp03010	117129360
brp03010	117129361
brp03010	117129362
brp03010	117129363
brp03010	117129364
brp03010	117129365
brp03010	117129366
brp03010	117129367
brp03010	117129370
brp03010	117129378
brp03010	117129389
brp03010	117129400
brp03010	117129411
brp03010	117129422
brp03010	117129433
brp03010	117129444
brp03010	117129450
brp03010	117129456
brp03010	117129467
brp03010	117129478
brp03010	117129480
brp03010	117129481
brp03010	117129482
brp03010	117129483
brp03010	117129484
brp03010	117129485
brp03010	117129486
brp03010	117129487
brp03010	117129488
brp03010	117129489
brp03010	117129490
brp03010	117129491
brp03010	117129492
brp03010	117129493
brp03010	117129494
brp03010	117129495
brp03010	117129496
brp03010	117129497
brp03010	117129498
brp03010	117129499
brp03010	117129500
brp03010	117129501
brp03010	117129502
brp03010	117129503
brp03010	117129504
brp03010	117129505
brp03010	117129506
brp03010	117129507
brp03010	117129508
brp03010	117129509
brp03010	117129510
brp03010	117129511
brp03010	117129512
brp03010	117129513
brp03010	117129514
brp03010	117129519
brp03010	117129520
brp03010	117129521
brp03010	117129525
brp03010	117129537
brp03010	117129538
brp03010	117129539
brp03010	117129542
brp03010	117129543
brp03010	117129546
brp03010	117129562
brp03010	117129563
brp03010	117129564
brp03010	117129565
brp03010	117129566
brp03010	117129567
brp03010	117129568
brp03010	117129569
brp03010	117129570
brp03010	117129571
brp03010	117129572
brp03010	117129573
brp03010	117129574
brp03010	117129575
brp03010	117129576
brp03010	117129577
brp03010	117129578
brp03010	117129579
brp03010	117129580
brp03010	117129581
brp03010	117129582
brp03010	117129583
brp03010	117129584
brp03010	117129585
brp03010	117129586
brp03010	117129587
brp03010	117129588
brp03010	117129589
brp03010	117129590
brp03010	117129591
brp03010	117129592
brp03010	117129593
brp03010	117129594
brp03010	117129595
brp03010	117129596
brp03010	117129597
brp03010	117129598
brp03010	117129599
brp03010	117129600
brp03010	117129601
brp03010	117129602
brp03010	117129603
brp03010	117129604
brp03010	117129605
brp03010	117129606
brp03010	117129607
brp03010	117129608
brp03010	117129609
brp03010	117129610
brp03010	117129611
brp03010	117129612
brp03010	117129613
brp03010	117129614
brp03010	117129615
brp03010	117129616
brp03010	117129617
brp03010	117129618
brp03010	117129619
brp03010	117129620
brp03010	117129621
brp03010	117129622
brp03010	117129623
brp03010	117129624
brp03010	117129625
brp03010	117129626
brp03010	117129627
brp03010	117129628
brp03010	117129629
brp03010	117129630
brp03010	117129631
brp03010	117129634
brp03010	117129636
brp03010	117129637
brp03010	117129638
brp03010	117129639
brp03010	117129640
brp03010	117129641
brp03010	117129642
brp03010	117129643
brp03010	117129644
brp03010	117129645
brp03010	117129646
brp03010	117129647
brp03010	117129648
brp03010	117129649
brp03010	117129650
brp03010	117129651
brp03010	117129652
brp03010	117129653
brp03010	117129654
brp03010	117129655
brp03010	117129656
brp03010	117129657
brp03010	117129658
brp03010	117129659
brp03010	117129660
brp03010	117129661
brp03010	117129662
brp03010	117129663
brp03010	117129664
brp03010	117129665
brp03010	117129666
brp03010	117129667
brp03010	117129668
brp03010	117129669
brp03010	117129670
brp03010	117129671
brp03010	117129672
brp03010	117129673
brp03010	117129674
brp03010	117129675
brp03010	117129676
brp03010	117129677
brp03010	117129682
brp03010	117129683
brp03010	117129685
brp03010	117129687
brp03010	117129688
brp03010	117129689
brp03010	117129698
brp03010	117129699
brp03010	117129709
brp03010	117129723
brp03010	117129725
brp03010	117129742
brp03010	117129751
brp03010	117129752
brp03010	117129753
brp03010	117129757
brp03010	117129760
brp03010	117129761
brp03010	117129762
brp03010	117129764
brp03010	117129767
brp03010	117129768
brp03010	117129782
brp03010	117129801
brp03010	117129804
brp03010	117129806
brp03010	117129825
brp03010	117129826
brp03010	117129827
brp03010	117129828
brp03010	117129829
brp03010	117129832
brp03010	117129835
brp03010	117129840
brp03010	117129847
brp03010	117129848
brp03010	117129849
brp03010	117129850
brp03010	117129852
brp03010	117129853
brp03010	117129854
brp03010	117129855
brp03010	117129856
brp03010	117129859
brp03010	117129860
brp03010	117129861
brp03010	117129866
brp03010	117129867
brp03010	117129878
brp03010	117129879
brp03010	117129913
brp03010	117129919
brp03010	117129920
brp03010	117129921
brp03010	117129923
brp03010	117129924
brp03010	117129925
brp03010	117129926
brp03010	117129927
brp03010	117129928
brp03010	117129930
brp03010	117129931
brp03010	117129941
brp03010	117129942
brp03010	117129943
brp03010	117129944
brp03010	117129945
brp03010	117129946
brp03010	117129948
brp03010	117129950
brp03010	117129951
brp03010	117129952
brp03010	117129954
brp03010	117129955
brp03010	117129956
brp03010	117129957
brp03010	117129958
brp03010	117129959
brp03010	117129960
brp03010	117129961
brp03010	117129962
brp03010	117129963
brp03010	117129964
brp03010	117129965
brp03010	117129966
brp03010	117129969
brp03010	117129982
brp03010	117129984
brp03010	117129985
brp03010	117129986
brp03010	117129988
brp03010	117129989
brp03010	117129990
brp03010	117129991
brp03010	117129997
brp03010	117129998
brp03010	117130000
brp03010	117130001
brp03010	117130008
brp03010	117130015
brp03010	117130018
brp03010	117130019
brp03010	117130020
brp03010	117130021
brp03010	117130022
brp03010	117130025
brp03010	117130026
brp03010	117130027
brp03010	117130029
brp03010	117130032
brp03010	117130036
brp03010	117130040
brp03010	117130041
brp03010	117130042
brp03010	117130044
brp03010	117130045
brp03010	117130046
brp03010	117130050
brp03010	117130051
brp03010	117130052
brp03010	117130053
brp03010	117130054
brp03010	117130055
brp03010	117130056
brp03010	117130057
brp03010	117130058
brp03010	117130059
brp03010	117130060
brp03010	117130061
brp03010	117130063
brp03010	117130064
brp03010	117130065
brp03010	117130069
brp03010	117130071
brp03010	117130074
brp03010	117130075
brp03010	117130076
brp03010	117130080
brp03010	117130082
brp03010	117130086
brp03010	117130087
brp03010	117130088
brp03010	117130089
brp03010	117130091
brp03010	117130092
brp03010	117130093
brp03010	117130094
brp03010	117130095
brp03010	117130096
brp03010	117130097
brp03010	117130098
brp03010	117130099
brp03010	117130100
brp03010	117130101
brp03010	117130102
brp03010	117130103
brp03010	117130104
brp03010	117130105
brp03010	117130106
brp03010	117130107
brp03010	117130108
brp03010	117130109
brp03010	117130110
brp03010	117130111
brp03010	117130112
brp03010	117130113
brp03010	117130114
brp03010	117130115
brp03010	117130116
brp03010	117130117
brp03010	117130119
brp03010	117130120
brp03010	117130121
brp03010	117130122
brp03010	117130123
brp03010	117130124
brp03010	117130125
brp03010	117130126
brp03010	117130127
brp03010	117130128
brp03010	117130129
brp03010	117130130
brp03010	117130131
brp03010	117130132
brp03010	117130133
brp03010	117130134
brp03010	117130135
brp03010	117130136
brp03010	117130137
brp03010	117130138
brp03010	117130139
brp03010	117130141
brp03010	117130142
brp03010	117130143
brp03010	117130144
brp03010	117130145
brp03010	117130146
brp03010	117130147
brp03010	117130148
brp03010	117130149
brp03010	117130150
brp03010	117130151
brp03010	117130152
brp03010	117130153
brp03010	117130154
brp03010	117130155
brp03010	117130156
brp03010	117130157
brp03010	117130158
brp03010	117130159
brp03010	117130160
brp03010	117130161
brp03010	117130162
brp03010	117130163
brp03010	117130164
brp03010	117130165
brp03010	117130166
brp03010	117130173
brp03010	117130174
brp03010	117130177
brp03010	117130179
brp03010	117130180
brp03010	117130181
brp03010	117130182
brp03010	117130183
brp03010	117130184
brp03010	117130199
brp03010	117130200
brp03010	117130201
brp03010	117130202
brp03010	117130205
brp03010	117130207
brp03010	117130208
brp03010	117130209
brp03010	117130210
brp03010	117130211
brp03010	117130212
brp03010	117130213
brp03010	117130214
brp03010	117130223
brp03010	117130227
brp03010	117130229
brp03010	117130231
brp03010	117130239
brp03010	117130240
brp03010	117130242
brp03010	117130243
brp03010	117130244
brp03010	117130247
brp03010	117130248
brp03010	117130249
brp03010	117130250
brp03010	117130251
brp03010	117130252
brp03010	117130253
brp03010	117130254
brp03010	117130255
brp03010	117130256
brp03010	117130257
brp03010	117130258
brp03010	117130259
brp03010	117130260
brp03010	117130261
brp03010	117130262
brp03010	117130263
brp03010	117130264
brp03010	117130265
brp03010	117130266
brp03010	117130267
brp03010	117130268
brp03010	117130269
brp03010	117130270
brp03010	117130271
brp03010	117130272
brp03010	117130273
brp03010	117130274
brp03010	117130275
brp03010	117130276
brp03010	117130277
brp03010	117130278
brp03010	117130279
brp03010	117130280
brp03010	117130281
brp03010	117130282
brp03010	117130283
brp03010	117130284
brp03010	117130285
brp03010	117130286
brp03010	117130287
brp03010	117130288
brp03010	117130289
brp03010	117130290
brp03010	117130291
brp03010	117130292
brp03010	117130293
brp03010	117130294
brp03010	117130295
brp03010	117130296
brp03010	117130297
brp03010	117130298
brp03010	117130299
brp03010	117130300
brp03010	117130301
brp03010	117130302
brp03010	117130305
brp03010	117130306
brp03010	117130307
brp03010	117130308
brp03010	117130309
brp03010	117130310
brp03010	117130311
brp03010	117130312
brp03010	117130313
brp03010	117130314
brp03010	117130315
brp03010	117130316
brp03010	117130317
brp03010	117130318
brp03010	117130319
brp03010	117130320
brp03010	117130321
brp03010	117130322
brp03010	117130323
brp03010	117130324
brp03010	117130325
brp03010	117130326
brp03010	117130327
brp03010	117130328
brp03010	117130329
brp03010	117130330
brp03010	117130331
brp03010	117130332
brp03010	117130333
brp03010	117130334
brp03010	117130335
brp03010	117130336
brp03010	117130337
brp03010	117130338
brp03010	117130339
brp03010	117130340
brp03010	117130341
brp03010	117130342
brp03010	117130343
brp03010	117130344
brp03010	117130345
brp03010	117130346
brp03010	117130347
brp03010	117130348
brp03010	117130362
brp03010	117130365
brp03010	117130372
brp03010	117130373
brp03010	117130374
brp03010	117130376
brp03010	117130377
brp03010	117130393
brp03010	117130397
brp03010	117130404
brp03010	117130413
brp03010	117130414
brp03010	117130423
brp03010	117130424
brp03010	117130426
brp03010	117130427
brp03010	117130429
brp03010	117130433
brp03010	117130434
brp03010	117130435
brp03010	117130436
brp03010	117130439
brp03010	117130440
brp03010	117130441
brp03010	117130442
brp03010	117130446
brp03010	117130450
brp03010	117130451
brp03010	117130452
brp03010	117130453
brp03010	117130454
brp03010	117130455
brp03010	117130456
brp03010	117130457
brp03010	117130458
brp03010	117130459
brp03010	117130460
brp03010	117130461
brp03010	117130462
brp03010	117130464
brp03010	117130465
brp03010	117130466
brp03010	117130467
brp03010	117130468
brp03010	117130469
brp03010	117130470
brp03010	117130471
brp03010	117130472
brp03010	117130473
brp03010	117130474
brp03010	117130476
brp03010	117130477
brp03010	117130481
brp03010	117130488
brp03010	117130489
brp03010	117130491
brp03010	117130492
brp03010	117130497
brp03010	117130498
brp03010	117130503
brp03010	117130507
brp03010	117130514
brp03010	117130515
brp03010	117130524
brp03010	117130525
brp03010	117130526
brp03010	117130527
brp03010	117130528
brp03010	117130529
brp03010	117130530
brp03010	117130531
brp03010	117130532
brp03010	117130533
brp03010	117130534
brp03010	117130535
brp03010	117130536
brp03010	117130537
brp03010	117130538
brp03010	117130539
brp03010	117130540
brp03010	117130541
brp03010	117130543
brp03010	117130554
brp03010	117130559
brp03010	117130560
brp03010	117130561
brp03010	117130562
brp03010	117130563
brp03010	117130564
brp03010	117130565
brp03010	117130567
brp03010	117130578
brp03010	117130579
brp03010	117130580
brp03010	117130608
brp03010	117130613
brp03010	117130614
brp03010	117130615
brp03010	117130616
brp03010	117130617
brp03010	117130620
brp03010	117130623
brp03010	117130624
brp03010	117130627
brp03010	117130629
brp03010	117130631
brp03010	117130633
brp03010	117130634
brp03010	117130635
brp03010	117130638
brp03010	117130639
brp03010	117130640
brp03010	117130641
brp03010	117130642
brp03010	117130643
brp03010	117130644
brp03010	117130646
brp03010	117130647
brp03010	117130648
brp03010	117130651
brp03010	117130653
brp03010	117130656
brp03010	117130660
brp03010	117130664
brp03010	117130678
brp03010	117130679
brp03010	117130683
brp03010	117130695
brp03010	117130704
brp03010	117130712
brp03010	117130713
brp03010	117130716
brp03010	117130717
brp03010	117130718
brp03010	117130722
brp03010	117130723
brp03010	117130724
brp03010	117130725
brp03010	117130726
brp03010	117130727
brp03010	117130728
brp03010	117130729
brp03010	117130730
brp03010	117130731
brp03010	117130732
brp03010	117130733
brp03010	117130734
brp03010	117130735
brp03010	117130736
brp03010	117130737
brp03010	117130738
brp03010	117130739
brp03010	117130740
brp03010	117130741
brp03010	117130742
brp03010	117130743
brp03010	117130744
brp03010	117130745
brp03010	117130746
brp03010	117130747
brp03010	117130750
brp03010	117130753
brp03010	117130754
brp03010	117130755
brp03010	117130756
brp03010	117130757
brp03010	117130758
brp03010	117130759
brp03010	117130760
brp03010	117130761
brp03010	117130762
brp03010	117130763
brp03010	117130764
brp03010	117130765
brp03010	117130766
brp03010	117130767
brp03010	117130768
brp03010	117130769
brp03010	117130770
brp03010	117130771
brp03010	117130772
brp03010	117130773
brp03010	117130774
brp03010	117130775
brp03010	117130776
brp03010	117130777
brp03010	117130778
brp03010	117130779
brp03010	117130780
brp03010	117130781
brp03010	117130782
brp03010	117130783
brp03010	117130784
brp03010	117130785
brp03010	117130786
brp03010	117130787
brp03010	117130788
brp03010	117130789
brp03010	117130790
brp03010	117130791
brp03010	117130792
brp03010	117130793
brp03010	117130794
brp03010	117130795
brp03010	117130796
brp03010	117130797
brp03010	117130798
brp03010	117130803
brp03010	117130805
brp03010	117130806
brp03010	117130807
brp03010	117130809
brp03010	117130817
brp03010	117130829
brp03010	117130832
brp03010	117130844
brp03010	117130845
brp03010	117130846
brp03010	117130847
brp03010	117130848
brp03010	117130849
brp03010	117130850
brp03010	117130851
brp03010	117130852
brp03010	117130856
brp03010	117130857
brp03010	117130866
brp03010	117130867
brp03010	117130868
brp03010	117130869
brp03010	117130870
brp03010	117130871
brp03010	117130872
brp03010	117130873
brp03010	117130874
brp03010	117130875
brp03010	117130876
brp03010	117130877
brp03010	117130878
brp03010	117130879
brp03010	117130880
brp03010	117130881
brp03010	117130882
brp03010	117130883
brp03010	117130884
brp03010	117130885
brp03010	117130886
brp03010	117130887
brp03010	117130888
brp03010	117130889
brp03010	117130890
brp03010	117130891
brp03010	117130892
brp03010	117130893
brp03010	117130894
brp03010	117130895
brp03010	117130896
brp03010	117130897
brp03010	117130898
brp03010	117130899
brp03010	117130900
brp03010	117130901
brp03010	117130902
brp03010	117130903
brp03010	117130904
brp03010	117130905
brp03010	117130906
brp03010	117130907
brp03010	117130908
brp03010	117130909
brp03010	117130910
brp03010	117130911
brp03010	117130912
brp03010	117130913
brp03010	117130914
brp03010	117130915
brp03010	117130916
brp03010	117130917
brp03010	117130918
brp03010	117130919
brp03010	117130920
brp03010	117130921
brp03010	117130922
brp03010	117130923
brp03010	117130924
brp03010	117130925
brp03010	117130926
brp03010	117130927
brp03010	117130928
brp03010	117130929
brp03010	117130930
brp03010	117130931
brp03010	117130932
brp03010	117130933
brp03010	117130934
brp03010	117130935
brp03010	117130936
brp03010	117130937
brp03010	117130938
brp03010	117130939
brp03010	117130940
brp03010	117130943
brp03010	117130944
brp03010	117130951
brp03010	117130952
brp03010	117130953
brp03010	117130954
brp03010	117130955
brp03010	117130956
brp03010	117130962
brp03010	117130964
brp03010	117130965
brp03010	117130966
brp03010	117130970
brp03010	117130982
brp03010	117130983
brp03010	117130988
brp03010	117130994
brp03010	117131004
brp03010	117131005
brp03010	117131010
brp03010	117131017
brp03010	117131018
brp03010	117131019
brp03010	117131020
brp03010	117131021
brp03010	117131022
brp03010	117131023
brp03010	117131024
brp03010	117131025
brp03010	117131026
brp03010	117131029
brp03010	117131037
brp03010	117131038
brp03010	117131039
brp03010	117131040
brp03010	117131041
brp03010	117131043
brp03010	117131044
brp03010	117131045
brp03010	117131047
brp03010	117131052
brp03010	117131054
brp03010	117131056
brp03010	117131057
brp03010	117131058
brp03010	117131059
brp03010	117131061
brp03010	117131062
brp03010	117131063
brp03010	117131064
brp03010	117131072
brp03010	117131073
brp03010	117131074
brp03010	117131075
brp03010	117131077
brp03010	117131078
brp03010	117131079
brp03010	117131080
brp03010	117131082
brp03010	117131083
brp03010	117131084
brp03010	117131085
brp03010	117131087
brp03010	117131088
brp03010	117131089
brp03010	117131092
brp03010	117131097
brp03010	117131098
brp03010	117131099
brp03010	117131100
brp03010	117131101
brp03010	117131103
brp03010	117131105
brp03010	117131106
brp03010	117131109
brp03010	117131113
brp03010	117131115
brp03010	117131118
brp03010	117131119
brp03010	117131121
brp03010	117131122
brp03010	117131123
brp03010	117131124
brp03010	117131134
brp03010	117131135
brp03010	117131136
brp03010	117131137
brp03010	117131138
brp03010	117131139
brp03010	117131140
brp03010	117131141
brp03010	117131142
brp03010	117131143
brp03010	117131144
brp03010	117131145
brp03010	117131146
brp03010	117131147
brp03010	117131148
brp03010	117131149
brp03010	117131150
brp03010	117131151
brp03010	117131152
brp03010	117131153
brp03010	117131154
brp03010	117131155
brp03010	117131156
brp03010	117131157
brp03010	117131158
brp03010	117131159
brp03010	117131160
brp03010	117131161
brp03010	117131162
brp03010	117131163
brp03010	117131164
brp03010	117131165
brp03010	117131166
brp03010	117131167
brp03010	117131168
brp03010	117131169
brp03010	117131170
brp03010	117131171
brp03010	117131172
brp03010	117131173
brp03010	117131174
brp03010	117131175
brp03010	117131176
brp03010	117131177
brp03010	117131178
brp03010	117131179
brp03010	117131180
brp03010	117131181
brp03010	117131182
brp03010	117131183
brp03010	117131184
brp03010	117131185
brp03010	117131186
brp03010	117131187
brp03010	117131188
brp03010	117131189
brp03010	117131190
brp03010	117131191
brp03010	117131192
brp03010	117131193
brp03010	117131194
brp03010	117131195
brp03010	117131196
brp03010	117131197
brp03010	117131198
brp03010	117131199
brp03010	117131200
brp03010	117131201
brp03010	117131202
brp03010	117131203
brp03010	117131204
brp03010	117131205
brp03010	117131206
brp03010	117131207
brp03010	117131208
brp03010	117131209
brp03010	117131210
brp03010	117131211
brp03010	117131212
brp03010	117131213
brp03010	117131214
brp03010	117131215
brp03010	117131216
brp03010	117131217
brp03010	117131218
brp03010	117131219
brp03010	117131220
brp03010	117131221
brp03010	117131222
brp03010	117131223
brp03010	117131224
brp03010	117131225
brp03010	117131226
brp03010	117131227
brp03010	117131228
brp03010	117131229
brp03010	117131230
brp03010	117131231
brp03010	117131232
brp03010	117131233
brp03010	117131234
brp03010	117131235
brp03010	117131236
brp03010	117131237
brp03010	117131238
brp03010	117131239
brp03010	117131240
brp03010	117131241
brp03010	117131242
brp03010	117131243
brp03010	117131244
brp03010	117131245
brp03010	117131246
brp03010	117131247
brp03010	117131248
brp03010	117131249
brp03010	117131250
brp03010	117131251
brp03010	117131252
brp03010	117131253
brp03010	117131254
brp03010	117131255
brp03010	117131256
brp03010	117131257
brp03010	117131258
brp03010	117131259
brp03010	117131260
brp03010	117131261
brp03010	117131262
brp03010	117131263
brp03010	117131264
brp03010	117131265
brp03010	117131266
brp03010	117131267
brp03010	117131268
brp03010	117131269
brp03010	117131270
brp03010	117131271
brp03010	117131272
brp03010	117131273
brp03010	117131274
brp03010	117131275
brp03010	117131276
brp03010	117131277
brp03010	117131278
brp03010	117131279
brp03010	117131280
brp03010	117131281
brp03010	117131282
brp03010	117131283
brp03010	117131284
brp03010	117131285
brp03010	117131286
brp03010	117131287
brp03010	117131288
brp03010	117131289
brp03010	117131290
brp03010	117131291
brp03010	117131292
brp03010	117131293
brp03010	117131294
brp03010	117131295
brp03010	117131296
brp03010	117131297
brp03010	117131298
brp03010	117131299
brp03010	117131300
brp03010	117131308
brp03010	117131309
brp03010	117131310
brp03010	117131311
brp03010	117131312
brp03010	117131313
brp03010	117131314
brp03010	117131315
brp03010	117131316
brp03010	117131317
brp03010	117131318
brp03010	117131319
brp03010	117131320
brp03010	117131321
brp03010	117131322
brp03010	117131323
brp03010	117131324
brp03010	117131325
brp03010	117131326
brp03010	117131327
brp03010	117131328
brp03010	117131329
brp03010	117131330
brp03010	117131331
brp03010	117131332
brp03010	117131333
brp03010	117131334
brp03010	117131335
brp03010	117131336
brp03010	117131337
brp03010	117131338
brp03010	117131339
brp03010	117131340
brp03010	117131341
brp03010	117131342
brp03010	117131343
brp03010	117131344
brp03010	117131345
brp03010	117131346
brp03010	117131347
brp03010	117131348
brp03010	117131349
brp03010	117131350
brp03010	117131351
brp03010	117131352
brp03010	117131353
brp03010	117131354
brp03010	117131355
brp03010	117131356
brp03010	117131357
brp03010	117131358
brp03010	117131359
brp03010	117131360
brp03010	117131362
brp03010	117131363
brp03010	117131364
brp03010	117131365
brp03010	117131366
brp03010	117131367
brp03010	117131368
brp03010	117131369
brp03010	117131370
brp03010	117131371
brp03010	117131372
brp03010	117131373
brp03010	117131374
brp03010	117131375
brp03010	117131376
brp03010	117131377
brp03010	117131378
brp03010	117131379
brp03010	117131380
brp03010	117131381
brp03010	117131382
brp03010	117131383
brp03010	117131384
brp03010	117131385
brp03010	117131386
brp03010	117131387
brp03010	117131388
brp03010	117131389
brp03010	117131390
brp03010	117131391
brp03010	117131392
brp03010	117131393
brp03010	117131394
brp03010	117131395
brp03010	117131396
brp03010	117131397
brp03010	117131398
brp03010	117131399
brp03010	117131400
brp03010	117131401
brp03010	117131402
brp03010	117131403
brp03010	117131404
brp03010	117131405
brp03010	117131408
brp03010	117131409
brp03010	117131410
brp03010	117131416
brp03010	117131418
brp03010	117131424
brp03010	117131427
brp03010	117131428
brp03010	117131429
brp03010	117131431
brp03010	117131438
brp03010	117131439
brp03010	117131440
brp03010	117131441
brp03010	117131443
brp03010	117131448
brp03010	117131449
brp03010	117131454
brp03010	117131466
brp03010	117131472
brp03010	117131473
brp03010	117131475
brp03010	117131476
brp03010	117131488
brp03010	117131504
brp03010	117131505
brp03010	117131510
brp03010	117131513
brp03010	117131514
brp03010	117131515
brp03010	117131516
brp03010	117131517
brp03010	117131520
brp03010	117131523
brp03010	117131525
brp03010	117131539
brp03010	117131543
brp03010	117131544
brp03010	117131547
brp03010	117131552
brp03010	117131556
brp03010	117131559
brp03010	117131561
brp03010	117131563
brp03010	117131565
brp03010	117131574
brp03010	117131592
brp03010	117131593
brp03010	117131594
brp03010	117131595
brp03010	117131596
brp03010	117131598
brp03010	117131599
brp03010	117131601
brp03010	117131615
brp03010	117131618
brp03010	117131625
brp03010	117131626
brp03010	117131629
brp03010	117131631
brp03010	117131632
brp03010	117131634
brp03010	117131635
brp03010	117131636
brp03010	117131638
brp03010	117131639
brp03010	117131640
brp03010	117131641
brp03010	117131643
brp03010	117132196
brp03010	117132202
brp03010	117132213
brp03010	117132224
brp03010	117132235
brp03010	117132246
brp03010	117132257
brp03010	117132268
brp03010	117132279
brp03010	117132290
brp03010	117132301
brp03010	117132307
brp03010	117132313
brp03010	117132317
brp03010	117132318
brp03010	117132319
brp03010	117132320
brp03010	117132321
brp03010	117132322
brp03010	117132323
brp03010	117132324
brp03010	117132325
brp03010	117132326
brp03010	117132327
brp03010	117132328
brp03010	117132329
brp03010	117132330
brp03010	117132336
brp03010	117132345
brp03010	117132438
brp03010	117132439
brp03010	117132552
brp03010	117132553
brp03010	117132554
brp03010	117132555
brp03010	117133087
brp03010	117133089
brp03010	117133100
brp03010	117133111
brp03010	117133122
brp03010	117133133
brp03010	117133144
brp03010	117133155
brp03010	117133166
brp03010	117133194
brp03010	117133261
brp03010	117133270
brp03010	117133274
brp03010	117133285
brp03010	117133293
brp03010	117133294
brp03010	117133791
brp03010	117133797
brp03010	117133807
brp03010	117133856
brp03010	117133867
brp03010	117134129
brp03010	117134538
brp03010	117134549
brp03010	41704043
brp03010	41704048
brp03010	41704073
brp03010	41704084
brp03010	41704096
brp03010	41704102
brp03010	41704103
brp03010	41704104
brp03010	41704110
brp03010	41704111
brp03010	41704112
brp03010	41704113
brp03010	41704123
brp03010	41704124
brp03010	41704125
brp03010	41704126
brp03010	41704127
brp03010	41704128
brp03010	41704129
brp03010	41704130
brp03010	41704131
brp03010	41704132
brp03010	41704138
brp03010	41704140
brp03010	41704143
brp03010	41704144
brp03010	41704145
brp03010	41704150
brp03010	41704160
brp03010	41704164
brp03010	41704165
brp03010	41704166
brp03010	41704169
brp03010	56140991
brp03010	56141027
brp03010	56141028
brp03010	56141030
brp03010	56141051
brp03010	56141071
brp03010	56141072
brp03010	56141081
brp03010	56141082
brp03013	103827919
brp03013	103828006
brp03013	103828087
brp03013	103828298
brp03013	103829173
brp03013	103829626
brp03013	103830122
brp03013	103830191
brp03013	103830448
brp03013	103830450
brp03013	103830490
brp03013	103831080
brp03013	103831096
brp03013	103831765
brp03013	103831805
brp03013	103831989
brp03013	103832403
brp03013	103832465
brp03013	103832578
brp03013	103832839
brp03013	103832857
brp03013	103833548
brp03013	103833613
brp03013	103834781
brp03013	103835013
brp03013	103835104
brp03013	103835419
brp03013	103835435
brp03013	103835996
brp03013	103836238
brp03013	103836346
brp03013	103836412
brp03013	103836967
brp03013	103837420
brp03013	103837787
brp03013	103838156
brp03013	103838591
brp03013	103840043
brp03013	103841590
brp03013	103841640
brp03013	103841687
brp03013	103842117
brp03013	103842278
brp03013	103842841
brp03013	103842937
brp03013	103843051
brp03013	103843077
brp03013	103843094
brp03013	103843175
brp03013	103843422
brp03013	103843830
brp03013	103844050
brp03013	103844572
brp03013	103844695
brp03013	103844822
brp03013	103844963
brp03013	103845047
brp03013	103845414
brp03013	103845458
brp03013	103845721
brp03013	103845763
brp03013	103846004
brp03013	103846276
brp03013	103846744
brp03013	103846746
brp03013	103846909
brp03013	103846955
brp03013	103847441
brp03013	103848368
brp03013	103848914
brp03013	103849030
brp03013	103850025
brp03013	103850178
brp03013	103850278
brp03013	103850288
brp03013	103850354
brp03013	103850471
brp03013	103850606
brp03013	103850757
brp03013	103850759
brp03013	103851080
brp03013	103851301
brp03013	103851319
brp03013	103851344
brp03013	103851507
brp03013	103851509
brp03013	103851533
brp03013	103851894
brp03013	103851920
brp03013	103853226
brp03013	103853350
brp03013	103853457
brp03013	103853502
brp03013	103853766
brp03013	103854443
brp03013	103854589
brp03013	103855121
brp03013	103855132
brp03013	103855473
brp03013	103855903
brp03013	103856228
brp03013	103856396
brp03013	103856413
brp03013	103856560
brp03013	103857287
brp03013	103857393
brp03013	103857446
brp03013	103857854
brp03013	103858775
brp03013	103859319
brp03013	103859825
brp03013	103860328
brp03013	103860374
brp03013	103860497
brp03013	103861512
brp03013	103861706
brp03013	103862009
brp03013	103862716
brp03013	103862793
brp03013	103862955
brp03013	103863023
brp03013	103863439
brp03013	103863747
brp03013	103864202
brp03013	103865005
brp03013	103865124
brp03013	103865894
brp03013	103866460
brp03013	103866854
brp03013	103866911
brp03013	103867393
brp03013	103867710
brp03013	103867752
brp03013	103867874
brp03013	103867988
brp03013	103868054
brp03013	103868097
brp03013	103868564
brp03013	103868862
brp03013	103869323
brp03013	103869424
brp03013	103869835
brp03013	103870063
brp03013	103870574
brp03013	103870576
brp03013	103870799
brp03013	103870915
brp03013	103870972
brp03013	103871282
brp03013	103871542
brp03013	103871656
brp03013	103871810
brp03013	103871898
brp03013	103872279
brp03013	103872307
brp03013	103872449
brp03013	103874554
brp03013	103874697
brp03013	103874780
brp03013	117128168
brp03015	103827631
brp03015	103827861
brp03015	103827919
brp03015	103827974
brp03015	103829159
brp03015	103830000
brp03015	103830163
brp03015	103830284
brp03015	103830729
brp03015	103830832
brp03015	103830833
brp03015	103831096
brp03015	103831110
brp03015	103831543
brp03015	103831686
brp03015	103832831
brp03015	103832839
brp03015	103832857
brp03015	103833613
brp03015	103833781
brp03015	103833886
brp03015	103834000
brp03015	103834441
brp03015	103834865
brp03015	103835104
brp03015	103835199
brp03015	103835212
brp03015	103835387
brp03015	103835458
brp03015	103835691
brp03015	103835855
brp03015	103835924
brp03015	103835928
brp03015	103835942
brp03015	103835944
brp03015	103835996
brp03015	103836133
brp03015	103836238
brp03015	103836595
brp03015	103836967
brp03015	103837305
brp03015	103838234
brp03015	103838577
brp03015	103838609
brp03015	103839032
brp03015	103839205
brp03015	103839516
brp03015	103839806
brp03015	103840043
brp03015	103841160
brp03015	103841405
brp03015	103841728
brp03015	103842244
brp03015	103842418
brp03015	103842720
brp03015	103842726
brp03015	103842735
brp03015	103842841
brp03015	103843077
brp03015	103843175
brp03015	103843301
brp03015	103843830
brp03015	103844328
brp03015	103844331
brp03015	103844362
brp03015	103844695
brp03015	103845018
brp03015	103845274
brp03015	103845343
brp03015	103845414
brp03015	103845757
brp03015	103845822
brp03015	103845836
brp03015	103846307
brp03015	103846744
brp03015	103846746
brp03015	103847441
brp03015	103849048
brp03015	103849913
brp03015	103850278
brp03015	103850312
brp03015	103850374
brp03015	103850419
brp03015	103850499
brp03015	103850757
brp03015	103850759
brp03015	103850872
brp03015	103850935
brp03015	103851185
brp03015	103851271
brp03015	103851344
brp03015	103851533
brp03015	103851601
brp03015	103851637
brp03015	103851867
brp03015	103852133
brp03015	103852166
brp03015	103852726
brp03015	103852731
brp03015	103853276
brp03015	103853766
brp03015	103853827
brp03015	103854388
brp03015	103854390
brp03015	103854676
brp03015	103854746
brp03015	103855255
brp03015	103855290
brp03015	103855351
brp03015	103855428
brp03015	103855473
brp03015	103855879
brp03015	103855903
brp03015	103856018
brp03015	103856319
brp03015	103856650
brp03015	103856687
brp03015	103856971
brp03015	103856982
brp03015	103857200
brp03015	103857488
brp03015	103857854
brp03015	103857886
brp03015	103858019
brp03015	103858272
brp03015	103858598
brp03015	103859052
brp03015	103859101
brp03015	103859241
brp03015	103859278
brp03015	103859825
brp03015	103860374
brp03015	103860422
brp03015	103860555
brp03015	103861139
brp03015	103861569
brp03015	103861645
brp03015	103861707
brp03015	103862517
brp03015	103862981
brp03015	103863315
brp03015	103863439
brp03015	103863747
brp03015	103864009
brp03015	103864218
brp03015	103864463
brp03015	103864694
brp03015	103864844
brp03015	103864862
brp03015	103865267
brp03015	103865551
brp03015	103865953
brp03015	103866428
brp03015	103866645
brp03015	103866911
brp03015	103867113
brp03015	103867279
brp03015	103867401
brp03015	103867535
brp03015	103868042
brp03015	103868054
brp03015	103868555
brp03015	103868564
brp03015	103868862
brp03015	103869158
brp03015	103869297
brp03015	103869424
brp03015	103869619
brp03015	103870139
brp03015	103870509
brp03015	103870561
brp03015	103870631
brp03015	103870736
brp03015	103870808
brp03015	103870944
brp03015	103871268
brp03015	103871282
brp03015	103871402
brp03015	103871815
brp03015	103871898
brp03015	103871953
brp03015	103872058
brp03015	103872307
brp03015	103872449
brp03015	103872554
brp03015	103872579
brp03015	103873291
brp03015	103873956
brp03015	103874248
brp03015	103874409
brp03015	103874509
brp03015	103874572
brp03015	103874595
brp03015	103874912
brp03015	103875328
brp03015	103875329
brp03015	103875349
brp03015	117127099
brp03015	117131528
brp03015	117131533
brp03015	117133021
brp03018	103827605
brp03018	103827616
brp03018	103828020
brp03018	103828556
brp03018	103829178
brp03018	103829199
brp03018	103829700
brp03018	103829751
brp03018	103829780
brp03018	103830166
brp03018	103830169
brp03018	103830231
brp03018	103830261
brp03018	103830288
brp03018	103830312
brp03018	103830497
brp03018	103830597
brp03018	103830833
brp03018	103831065
brp03018	103831079
brp03018	103831686
brp03018	103831877
brp03018	103832011
brp03018	103832123
brp03018	103832139
brp03018	103832387
brp03018	103832455
brp03018	103832584
brp03018	103833806
brp03018	103833848
brp03018	103834441
brp03018	103834571
brp03018	103834615
brp03018	103834665
brp03018	103834702
brp03018	103835057
brp03018	103835074
brp03018	103835691
brp03018	103835726
brp03018	103836395
brp03018	103836417
brp03018	103836597
brp03018	103836620
brp03018	103836901
brp03018	103836952
brp03018	103837076
brp03018	103837167
brp03018	103837268
brp03018	103837810
brp03018	103837888
brp03018	103838559
brp03018	103838580
brp03018	103839200
brp03018	103840234
brp03018	103841733
brp03018	103841827
brp03018	103841899
brp03018	103841951
brp03018	103841986
brp03018	103842244
brp03018	103842307
brp03018	103842418
brp03018	103842663
brp03018	103843401
brp03018	103843553
brp03018	103843826
brp03018	103844335
brp03018	103844362
brp03018	103844513
brp03018	103844517
brp03018	103844691
brp03018	103844845
brp03018	103845096
brp03018	103845371
brp03018	103845391
brp03018	103845561
brp03018	103845854
brp03018	103846477
brp03018	103846561
brp03018	103846614
brp03018	103846764
brp03018	103847246
brp03018	103847464
brp03018	103848067
brp03018	103849117
brp03018	103849216
brp03018	103849237
brp03018	103850259
brp03018	103850369
brp03018	103850396
brp03018	103850880
brp03018	103851197
brp03018	103851429
brp03018	103851558
brp03018	103851578
brp03018	103851815
brp03018	103852294
brp03018	103852731
brp03018	103852968
brp03018	103853050
brp03018	103853216
brp03018	103853257
brp03018	103853791
brp03018	103853921
brp03018	103854566
brp03018	103855181
brp03018	103855827
brp03018	103855893
brp03018	103855988
brp03018	103856086
brp03018	103856292
brp03018	103856293
brp03018	103856505
brp03018	103856582
brp03018	103856584
brp03018	103856612
brp03018	103856808
brp03018	103856835
brp03018	103856922
brp03018	103857430
brp03018	103857477
brp03018	103857598
brp03018	103857629
brp03018	103858860
brp03018	103859008
brp03018	103859519
brp03018	103859538
brp03018	103859552
brp03018	103860022
brp03018	103860422
brp03018	103860608
brp03018	103862924
brp03018	103862977
brp03018	103863983
brp03018	103863984
brp03018	103864009
brp03018	103864463
brp03018	103864818
brp03018	103864844
brp03018	103864897
brp03018	103865072
brp03018	103865253
brp03018	103865552
brp03018	103866006
brp03018	103866240
brp03018	103867212
brp03018	103867274
brp03018	103867556
brp03018	103867655
brp03018	103867670
brp03018	103867932
brp03018	103868025
brp03018	103868297
brp03018	103868514
brp03018	103869095
brp03018	103869276
brp03018	103869619
brp03018	103870068
brp03018	103870129
brp03018	103870139
brp03018	103870525
brp03018	103870639
brp03018	103871015
brp03018	103871402
brp03018	103871455
brp03018	103871463
brp03018	103871522
brp03018	103871583
brp03018	103872392
brp03018	103872452
brp03018	103872911
brp03018	103873280
brp03018	103873315
brp03018	103873411
brp03018	103873544
brp03018	103874375
brp03018	103874515
brp03018	103875380
brp03018	117125612
brp03018	117128015
brp03018	117133483
brp03018	117133484
brp03018	117133485
brp03018	117133486
brp03018	117133897
brp03018	117134058
brp03018	117134059
brp03020	103827814
brp03020	103828917
brp03020	103829455
brp03020	103829922
brp03020	103830117
brp03020	103831031
brp03020	103832655
brp03020	103832764
brp03020	103833463
brp03020	103833935
brp03020	103834177
brp03020	103834217
brp03020	103834253
brp03020	103834927
brp03020	103836229
brp03020	103836467
brp03020	103837016
brp03020	103838307
brp03020	103838484
brp03020	103840544
brp03020	103841143
brp03020	103841615
brp03020	103841672
brp03020	103841806
brp03020	103842476
brp03020	103843493
brp03020	103843777
brp03020	103844364
brp03020	103844871
brp03020	103845342
brp03020	103846853
brp03020	103847203
brp03020	103847833
brp03020	103847993
brp03020	103849513
brp03020	103850240
brp03020	103850351
brp03020	103851524
brp03020	103851602
brp03020	103853345
brp03020	103855032
brp03020	103855841
brp03020	103856400
brp03020	103856562
brp03020	103856651
brp03020	103856722
brp03020	103857900
brp03020	103859322
brp03020	103859952
brp03020	103860740
brp03020	103861245
brp03020	103861978
brp03020	103862974
brp03020	103863227
brp03020	103863497
brp03020	103863944
brp03020	103864994
brp03020	103865623
brp03020	103865879
brp03020	103868028
brp03020	103869090
brp03020	103869612
brp03020	103869943
brp03020	103871114
brp03020	103871905
brp03020	103872808
brp03020	103873389
brp03020	103873509
brp03020	103874238
brp03020	103874616
brp03020	108870805
brp03020	108872064
brp03020	117126012
brp03020	117131034
brp03020	117131035
brp03020	117132791
brp03020	41704085
brp03020	41704086
brp03020	41704087
brp03020	41704122
brp03022	103827992
brp03022	103829049
brp03022	103829778
brp03022	103829794
brp03022	103830647
brp03022	103831127
brp03022	103831844
brp03022	103831869
brp03022	103832582
brp03022	103832631
brp03022	103833661
brp03022	103834594
brp03022	103834652
brp03022	103834905
brp03022	103835909
brp03022	103835926
brp03022	103836163
brp03022	103836440
brp03022	103836541
brp03022	103836545
brp03022	103836626
brp03022	103836646
brp03022	103837080
brp03022	103837174
brp03022	103837210
brp03022	103837543
brp03022	103839025
brp03022	103839874
brp03022	103840259
brp03022	103841165
brp03022	103842721
brp03022	103842750
brp03022	103843455
brp03022	103844197
brp03022	103844523
brp03022	103844568
brp03022	103845331
brp03022	103846400
brp03022	103848801
brp03022	103850219
brp03022	103850628
brp03022	103850993
brp03022	103851590
brp03022	103852565
brp03022	103852957
brp03022	103853535
brp03022	103854134
brp03022	103854664
brp03022	103854775
brp03022	103855680
brp03022	103857238
brp03022	103857255
brp03022	103857988
brp03022	103858067
brp03022	103858644
brp03022	103858944
brp03022	103859340
brp03022	103860751
brp03022	103862006
brp03022	103862092
brp03022	103862482
brp03022	103863051
brp03022	103864077
brp03022	103866568
brp03022	103868966
brp03022	103870134
brp03022	103870492
brp03022	103870930
brp03022	103871047
brp03022	103872007
brp03022	103872529
brp03022	103872598
brp03022	103873051
brp03022	103874521
brp03022	103875076
brp03022	108870758
brp03022	108872294
brp03030	103827741
brp03030	103827885
brp03030	103828494
brp03030	103829539
brp03030	103829668
brp03030	103830567
brp03030	103831035
brp03030	103832343
brp03030	103833124
brp03030	103835735
brp03030	103836781
brp03030	103837365
brp03030	103837980
brp03030	103838295
brp03030	103843376
brp03030	103843415
brp03030	103843463
brp03030	103843883
brp03030	103844407
brp03030	103848582
brp03030	103849416
brp03030	103850238
brp03030	103851417
brp03030	103852392
brp03030	103852416
brp03030	103853075
brp03030	103853634
brp03030	103853694
brp03030	103853956
brp03030	103854671
brp03030	103855752
brp03030	103856623
brp03030	103858140
brp03030	103858328
brp03030	103858780
brp03030	103860343
brp03030	103860462
brp03030	103860562
brp03030	103861037
brp03030	103861193
brp03030	103864126
brp03030	103864559
brp03030	103864606
brp03030	103865926
brp03030	103867044
brp03030	103868024
brp03030	103868605
brp03030	103869311
brp03030	103869549
brp03030	103871561
brp03030	103871570
brp03030	103871760
brp03030	103873011
brp03030	103873814
brp03030	103874470
brp03030	103874514
brp03040	103827514
brp03040	103827919
brp03040	103828006
brp03040	103828298
brp03040	103828371
brp03040	103828385
brp03040	103828680
brp03040	103828752
brp03040	103829051
brp03040	103829399
brp03040	103829722
brp03040	103829743
brp03040	103829790
brp03040	103829935
brp03040	103830142
brp03040	103830226
brp03040	103830231
brp03040	103830369
brp03040	103830597
brp03040	103831065
brp03040	103831096
brp03040	103831437
brp03040	103831896
brp03040	103832082
brp03040	103832139
brp03040	103832171
brp03040	103832595
brp03040	103832610
brp03040	103832839
brp03040	103832857
brp03040	103833762
brp03040	103834168
brp03040	103834183
brp03040	103834203
brp03040	103834351
brp03040	103834474
brp03040	103834547
brp03040	103834683
brp03040	103834867
brp03040	103834915
brp03040	103834931
brp03040	103834995
brp03040	103835094
brp03040	103835104
brp03040	103835208
brp03040	103835367
brp03040	103835383
brp03040	103835435
brp03040	103835486
brp03040	103835535
brp03040	103836006
brp03040	103836060
brp03040	103836270
brp03040	103836311
brp03040	103836312
brp03040	103836448
brp03040	103836488
brp03040	103836599
brp03040	103836620
brp03040	103836632
brp03040	103836748
brp03040	103836967
brp03040	103837075
brp03040	103837167
brp03040	103837268
brp03040	103837367
brp03040	103837399
brp03040	103837456
brp03040	103837520
brp03040	103837710
brp03040	103837863
brp03040	103838474
brp03040	103838556
brp03040	103838786
brp03040	103838899
brp03040	103838996
brp03040	103839277
brp03040	103839875
brp03040	103839906
brp03040	103840392
brp03040	103840611
brp03040	103840633
brp03040	103840724
brp03040	103841273
brp03040	103841585
brp03040	103841827
brp03040	103842005
brp03040	103842049
brp03040	103842086
brp03040	103842242
brp03040	103842679
brp03040	103842809
brp03040	103843334
brp03040	103843515
brp03040	103843705
brp03040	103843830
brp03040	103843972
brp03040	103844248
brp03040	103844304
brp03040	103844517
brp03040	103844695
brp03040	103845047
brp03040	103845179
brp03040	103845274
brp03040	103845414
brp03040	103845440
brp03040	103846014
brp03040	103846295
brp03040	103846633
brp03040	103846660
brp03040	103846744
brp03040	103846746
brp03040	103846814
brp03040	103846873
brp03040	103847020
brp03040	103847147
brp03040	103847441
brp03040	103847444
brp03040	103847447
brp03040	103848368
brp03040	103849211
brp03040	103849529
brp03040	103849626
brp03040	103849751
brp03040	103849754
brp03040	103849767
brp03040	103849856
brp03040	103849888
brp03040	103850228
brp03040	103850354
brp03040	103850610
brp03040	103850757
brp03040	103850759
brp03040	103850838
brp03040	103850938
brp03040	103851344
brp03040	103851533
brp03040	103851637
brp03040	103851714
brp03040	103851964
brp03040	103852294
brp03040	103852896
brp03040	103853050
brp03040	103853059
brp03040	103853921
brp03040	103853985
brp03040	103854566
brp03040	103854624
brp03040	103854638
brp03040	103855121
brp03040	103855473
brp03040	103855509
brp03040	103855659
brp03040	103855862
brp03040	103855903
brp03040	103855957
brp03040	103856428
brp03040	103856687
brp03040	103857154
brp03040	103857190
brp03040	103857282
brp03040	103857505
brp03040	103857675
brp03040	103857797
brp03040	103857945
brp03040	103858123
brp03040	103858239
brp03040	103858296
brp03040	103858643
brp03040	103858717
brp03040	103858732
brp03040	103858735
brp03040	103858908
brp03040	103859076
brp03040	103859161
brp03040	103859203
brp03040	103859234
brp03040	103859260
brp03040	103859423
brp03040	103859451
brp03040	103859825
brp03040	103859863
brp03040	103859993
brp03040	103860007
brp03040	103860073
brp03040	103860097
brp03040	103860374
brp03040	103860487
brp03040	103860567
brp03040	103860812
brp03040	103861214
brp03040	103861306
brp03040	103861480
brp03040	103861943
brp03040	103861944
brp03040	103861962
brp03040	103862069
brp03040	103862772
brp03040	103862924
brp03040	103863157
brp03040	103863268
brp03040	103863710
brp03040	103863747
brp03040	103863998
brp03040	103864120
brp03040	103864505
brp03040	103864563
brp03040	103864623
brp03040	103864977
brp03040	103865000
brp03040	103865106
brp03040	103865262
brp03040	103865293
brp03040	103865683
brp03040	103865826
brp03040	103865858
brp03040	103865862
brp03040	103865889
brp03040	103866002
brp03040	103866362
brp03040	103866389
brp03040	103866451
brp03040	103866560
brp03040	103866741
brp03040	103866774
brp03040	103867082
brp03040	103867084
brp03040	103867312
brp03040	103867542
brp03040	103867658
brp03040	103867968
brp03040	103868150
brp03040	103868210
brp03040	103868273
brp03040	103868443
brp03040	103868564
brp03040	103868925
brp03040	103869103
brp03040	103869316
brp03040	103869415
brp03040	103869424
brp03040	103869430
brp03040	103869523
brp03040	103869601
brp03040	103870001
brp03040	103870189
brp03040	103870221
brp03040	103870289
brp03040	103870295
brp03040	103870338
brp03040	103870532
brp03040	103870533
brp03040	103870650
brp03040	103870651
brp03040	103870796
brp03040	103870859
brp03040	103871046
brp03040	103871138
brp03040	103871282
brp03040	103871643
brp03040	103871749
brp03040	103871750
brp03040	103871838
brp03040	103872261
brp03040	103872318
brp03040	103872405
brp03040	103872498
brp03040	103872546
brp03040	103872584
brp03040	103872847
brp03040	103872879
brp03040	103872911
brp03040	103873059
brp03040	103873259
brp03040	103873488
brp03040	103873570
brp03040	103873839
brp03040	103873845
brp03040	103874062
brp03040	103874373
brp03040	103874515
brp03040	103874751
brp03040	103874786
brp03040	103874905
brp03040	103875292
brp03040	103875325
brp03040	103875380
brp03040	103875457
brp03040	108871165
brp03040	117125980
brp03040	117126225
brp03040	117126294
brp03040	117126305
brp03040	117126316
brp03040	117126327
brp03040	117126338
brp03040	117126349
brp03040	117126355
brp03040	117126357
brp03040	117126358
brp03040	117126361
brp03040	117126362
brp03040	117126363
brp03040	117126937
brp03040	117126948
brp03040	117126959
brp03040	117126980
brp03040	117126991
brp03040	117127003
brp03040	117127014
brp03040	117127025
brp03040	117127032
brp03040	117127033
brp03040	117127034
brp03040	117127035
brp03040	117127036
brp03040	117127037
brp03040	117127038
brp03040	117127039
brp03040	117127040
brp03040	117127041
brp03040	117127054
brp03040	117127065
brp03040	117127611
brp03040	117127612
brp03040	117127613
brp03040	117127614
brp03040	117127615
brp03040	117127616
brp03040	117127617
brp03040	117127618
brp03040	117127625
brp03040	117127636
brp03040	117127647
brp03040	117128183
brp03040	117128294
brp03040	117128642
brp03040	117128653
brp03040	117128664
brp03040	117128686
brp03040	117128697
brp03040	117128708
brp03040	117128719
brp03040	117128731
brp03040	117128742
brp03040	117128753
brp03040	117128802
brp03040	117128803
brp03040	117128804
brp03040	117128805
brp03040	117128807
brp03040	117128808
brp03040	117128809
brp03040	117128810
brp03040	117128811
brp03040	117128812
brp03040	117128813
brp03040	117128814
brp03040	117129036
brp03040	117129037
brp03040	117129038
brp03040	117129039
brp03040	117129042
brp03040	117129044
brp03040	117129045
brp03040	117129047
brp03040	117129237
brp03040	117129239
brp03040	117129241
brp03040	117129243
brp03040	117129245
brp03040	117129246
brp03040	117129250
brp03040	117129251
brp03040	117129371
brp03040	117129372
brp03040	117129373
brp03040	117129374
brp03040	117129375
brp03040	117129376
brp03040	117130604
brp03040	117132192
brp03040	117132197
brp03040	117132198
brp03040	117132199
brp03040	117132201
brp03040	117132203
brp03040	117132204
brp03040	117132205
brp03040	117132337
brp03040	117132338
brp03040	117132339
brp03040	117132340
brp03040	117132341
brp03040	117132342
brp03040	117132343
brp03040	117132344
brp03040	117132346
brp03040	117132347
brp03040	117132348
brp03040	117132349
brp03040	117132350
brp03040	117133090
brp03040	117133091
brp03040	117133092
brp03040	117133093
brp03040	117133094
brp03040	117133095
brp03040	117133096
brp03040	117133097
brp03040	117133098
brp03040	117133099
brp03040	117133295
brp03040	117133296
brp03040	117133298
brp03040	117133299
brp03040	117133815
brp03040	117133826
brp03040	117133829
brp03040	117133830
brp03040	117133831
brp03040	117133832
brp03040	117133834
brp03040	117134480
brp03040	117134491
brp03040	117134502
brp03040	117134513
brp03040	117134524
brp03040	117134534
brp03040	117134535
brp03040	117134537
brp03040	117134540
brp03040	117134560
brp03040	117134571
brp03050	103827785
brp03050	103828000
brp03050	103828090
brp03050	103828246
brp03050	103828507
brp03050	103829643
brp03050	103829956
brp03050	103830272
brp03050	103830494
brp03050	103831038
brp03050	103831044
brp03050	103831156
brp03050	103832045
brp03050	103832398
brp03050	103832649
brp03050	103832650
brp03050	103833084
brp03050	103833473
brp03050	103834095
brp03050	103834618
brp03050	103834733
brp03050	103834759
brp03050	103834874
brp03050	103834895
brp03050	103835173
brp03050	103835296
brp03050	103835733
brp03050	103836126
brp03050	103836334
brp03050	103837759
brp03050	103837936
brp03050	103838195
brp03050	103838687
brp03050	103839280
brp03050	103839433
brp03050	103840516
brp03050	103841046
brp03050	103841313
brp03050	103841925
brp03050	103843086
brp03050	103845234
brp03050	103845256
brp03050	103845704
brp03050	103846854
brp03050	103846918
brp03050	103847640
brp03050	103848506
brp03050	103848512
brp03050	103848568
brp03050	103848574
brp03050	103848939
brp03050	103849699
brp03050	103850352
brp03050	103850598
brp03050	103851317
brp03050	103851649
brp03050	103851976
brp03050	103852384
brp03050	103852951
brp03050	103852952
brp03050	103853073
brp03050	103853177
brp03050	103853296
brp03050	103853882
brp03050	103854115
brp03050	103854234
brp03050	103854417
brp03050	103854895
brp03050	103855642
brp03050	103855840
brp03050	103856410
brp03050	103856703
brp03050	103857440
brp03050	103858347
brp03050	103859097
brp03050	103859510
brp03050	103860359
brp03050	103860701
brp03050	103861508
brp03050	103861833
brp03050	103862040
brp03050	103862642
brp03050	103862858
brp03050	103864745
brp03050	103865226
brp03050	103865535
brp03050	103867020
brp03050	103867610
brp03050	103868009
brp03050	103868343
brp03050	103868357
brp03050	103869021
brp03050	103869118
brp03050	103870815
brp03050	103871106
brp03050	103871112
brp03050	103871620
brp03050	103871961
brp03050	103873015
brp03050	103874226
brp03050	103875216
brp03060	103827606
brp03060	103828369
brp03060	103828373
brp03060	103828617
brp03060	103828629
brp03060	103829121
brp03060	103830364
brp03060	103830407
brp03060	103831189
brp03060	103832770
brp03060	103832974
brp03060	103833043
brp03060	103833119
brp03060	103833404
brp03060	103835563
brp03060	103835738
brp03060	103837301
brp03060	103837462
brp03060	103837895
brp03060	103839068
brp03060	103840500
brp03060	103840539
brp03060	103843363
brp03060	103843490
brp03060	103843815
brp03060	103844003
brp03060	103845464
brp03060	103846754
brp03060	103846908
brp03060	103847248
brp03060	103847347
brp03060	103847629
brp03060	103848359
brp03060	103848737
brp03060	103849523
brp03060	103849791
brp03060	103850248
brp03060	103850524
brp03060	103851486
brp03060	103852189
brp03060	103852575
brp03060	103852632
brp03060	103854658
brp03060	103854917
brp03060	103854968
brp03060	103855636
brp03060	103855898
brp03060	103856559
brp03060	103857319
brp03060	103857349
brp03060	103857525
brp03060	103857669
brp03060	103857893
brp03060	103858084
brp03060	103858150
brp03060	103858217
brp03060	103858453
brp03060	103858803
brp03060	103858834
brp03060	103859084
brp03060	103859879
brp03060	103860850
brp03060	103861513
brp03060	103861970
brp03060	103861982
brp03060	103862711
brp03060	103864921
brp03060	103865037
brp03060	103865320
brp03060	103865756
brp03060	103866092
brp03060	103866094
brp03060	103866191
brp03060	103866237
brp03060	103866733
brp03060	103866860
brp03060	103866922
brp03060	103866994
brp03060	103867471
brp03060	103868489
brp03060	103868692
brp03060	103869217
brp03060	103869883
brp03060	103870474
brp03060	103870571
brp03060	103870839
brp03060	103871202
brp03060	103871438
brp03060	103872323
brp03060	103873088
brp03060	103873129
brp03060	103873502
brp03060	103873742
brp03060	103874532
brp03060	103874592
brp03060	103874634
brp03060	103874641
brp03060	117131885
brp03082	103827787
brp03082	103828439
brp03082	103829668
brp03082	103829983
brp03082	103830501
brp03082	103831062
brp03082	103832095
brp03082	103832378
brp03082	103832540
brp03082	103832842
brp03082	103834415
brp03082	103835734
brp03082	103835784
brp03082	103835846
brp03082	103835906
brp03082	103836372
brp03082	103837172
brp03082	103837453
brp03082	103837783
brp03082	103837832
brp03082	103837926
brp03082	103837963
brp03082	103840638
brp03082	103841363
brp03082	103841637
brp03082	103842207
brp03082	103842638
brp03082	103843373
brp03082	103843740
brp03082	103843807
brp03082	103844367
brp03082	103844917
brp03082	103845251
brp03082	103845271
brp03082	103845409
brp03082	103845554
brp03082	103845818
brp03082	103846012
brp03082	103846505
brp03082	103848823
brp03082	103849259
brp03082	103849978
brp03082	103850038
brp03082	103850452
brp03082	103851409
brp03082	103851420
brp03082	103851434
brp03082	103851537
brp03082	103851650
brp03082	103853160
brp03082	103853344
brp03082	103853645
brp03082	103854480
brp03082	103854667
brp03082	103856064
brp03082	103856511
brp03082	103856597
brp03082	103856689
brp03082	103856707
brp03082	103857819
brp03082	103858197
brp03082	103858250
brp03082	103861562
brp03082	103863052
brp03082	103863224
brp03082	103863523
brp03082	103865284
brp03082	103866259
brp03082	103866358
brp03082	103866395
brp03082	103866954
brp03082	103867259
brp03082	103868480
brp03082	103868592
brp03082	103869292
brp03082	103869676
brp03082	103870222
brp03082	103870253
brp03082	103871184
brp03082	103871193
brp03082	103871626
brp03082	103872651
brp03082	103872856
brp03082	103873013
brp03082	103873162
brp03082	103873164
brp03082	103873402
brp03082	103873565
brp03082	103873661
brp03082	103873731
brp03082	103874033
brp03082	103874096
brp03082	103874518
brp03082	117131604
brp03082	117131605
brp03082	117132575
brp03083	103827864
brp03083	103827915
brp03083	103829444
brp03083	103829446
brp03083	103830241
brp03083	103830251
brp03083	103830630
brp03083	103831482
brp03083	103832041
brp03083	103832376
brp03083	103832976
brp03083	103833983
brp03083	103835815
brp03083	103835992
brp03083	103836550
brp03083	103836786
brp03083	103837453
brp03083	103837783
brp03083	103837963
brp03083	103838144
brp03083	103838220
brp03083	103839324
brp03083	103841836
brp03083	103841855
brp03083	103841856
brp03083	103841857
brp03083	103841878
brp03083	103842638
brp03083	103842834
brp03083	103843095
brp03083	103843633
brp03083	103844319
brp03083	103844380
brp03083	103844718
brp03083	103844808
brp03083	103845050
brp03083	103845251
brp03083	103845922
brp03083	103846012
brp03083	103846025
brp03083	103846975
brp03083	103847000
brp03083	103847383
brp03083	103847449
brp03083	103848439
brp03083	103848719
brp03083	103849259
brp03083	103849727
brp03083	103850038
brp03083	103850053
brp03083	103850626
brp03083	103851650
brp03083	103851847
brp03083	103852040
brp03083	103852160
brp03083	103852382
brp03083	103852996
brp03083	103853155
brp03083	103853344
brp03083	103853778
brp03083	103855072
brp03083	103855470
brp03083	103855517
brp03083	103855586
brp03083	103855679
brp03083	103856707
brp03083	103856951
brp03083	103857192
brp03083	103858139
brp03083	103859333
brp03083	103859396
brp03083	103859415
brp03083	103859487
brp03083	103860482
brp03083	103860926
brp03083	103862920
brp03083	103864062
brp03083	103864119
brp03083	103866823
brp03083	103867335
brp03083	103867606
brp03083	103868191
brp03083	103868687
brp03083	103868813
brp03083	103869280
brp03083	103869285
brp03083	103869287
brp03083	103870300
brp03083	103870335
brp03083	103870601
brp03083	103871441
brp03083	103871442
brp03083	103872460
brp03083	103872814
brp03083	103873162
brp03083	103873164
brp03083	103873473
brp03083	103873565
brp03083	103873661
brp03083	103873731
brp03083	103874320
brp03083	117128334
brp03083	117128573
brp03083	117132400
brp03250	103827811
brp03250	103828275
brp03250	103828435
brp03250	103829052
brp03250	103829677
brp03250	103829786
brp03250	103831482
brp03250	103832376
brp03250	103834124
brp03250	103835384
brp03250	103835992
brp03250	103837420
brp03250	103837985
brp03250	103842834
brp03250	103842916
brp03250	103843094
brp03250	103844050
brp03250	103844963
brp03250	103845018
brp03250	103846276
brp03250	103847195
brp03250	103849727
brp03250	103850903
brp03250	103851080
brp03250	103851319
brp03250	103851867
brp03250	103851894
brp03250	103852382
brp03250	103853018
brp03250	103853155
brp03250	103853610
brp03250	103853808
brp03250	103855061
brp03250	103855132
brp03250	103855801
brp03250	103856228
brp03250	103856413
brp03250	103856971
brp03250	103857462
brp03250	103857507
brp03250	103857524
brp03250	103858309
brp03250	103858471
brp03250	103859443
brp03250	103859487
brp03250	103861874
brp03250	103863217
brp03250	103863222
brp03250	103863969
brp03250	103865689
brp03250	103869676
brp03250	103871571
brp03250	103871953
brp03250	103872304
brp03250	103872460
brp03250	103873806
brp03250	103874088
brp03250	103874697
brp03272	103828275
brp03272	103829677
brp03272	103830769
brp03272	103831794
brp03272	103837985
brp03272	103842036
brp03272	103842916
brp03272	103850903
brp03272	103852821
brp03272	103853018
brp03272	103853808
brp03272	103858309
brp03272	103859443
brp03272	103861874
brp03272	103865689
brp03272	103865865
brp03272	103871571
brp03272	103872304
brp03410	103829668
brp03410	103830461
brp03410	103830567
brp03410	103830656
brp03410	103831969
brp03410	103832343
brp03410	103832451
brp03410	103835735
brp03410	103836010
brp03410	103838295
brp03410	103841008
brp03410	103842870
brp03410	103843415
brp03410	103843463
brp03410	103843583
brp03410	103844407
brp03410	103845539
brp03410	103847505
brp03410	103848479
brp03410	103848582
brp03410	103848889
brp03410	103849063
brp03410	103851417
brp03410	103853075
brp03410	103853256
brp03410	103854671
brp03410	103856039
brp03410	103856120
brp03410	103857374
brp03410	103858328
brp03410	103858766
brp03410	103859597
brp03410	103860053
brp03410	103865122
brp03410	103865165
brp03410	103865166
brp03410	103865926
brp03410	103866025
brp03410	103867693
brp03410	103867889
brp03410	103868024
brp03410	103868089
brp03410	103868216
brp03410	103868500
brp03410	103868605
brp03410	103869311
brp03410	103869541
brp03410	103869977
brp03410	103870233
brp03410	103870283
brp03410	103871561
brp03410	103871570
brp03410	103871760
brp03410	103872750
brp03410	103873011
brp03410	103873014
brp03410	103873814
brp03410	103874059
brp03410	103874470
brp03410	103874514
brp03410	117133034
brp03420	103827747
brp03420	103828494
brp03420	103829668
brp03420	103830328
brp03420	103830472
brp03420	103830567
brp03420	103831031
brp03420	103831127
brp03420	103831844
brp03420	103832343
brp03420	103832655
brp03420	103832764
brp03420	103833935
brp03420	103834177
brp03420	103834207
brp03420	103834217
brp03420	103834652
brp03420	103834927
brp03420	103835735
brp03420	103835909
brp03420	103835926
brp03420	103836163
brp03420	103836229
brp03420	103836541
brp03420	103836626
brp03420	103837016
brp03420	103837174
brp03420	103837365
brp03420	103838295
brp03420	103839014
brp03420	103839622
brp03420	103839745
brp03420	103841143
brp03420	103841615
brp03420	103841806
brp03420	103842721
brp03420	103842858
brp03420	103843415
brp03420	103843463
brp03420	103843883
brp03420	103844364
brp03420	103844407
brp03420	103845342
brp03420	103845664
brp03420	103846357
brp03420	103846358
brp03420	103846853
brp03420	103847526
brp03420	103847993
brp03420	103848582
brp03420	103849513
brp03420	103850114
brp03420	103850219
brp03420	103850240
brp03420	103850351
brp03420	103851059
brp03420	103851357
brp03420	103851417
brp03420	103851602
brp03420	103851625
brp03420	103852565
brp03420	103853075
brp03420	103853634
brp03420	103853691
brp03420	103854664
brp03420	103854671
brp03420	103855752
brp03420	103855841
brp03420	103856400
brp03420	103856451
brp03420	103856623
brp03420	103856651
brp03420	103856722
brp03420	103858328
brp03420	103858967
brp03420	103859322
brp03420	103859952
brp03420	103860562
brp03420	103860740
brp03420	103861037
brp03420	103861245
brp03420	103861842
brp03420	103861978
brp03420	103862006
brp03420	103863227
brp03420	103863497
brp03420	103863786
brp03420	103863944
brp03420	103864059
brp03420	103864077
brp03420	103864559
brp03420	103865879
brp03420	103865926
brp03420	103868024
brp03420	103868605
brp03420	103868966
brp03420	103869090
brp03420	103869311
brp03420	103869943
brp03420	103870844
brp03420	103871114
brp03420	103871561
brp03420	103871570
brp03420	103871760
brp03420	103871905
brp03420	103872007
brp03420	103872412
brp03420	103872598
brp03420	103873011
brp03420	103873389
brp03420	103873814
brp03420	103874514
brp03420	103874521
brp03420	103875172
brp03420	108870184
brp03420	108872064
brp03430	103828494
brp03430	103828950
brp03430	103830567
brp03430	103831716
brp03430	103832343
brp03430	103835735
brp03430	103835922
brp03430	103837365
brp03430	103837980
brp03430	103838295
brp03430	103843415
brp03430	103843463
brp03430	103843883
brp03430	103844407
brp03430	103848582
brp03430	103851417
brp03430	103852214
brp03430	103853075
brp03430	103853634
brp03430	103854671
brp03430	103855752
brp03430	103856623
brp03430	103858512
brp03430	103858779
brp03430	103859754
brp03430	103860562
brp03430	103861037
brp03430	103861568
brp03430	103862416
brp03430	103864559
brp03430	103865926
brp03430	103868024
brp03430	103868208
brp03430	103869549
brp03430	103871561
brp03430	103871760
brp03430	103873011
brp03430	103873814
brp03430	103874514
brp03440	103827589
brp03440	103828022
brp03440	103828494
brp03440	103828642
brp03440	103828938
brp03440	103830424
brp03440	103830499
brp03440	103831044
brp03440	103832186
brp03440	103832343
brp03440	103834007
brp03440	103834209
brp03440	103834937
brp03440	103836420
brp03440	103837365
brp03440	103837530
brp03440	103837980
brp03440	103838057
brp03440	103838066
brp03440	103838471
brp03440	103839872
brp03440	103842639
brp03440	103843270
brp03440	103843674
brp03440	103843883
brp03440	103844121
brp03440	103844885
brp03440	103845639
brp03440	103845677
brp03440	103848582
brp03440	103849257
brp03440	103853162
brp03440	103853296
brp03440	103853634
brp03440	103855218
brp03440	103855405
brp03440	103855752
brp03440	103856468
brp03440	103856623
brp03440	103856753
brp03440	103857408
brp03440	103857411
brp03440	103858702
brp03440	103860031
brp03440	103860454
brp03440	103860562
brp03440	103861037
brp03440	103862208
brp03440	103864299
brp03440	103864559
brp03440	103864899
brp03440	103865259
brp03440	103865926
brp03440	103866872
brp03440	103868069
brp03440	103868332
brp03440	103868605
brp03440	103869311
brp03440	103869485
brp03440	103869549
brp03440	103870901
brp03440	103871760
brp03440	103872859
brp03440	103873550
brp03440	103873814
brp03450	103833047
brp03450	103833938
brp03450	103844885
brp03450	103845154
brp03450	103857408
brp03450	103868089
brp03450	103872484
brp03450	103874470
brp03460	103827830
brp03460	103827832
brp03460	103828494
brp03460	103831023
brp03460	103832354
brp03460	103833011
brp03460	103833479
brp03460	103834937
brp03460	103837365
brp03460	103837476
brp03460	103838057
brp03460	103838066
brp03460	103838471
brp03460	103839872
brp03460	103843270
brp03460	103843883
brp03460	103845639
brp03460	103848805
brp03460	103853634
brp03460	103854575
brp03460	103855218
brp03460	103855405
brp03460	103855752
brp03460	103856468
brp03460	103856623
brp03460	103857310
brp03460	103857411
brp03460	103857678
brp03460	103858512
brp03460	103859075
brp03460	103860238
brp03460	103860562
brp03460	103861037
brp03460	103864059
brp03460	103864240
brp03460	103864299
brp03460	103864559
brp03460	103865032
brp03460	103866872
brp03460	103868069
brp03460	103868208
brp03460	103868332
brp03460	103868821
brp03460	103870844
brp03460	103870857
brp03460	103871374
brp03460	103871586
brp03460	103872859
brp03460	103873531
brp03460	103874013
brp04016	103827706
brp04016	103827766
brp04016	103827826
brp04016	103828265
brp04016	103828412
brp04016	103828561
brp04016	103829020
brp04016	103829418
brp04016	103829420
brp04016	103829497
brp04016	103829556
brp04016	103829645
brp04016	103830067
brp04016	103830167
brp04016	103830230
brp04016	103830315
brp04016	103830529
brp04016	103830637
brp04016	103830733
brp04016	103830749
brp04016	103831098
brp04016	103831104
brp04016	103831696
brp04016	103831782
brp04016	103831849
brp04016	103831878
brp04016	103832031
brp04016	103832032
brp04016	103832567
brp04016	103832833
brp04016	103832846
brp04016	103833785
brp04016	103833878
brp04016	103833881
brp04016	103833884
brp04016	103833912
brp04016	103834035
brp04016	103834286
brp04016	103834369
brp04016	103834483
brp04016	103834849
brp04016	103835320
brp04016	103835754
brp04016	103835788
brp04016	103835949
brp04016	103836581
brp04016	103836885
brp04016	103837041
brp04016	103837087
brp04016	103837288
brp04016	103837465
brp04016	103837844
brp04016	103837909
brp04016	103838093
brp04016	103838121
brp04016	103838278
brp04016	103838732
brp04016	103838792
brp04016	103839150
brp04016	103839159
brp04016	103839575
brp04016	103839578
brp04016	103839580
brp04016	103839616
brp04016	103840014
brp04016	103841572
brp04016	103841823
brp04016	103841825
brp04016	103841975
brp04016	103842153
brp04016	103842162
brp04016	103842164
brp04016	103842577
brp04016	103842656
brp04016	103842716
brp04016	103843271
brp04016	103843292
brp04016	103843360
brp04016	103843457
brp04016	103843566
brp04016	103843924
brp04016	103843946
brp04016	103844067
brp04016	103844176
brp04016	103844270
brp04016	103844644
brp04016	103844651
brp04016	103844758
brp04016	103844765
brp04016	103844797
brp04016	103844802
brp04016	103844852
brp04016	103845142
brp04016	103845336
brp04016	103845514
brp04016	103845593
brp04016	103845600
brp04016	103845609
brp04016	103845976
brp04016	103846231
brp04016	103846896
brp04016	103847064
brp04016	103847083
brp04016	103847173
brp04016	103847328
brp04016	103847363
brp04016	103847394
brp04016	103847431
brp04016	103847608
brp04016	103848042
brp04016	103850042
brp04016	103850343
brp04016	103850583
brp04016	103851397
brp04016	103851405
brp04016	103852045
brp04016	103852051
brp04016	103852729
brp04016	103852816
brp04016	103852849
brp04016	103852860
brp04016	103852987
brp04016	103853285
brp04016	103853528
brp04016	103853542
brp04016	103854166
brp04016	103854445
brp04016	103854454
brp04016	103854509
brp04016	103854644
brp04016	103854787
brp04016	103855536
brp04016	103855626
brp04016	103855807
brp04016	103855821
brp04016	103855853
brp04016	103856482
brp04016	103857095
brp04016	103857100
brp04016	103857169
brp04016	103857206
brp04016	103857216
brp04016	103857301
brp04016	103857363
brp04016	103857772
brp04016	103857785
brp04016	103857927
brp04016	103857966
brp04016	103858096
brp04016	103858337
brp04016	103858828
brp04016	103858851
brp04016	103859446
brp04016	103859448
brp04016	103859762
brp04016	103859822
brp04016	103859874
brp04016	103859895
brp04016	103859896
brp04016	103860400
brp04016	103860401
brp04016	103860656
brp04016	103860950
brp04016	103861203
brp04016	103861405
brp04016	103861526
brp04016	103861528
brp04016	103861529
brp04016	103861610
brp04016	103861611
brp04016	103862237
brp04016	103862254
brp04016	103862255
brp04016	103862259
brp04016	103862260
brp04016	103862261
brp04016	103862290
brp04016	103862308
brp04016	103862389
brp04016	103862929
brp04016	103862930
brp04016	103863085
brp04016	103863846
brp04016	103863991
brp04016	103864102
brp04016	103864444
brp04016	103864638
brp04016	103864667
brp04016	103864746
brp04016	103865027
brp04016	103865203
brp04016	103865662
brp04016	103865671
brp04016	103865789
brp04016	103866264
brp04016	103866369
brp04016	103866738
brp04016	103866947
brp04016	103866956
brp04016	103867101
brp04016	103867115
brp04016	103867653
brp04016	103867695
brp04016	103867969
brp04016	103868043
brp04016	103868068
brp04016	103868557
brp04016	103868740
brp04016	103869281
brp04016	103869534
brp04016	103869615
brp04016	103870249
brp04016	103870352
brp04016	103871366
brp04016	103871367
brp04016	103871636
brp04016	103871793
brp04016	103871868
brp04016	103872541
brp04016	103872582
brp04016	103872640
brp04016	103872721
brp04016	103872849
brp04016	103872850
brp04016	103873410
brp04016	103873625
brp04016	103873747
brp04016	103873775
brp04016	103873935
brp04016	103874395
brp04016	103874661
brp04016	103874758
brp04016	103874915
brp04016	117127546
brp04016	117132949
brp04070	103828094
brp04070	103828372
brp04070	103829645
brp04070	103830067
brp04070	103830078
brp04070	103830992
brp04070	103831104
brp04070	103831220
brp04070	103832250
brp04070	103834460
brp04070	103835143
brp04070	103835178
brp04070	103835710
brp04070	103835719
brp04070	103836876
brp04070	103837041
brp04070	103837273
brp04070	103837288
brp04070	103837393
brp04070	103837510
brp04070	103837660
brp04070	103837919
brp04070	103838018
brp04070	103838396
brp04070	103838479
brp04070	103838506
brp04070	103839278
brp04070	103840013
brp04070	103840263
brp04070	103841072
brp04070	103841495
brp04070	103841572
brp04070	103841600
brp04070	103841908
brp04070	103842143
brp04070	103842149
brp04070	103842575
brp04070	103843268
brp04070	103844358
brp04070	103844650
brp04070	103845299
brp04070	103845301
brp04070	103845302
brp04070	103845600
brp04070	103846299
brp04070	103846446
brp04070	103847062
brp04070	103847280
brp04070	103847443
brp04070	103848042
brp04070	103848640
brp04070	103848812
brp04070	103848861
brp04070	103848932
brp04070	103849070
brp04070	103850078
brp04070	103850140
brp04070	103850551
brp04070	103850671
brp04070	103851405
brp04070	103851627
brp04070	103851631
brp04070	103852440
brp04070	103852695
brp04070	103852752
brp04070	103853093
brp04070	103854166
brp04070	103855221
brp04070	103855225
brp04070	103855751
brp04070	103856107
brp04070	103856211
brp04070	103856482
brp04070	103856668
brp04070	103856737
brp04070	103857907
brp04070	103857966
brp04070	103857971
brp04070	103858158
brp04070	103858920
brp04070	103859253
brp04070	103859563
brp04070	103859981
brp04070	103860402
brp04070	103860644
brp04070	103861810
brp04070	103862265
brp04070	103863076
brp04070	103863085
brp04070	103863617
brp04070	103863839
brp04070	103864746
brp04070	103866016
brp04070	103866540
brp04070	103866590
brp04070	103866980
brp04070	103868655
brp04070	103869460
brp04070	103870506
brp04070	103870613
brp04070	103870884
brp04070	103871306
brp04070	103871413
brp04070	103871866
brp04070	103872374
brp04070	103873625
brp04070	103873784
brp04070	103873815
brp04070	103873817
brp04070	103873819
brp04070	103873826
brp04070	103875176
brp04075	103827548
brp04075	103827557
brp04075	103827572
brp04075	103827598
brp04075	103827632
brp04075	103827660
brp04075	103827706
brp04075	103827726
brp04075	103827766
brp04075	103827816
brp04075	103827855
brp04075	103827907
brp04075	103827928
brp04075	103827945
brp04075	103828007
brp04075	103828047
brp04075	103828083
brp04075	103828085
brp04075	103828111
brp04075	103828112
brp04075	103828265
brp04075	103828351
brp04075	103828413
brp04075	103828438
brp04075	103828711
brp04075	103829030
brp04075	103829070
brp04075	103829073
brp04075	103829134
brp04075	103829217
brp04075	103829427
brp04075	103829473
brp04075	103829523
brp04075	103829540
brp04075	103829556
brp04075	103829620
brp04075	103829645
brp04075	103829704
brp04075	103829732
brp04075	103829919
brp04075	103830067
brp04075	103830070
brp04075	103830083
brp04075	103830086
brp04075	103830107
brp04075	103830167
brp04075	103830230
brp04075	103830257
brp04075	103830315
brp04075	103830338
brp04075	103830339
brp04075	103830378
brp04075	103830382
brp04075	103830419
brp04075	103830447
brp04075	103830529
brp04075	103830545
brp04075	103830547
brp04075	103830556
brp04075	103830643
brp04075	103830669
brp04075	103830675
brp04075	103830681
brp04075	103830733
brp04075	103830876
brp04075	103831018
brp04075	103831066
brp04075	103831090
brp04075	103831098
brp04075	103831104
brp04075	103831193
brp04075	103831195
brp04075	103831237
brp04075	103831279
brp04075	103831591
brp04075	103831604
brp04075	103831753
brp04075	103831782
brp04075	103831849
brp04075	103831935
brp04075	103831948
brp04075	103831954
brp04075	103831968
brp04075	103832007
brp04075	103832008
brp04075	103832048
brp04075	103832069
brp04075	103832145
brp04075	103832219
brp04075	103832391
brp04075	103832468
brp04075	103832490
brp04075	103832822
brp04075	103832833
brp04075	103832846
brp04075	103832930
brp04075	103832960
brp04075	103833178
brp04075	103833444
brp04075	103833452
brp04075	103833698
brp04075	103833785
brp04075	103833878
brp04075	103834035
brp04075	103834036
brp04075	103834080
brp04075	103834255
brp04075	103834295
brp04075	103834323
brp04075	103834390
brp04075	103834391
brp04075	103834392
brp04075	103834414
brp04075	103834430
brp04075	103834483
brp04075	103834513
brp04075	103834524
brp04075	103834554
brp04075	103834602
brp04075	103834686
brp04075	103834703
brp04075	103834745
brp04075	103834796
brp04075	103834847
brp04075	103834849
brp04075	103834917
brp04075	103834921
brp04075	103835022
brp04075	103835122
brp04075	103835126
brp04075	103835219
brp04075	103835269
brp04075	103835270
brp04075	103835271
brp04075	103835272
brp04075	103835320
brp04075	103835680
brp04075	103835711
brp04075	103835754
brp04075	103835828
brp04075	103835829
brp04075	103835847
brp04075	103835858
brp04075	103835861
brp04075	103835869
brp04075	103835949
brp04075	103835959
brp04075	103835963
brp04075	103836140
brp04075	103836581
brp04075	103836586
brp04075	103836703
brp04075	103836849
brp04075	103836881
brp04075	103836904
brp04075	103836954
brp04075	103837041
brp04075	103837057
brp04075	103837087
brp04075	103837094
brp04075	103837105
brp04075	103837209
brp04075	103837288
brp04075	103837398
brp04075	103837451
brp04075	103837533
brp04075	103837568
brp04075	103837589
brp04075	103837675
brp04075	103837678
brp04075	103837793
brp04075	103837798
brp04075	103837834
brp04075	103837929
brp04075	103838084
brp04075	103838218
brp04075	103838271
brp04075	103838572
brp04075	103838640
brp04075	103838679
brp04075	103838698
brp04075	103838951
brp04075	103838986
brp04075	103839002
brp04075	103839230
brp04075	103839478
brp04075	103839538
brp04075	103839575
brp04075	103839578
brp04075	103839580
brp04075	103839672
brp04075	103839820
brp04075	103839891
brp04075	103839942
brp04075	103839967
brp04075	103840407
brp04075	103840477
brp04075	103840479
brp04075	103840483
brp04075	103840684
brp04075	103840774
brp04075	103840776
brp04075	103840901
brp04075	103840923
brp04075	103840959
brp04075	103841039
brp04075	103841112
brp04075	103841126
brp04075	103841250
brp04075	103841388
brp04075	103841511
brp04075	103841546
brp04075	103841572
brp04075	103841580
brp04075	103841583
brp04075	103841610
brp04075	103841622
brp04075	103841658
brp04075	103841766
brp04075	103841823
brp04075	103841825
brp04075	103841882
brp04075	103841914
brp04075	103842002
brp04075	103842013
brp04075	103842035
brp04075	103842038
brp04075	103842104
brp04075	103842107
brp04075	103842164
brp04075	103842249
brp04075	103842426
brp04075	103842548
brp04075	103842560
brp04075	103842649
brp04075	103842660
brp04075	103842661
brp04075	103842676
brp04075	103842752
brp04075	103842847
brp04075	103842892
brp04075	103843043
brp04075	103843104
brp04075	103843271
brp04075	103843291
brp04075	103843292
brp04075	103843293
brp04075	103843294
brp04075	103843349
brp04075	103843404
brp04075	103843457
brp04075	103843566
brp04075	103843640
brp04075	103843644
brp04075	103843662
brp04075	103843664
brp04075	103843665
brp04075	103843946
brp04075	103844067
brp04075	103844236
brp04075	103844245
brp04075	103844270
brp04075	103844275
brp04075	103844276
brp04075	103844281
brp04075	103844287
brp04075	103844297
brp04075	103844506
brp04075	103844644
brp04075	103844677
brp04075	103844765
brp04075	103844797
brp04075	103844834
brp04075	103844852
brp04075	103844858
brp04075	103844927
brp04075	103845114
brp04075	103845142
brp04075	103845176
brp04075	103845191
brp04075	103845192
brp04075	103845289
brp04075	103845336
brp04075	103845463
brp04075	103845600
brp04075	103845609
brp04075	103845632
brp04075	103845633
brp04075	103845643
brp04075	103845646
brp04075	103845650
brp04075	103845752
brp04075	103845759
brp04075	103845871
brp04075	103845872
brp04075	103845874
brp04075	103845876
brp04075	103845877
brp04075	103845878
brp04075	103845879
brp04075	103845880
brp04075	103845881
brp04075	103845882
brp04075	103845883
brp04075	103845907
brp04075	103845918
brp04075	103845976
brp04075	103846320
brp04075	103846447
brp04075	103846577
brp04075	103846581
brp04075	103846592
brp04075	103846628
brp04075	103846661
brp04075	103846673
brp04075	103846731
brp04075	103846762
brp04075	103846823
brp04075	103846841
brp04075	103846896
brp04075	103847025
brp04075	103847035
brp04075	103847079
brp04075	103847173
brp04075	103847252
brp04075	103847328
brp04075	103847363
brp04075	103847364
brp04075	103847394
brp04075	103847431
brp04075	103847503
brp04075	103847608
brp04075	103847622
brp04075	103847729
brp04075	103847985
brp04075	103848025
brp04075	103848042
brp04075	103848367
brp04075	103848567
brp04075	103848751
brp04075	103848845
brp04075	103849138
brp04075	103849192
brp04075	103849205
brp04075	103849715
brp04075	103849941
brp04075	103850030
brp04075	103850042
brp04075	103850290
brp04075	103850343
brp04075	103850347
brp04075	103850583
brp04075	103850638
brp04075	103850647
brp04075	103850766
brp04075	103850818
brp04075	103850830
brp04075	103850854
brp04075	103850859
brp04075	103850862
brp04075	103851053
brp04075	103851147
brp04075	103851148
brp04075	103851150
brp04075	103851151
brp04075	103851152
brp04075	103851153
brp04075	103851154
brp04075	103851155
brp04075	103851156
brp04075	103851158
brp04075	103851160
brp04075	103851267
brp04075	103851273
brp04075	103851373
brp04075	103851375
brp04075	103851386
brp04075	103851397
brp04075	103851405
brp04075	103851662
brp04075	103851735
brp04075	103851777
brp04075	103851779
brp04075	103851805
brp04075	103851955
brp04075	103851967
brp04075	103852007
brp04075	103852023
brp04075	103852051
brp04075	103852144
brp04075	103852318
brp04075	103852324
brp04075	103852664
brp04075	103852676
brp04075	103852730
brp04075	103852783
brp04075	103852816
brp04075	103852852
brp04075	103852860
brp04075	103852925
brp04075	103852961
brp04075	103852965
brp04075	103852975
brp04075	103853056
brp04075	103853090
brp04075	103853611
brp04075	103853794
brp04075	103853851
brp04075	103854000
brp04075	103854001
brp04075	103854012
brp04075	103854037
brp04075	103854042
brp04075	103854095
brp04075	103854158
brp04075	103854166
brp04075	103854273
brp04075	103854290
brp04075	103854644
brp04075	103854740
brp04075	103854890
brp04075	103854893
brp04075	103854894
brp04075	103854970
brp04075	103855020
brp04075	103855161
brp04075	103855208
brp04075	103855287
brp04075	103855311
brp04075	103855317
brp04075	103855536
brp04075	103855591
brp04075	103855626
brp04075	103855703
brp04075	103855720
brp04075	103855807
brp04075	103855821
brp04075	103855853
brp04075	103855933
brp04075	103855956
brp04075	103856007
brp04075	103856011
brp04075	103856013
brp04075	103856275
brp04075	103856276
brp04075	103856277
brp04075	103856278
brp04075	103856279
brp04075	103856281
brp04075	103856282
brp04075	103856290
brp04075	103856463
brp04075	103856482
brp04075	103856756
brp04075	103856792
brp04075	103857039
brp04075	103857100
brp04075	103857169
brp04075	103857183
brp04075	103857272
brp04075	103857363
brp04075	103857378
brp04075	103857480
brp04075	103857611
brp04075	103857635
brp04075	103857652
brp04075	103857656
brp04075	103857759
brp04075	103857772
brp04075	103857806
brp04075	103857828
brp04075	103857890
brp04075	103857897
brp04075	103857927
brp04075	103857946
brp04075	103857966
brp04075	103857967
brp04075	103857977
brp04075	103858039
brp04075	103858096
brp04075	103858167
brp04075	103858212
brp04075	103858304
brp04075	103858337
brp04075	103858375
brp04075	103858403
brp04075	103858456
brp04075	103858524
brp04075	103858526
brp04075	103858566
brp04075	103858630
brp04075	103858715
brp04075	103858725
brp04075	103858828
brp04075	103858858
brp04075	103858879
brp04075	103859356
brp04075	103859437
brp04075	103859470
brp04075	103859627
brp04075	103859640
brp04075	103859666
brp04075	103859673
brp04075	103859684
brp04075	103859715
brp04075	103859729
brp04075	103859795
brp04075	103859804
brp04075	103859822
brp04075	103859857
brp04075	103859874
brp04075	103859895
brp04075	103859896
brp04075	103859988
brp04075	103859990
brp04075	103860183
brp04075	103860324
brp04075	103860344
brp04075	103860400
brp04075	103860401
brp04075	103860442
brp04075	103860467
brp04075	103860510
brp04075	103860578
brp04075	103860643
brp04075	103860656
brp04075	103860664
brp04075	103860730
brp04075	103860825
brp04075	103860950
brp04075	103860960
brp04075	103861010
brp04075	103861322
brp04075	103861332
brp04075	103861422
brp04075	103861451
brp04075	103861608
brp04075	103861611
brp04075	103861615
brp04075	103861684
brp04075	103861839
brp04075	103861847
brp04075	103861927
brp04075	103861934
brp04075	103861935
brp04075	103862042
brp04075	103862099
brp04075	103862115
brp04075	103862237
brp04075	103862245
brp04075	103862246
brp04075	103862254
brp04075	103862255
brp04075	103862259
brp04075	103862260
brp04075	103862261
brp04075	103862290
brp04075	103862298
brp04075	103862308
brp04075	103862322
brp04075	103862373
brp04075	103862374
brp04075	103862378
brp04075	103862382
brp04075	103862443
brp04075	103862455
brp04075	103862456
brp04075	103862496
brp04075	103862743
brp04075	103862757
brp04075	103862810
brp04075	103862867
brp04075	103862929
brp04075	103862930
brp04075	103863065
brp04075	103863083
brp04075	103863085
brp04075	103863087
brp04075	103863334
brp04075	103863514
brp04075	103863597
brp04075	103863707
brp04075	103863734
brp04075	103863832
brp04075	103863846
brp04075	103863886
brp04075	103863907
brp04075	103864102
brp04075	103864374
brp04075	103864398
brp04075	103864444
brp04075	103864549
brp04075	103864613
brp04075	103864638
brp04075	103864667
brp04075	103864746
brp04075	103864923
brp04075	103865093
brp04075	103865132
brp04075	103865306
brp04075	103865491
brp04075	103865523
brp04075	103865524
brp04075	103865529
brp04075	103865560
brp04075	103865573
brp04075	103865653
brp04075	103865662
brp04075	103865754
brp04075	103865789
brp04075	103865861
brp04075	103865872
brp04075	103865880
brp04075	103865897
brp04075	103865903
brp04075	103865911
brp04075	103866034
brp04075	103866275
brp04075	103866295
brp04075	103866296
brp04075	103866316
brp04075	103866348
brp04075	103866369
brp04075	103866414
brp04075	103866442
brp04075	103866459
brp04075	103866475
brp04075	103866529
brp04075	103866533
brp04075	103866550
brp04075	103866551
brp04075	103866595
brp04075	103866738
brp04075	103866956
brp04075	103866974
brp04075	103866997
brp04075	103867115
brp04075	103867136
brp04075	103867231
brp04075	103867300
brp04075	103867306
brp04075	103867500
brp04075	103867547
brp04075	103867554
brp04075	103867695
brp04075	103867868
brp04075	103867875
brp04075	103868043
brp04075	103868048
brp04075	103868068
brp04075	103868095
brp04075	103868141
brp04075	103868165
brp04075	103868242
brp04075	103868557
brp04075	103868658
brp04075	103868814
brp04075	103868941
brp04075	103868947
brp04075	103869078
brp04075	103869281
brp04075	103869470
brp04075	103869492
brp04075	103869637
brp04075	103869648
brp04075	103869675
brp04075	103869728
brp04075	103869753
brp04075	103869828
brp04075	103869905
brp04075	103870141
brp04075	103870220
brp04075	103870263
brp04075	103870352
brp04075	103870444
brp04075	103870512
brp04075	103870600
brp04075	103870853
brp04075	103871179
brp04075	103871247
brp04075	103871366
brp04075	103871367
brp04075	103871400
brp04075	103871436
brp04075	103871447
brp04075	103871448
brp04075	103871469
brp04075	103871579
brp04075	103871725
brp04075	103871817
brp04075	103871835
brp04075	103871836
brp04075	103871837
brp04075	103871868
brp04075	103872246
brp04075	103872297
brp04075	103872443
brp04075	103872541
brp04075	103872642
brp04075	103872695
brp04075	103872707
brp04075	103872713
brp04075	103872719
brp04075	103872733
brp04075	103872784
brp04075	103872789
brp04075	103872791
brp04075	103872840
brp04075	103872978
brp04075	103873063
brp04075	103873174
brp04075	103873220
brp04075	103873307
brp04075	103873410
brp04075	103873490
brp04075	103873625
brp04075	103873649
brp04075	103873693
brp04075	103873775
brp04075	103873935
brp04075	103873950
brp04075	103874002
brp04075	103874025
brp04075	103874056
brp04075	103874091
brp04075	103874097
brp04075	103874162
brp04075	103874185
brp04075	103874229
brp04075	103874315
brp04075	103874395
brp04075	103874420
brp04075	103874434
brp04075	103874547
brp04075	103874638
brp04075	103874727
brp04075	103874758
brp04075	103875029
brp04075	103875080
brp04075	108869402
brp04075	108870343
brp04075	108871385
brp04075	108872261
brp04075	117125603
brp04075	117126501
brp04075	117126689
brp04075	117127445
brp04075	117127546
brp04075	117127712
brp04075	117132419
brp04075	117132657
brp04075	117132949
brp04081	103834412
brp04081	103837655
brp04081	103842378
brp04081	103845692
brp04081	103851338
brp04081	103852293
brp04081	103855527
brp04081	103856437
brp04081	103858313
brp04081	103858388
brp04081	103862010
brp04081	103862350
brp04081	103862572
brp04081	103867102
brp04082	103834412
brp04082	103837655
brp04082	103841386
brp04082	103847472
brp04082	103854169
brp04082	103855450
brp04082	103856818
brp04082	103857969
brp04082	103860137
brp04082	103862350
brp04082	103865703
brp04082	103865864
brp04082	103866539
brp04082	103867061
brp04082	103875113
brp04120	103249165
brp04120	103827507
brp04120	103827747
brp04120	103828263
brp04120	103829274
brp04120	103829298
brp04120	103829444
brp04120	103829446
brp04120	103830011
brp04120	103830122
brp04120	103830135
brp04120	103830241
brp04120	103830327
brp04120	103830351
brp04120	103830576
brp04120	103830630
brp04120	103830766
brp04120	103831113
brp04120	103831115
brp04120	103831521
brp04120	103831997
brp04120	103832041
brp04120	103832158
brp04120	103832351
brp04120	103832364
brp04120	103832701
brp04120	103832976
brp04120	103833218
brp04120	103834207
brp04120	103834437
brp04120	103834781
brp04120	103834788
brp04120	103835004
brp04120	103835175
brp04120	103835615
brp04120	103835748
brp04120	103835962
brp04120	103835981
brp04120	103836076
brp04120	103836369
brp04120	103836709
brp04120	103836734
brp04120	103837912
brp04120	103838144
brp04120	103838220
brp04120	103838224
brp04120	103838597
brp04120	103839014
brp04120	103839263
brp04120	103839436
brp04120	103839514
brp04120	103839622
brp04120	103839698
brp04120	103839745
brp04120	103839752
brp04120	103839755
brp04120	103839917
brp04120	103840247
brp04120	103840654
brp04120	103840761
brp04120	103840805
brp04120	103841189
brp04120	103841444
brp04120	103841498
brp04120	103841687
brp04120	103841701
brp04120	103841836
brp04120	103841855
brp04120	103841856
brp04120	103841857
brp04120	103842046
brp04120	103842524
brp04120	103842801
brp04120	103842824
brp04120	103842970
brp04120	103843371
brp04120	103843544
brp04120	103844026
brp04120	103844248
brp04120	103844808
brp04120	103845050
brp04120	103845345
brp04120	103845355
brp04120	103845501
brp04120	103845664
brp04120	103845774
brp04120	103845815
brp04120	103846023
brp04120	103846025
brp04120	103846414
brp04120	103846866
brp04120	103846988
brp04120	103847397
brp04120	103848411
brp04120	103848439
brp04120	103848719
brp04120	103848904
brp04120	103849943
brp04120	103850097
brp04120	103850216
brp04120	103850224
brp04120	103850413
brp04120	103850463
brp04120	103850589
brp04120	103850982
brp04120	103851192
brp04120	103851357
brp04120	103851586
brp04120	103851625
brp04120	103851847
brp04120	103852040
brp04120	103852213
brp04120	103852996
brp04120	103853091
brp04120	103853148
brp04120	103853691
brp04120	103853981
brp04120	103854364
brp04120	103854419
brp04120	103854697
brp04120	103854743
brp04120	103855016
brp04120	103855501
brp04120	103855606
brp04120	103855632
brp04120	103856035
brp04120	103856325
brp04120	103856370
brp04120	103856451
brp04120	103856536
brp04120	103856649
brp04120	103856951
brp04120	103857138
brp04120	103857263
brp04120	103857391
brp04120	103857446
brp04120	103857607
brp04120	103857680
brp04120	103858006
brp04120	103858201
brp04120	103858235
brp04120	103858553
brp04120	103858613
brp04120	103858685
brp04120	103858756
brp04120	103859125
brp04120	103859333
brp04120	103859530
brp04120	103859619
brp04120	103860069
brp04120	103860460
brp04120	103860482
brp04120	103860493
brp04120	103861345
brp04120	103862229
brp04120	103862470
brp04120	103862491
brp04120	103862724
brp04120	103862793
brp04120	103862794
brp04120	103862812
brp04120	103862920
brp04120	103863005
brp04120	103863023
brp04120	103863169
brp04120	103863441
brp04120	103863453
brp04120	103863762
brp04120	103863945
brp04120	103864075
brp04120	103864092
brp04120	103864155
brp04120	103864277
brp04120	103864598
brp04120	103865012
brp04120	103865262
brp04120	103865294
brp04120	103865631
brp04120	103865798
brp04120	103865920
brp04120	103866261
brp04120	103867065
brp04120	103867308
brp04120	103867310
brp04120	103867542
brp04120	103867588
brp04120	103867592
brp04120	103867677
brp04120	103867752
brp04120	103867898
brp04120	103867982
brp04120	103868454
brp04120	103868465
brp04120	103868621
brp04120	103868687
brp04120	103868723
brp04120	103868813
brp04120	103869289
brp04120	103869364
brp04120	103869709
brp04120	103869834
brp04120	103869928
brp04120	103869994
brp04120	103870120
brp04120	103870601
brp04120	103870675
brp04120	103871016
brp04120	103871164
brp04120	103871344
brp04120	103871441
brp04120	103871442
brp04120	103871629
brp04120	103872071
brp04120	103872232
brp04120	103872474
brp04120	103872515
brp04120	103872814
brp04120	103873172
brp04120	103874013
brp04120	103874045
brp04120	103874046
brp04120	103874080
brp04120	103874170
brp04120	103874694
brp04120	117125843
brp04120	117128071
brp04120	117128334
brp04120	117128573
brp04120	117132554
brp04120	117132555
brp04122	103830493
brp04122	103832066
brp04122	103832400
brp04122	103837592
brp04122	103838898
brp04122	103843784
brp04122	103844958
brp04122	103851902
brp04122	103857407
brp04122	103858185
brp04122	103865246
brp04122	103866106
brp04122	103866742
brp04122	103866783
brp04122	103872432
brp04122	103874011
brp04130	103828219
brp04130	103828405
brp04130	103828638
brp04130	103828645
brp04130	103828987
brp04130	103829004
brp04130	103829198
brp04130	103829971
brp04130	103830146
brp04130	103831757
brp04130	103832523
brp04130	103833440
brp04130	103833525
brp04130	103834573
brp04130	103835301
brp04130	103835316
brp04130	103836016
brp04130	103836200
brp04130	103836242
brp04130	103836384
brp04130	103836555
brp04130	103836768
brp04130	103837204
brp04130	103838947
brp04130	103841346
brp04130	103841471
brp04130	103841711
brp04130	103841967
brp04130	103842859
brp04130	103842875
brp04130	103843217
brp04130	103843248
brp04130	103843634
brp04130	103844224
brp04130	103845243
brp04130	103846692
brp04130	103846749
brp04130	103847125
brp04130	103847949
brp04130	103849505
brp04130	103849621
brp04130	103849906
brp04130	103850144
brp04130	103850682
brp04130	103851245
brp04130	103851436
brp04130	103851654
brp04130	103851663
brp04130	103853203
brp04130	103855184
brp04130	103855641
brp04130	103855748
brp04130	103855758
brp04130	103856513
brp04130	103857133
brp04130	103857434
brp04130	103857472
brp04130	103858165
brp04130	103859411
brp04130	103860032
brp04130	103860759
brp04130	103863239
brp04130	103863466
brp04130	103865217
brp04130	103865243
brp04130	103866197
brp04130	103867243
brp04130	103867567
brp04130	103867620
brp04130	103870341
brp04130	103870522
brp04130	103870798
brp04130	103871259
brp04130	103871600
brp04130	103871886
brp04130	103872051
brp04130	103872386
brp04130	103872414
brp04130	103873425
brp04130	103874081
brp04136	103829550
brp04136	103830129
brp04136	103830163
brp04136	103830319
brp04136	103831543
brp04136	103834654
brp04136	103837724
brp04136	103837855
brp04136	103838506
brp04136	103838577
brp04136	103838714
brp04136	103839823
brp04136	103841728
brp04136	103841848
brp04136	103842762
brp04136	103843301
brp04136	103843869
brp04136	103844779
brp04136	103846258
brp04136	103847692
brp04136	103849545
brp04136	103850511
brp04136	103850662
brp04136	103851096
brp04136	103852366
brp04136	103853623
brp04136	103853668
brp04136	103854482
brp04136	103857739
brp04136	103858019
brp04136	103858161
brp04136	103859157
brp04136	103859328
brp04136	103859686
brp04136	103860339
brp04136	103860600
brp04136	103860860
brp04136	103861273
brp04136	103861971
brp04136	103862002
brp04136	103862922
brp04136	103862981
brp04136	103863274
brp04136	103865117
brp04136	103865953
brp04136	103866195
brp04136	103866645
brp04136	103866769
brp04136	103868162
brp04136	103869487
brp04136	103869528
brp04136	103869606
brp04136	103869844
brp04136	103869900
brp04136	103870078
brp04136	103870584
brp04136	103870662
brp04136	103871063
brp04136	103871369
brp04136	103871815
brp04136	103873481
brp04141	103249148
brp04141	103249161
brp04141	103827559
brp04141	103827566
brp04141	103827587
brp04141	103827635
brp04141	103827962
brp04141	103828373
brp04141	103828629
brp04141	103828680
brp04141	103829083
brp04141	103829367
brp04141	103829371
brp04141	103829444
brp04141	103829446
brp04141	103829578
brp04141	103829916
brp04141	103830011
brp04141	103830134
brp04141	103830241
brp04141	103830360
brp04141	103830364
brp04141	103830389
brp04141	103830407
brp04141	103830472
brp04141	103830630
brp04141	103831024
brp04141	103831105
brp04141	103831124
brp04141	103831647
brp04141	103831735
brp04141	103832041
brp04141	103832096
brp04141	103832197
brp04141	103832359
brp04141	103832638
brp04141	103832802
brp04141	103832838
brp04141	103832976
brp04141	103833095
brp04141	103833508
brp04141	103834220
brp04141	103834227
brp04141	103834540
brp04141	103834771
brp04141	103834881
brp04141	103834913
brp04141	103834915
brp04141	103835190
brp04141	103835247
brp04141	103835563
brp04141	103835729
brp04141	103835736
brp04141	103835882
brp04141	103835962
brp04141	103836006
brp04141	103836227
brp04141	103836348
brp04141	103836350
brp04141	103836390
brp04141	103836527
brp04141	103836551
brp04141	103836734
brp04141	103836780
brp04141	103837395
brp04141	103837399
brp04141	103837502
brp04141	103837704
brp04141	103837794
brp04141	103838144
brp04141	103838220
brp04141	103838690
brp04141	103838691
brp04141	103839033
brp04141	103839376
brp04141	103839514
brp04141	103839809
brp04141	103839847
brp04141	103840023
brp04141	103840065
brp04141	103840178
brp04141	103840247
brp04141	103840441
brp04141	103840500
brp04141	103840633
brp04141	103841134
brp04141	103841155
brp04141	103841303
brp04141	103841330
brp04141	103841408
brp04141	103841444
brp04141	103841641
brp04141	103841700
brp04141	103841836
brp04141	103841855
brp04141	103841856
brp04141	103841857
brp04141	103842067
brp04141	103842135
brp04141	103842285
brp04141	103842338
brp04141	103842509
brp04141	103842542
brp04141	103842553
brp04141	103842801
brp04141	103842858
brp04141	103843216
brp04141	103843285
brp04141	103843363
brp04141	103843398
brp04141	103844188
brp04141	103844206
brp04141	103844749
brp04141	103844808
brp04141	103845050
brp04141	103845078
brp04141	103845355
brp04141	103845392
brp04141	103845411
brp04141	103845440
brp04141	103845464
brp04141	103845478
brp04141	103845575
brp04141	103845576
brp04141	103845664
brp04141	103845732
brp04141	103845986
brp04141	103846025
brp04141	103846035
brp04141	103846357
brp04141	103846358
brp04141	103846414
brp04141	103846518
brp04141	103846598
brp04141	103846672
brp04141	103846916
brp04141	103847406
brp04141	103847444
brp04141	103847445
brp04141	103847447
brp04141	103847526
brp04141	103847648
brp04141	103847650
brp04141	103847873
brp04141	103848077
brp04141	103848439
brp04141	103848719
brp04141	103848826
brp04141	103849092
brp04141	103849496
brp04141	103850114
brp04141	103850248
brp04141	103850604
brp04141	103850648
brp04141	103850674
brp04141	103850811
brp04141	103850914
brp04141	103850982
brp04141	103851357
brp04141	103851393
brp04141	103851419
brp04141	103851496
brp04141	103851557
brp04141	103851586
brp04141	103851847
brp04141	103851851
brp04141	103851857
brp04141	103852040
brp04141	103852189
brp04141	103852213
brp04141	103852996
brp04141	103853076
brp04141	103853218
brp04141	103853335
brp04141	103853398
brp04141	103853697
brp04141	103854046
brp04141	103854073
brp04141	103854291
brp04141	103854553
brp04141	103854961
brp04141	103855472
brp04141	103855479
brp04141	103856052
brp04141	103856389
brp04141	103856390
brp04141	103856451
brp04141	103856475
brp04141	103856495
brp04141	103856559
brp04141	103856611
brp04141	103856924
brp04141	103856932
brp04141	103856951
brp04141	103856953
brp04141	103856958
brp04141	103857187
brp04141	103857287
brp04141	103857349
brp04141	103857525
brp04141	103857669
brp04141	103857925
brp04141	103858089
brp04141	103858150
brp04141	103858248
brp04141	103858453
brp04141	103858554
brp04141	103858648
brp04141	103858756
brp04141	103858773
brp04141	103858778
brp04141	103858834
brp04141	103858967
brp04141	103859173
brp04141	103859201
brp04141	103859279
brp04141	103859298
brp04141	103859333
brp04141	103859451
brp04141	103859452
brp04141	103859481
brp04141	103859533
brp04141	103859777
brp04141	103859821
brp04141	103859879
brp04141	103859891
brp04141	103860482
brp04141	103860487
brp04141	103860601
brp04141	103860878
brp04141	103861216
brp04141	103861480
brp04141	103861513
brp04141	103861538
brp04141	103861695
brp04141	103861819
brp04141	103861821
brp04141	103861900
brp04141	103861913
brp04141	103861962
brp04141	103862147
brp04141	103862711
brp04141	103862741
brp04141	103862783
brp04141	103862920
brp04141	103862989
brp04141	103863008
brp04141	103863030
brp04141	103863169
brp04141	103863262
brp04141	103863479
brp04141	103863558
brp04141	103863742
brp04141	103863786
brp04141	103864251
brp04141	103864264
brp04141	103864301
brp04141	103864366
brp04141	103864367
brp04141	103864368
brp04141	103864938
brp04141	103865005
brp04141	103865320
brp04141	103865783
brp04141	103866054
brp04141	103866191
brp04141	103866377
brp04141	103866860
brp04141	103866961
brp04141	103867067
brp04141	103867189
brp04141	103867471
brp04141	103867521
brp04141	103867529
brp04141	103867595
brp04141	103867947
brp04141	103867988
brp04141	103868031
brp04141	103868687
brp04141	103868813
brp04141	103868815
brp04141	103868894
brp04141	103869203
brp04141	103869217
brp04141	103869321
brp04141	103869325
brp04141	103869516
brp04141	103869994
brp04141	103870349
brp04141	103870514
brp04141	103870549
brp04141	103870601
brp04141	103870635
brp04141	103870675
brp04141	103870702
brp04141	103870726
brp04141	103870972
brp04141	103871208
brp04141	103871222
brp04141	103871276
brp04141	103871327
brp04141	103871441
brp04141	103871442
brp04141	103871647
brp04141	103871649
brp04141	103872405
brp04141	103872412
brp04141	103872515
brp04141	103872588
brp04141	103872727
brp04141	103872814
brp04141	103873005
brp04141	103873019
brp04141	103873129
brp04141	103873314
brp04141	103873468
brp04141	103873801
brp04141	103874122
brp04141	103874189
brp04141	103874613
brp04141	103874978
brp04141	103875016
brp04141	103875375
brp04141	108870147
brp04141	108870184
brp04141	117128334
brp04141	117128573
brp04142	103827536
brp04142	103827543
brp04142	103827544
brp04142	103827656
brp04142	103827721
brp04142	103828078
brp04142	103828080
brp04142	103828108
brp04142	103828279
brp04142	103828348
brp04142	103828445
brp04142	103828480
brp04142	103828521
brp04142	103829137
brp04142	103829252
brp04142	103829320
brp04142	103829438
brp04142	103829467
brp04142	103829512
brp04142	103829698
brp04142	103829750
brp04142	103829971
brp04142	103830024
brp04142	103830181
brp04142	103830254
brp04142	103830460
brp04142	103830510
brp04142	103830770
brp04142	103830809
brp04142	103830827
brp04142	103831061
brp04142	103831209
brp04142	103832036
brp04142	103832047
brp04142	103832250
brp04142	103832367
brp04142	103832453
brp04142	103832803
brp04142	103832953
brp04142	103833252
brp04142	103833525
brp04142	103833748
brp04142	103833875
brp04142	103833885
brp04142	103833900
brp04142	103833994
brp04142	103834013
brp04142	103834073
brp04142	103834252
brp04142	103834393
brp04142	103834555
brp04142	103834573
brp04142	103834836
brp04142	103834903
brp04142	103835145
brp04142	103835147
brp04142	103835154
brp04142	103835158
brp04142	103835189
brp04142	103835524
brp04142	103835541
brp04142	103835692
brp04142	103835694
brp04142	103835823
brp04142	103836056
brp04142	103836138
brp04142	103836160
brp04142	103836555
brp04142	103836648
brp04142	103836658
brp04142	103836684
brp04142	103836729
brp04142	103836809
brp04142	103836891
brp04142	103837028
brp04142	103837111
brp04142	103837294
brp04142	103837605
brp04142	103837716
brp04142	103837983
brp04142	103838034
brp04142	103838040
brp04142	103838142
brp04142	103838673
brp04142	103838846
brp04142	103839022
brp04142	103839297
brp04142	103839457
brp04142	103839458
brp04142	103839533
brp04142	103839590
brp04142	103839766
brp04142	103839767
brp04142	103839771
brp04142	103839772
brp04142	103840013
brp04142	103840230
brp04142	103840380
brp04142	103840585
brp04142	103840720
brp04142	103840942
brp04142	103841052
brp04142	103841113
brp04142	103841331
brp04142	103841346
brp04142	103841389
brp04142	103841406
brp04142	103841454
brp04142	103841748
brp04142	103842143
brp04142	103842166
brp04142	103842218
brp04142	103842427
brp04142	103842492
brp04142	103842528
brp04142	103842754
brp04142	103842755
brp04142	103842762
brp04142	103842767
brp04142	103842957
brp04142	103843100
brp04142	103843257
brp04142	103843338
brp04142	103843598
brp04142	103843634
brp04142	103843921
brp04142	103844224
brp04142	103844717
brp04142	103844828
brp04142	103845366
brp04142	103845456
brp04142	103845528
brp04142	103845640
brp04142	103845916
brp04142	103845962
brp04142	103846594
brp04142	103846749
brp04142	103846965
brp04142	103847080
brp04142	103847160
brp04142	103847477
brp04142	103847494
brp04142	103848174
brp04142	103848303
brp04142	103848346
brp04142	103848757
brp04142	103848812
brp04142	103849545
brp04142	103849582
brp04142	103850074
brp04142	103850199
brp04142	103850260
brp04142	103850851
brp04142	103850852
brp04142	103850890
brp04142	103851245
brp04142	103851380
brp04142	103851436
brp04142	103851512
brp04142	103851890
brp04142	103852026
brp04142	103852202
brp04142	103852491
brp04142	103852646
brp04142	103852695
brp04142	103852722
brp04142	103853150
brp04142	103853176
brp04142	103853215
brp04142	103853534
brp04142	103853730
brp04142	103854026
brp04142	103854031
brp04142	103854189
brp04142	103854263
brp04142	103854941
brp04142	103855748
brp04142	103855967
brp04142	103855971
brp04142	103856221
brp04142	103856466
brp04142	103856513
brp04142	103856563
brp04142	103856569
brp04142	103856999
brp04142	103857309
brp04142	103857434
brp04142	103857472
brp04142	103857755
brp04142	103858292
brp04142	103858366
brp04142	103858392
brp04142	103858411
brp04142	103858420
brp04142	103858469
brp04142	103858535
brp04142	103858593
brp04142	103858632
brp04142	103858753
brp04142	103858915
brp04142	103859264
brp04142	103859303
brp04142	103859328
brp04142	103859379
brp04142	103859414
brp04142	103859563
brp04142	103859611
brp04142	103859775
brp04142	103860119
brp04142	103860464
brp04142	103860603
brp04142	103860632
brp04142	103860672
brp04142	103860725
brp04142	103860837
brp04142	103860915
brp04142	103861014
brp04142	103861379
brp04142	103861398
brp04142	103861430
brp04142	103861596
brp04142	103861651
brp04142	103862264
brp04142	103862324
brp04142	103862370
brp04142	103862479
brp04142	103863181
brp04142	103863239
brp04142	103863259
brp04142	103863715
brp04142	103863743
brp04142	103864016
brp04142	103864235
brp04142	103864237
brp04142	103864270
brp04142	103864272
brp04142	103864302
brp04142	103864816
brp04142	103864822
brp04142	103864896
brp04142	103865217
brp04142	103865243
brp04142	103866455
brp04142	103867546
brp04142	103867567
brp04142	103867620
brp04142	103868101
brp04142	103868109
brp04142	103868136
brp04142	103868171
brp04142	103868515
brp04142	103868668
brp04142	103869347
brp04142	103869521
brp04142	103869581
brp04142	103869606
brp04142	103869651
brp04142	103870004
brp04142	103870054
brp04142	103870301
brp04142	103870341
brp04142	103870372
brp04142	103870553
brp04142	103870584
brp04142	103870773
brp04142	103870977
brp04142	103871223
brp04142	103871369
brp04142	103871498
brp04142	103871499
brp04142	103871567
brp04142	103871855
brp04142	103871956
brp04142	103871975
brp04142	103871998
brp04142	103872158
brp04142	103872258
brp04142	103872519
brp04142	103872800
brp04142	103872821
brp04142	103873020
brp04142	103873055
brp04142	103873202
brp04142	103873531
brp04142	103873567
brp04142	103874041
brp04142	103874458
brp04142	103874614
brp04142	103875099
brp04142	103875137
brp04142	103875243
brp04142	108869119
brp04142	117129893
brp04144	103827710
brp04144	103827721
brp04144	103827778
brp04144	103827815
brp04144	103827890
brp04144	103828114
brp04144	103828275
brp04144	103828483
brp04144	103828580
brp04144	103828680
brp04144	103828797
brp04144	103828818
brp04144	103829001
brp04144	103829143
brp04144	103829270
brp04144	103829677
brp04144	103829943
brp04144	103830078
brp04144	103830769
brp04144	103830882
brp04144	103831579
brp04144	103831688
brp04144	103831794
brp04144	103832036
brp04144	103832803
brp04144	103832953
brp04144	103832981
brp04144	103833297
brp04144	103834073
brp04144	103834159
brp04144	103834189
brp04144	103834200
brp04144	103834915
brp04144	103834928
brp04144	103835312
brp04144	103835663
brp04144	103835692
brp04144	103835719
brp04144	103836006
brp04144	103836119
brp04144	103836445
brp04144	103836651
brp04144	103836876
brp04144	103836973
brp04144	103837399
brp04144	103837716
brp04144	103837985
brp04144	103838479
brp04144	103838481
brp04144	103838507
brp04144	103838512
brp04144	103838846
brp04144	103838945
brp04144	103839113
brp04144	103839137
brp04144	103839171
brp04144	103839297
brp04144	103839590
brp04144	103839751
brp04144	103839783
brp04144	103839856
brp04144	103840293
brp04144	103840526
brp04144	103840633
brp04144	103841043
brp04144	103841052
brp04144	103841286
brp04144	103841292
brp04144	103841387
brp04144	103841600
brp04144	103841697
brp04144	103842036
brp04144	103842149
brp04144	103842492
brp04144	103842916
brp04144	103843268
brp04144	103843305
brp04144	103843460
brp04144	103843556
brp04144	103843753
brp04144	103843820
brp04144	103843841
brp04144	103843921
brp04144	103843948
brp04144	103844058
brp04144	103844298
brp04144	103844583
brp04144	103844650
brp04144	103844688
brp04144	103844828
brp04144	103844889
brp04144	103845344
brp04144	103845404
brp04144	103845440
brp04144	103845498
brp04144	103845528
brp04144	103845738
brp04144	103845911
brp04144	103845916
brp04144	103846274
brp04144	103846468
brp04144	103846583
brp04144	103846958
brp04144	103847080
brp04144	103847195
brp04144	103847243
brp04144	103847254
brp04144	103847444
brp04144	103847447
brp04144	103847542
brp04144	103848739
brp04144	103848932
brp04144	103848940
brp04144	103848951
brp04144	103849503
brp04144	103849563
brp04144	103849909
brp04144	103850143
brp04144	103850791
brp04144	103850903
brp04144	103851477
brp04144	103851543
brp04144	103851600
brp04144	103851972
brp04144	103852026
brp04144	103852654
brp04144	103852821
brp04144	103853018
brp04144	103853060
brp04144	103853093
brp04144	103853306
brp04144	103853653
brp04144	103853730
brp04144	103853808
brp04144	103854757
brp04144	103854969
brp04144	103855133
brp04144	103855520
brp04144	103855589
brp04144	103855842
brp04144	103856010
brp04144	103856542
brp04144	103856601
brp04144	103856824
brp04144	103857037
brp04144	103857044
brp04144	103857346
brp04144	103857513
brp04144	103857589
brp04144	103857718
brp04144	103857971
brp04144	103858054
brp04144	103858238
brp04144	103858309
brp04144	103858535
brp04144	103858610
brp04144	103858625
brp04144	103858686
brp04144	103858782
brp04144	103858804
brp04144	103859096
brp04144	103859151
brp04144	103859252
brp04144	103859253
brp04144	103859264
brp04144	103859354
brp04144	103859379
brp04144	103859443
brp04144	103859451
brp04144	103859607
brp04144	103859775
brp04144	103859939
brp04144	103860094
brp04144	103860351
brp04144	103860487
brp04144	103860829
brp04144	103860951
brp04144	103861015
brp04144	103861217
brp04144	103861480
brp04144	103861671
brp04144	103861874
brp04144	103861962
brp04144	103862436
brp04144	103862449
brp04144	103862636
brp04144	103862786
brp04144	103862856
brp04144	103863076
brp04144	103863200
brp04144	103863384
brp04144	103863391
brp04144	103863440
brp04144	103863562
brp04144	103864243
brp04144	103864302
brp04144	103865386
brp04144	103865435
brp04144	103865607
brp04144	103865689
brp04144	103866050
brp04144	103866400
brp04144	103866540
brp04144	103866553
brp04144	103866701
brp04144	103866785
brp04144	103867187
brp04144	103867265
brp04144	103867539
brp04144	103867546
brp04144	103867929
brp04144	103868107
brp04144	103868492
brp04144	103868515
brp04144	103869338
brp04144	103869521
brp04144	103869668
brp04144	103869734
brp04144	103869877
brp04144	103870372
brp04144	103870504
brp04144	103870506
brp04144	103870623
brp04144	103870773
brp04144	103871055
brp04144	103871223
brp04144	103871444
brp04144	103871571
brp04144	103871737
brp04144	103871801
brp04144	103871842
brp04144	103871864
brp04144	103871866
brp04144	103871955
brp04144	103872089
brp04144	103872304
brp04144	103872405
brp04144	103873020
brp04144	103873202
brp04144	103873290
brp04144	103873304
brp04144	103873392
brp04144	103873479
brp04144	103873567
brp04144	103873604
brp04144	103873612
brp04144	103873806
brp04144	103873959
brp04144	103874399
brp04144	103874635
brp04144	103875257
brp04144	108869012
brp04144	117127880
brp04144	117132805
brp04145	103827762
brp04145	103827815
brp04145	103827910
brp04145	103828078
brp04145	103828080
brp04145	103828373
brp04145	103828445
brp04145	103828521
brp04145	103829143
brp04145	103829281
brp04145	103829438
brp04145	103829451
brp04145	103829467
brp04145	103829738
brp04145	103829750
brp04145	103829971
brp04145	103830129
brp04145	103830181
brp04145	103830319
brp04145	103830364
brp04145	103830465
brp04145	103830510
brp04145	103830636
brp04145	103832026
brp04145	103832035
brp04145	103832047
brp04145	103832250
brp04145	103832359
brp04145	103832367
brp04145	103832787
brp04145	103832803
brp04145	103832804
brp04145	103832901
brp04145	103832953
brp04145	103833525
brp04145	103833533
brp04145	103833900
brp04145	103834073
brp04145	103834176
brp04145	103834393
brp04145	103834555
brp04145	103834573
brp04145	103834836
brp04145	103835147
brp04145	103835154
brp04145	103835158
brp04145	103835524
brp04145	103835541
brp04145	103835676
brp04145	103835692
brp04145	103835810
brp04145	103835823
brp04145	103836138
brp04145	103836160
brp04145	103836200
brp04145	103836348
brp04145	103836390
brp04145	103836555
brp04145	103836658
brp04145	103836729
brp04145	103836809
brp04145	103837028
brp04145	103837395
brp04145	103837432
brp04145	103837716
brp04145	103837830
brp04145	103838142
brp04145	103838506
brp04145	103838690
brp04145	103838714
brp04145	103838846
brp04145	103839137
brp04145	103839187
brp04145	103839823
brp04145	103840013
brp04145	103840380
brp04145	103840500
brp04145	103840786
brp04145	103840942
brp04145	103841051
brp04145	103841346
brp04145	103841387
brp04145	103841389
brp04145	103841748
brp04145	103841848
brp04145	103842143
brp04145	103842492
brp04145	103842528
brp04145	103842868
brp04145	103843100
brp04145	103843217
brp04145	103843305
brp04145	103843398
brp04145	103843634
brp04145	103843869
brp04145	103844224
brp04145	103845464
brp04145	103845722
brp04145	103845725
brp04145	103845915
brp04145	103846026
brp04145	103846258
brp04145	103846653
brp04145	103846749
brp04145	103847200
brp04145	103847648
brp04145	103847692
brp04145	103848440
brp04145	103848812
brp04145	103849546
brp04145	103849562
brp04145	103850074
brp04145	103850511
brp04145	103850662
brp04145	103850851
brp04145	103851096
brp04145	103851245
brp04145	103851297
brp04145	103851298
brp04145	103851327
brp04145	103851436
brp04145	103851890
brp04145	103852189
brp04145	103852695
brp04145	103852722
brp04145	103852990
brp04145	103853150
brp04145	103853534
brp04145	103853623
brp04145	103853668
brp04145	103853673
brp04145	103853965
brp04145	103854189
brp04145	103854482
brp04145	103854961
brp04145	103855028
brp04145	103855967
brp04145	103855971
brp04145	103856395
brp04145	103856424
brp04145	103856513
brp04145	103856559
brp04145	103856999
brp04145	103857133
brp04145	103857434
brp04145	103857443
brp04145	103857472
brp04145	103857525
brp04145	103857589
brp04145	103857755
brp04145	103858150
brp04145	103858161
brp04145	103858292
brp04145	103858297
brp04145	103858453
brp04145	103858467
brp04145	103858535
brp04145	103858593
brp04145	103858753
brp04145	103858915
brp04145	103859157
brp04145	103859563
brp04145	103859686
brp04145	103859775
brp04145	103860339
brp04145	103860464
brp04145	103860479
brp04145	103860481
brp04145	103860600
brp04145	103860704
brp04145	103860814
brp04145	103860860
brp04145	103861207
brp04145	103861273
brp04145	103861379
brp04145	103861430
brp04145	103861513
brp04145	103861596
brp04145	103861651
brp04145	103862324
brp04145	103862370
brp04145	103862447
brp04145	103862479
brp04145	103862636
brp04145	103862711
brp04145	103862922
brp04145	103863200
brp04145	103863239
brp04145	103863715
brp04145	103864270
brp04145	103864302
brp04145	103864896
brp04145	103864974
brp04145	103865217
brp04145	103865228
brp04145	103865243
brp04145	103865320
brp04145	103866191
brp04145	103866195
brp04145	103866769
brp04145	103866824
brp04145	103866860
brp04145	103867072
brp04145	103867471
brp04145	103867567
brp04145	103867620
brp04145	103867806
brp04145	103868027
brp04145	103868107
brp04145	103868162
brp04145	103868515
brp04145	103869423
brp04145	103869521
brp04145	103869844
brp04145	103869853
brp04145	103869900
brp04145	103870078
brp04145	103870341
brp04145	103870977
brp04145	103871063
brp04145	103871223
brp04145	103871227
brp04145	103871259
brp04145	103871371
brp04145	103871567
brp04145	103871649
brp04145	103871801
brp04145	103871861
brp04145	103871902
brp04145	103871975
brp04145	103871998
brp04145	103872051
brp04145	103872158
brp04145	103872510
brp04145	103872800
brp04145	103872821
brp04145	103873129
brp04145	103873285
brp04145	103873468
brp04145	103873591
brp04145	103873913
brp04145	103874246
brp04145	103874709
brp04145	103874723
brp04145	103875137
brp04145	108869119
brp04146	103827991
brp04146	103828619
brp04146	103829418
brp04146	103829420
brp04146	103829636
brp04146	103830063
brp04146	103830073
brp04146	103830157
brp04146	103830400
brp04146	103830564
brp04146	103831074
brp04146	103831878
brp04146	103833165
brp04146	103833182
brp04146	103833679
brp04146	103833911
brp04146	103834242
brp04146	103834369
brp04146	103834459
brp04146	103835090
brp04146	103835289
brp04146	103835788
brp04146	103836556
brp04146	103836769
brp04146	103837179
brp04146	103837181
brp04146	103837428
brp04146	103837563
brp04146	103837641
brp04146	103838201
brp04146	103838793
brp04146	103839250
brp04146	103839839
brp04146	103839858
brp04146	103840510
brp04146	103841125
brp04146	103841543
brp04146	103841569
brp04146	103842047
brp04146	103842090
brp04146	103842152
brp04146	103842270
brp04146	103842288
brp04146	103843378
brp04146	103843715
brp04146	103843798
brp04146	103844046
brp04146	103844048
brp04146	103844049
brp04146	103844166
brp04146	103845072
brp04146	103845537
brp04146	103845550
brp04146	103845856
brp04146	103845867
brp04146	103847158
brp04146	103847218
brp04146	103847601
brp04146	103847978
brp04146	103847981
brp04146	103848917
brp04146	103849095
brp04146	103849253
brp04146	103851325
brp04146	103851446
brp04146	103852304
brp04146	103853538
brp04146	103854067
brp04146	103854439
brp04146	103854565
brp04146	103854657
brp04146	103856088
brp04146	103856262
brp04146	103856391
brp04146	103856418
brp04146	103856516
brp04146	103856941
brp04146	103857203
brp04146	103857473
brp04146	103857580
brp04146	103858184
brp04146	103858342
brp04146	103858649
brp04146	103858698
brp04146	103859001
brp04146	103859036
brp04146	103859089
brp04146	103859132
brp04146	103859229
brp04146	103859468
brp04146	103859555
brp04146	103859574
brp04146	103859575
brp04146	103859742
brp04146	103860006
brp04146	103860243
brp04146	103860297
brp04146	103860370
brp04146	103860985
brp04146	103861474
brp04146	103862272
brp04146	103862389
brp04146	103862899
brp04146	103863090
brp04146	103863542
brp04146	103863566
brp04146	103864562
brp04146	103864828
brp04146	103864943
brp04146	103865244
brp04146	103865451
brp04146	103865757
brp04146	103865966
brp04146	103866392
brp04146	103866915
brp04146	103866993
brp04146	103867566
brp04146	103868651
brp04146	103869185
brp04146	103870027
brp04146	103870064
brp04146	103870224
brp04146	103870288
brp04146	103870420
brp04146	103870658
brp04146	103871177
brp04146	103871454
brp04146	103871624
brp04146	103872849
brp04146	103872850
brp04146	103873613
brp04146	103873656
brp04146	103873937
brp04146	103874199
brp04146	103874524
brp04146	103874526
brp04146	103874718
brp04146	108868796
brp04146	117133757
brp04148	103827762
brp04148	103827815
brp04148	103828480
brp04148	103828521
brp04148	103828529
brp04148	103829275
brp04148	103829451
brp04148	103830483
brp04148	103830636
brp04148	103832035
brp04148	103832359
brp04148	103832529
brp04148	103832787
brp04148	103832803
brp04148	103832953
brp04148	103834073
brp04148	103834191
brp04148	103835541
brp04148	103835692
brp04148	103835810
brp04148	103836160
brp04148	103836348
brp04148	103836390
brp04148	103836844
brp04148	103837173
brp04148	103837432
brp04148	103837716
brp04148	103837830
brp04148	103838690
brp04148	103838846
brp04148	103839137
brp04148	103839628
brp04148	103840821
brp04148	103841051
brp04148	103841387
brp04148	103841389
brp04148	103842492
brp04148	103842852
brp04148	103843300
brp04148	103843314
brp04148	103843398
brp04148	103843431
brp04148	103845091
brp04148	103845915
brp04148	103846026
brp04148	103846574
brp04148	103847240
brp04148	103847648
brp04148	103849562
brp04148	103850868
brp04148	103850869
brp04148	103852990
brp04148	103853673
brp04148	103853965
brp04148	103855028
brp04148	103855595
brp04148	103856015
brp04148	103856016
brp04148	103856810
brp04148	103857589
brp04148	103857755
brp04148	103858497
brp04148	103858535
brp04148	103859463
brp04148	103859775
brp04148	103860307
brp04148	103860479
brp04148	103860481
brp04148	103860704
brp04148	103861234
brp04148	103862447
brp04148	103862479
brp04148	103862629
brp04148	103863200
brp04148	103864302
brp04148	103865430
brp04148	103866528
brp04148	103866824
brp04148	103868515
brp04148	103869521
brp04148	103870230
brp04148	103871223
brp04148	103871567
brp04148	103871649
brp04148	103871788
brp04148	103871902
brp04148	103871998
brp04148	103872510
brp04148	103874723
brp04156	103827974
brp04156	103828629
brp04156	103829178
brp04156	103829700
brp04156	103829780
brp04156	103830129
brp04156	103832260
brp04156	103832584
brp04156	103832871
brp04156	103832968
brp04156	103833886
brp04156	103835057
brp04156	103836590
brp04156	103838234
brp04156	103838714
brp04156	103839744
brp04156	103839823
brp04156	103841785
brp04156	103842762
brp04156	103843363
brp04156	103843666
brp04156	103844283
brp04156	103844749
brp04156	103845343
brp04156	103845631
brp04156	103846203
brp04156	103847692
brp04156	103849359
brp04156	103849545
brp04156	103849913
brp04156	103850014
brp04156	103850248
brp04156	103850369
brp04156	103851197
brp04156	103851274
brp04156	103851388
brp04156	103851601
brp04156	103851851
brp04156	103851857
brp04156	103852777
brp04156	103853176
brp04156	103854482
brp04156	103854676
brp04156	103854689
brp04156	103855393
brp04156	103855827
brp04156	103856650
brp04156	103856835
brp04156	103856922
brp04156	103856924
brp04156	103856953
brp04156	103856958
brp04156	103857349
brp04156	103857477
brp04156	103857669
brp04156	103857886
brp04156	103857925
brp04156	103858161
brp04156	103858272
brp04156	103858598
brp04156	103859101
brp04156	103859157
brp04156	103859328
brp04156	103859519
brp04156	103859538
brp04156	103859686
brp04156	103860022
brp04156	103860339
brp04156	103860860
brp04156	103861273
brp04156	103863795
brp04156	103864818
brp04156	103865253
brp04156	103865783
brp04156	103866195
brp04156	103866961
brp04156	103867403
brp04156	103867556
brp04156	103868042
brp04156	103868162
brp04156	103869606
brp04156	103869844
brp04156	103869900
brp04156	103870129
brp04156	103870584
brp04156	103870682
brp04156	103870808
brp04156	103871103
brp04156	103871369
brp04156	103873291
brp04156	103873531
brp04156	103874491
brp04156	103874509
brp04156	108870147
brp04156	41704042
brp04156	41704056
brp04156	41704101
brp04156	41704133
brp04156	56141015
brp04156	56141068
brp04156	56141073
brp04382	103828725
brp04382	103829159
brp04382	103830000
brp04382	103830163
brp04382	103831543
brp04382	103832395
brp04382	103832831
brp04382	103835458
brp04382	103835944
brp04382	103836595
brp04382	103837305
brp04382	103838577
brp04382	103839205
brp04382	103840054
brp04382	103841405
brp04382	103841728
brp04382	103842735
brp04382	103843301
brp04382	103844328
brp04382	103845770
brp04382	103845822
brp04382	103850499
brp04382	103851185
brp04382	103853572
brp04382	103854388
brp04382	103854390
brp04382	103854449
brp04382	103854746
brp04382	103856319
brp04382	103858019
brp04382	103858421
brp04382	103859278
brp04382	103861139
brp04382	103862472
brp04382	103862981
brp04382	103865953
brp04382	103866645
brp04382	103868026
brp04382	103868555
brp04382	103869158
brp04382	103870509
brp04382	103870944
brp04382	103871268
brp04382	103871815
brp04382	103872058
brp04382	103872554
brp04382	103873514
brp04382	103873516
brp04382	103874409
brp04382	103874595
brp04382	103874866
brp04382	103875328
brp04382	103875329
brp04382	103875349
brp04382	117133021
brp04517	103827762
brp04517	103827910
brp04517	103828797
brp04517	103829281
brp04517	103829451
brp04517	103830636
brp04517	103832026
brp04517	103832035
brp04517	103832787
brp04517	103832804
brp04517	103832901
brp04517	103833533
brp04517	103834176
brp04517	103835676
brp04517	103835810
brp04517	103836119
brp04517	103836306
brp04517	103836973
brp04517	103837432
brp04517	103837830
brp04517	103837923
brp04517	103838512
brp04517	103839187
brp04517	103840293
brp04517	103840786
brp04517	103841051
brp04517	103843431
brp04517	103845091
brp04517	103845722
brp04517	103845725
brp04517	103845915
brp04517	103846026
brp04517	103846653
brp04517	103847282
brp04517	103847461
brp04517	103848440
brp04517	103849546
brp04517	103849562
brp04517	103851297
brp04517	103851298
brp04517	103851327
brp04517	103852990
brp04517	103853673
brp04517	103853965
brp04517	103855028
brp04517	103856395
brp04517	103856424
brp04517	103856755
brp04517	103856810
brp04517	103857346
brp04517	103858467
brp04517	103860479
brp04517	103860481
brp04517	103860704
brp04517	103860814
brp04517	103861207
brp04517	103862447
brp04517	103863562
brp04517	103864974
brp04517	103865386
brp04517	103866824
brp04517	103867072
brp04517	103867539
brp04517	103867806
brp04517	103867929
brp04517	103868027
brp04517	103869853
brp04517	103870456
brp04517	103871227
brp04517	103871371
brp04517	103871763
brp04517	103871902
brp04517	103871955
brp04517	103872510
brp04517	103873285
brp04517	103873591
brp04517	103873913
brp04517	103873959
brp04517	103874246
brp04517	103874709
brp04517	103874723
brp04517	103875257
brp04518	103827762
brp04518	103829451
brp04518	103830636
brp04518	103832035
brp04518	103832787
brp04518	103835810
brp04518	103836306
brp04518	103837432
brp04518	103837830
brp04518	103841051
brp04518	103845915
brp04518	103846026
brp04518	103849545
brp04518	103849562
brp04518	103852990
brp04518	103853673
brp04518	103853965
brp04518	103855028
brp04518	103860479
brp04518	103860481
brp04518	103860704
brp04518	103862447
brp04518	103866824
brp04518	103871369
brp04518	103871763
brp04518	103871902
brp04518	103872510
brp04518	103874723
brp04519	103827762
brp04519	103827974
brp04519	103828797
brp04519	103829186
brp04519	103829331
brp04519	103829338
brp04519	103829451
brp04519	103830528
brp04519	103830636
brp04519	103831482
brp04519	103832035
brp04519	103832305
brp04519	103832312
brp04519	103832376
brp04519	103832787
brp04519	103833886
brp04519	103835596
brp04519	103835702
brp04519	103835810
brp04519	103835992
brp04519	103836119
brp04519	103836306
brp04519	103836973
brp04519	103837432
brp04519	103837581
brp04519	103837830
brp04519	103838234
brp04519	103838512
brp04519	103839656
brp04519	103839993
brp04519	103840293
brp04519	103840618
brp04519	103841051
brp04519	103842834
brp04519	103843431
brp04519	103844423
brp04519	103845091
brp04519	103845343
brp04519	103845676
brp04519	103845915
brp04519	103846026
brp04519	103847199
brp04519	103849562
brp04519	103849727
brp04519	103849913
brp04519	103850115
brp04519	103850322
brp04519	103851350
brp04519	103851601
brp04519	103852382
brp04519	103852990
brp04519	103853122
brp04519	103853155
brp04519	103853673
brp04519	103853965
brp04519	103854676
brp04519	103855028
brp04519	103855816
brp04519	103855867
brp04519	103856306
brp04519	103856650
brp04519	103856810
brp04519	103857098
brp04519	103857346
brp04519	103857373
brp04519	103857886
brp04519	103858023
brp04519	103858272
brp04519	103858598
brp04519	103858966
brp04519	103859101
brp04519	103859487
brp04519	103860479
brp04519	103860481
brp04519	103860704
brp04519	103862447
brp04519	103863451
brp04519	103863562
brp04519	103863788
brp04519	103864372
brp04519	103865386
brp04519	103866824
brp04519	103867391
brp04519	103867539
brp04519	103867929
brp04519	103868001
brp04519	103868042
brp04519	103868836
brp04519	103869057
brp04519	103870808
brp04519	103870902
brp04519	103871613
brp04519	103871763
brp04519	103871902
brp04519	103871955
brp04519	103872460
brp04519	103872510
brp04519	103873291
brp04519	103873959
brp04519	103873976
brp04519	103874509
brp04519	103874723
brp04519	103875257
brp04519	108871900
brp04620	103827762
brp04620	103829451
brp04620	103830636
brp04620	103832035
brp04620	103832787
brp04620	103835810
brp04620	103837432
brp04620	103837830
brp04620	103841051
brp04620	103843431
brp04620	103844192
brp04620	103845091
brp04620	103845915
brp04620	103846026
brp04620	103849562
brp04620	103852990
brp04620	103853673
brp04620	103853965
brp04620	103855028
brp04620	103856810
brp04620	103860479
brp04620	103860481
brp04620	103860704
brp04620	103862447
brp04620	103866824
brp04620	103869340
brp04620	103871902
brp04620	103872510
brp04620	103874723
brp04626	103827888
brp04626	103827898
brp04626	103827956
brp04626	103827969
brp04626	103828111
brp04626	103828112
brp04626	103828265
brp04626	103828479
brp04626	103828670
brp04626	103829070
brp04626	103829131
brp04626	103829497
brp04626	103829620
brp04626	103829645
brp04626	103829721
brp04626	103829755
brp04626	103829776
brp04626	103830067
brp04626	103830107
brp04626	103830141
brp04626	103830211
brp04626	103830216
brp04626	103830230
brp04626	103830437
brp04626	103830603
brp04626	103830864
brp04626	103830968
brp04626	103831103
brp04626	103831104
brp04626	103831838
brp04626	103831935
brp04626	103831952
brp04626	103832048
brp04626	103832125
brp04626	103832126
brp04626	103832485
brp04626	103832833
brp04626	103832900
brp04626	103832930
brp04626	103833034
brp04626	103833326
brp04626	103833461
brp04626	103833881
brp04626	103833887
brp04626	103834158
brp04626	103834172
brp04626	103834226
brp04626	103834286
brp04626	103834409
brp04626	103834483
brp04626	103834530
brp04626	103834913
brp04626	103835145
brp04626	103835320
brp04626	103835433
brp04626	103835916
brp04626	103836172
brp04626	103836180
brp04626	103836419
brp04626	103836500
brp04626	103836708
brp04626	103836885
brp04626	103837037
brp04626	103837041
brp04626	103837057
brp04626	103837288
brp04626	103837533
brp04626	103837675
brp04626	103837798
brp04626	103838121
brp04626	103838679
brp04626	103838742
brp04626	103838792
brp04626	103839073
brp04626	103839085
brp04626	103839086
brp04626	103839132
brp04626	103839298
brp04626	103839368
brp04626	103839376
brp04626	103839616
brp04626	103839820
brp04626	103839942
brp04626	103840151
brp04626	103840573
brp04626	103840959
brp04626	103841126
brp04626	103841406
brp04626	103841572
brp04626	103841658
brp04626	103841782
brp04626	103841789
brp04626	103841823
brp04626	103841825
brp04626	103842159
brp04626	103842240
brp04626	103842393
brp04626	103842643
brp04626	103842656
brp04626	103842676
brp04626	103842767
brp04626	103843136
brp04626	103843360
brp04626	103843500
brp04626	103843577
brp04626	103843773
brp04626	103843962
brp04626	103844018
brp04626	103844209
brp04626	103844277
brp04626	103844626
brp04626	103844749
brp04626	103844765
brp04626	103844791
brp04626	103844852
brp04626	103844883
brp04626	103845067
brp04626	103845091
brp04626	103845600
brp04626	103845650
brp04626	103845674
brp04626	103845752
brp04626	103845759
brp04626	103845907
brp04626	103846046
brp04626	103846413
brp04626	103846453
brp04626	103846597
brp04626	103846628
brp04626	103846661
brp04626	103846710
brp04626	103847064
brp04626	103847245
brp04626	103847252
brp04626	103847281
brp04626	103847323
brp04626	103847328
brp04626	103847431
brp04626	103847608
brp04626	103847680
brp04626	103847758
brp04626	103847998
brp04626	103848042
brp04626	103848449
brp04626	103848834
brp04626	103849092
brp04626	103849283
brp04626	103849568
brp04626	103850550
brp04626	103850818
brp04626	103850847
brp04626	103851111
brp04626	103851267
brp04626	103851273
brp04626	103851405
brp04626	103851674
brp04626	103851851
brp04626	103851857
brp04626	103851982
brp04626	103852055
brp04626	103852130
brp04626	103852706
brp04626	103852730
brp04626	103853037
brp04626	103853038
brp04626	103853254
brp04626	103853528
brp04626	103854166
brp04626	103854178
brp04626	103854509
brp04626	103854573
brp04626	103854890
brp04626	103854893
brp04626	103854894
brp04626	103855159
brp04626	103855544
brp04626	103855591
brp04626	103855956
brp04626	103856003
brp04626	103856446
brp04626	103856482
brp04626	103856810
brp04626	103856924
brp04626	103856942
brp04626	103856953
brp04626	103856958
brp04626	103857206
brp04626	103857301
brp04626	103857335
brp04626	103857378
brp04626	103857555
brp04626	103857785
brp04626	103857828
brp04626	103857966
brp04626	103857967
brp04626	103858062
brp04626	103858096
brp04626	103858174
brp04626	103858317
brp04626	103858351
brp04626	103858526
brp04626	103858599
brp04626	103858707
brp04626	103858728
brp04626	103858772
brp04626	103858827
brp04626	103858851
brp04626	103858885
brp04626	103858999
brp04626	103859207
brp04626	103859223
brp04626	103859356
brp04626	103859640
brp04626	103859708
brp04626	103859720
brp04626	103859795
brp04626	103859822
brp04626	103859857
brp04626	103859895
brp04626	103859896
brp04626	103859980
brp04626	103860268
brp04626	103860322
brp04626	103860383
brp04626	103860400
brp04626	103860401
brp04626	103860447
brp04626	103860666
brp04626	103860730
brp04626	103860746
brp04626	103860837
brp04626	103861196
brp04626	103861199
brp04626	103861203
brp04626	103861253
brp04626	103861332
brp04626	103861405
brp04626	103861407
brp04626	103861422
brp04626	103861526
brp04626	103861528
brp04626	103861633
brp04626	103861682
brp04626	103861819
brp04626	103861975
brp04626	103862237
brp04626	103862254
brp04626	103862255
brp04626	103862259
brp04626	103862260
brp04626	103862261
brp04626	103862290
brp04626	103862332
brp04626	103862455
brp04626	103862929
brp04626	103862930
brp04626	103862948
brp04626	103862975
brp04626	103863085
brp04626	103863087
brp04626	103863503
brp04626	103863514
brp04626	103863519
brp04626	103863662
brp04626	103863856
brp04626	103864150
brp04626	103864272
brp04626	103864509
brp04626	103864564
brp04626	103864638
brp04626	103864701
brp04626	103864722
brp04626	103864746
brp04626	103864907
brp04626	103865027
brp04626	103865069
brp04626	103865132
brp04626	103865491
brp04626	103865560
brp04626	103865671
brp04626	103865883
brp04626	103865911
brp04626	103866053
brp04626	103866144
brp04626	103866236
brp04626	103866264
brp04626	103866296
brp04626	103866406
brp04626	103866440
brp04626	103866468
brp04626	103866533
brp04626	103866555
brp04626	103866595
brp04626	103866703
brp04626	103866738
brp04626	103866947
brp04626	103867101
brp04626	103867404
brp04626	103867868
brp04626	103867875
brp04626	103867934
brp04626	103867969
brp04626	103868165
brp04626	103868557
brp04626	103868654
brp04626	103868814
brp04626	103868956
brp04626	103869159
brp04626	103869492
brp04626	103869661
brp04626	103869662
brp04626	103869688
brp04626	103869811
brp04626	103870004
brp04626	103870444
brp04626	103870486
brp04626	103870635
brp04626	103870665
brp04626	103871366
brp04626	103871367
brp04626	103871412
brp04626	103871521
brp04626	103872016
brp04626	103872389
brp04626	103872400
brp04626	103872587
brp04626	103872695
brp04626	103872721
brp04626	103872742
brp04626	103872996
brp04626	103873055
brp04626	103873063
brp04626	103873175
brp04626	103873179
brp04626	103873244
brp04626	103873410
brp04626	103873490
brp04626	103873524
brp04626	103873582
brp04626	103873625
brp04626	103874097
brp04626	103874137
brp04626	103874154
brp04626	103874185
brp04626	103874229
brp04626	103874315
brp04626	103874915
brp04626	103874975
brp04626	103875122
brp04626	103875261
brp04626	103875366
brp04626	103875375
brp04626	117127546
brp04626	117133073
brp04712	103249154
brp04712	103249166
brp04712	103249168
brp04712	103827764
brp04712	103827864
brp04712	103828356
brp04712	103830251
brp04712	103831057
brp04712	103833904
brp04712	103836576
brp04712	103836661
brp04712	103836793
brp04712	103837062
brp04712	103837378
brp04712	103838805
brp04712	103839184
brp04712	103840863
brp04712	103840918
brp04712	103841878
brp04712	103842445
brp04712	103843346
brp04712	103843349
brp04712	103844260
brp04712	103844616
brp04712	103845423
brp04712	103846378
brp04712	103846381
brp04712	103846527
brp04712	103846737
brp04712	103847150
brp04712	103847424
brp04712	103850461
brp04712	103850694
brp04712	103850763
brp04712	103850907
brp04712	103851008
brp04712	103852241
brp04712	103853778
brp04712	103854548
brp04712	103854859
brp04712	103854905
brp04712	103855006
brp04712	103855586
brp04712	103855775
brp04712	103856040
brp04712	103857138
brp04712	103858139
brp04712	103858211
brp04712	103859717
brp04712	103860589
brp04712	103860926
brp04712	103864062
brp04712	103864119
brp04712	103864454
brp04712	103864705
brp04712	103865427
brp04712	103865631
brp04712	103866306
brp04712	103866427
brp04712	103866432
brp04712	103866477
brp04712	103866823
brp04712	103867588
brp04712	103868459
brp04712	103869673
brp04712	103869720
brp04712	103869936
brp04712	103871725
brp04712	103871728
brp04712	103874198
brp04712	103874318
brp04712	103874677
brp04712	117130946
brp04712	117131903
brp04814	103827910
brp04814	103827944
brp04814	103828065
brp04814	103828075
brp04814	103828076
brp04814	103828189
brp04814	103828718
brp04814	103829281
brp04814	103830145
brp04814	103831688
brp04814	103832026
brp04814	103832218
brp04814	103832804
brp04814	103832901
brp04814	103833533
brp04814	103834176
brp04814	103835149
brp04814	103835205
brp04814	103835676
brp04814	103836378
brp04814	103836566
brp04814	103837999
brp04814	103838412
brp04814	103838600
brp04814	103838729
brp04814	103839187
brp04814	103839220
brp04814	103839923
brp04814	103840282
brp04814	103840786
brp04814	103841031
brp04814	103841298
brp04814	103841988
brp04814	103842534
brp04814	103842540
brp04814	103842704
brp04814	103842746
brp04814	103843668
brp04814	103844886
brp04814	103845362
brp04814	103845722
brp04814	103845725
brp04814	103846653
brp04814	103846860
brp04814	103847457
brp04814	103847594
brp04814	103848049
brp04814	103848440
brp04814	103848550
brp04814	103848940
brp04814	103849301
brp04814	103849536
brp04814	103849546
brp04814	103849704
brp04814	103850356
brp04814	103850630
brp04814	103851297
brp04814	103851298
brp04814	103851327
brp04814	103851353
brp04814	103851581
brp04814	103851977
brp04814	103854176
brp04814	103855463
brp04814	103855835
brp04814	103856395
brp04814	103856424
brp04814	103856447
brp04814	103856636
brp04814	103857406
brp04814	103857478
brp04814	103857724
brp04814	103858467
brp04814	103859096
brp04814	103859267
brp04814	103859774
brp04814	103859841
brp04814	103860696
brp04814	103860810
brp04814	103860814
brp04814	103861207
brp04814	103861797
brp04814	103862224
brp04814	103862996
brp04814	103863285
brp04814	103864107
brp04814	103864266
brp04814	103864904
brp04814	103864974
brp04814	103865522
brp04814	103865597
brp04814	103865617
brp04814	103865717
brp04814	103865925
brp04814	103867072
brp04814	103867081
brp04814	103867177
brp04814	103867307
brp04814	103867553
brp04814	103867806
brp04814	103868027
brp04814	103869496
brp04814	103869525
brp04814	103869689
brp04814	103869743
brp04814	103869853
brp04814	103869858
brp04814	103870277
brp04814	103870285
brp04814	103871227
brp04814	103871371
brp04814	103871614
brp04814	103872599
brp04814	103872618
brp04814	103873017
brp04814	103873285
brp04814	103873303
brp04814	103873477
brp04814	103873585
brp04814	103873591
brp04814	103873596
brp04814	103873639
brp04814	103873698
brp04814	103873913
brp04814	103874246
brp04814	103874252
brp04814	103874709
brp04814	117126654
brp04820	103831688
brp04820	103831877
brp04820	103841485
brp04820	103847235
brp04820	103848940
brp04820	103857629
brp04820	103859096
brp04820	103865552
brp04820	103865659
brp04820	103867125
brp04820	103867274
brp04820	103868025
brp04820	103870439
brp04977	103855962
brp04977	103859320
brp04977	103870578
brp04981	103830008
brp04981	103830600
brp04981	103830821
brp04981	103830855
brp04981	103831657
brp04981	103831710
brp04981	103832679
brp04981	103832795
brp04981	103833148
brp04981	103833575
brp04981	103834557
brp04981	103835059
brp04981	103835714
brp04981	103835938
brp04981	103840226
brp04981	103841427
brp04981	103841474
brp04981	103842126
brp04981	103845754
brp04981	103846560
brp04981	103846608
brp04981	103846946
brp04981	103846993
brp04981	103847770
brp04981	103849174
brp04981	103849750
brp04981	103850603
brp04981	103850624
brp04981	103850842
brp04981	103850860
brp04981	103852072
brp04981	103852742
brp04981	103853896
brp04981	103856643
brp04981	103860379
brp04981	103861692
brp04981	103862723
brp04981	103863189
brp04981	103863190
brp04981	103863191
brp04981	103863192
brp04981	103863359
brp04981	103863472
brp04981	103863483
brp04981	103863581
brp04981	103865592
brp04981	103867123
brp04981	103867761
brp04981	103868565
brp04981	103868935
brp04981	103869013
brp04981	103869084
brp04981	103869210
brp04981	103871283
brp04981	103872563
brp04981	103875335
brp04981	103875364
brp05100	103827762
brp05100	103828797
brp05100	103829143
brp05100	103829451
brp05100	103830636
brp05100	103832035
brp05100	103832787
brp05100	103835810
brp05100	103836119
brp05100	103836973
brp05100	103837432
brp05100	103837830
brp05100	103838512
brp05100	103840293
brp05100	103841051
brp05100	103842842
brp05100	103843305
brp05100	103845915
brp05100	103846026
brp05100	103847080
brp05100	103849562
brp05100	103852990
brp05100	103853673
brp05100	103853965
brp05100	103855028
brp05100	103857346
brp05100	103859264
brp05100	103859379
brp05100	103860479
brp05100	103860481
brp05100	103860704
brp05100	103862447
brp05100	103862636
brp05100	103863562
brp05100	103865386
brp05100	103866824
brp05100	103867539
brp05100	103867929
brp05100	103868107
brp05100	103870372
brp05100	103870773
brp05100	103871801
brp05100	103871902
brp05100	103871955
brp05100	103872510
brp05100	103873959
brp05100	103874723
brp05100	103875257
