brapa_gene	arabidopsis_agi	identity_pct	evalue	bitscore
Bra000001	AT2G37440	83.3	1.11e-310	844
Bra000003	AT2G37480	73.5	6.97e-83	243
Bra000004	AT2G37530	85.2	3.24e-67	198
Bra000005	AT2G37550	89.1	3.01e-216	603
Bra000007	AT2G37580	74	4.34e-103	298
Bra000011	AT2G37630	79.8	1.28e-190	529
Bra000012	AT2G37650	79.4	0	1037
Bra000014	AT2G37700	82.6	0	1043
Bra000018	AT2G37770	89.5	1.08e-214	587
Bra000022	AT2G37800	67.2	1.85e-128	363
Bra000023	AT2G37840	84.9	0	1142
Bra000024	AT2G37860	83.7	3.12e-239	658
Bra000027	AT2G37900	86.1	0	992
Bra000028	AT2G37920	75.1	2.91e-118	337
Bra000031	AT2G37970	83.3	8.52e-115	326
Bra000033	AT2G37980	85.5	0	1028
Bra000035	AT2G38020	88.7	0	1498
Bra000036	AT2G38025	81.7	6.67e-133	373
Bra000037	AT2G38040	78.8	0	1035
Bra000038	AT2G38090	93	1.02e-201	552
Bra000041	AT2G38180	83.6	9.12e-157	437
Bra000043	AT2G38185	57.4	5.43e-178	505
Bra000046	AT2G38250	85.1	3.55e-132	376
Bra000047	AT2G38270	85.8	2.45e-175	485
Bra000050	AT2G27320	72.2	2.88e-178	499
Bra000052	AT2G38310	92.3	6.67e-137	381
Bra000053	AT2G38320	83.9	1.46e-266	726
Bra000055	AT2G38330	83.9	1.9e-286	785
Bra000056	AT2G38360	90.5	1.25e-132	371
Bra000057	AT2G38370	60.7	4.3e-152	444
Bra000060	AT2G38400	89.5	9.66e-315	854
Bra000063	AT2G38450	73.8	7.22e-65	193
Bra000064	AT2G38470	76	5.95e-240	665
Bra000066	AT2G38490	87.5	3.73e-271	739
Bra000067	AT2G38500	87.1	3.37e-218	599
Bra000069	AT2G38560	77.9	5e-189	526
Bra000070	AT2G38570	67.6	6.86e-143	407
Bra000071	AT2G38580	78.5	1.29e-73	241
Bra000077	AT2G38620	92	4.56e-212	580
Bra000085	AT2G38680	69.5	2.03e-165	463
Bra000086	AT2G38690	54.5	6.33e-53	167
Bra000088	AT2G38710	91	1.1e-143	399
Bra000089	AT2G38740	92.2	1.57e-166	459
Bra000090	AT2G38750	85	1.04e-190	526
Bra000092	AT2G38780	72.3	5.4e-219	611
Bra000093	AT2G38790	69.9	3.75e-86	252
Bra000094	AT1G61000	69.1	7.74e-186	523
Bra000096	AT2G38800	51.3	8.6e-169	489
Bra000097	AT2G38810	91.9	1.03e-80	233
Bra000098	AT2G38820	71.1	1.43e-147	416
Bra000100	AT2G38840	92.9	0	1120
Bra000101	AT2G38870	78.6	1.07e-34	112
Bra000103	AT2G38890	57.8	2.7e-90	276
Bra000104	AT2G38905	96.3	3.45e-33	107
Bra000105	AT2G38910	88.2	0	999
Bra000106	AT2G38920	86.3	6.91e-216	591
Bra000109	AT2G38995	72.1	2.57e-266	732
Bra000111	AT2G39010	94.7	1.91e-197	541
Bra000112	AT2G39020	88.9	6.33e-142	396
Bra000113	AT2G39040	81.3	3.27e-197	546
Bra000114	AT2G28290	71.9	0	2471
Bra000115	AT2G39050	73.4	1.17e-133	382
Bra000116	AT2G39060	87.7	8e-155	431
Bra000117	AT2G39080	81.9	8.95e-205	565
Bra000118	AT2G39170	79.7	4.53e-120	340
Bra000119	AT2G39180	86.4	0	1213
Bra000120	AT2G39190	85.8	0	1344
Bra000122	AT2G39200	86	0	938
Bra000125	AT2G39220	88.5	1.78e-311	846
Bra000126	AT2G39260	87.9	0	1879
Bra000127	AT2G39290	75	1.72e-138	392
Bra000130	AT2G39360	76.9	0	1184
Bra000131	AT2G39390	95.9	5.73e-70	208
Bra000134	AT2G39435	57.1	7.3e-150	434
Bra000138	AT2G39620	77.5	0	1300
Bra000139	AT2G39630	88	2.82e-216	592
Bra000140	AT2G39650	86.9	4.37e-182	503
Bra000141	AT2G39660	89.8	1.62e-258	704
Bra000143	AT2G39720	73.6	2.51e-175	493
Bra000144	AT2G39730	93.5	0	881
Bra000145	AT2G39750	85.3	0	1203
Bra000151	AT2G39805	86.6	5.29e-175	483
Bra000152	AT2G39830	87.1	0	943
Bra000153	AT2G39840	99	7.74e-236	648
Bra000155	AT2G39910	81.5	3.35e-239	659
Bra000157	AT2G39990	91.8	5e-193	530
Bra000158	AT2G40000	80.7	5.21e-259	708
Bra000159	AT2G40010	92.5	1.81e-203	558
Bra000162	AT2G40030	75.7	0	2498
Bra000163	AT2G40060	82	5.3e-140	393
Bra000164	AT2G40070	80	1.32e-220	625
Bra000167	AT2G40095	91.5	4.2e-119	338
Bra000168	AT2G40116	90.1	0	1111
Bra000169	AT2G40130	73.8	0	1282
Bra000171	AT2G40150	82.8	1.59e-260	711
Bra000172	AT2G40160	77.2	3.14e-254	696
Bra000173	AT2G40170	79.3	6.43e-38	121
Bra000174	AT2G40180	83.3	1.25e-212	587
Bra000181	AT2G40280	87.5	0	1061
Bra000182	AT2G40290	93.8	6.29e-228	622
Bra000186	AT2G40450	71.7	1.14e-92	269
Bra000190	AT2G40480	72	1.05e-228	637
Bra000193	AT2G40590	95.4	5.42e-85	243
Bra000196	AT2G40630	60.4	2.08e-175	501
Bra000197	AT2G40640	71.9	2.94e-161	455
Bra000198	AT2G40650	97.4	1.14e-132	382
Bra000199	AT2G40670	86.7	1.34e-94	270
Bra000200	AT2G40720	81.9	0	1354
Bra000201	AT2G40730	94.6	0	1404
Bra000202	AT2G40740	70.2	2.05e-133	380
Bra000204	AT2G40765	77.8	3.26e-26	89.7
Bra000206	AT2G40815	57.3	5.9e-117	342
Bra000207	AT2G40830	77	2.92e-165	462
Bra000208	AT2G40850	82.1	0	874
Bra000209	AT2G40860	87.2	0	1145
Bra000211	AT2G40890	95.5	0	991
Bra000213	AT2G40980	77.1	0	968
Bra000214	AT3G56800	100	2.61e-83	241
Bra000217	AT2G41190	90.2	0	874
Bra000218	AT2G41200	87.6	1.27e-98	280
Bra000219	AT2G41210	93.7	0	1083
Bra000221	AT2G41225	53	1.21e-09	48.5
Bra000223	AT2G41300	86.7	3.95e-218	601
Bra000224	AT2G41310	85	2e-117	333
Bra000225	AT2G41330	66.5	2e-174	492
Bra000226	AT2G41350	92	3.02e-183	506
Bra000229	AT2G41510	72.7	5.42e-270	745
Bra000230	AT2G41530	92.3	1.08e-203	556
Bra000232	AT2G41630	89.4	1.89e-202	555
Bra000235	AT2G41690	73.9	2.6e-114	327
Bra000236	AT2G41700	90.1	0	3312
Bra000239	AT2G41760	84.1	2.81e-134	375
Bra000240	AT2G41770	91.8	0	1442
Bra000246	AT2G41945	75.6	4.29e-94	270
Bra000248	AT2G41970	93.7	1.38e-251	684
Bra000249	AT2G41980	88.3	2.45e-211	577
Bra000251	AT2G42040	66.4	7.24e-89	264
Bra000252	AT2G42060	85.3	8.08e-167	462
Bra000253	AT2G42070	89.3	5.94e-178	491
Bra000259	AT2G42460	50.6	1.16e-81	248
Bra000260	AT2G42490	88.6	0	1446
Bra000263	AT2G42530	68.1	1.36e-49	155
Bra000267	AT2G42580	79.2	0	950
Bra000268	AT2G42590	93.2	2.64e-169	468
Bra000269	AT2G42610	98	1.14e-111	315
Bra000270	AT2G42660	54.8	5.8e-58	186
Bra000272	AT2G42680	93	1.09e-83	241
Bra000274	AT2G42780	70.8	1.12e-103	308
Bra000277	AT2G42880	93.2	0	1067
Bra000279	AT2G42890	79.9	0	1235
Bra000280	AT2G42910	95.3	2.84e-235	640
Bra000282	AT2G43000	86.9	1.69e-172	476
Bra000285	AT2G43030	86	8.41e-159	441
Bra000287	AT4G12530	78.4	7.16e-61	181
Bra000290	AT2G43130	97.1	4.32e-143	397
Bra000292	AT2G43150	90.2	6.99e-17	80.1
Bra000294	AT2G43180	79.4	1.46e-241	668
Bra000295	AT5G01020	94.1	6.81e-264	718
Bra000296	AT2G43200	86.7	0	928
Bra000297	AT2G43235	80.3	2.09e-225	624
Bra000298	AT2G43240	92.6	1.03e-261	714
Bra000302	AT2G43350	76.3	5.47e-108	307
Bra000304	AT2G43370	93.4	4.46e-155	437
Bra000305	AT2G43430	94.1	5.42e-202	554
Bra000307	AT2G43500	76.8	0	1357
Bra000309	AT2G43520	74.4	1.51e-48	148
Bra000311	AT2G43590	87.7	4.67e-180	495
Bra000312	AT2G43600	69.3	1.07e-147	415
Bra000317	AT2G43650	71.1	6.15e-274	764
Bra000320	AT2G43700	79	0	1022
Bra000321	AT2G43710	94	5.7e-280	759
Bra000325	AT2G43780	83.6	4.43e-35	113
Bra000331	AT2G43860	81.7	1.53e-242	665
Bra000332	AT2G43870	94	7.42e-273	739
Bra000333	AT2G43900	89.1	0	1995
Bra000334	AT2G43945	82.2	1.53e-153	429
Bra000335	AT2G43950	84.1	8.4e-198	546
Bra000336	AT5G34930	82.7	0	928
Bra000337	AT2G44000	67	1.57e-94	274
Bra000338	AT2G44040	89.7	1.68e-216	594
Bra000340	AT2G44080	68.4	3.91e-44	140
Bra000342	AT2G44130	73.4	3.07e-206	573
Bra000344	AT2G44180	94.2	7.07e-258	706
Bra000347	AT2G44210	85	1.51e-279	760
Bra000349	AT2G44310	89.4	6.6e-85	244
Bra000350	AT2G44330	65	2.23e-75	223
Bra000354	AT2G44570	80.6	2.07e-288	787
Bra000355	AT2G44610	99	4.72e-142	394
Bra000357	AT2G44640	80	3.46e-266	729
Bra000359	AT2G44680	84.2	3.79e-174	481
Bra000360	AT2G44730	60.3	8.91e-125	363
Bra000367	AT2G45060	82.2	1.34e-139	393
Bra000368	AT2G45070	97.6	6.43e-30	100
Bra000370	AT2G45110	80.2	1.03e-152	425
Bra000371	AT2G40360	78.6	0	1130
Bra000372	AT2G45120	59.8	2.2e-78	241
Bra000374	AT2G45150	79.7	1.06e-215	607
Bra000375	AT2G45160	73	4.72e-292	808
Bra000376	AT2G45170	93.4	1.89e-79	229
Bra000377	AT2G45180	88.1	1.02e-72	213
Bra000379	AT2G45200	88.3	2.77e-150	418
Bra000380	AT2G45210	67.3	1.47e-72	214
Bra000382	AT2G45220	92.9	0	954
Bra000383	AT2G45260	86.8	1.46e-260	711
Bra000384	AT2G45300	92.5	0	918
Bra000385	AT2G45310	87.2	1.47e-273	746
Bra000386	AT2G45320	84.6	1.89e-243	666
Bra000387	AT4G17910	84	2.47e-267	732
Bra000390	AT2G45510	86.7	0	892
Bra000392	AT2G45650	81.5	3.41e-142	398
Bra000394	AT2G45670	81.9	0	882
Bra000397	AT2G45695	88.1	2.24e-63	186
Bra000399	AT2G45720	83.9	8.81e-233	652
Bra000405	AT2G45940	65.7	1.35e-166	470
Bra000406	AT4G16090	69.6	1.14e-116	338
Bra000409	AT2G46020	86.6	0	3485
Bra000412	AT1G01680	62.3	2.26e-120	346
Bra000413	AT1G14620	93.6	1.03e-159	441
Bra000419	AT2G46330	91.8	4.22e-40	125
Bra000421	AT2G46370	89.5	0	1035
Bra000422	AT2G46375	62.2	1.74e-24	90.5
Bra000424	AT2G46470	82	3.39e-239	658
Bra000428	AT2G46505	64.7	1.95e-55	170
Bra000429	AT2G46590	81.3	7.19e-187	521
Bra000432	AT2G46800	85	4.27e-211	584
Bra000433	AT2G46850	87.9	0	1087
Bra000434	AT2G46870	74.3	8.55e-147	414
Bra000435	AT2G46940	71.5	5.94e-110	317
Bra000440	AT2G47115	78.3	2.33e-170	478
Bra000445	AT2G47250	94.7	0	1372
Bra000446	AT2G47310	65.5	2.78e-92	281
Bra000450	AT2G47380	92.2	3.2e-40	125
Bra000451	AT2G47400	87.3	1.73e-72	211
Bra000453	AT2G47460	73.5	6.48e-190	529
Bra000454	AT2G47470	93.1	1.31e-243	664
Bra000455	AT2G47610	96.1	1.7e-170	471
Bra000456	AT2G47620	71.5	1.52e-238	676
Bra000457	AT2G47650	86.6	2.71e-275	751
Bra000458	AT2G47710	91.4	1.68e-108	305
Bra000460	AT2G47730	83.3	1.01e-130	368
Bra000461	AT4G22100	76.5	5.8e-294	811
Bra000463	AT2G47820	63.9	5.33e-290	813
Bra000464	AT2G47830	85.7	7.8e-257	706
Bra000465	AT5G07900	71.5	9.31e-182	511
Bra000467	AT2G47950	54.5	3.36e-33	114
Bra000468	AT2G29950	60.6	5.2e-45	142
Bra000473	AT2G29690	85.2	0	1010
Bra000474	AT2G29450	87.5	3.66e-147	408
Bra000475	AT2G29400	95.3	1.29e-228	622
Bra000477	AT2G29310	85.1	2.16e-167	462
Bra000482	AT1G07795	66.7	9.96e-39	125
Bra000492	AT2G28480	86.5	7.77e-195	540
Bra000494	AT2G28390	85.8	0	1000
Bra000496	AT2G28105	83.2	4.12e-91	262
Bra000497	AT2G28085	91.1	2.28e-81	234
Bra000501	AT2G27710	91.2	7.8e-34	113
Bra000503	AT2G27600	95.9	2.34e-301	816
Bra000505	AT2G27580	78.8	2.51e-79	232
Bra000506	AT2G27550	96	9.2e-126	350
Bra000507	AT2G27510	86.5	7.67e-90	258
Bra000508	AT2G27500	89.3	1.67e-254	694
Bra000509	AT2G27490	88.6	1.15e-144	402
Bra000510	AT2G27480	79.9	8.71e-126	354
Bra000513	AT2G27389	60.7	1.07e-16	72
Bra000514	AT1G46984	55.5	5.28e-119	356
Bra000516	AT2G27330	79.8	4.54e-57	172
Bra000518	AT5G37290	90.6	3.07e-83	243
Bra000520	AT5G22110	83.2	2.26e-315	859
Bra000523	AT2G27140	65.3	1.91e-95	278
Bra000527	AT2G27035	73	7.77e-79	231
Bra000528	AT2G27050	80.6	0	889
Bra000529	AT2G26990	93.8	1.16e-299	812
Bra000531	AT2G26960	65	3.75e-170	483
Bra000532	AT2G26840	59.5	9.8e-96	281
Bra000533	AT2G26810	86.1	4.85e-149	415
Bra000534	AT2G26800	87.7	3.94e-270	738
Bra000535	AT2G26610	76.1	0	1825
Bra000536	AT2G26600	89.8	9.36e-234	640
Bra000537	AT2G26590	87.3	4.85e-184	508
Bra000538	AT2G26580	91.5	1.13e-107	303
Bra000539	AT2G26660	86.9	5.16e-163	453
Bra000540	AT2G26440	84.8	0	912
Bra000541	AT2G26450	84.7	0	1004
Bra000542	AT2G26480	75.4	3.6e-244	672
Bra000543	AT2G26510	83.8	0	886
Bra000544	AT2G26530	69	3.8e-136	387
Bra000547	AT2G24820	90	0	996
Bra000548	AT2G24850	78.8	2.89e-260	712
Bra000550	AT2G25420	59	9.82e-284	791
Bra000552	AT2G25730	81.2	0	1346
Bra000553	AT2G25737	85.9	1.47e-285	779
Bra000554	AT2G25740	79.3	8.36e-302	826
Bra000555	AT2G25790	83	1.62e-231	679
Bra000557	AT2G26150	81.5	2.68e-194	538
Bra000558	AT2G26170	87.9	0	929
Bra000559	AT4G00040	89	7.68e-252	687
Bra000560	AT4G00050	73.5	6.29e-162	459
Bra000561	AT4G00060	83.5	0	2344
Bra000563	AT2G24690	51.5	1.4e-278	795
Bra000566	AT2G24450	86.1	7.54e-140	394
Bra000567	AT3G63540	94.4	1.42e-92	268
Bra000568	AT2G24210	73.5	1.4e-318	873
Bra000571	AT2G23810	83.5	1.33e-168	466
Bra000573	AT2G23150	91.2	0	907
Bra000575	AT2G22840	86.4	1.14e-289	794
Bra000578	AT2G26560	88.6	7.75e-263	716
Bra000581	AT2G21550	74.2	1.42e-254	701
Bra000585	AT2G20980	82.8	6.99e-222	612
Bra000586	AT2G20960	65.3	1.05e-191	558
Bra000587	AT2G20950	64.3	7.96e-200	568
Bra000588	AT2G20920	84.6	3.87e-159	444
Bra000589	AT2G41990	82.2	4.61e-168	468
Bra000590	AT2G23240	81.5	1.39e-37	120
Bra000591	AT2G42005	86.8	2.03e-250	685
Bra000593	AT5G49700	82.1	9.94e-156	434
Bra000594	AT5G49720	94.8	0	1235
Bra000595	AT2G23390	85.8	1.23e-297	809
Bra000598	AT5G49900	88	0	1697
Bra000600	AT5G49930	89.5	0	1800
Bra000601	AT5G49940	79.3	1.27e-111	319
Bra000602	AT5G49945	74.8	5.42e-211	590
Bra000603	AT5G49970	89.7	1.18e-314	854
Bra000604	AT5G49980	90.1	0	1111
Bra000605	AT5G50000	95.3	1.2e-262	714
Bra000606	AT5G50020	84.2	5.28e-250	685
Bra000609	AT5G50090	86.3	9.49e-88	253
Bra000610	AT5G50110	90.4	1.59e-138	388
Bra000611	AT5G50120	76.9	2.68e-194	541
Bra000612	AT5G50180	95.1	3.38e-244	664
Bra000613	AT5G50200	77.1	8.98e-108	307
Bra000614	AT5G50240	83.1	3.8e-148	416
Bra000615	AT5G50260	89.5	6.24e-244	664
Bra000616	AT5G50280	79.6	7.9e-199	578
Bra000617	AT5G50310	88.7	0	1095
Bra000619	AT5G50320	98.8	0	1128
Bra000620	AT5G50340	92.4	2.54e-253	701
Bra000621	AT5G50350	71.1	1.04e-241	677
Bra000622	AT5G60160	94.5	0	904
Bra000623	AT5G50370	98.3	2.49e-172	474
Bra000625	AT5G50375	90.7	6.4e-167	463
Bra000628	AT5G50750	95.1	2.46e-273	739
Bra000632	AT4G07390	91.5	8.26e-154	426
Bra000633	AT3G12350	69.8	2.31e-204	568
Bra000634	AT4G07410	85.7	0	1400
Bra000635	AT4G07960	89.2	0	1200
Bra000636	AT4G07990	79.1	2.68e-124	351
Bra000637	AT4G08040	90.3	5.25e-310	840
Bra000638	AT4G08150	89	4.13e-228	627
Bra000639	AT4G08180	86	0	1354
Bra000641	AT4G08350	90.2	0	1597
Bra000642	AT4G08240	80	5.77e-66	196
Bra000643	AT4G08230	87.6	1.84e-52	160
Bra000644	AT4G08210	80.7	0	1032
Bra000646	AT4G08460	73.8	5.51e-122	350
Bra000650	AT4G08510	55.8	4.47e-146	432
Bra000651	AT4G08555	57.5	8.06e-17	67
Bra000654	AT4G08685	88.7	1.44e-103	293
Bra000655	AT4G08690	88	7.35e-192	528
Bra000656	AT4G08810	89.1	0	1004
Bra000657	AT4G08850	86.3	1.88e-217	649
Bra000659	AT4G08900	94.1	2.49e-231	631
Bra000660	AT4G08950	87.2	1.84e-194	535
Bra000661	AT4G08960	88.7	5.67e-257	700
Bra000663	AT4G09010	86.8	5.59e-213	587
Bra000666	AT5G40080	87.6	4.17e-53	160
Bra000667	AT4G09020	82.5	0	1260
Bra000671	AT1G43600	67.8	6.61e-89	261
Bra000672	AT4G09060	74.3	6.51e-138	395
Bra000673	AT4G09130	68.5	4.49e-163	459
Bra000674	AT4G09140	89.5	0	1284
Bra000675	AT4G09160	90.3	1.02e-205	577
Bra000676	AT4G09170	59.8	1.25e-33	113
Bra000677	AT3G57710	76.9	4.29e-198	548
Bra000678	AT4G09190	52.2	3.3e-111	330
Bra000679	AT4G09340	81	1.62e-262	719
Bra000680	AT4G09460	78.8	1.96e-131	369
Bra000681	AT4G09510	91.3	0	1023
Bra000682	AT4G09530	83.8	8.93e-52	157
Bra000683	AT4G09560	73.4	7.38e-220	610
Bra000684	AT4G09570	95.8	9.28e-312	848
Bra000685	AT4G09620	85.2	2.03e-133	372
Bra000688	AT4G09670	92.5	6.3e-249	677
Bra000690	AT4G09730	85.9	0	979
Bra000693	AT4G09810	94.2	2.74e-220	602
Bra000694	AT4G09830	90.1	1.3e-119	336
Bra000697	AT4G10020	94	4.14e-239	657
Bra000698	AT4G10030	87.2	6.7e-245	669
Bra000699	AT4G10040	97.3	7.7e-81	231
Bra000700	AT4G10050	91.9	8.87e-228	622
Bra000701	AT4G10170	77	6.09e-134	377
Bra000702	AT4G10180	86	0	919
Bra000703	AT4G10250	89.9	5.69e-119	335
Bra000704	AT4G10260	97.5	4.46e-225	613
Bra000705	AT4G10280	77.9	5.17e-76	221
Bra000706	AT4G10300	92.2	1.55e-69	203
Bra000708	AT4G10340	95.7	5.97e-199	544
Bra000709	AT4G10350	93.5	1.44e-248	674
Bra000713	AT4G10500	83.1	1.02e-218	600
Bra000714	AT4G10570	85.2	0	1566
Bra000716	AT4G10630	72.2	1.84e-170	475
Bra000717	AT4G10640	75.7	1.53e-208	580
Bra000719	AT4G10710	86.4	0	1731
Bra000720	AT4G30570	84.7	6.64e-189	524
Bra000721	AT4G10790	83.4	2.85e-237	657
Bra000724	AT4G10840	85.4	0	967
Bra000728	AT4G10920	72.7	2.14e-73	217
Bra000729	AT4G10930	72.3	0	1598
Bra000733	AT4G14180	79.2	0	1835
Bra000736	AT4G11140	57.8	2.05e-86	259
Bra000739	AT4G11220	90.8	1.93e-162	451
Bra000741	AT4G11260	87.4	1.05e-192	535
Bra000742	AT4G11360	76.6	6.62e-73	221
Bra000744	AT4G11470	76.9	0	974
Bra000747	AT4G11560	73.1	6.61e-285	786
Bra000754	AT4G11890	71.2	2.23e-179	501
Bra000755	AT4G11910	83.6	2.8e-166	461
Bra000756	AT4G11920	83.4	1.23e-288	787
Bra000757	AT4G11960	89.6	1.28e-170	475
Bra000760	AT4G12030	86.1	5.02e-239	656
Bra000766	AT4G12230	86	2.37e-231	635
Bra000767	AT4G12240	77.2	4.69e-199	551
Bra000770	AT4G10660	63.3	3.96e-134	383
Bra000772	AT4G12410	80.7	9.39e-92	263
Bra000774	AT4G12460	89.1	0	1238
Bra000775	AT4G12500	68.1	4.57e-69	206
Bra000778	AT4G12510	85.7	1.9e-72	212
Bra000782	AT4G12610	80.6	1.35e-227	642
Bra000784	AT4G03965	75.8	4.52e-102	293
Bra000786	AT4G04025	76	1.12e-79	234
Bra000787	AT4G04210	87.1	2.49e-184	509
Bra000788	AT4G04320	88.9	2.82e-306	852
Bra000789	AT4G04340	88.7	0	1358
Bra000791	AT4G04350	91.2	0	1796
Bra000792	AT4G04360	90.9	4.14e-111	313
Bra000793	AT4G04450	76.9	1.41e-233	652
Bra000795	AT4G04480	85.3	4.57e-209	579
Bra000799	AT4G04510	72.8	0	939
Bra000800	AT4G04500	76	0	981
Bra000801	AT1G03660	55.1	3.97e-28	99.8
Bra000802	AT4G04640	94.1	3.47e-222	610
Bra000803	AT4G04670	80.2	0	1412
Bra000804	AT4G04745	81.4	7.07e-60	180
Bra000806	AT4G04830	88	5.55e-90	257
Bra000809	AT4G04940	88.3	0	1608
Bra000810	AT4G04950	85.6	9.17e-298	811
Bra000812	AT4G05030	82.6	7.38e-36	116
Bra000815	AT1G66100	64.9	3.8e-55	168
Bra000819	AT4G03565	72.1	4.25e-85	254
Bra000820	AT4G03560	91	0	1295
Bra000825	AT4G03420	93.2	4.7e-210	574
Bra000826	AT4G03410	77.6	1.57e-189	528
Bra000832	AT1G80960	63.8	2.56e-183	520
Bra000836	AT4G03290	73.4	9.52e-63	189
Bra000837	AT4G03280	90.4	1.89e-152	422
Bra000839	AT4G03240	94.7	3.19e-77	227
Bra000840	AT4G03210	91.1	1.26e-205	561
Bra000842	AT4G03190	84.6	0	993
Bra000846	AT4G03080	92.5	0	1623
Bra000853	AT4G02930	94.3	8.62e-307	831
Bra000854	AT4G02920	81.1	4.95e-233	641
Bra000855	AT4G02900	92.1	0	1408
Bra000859	AT4G02850	78.4	5.11e-172	478
Bra000860	AT4G02840	87.3	5.53e-62	184
Bra000862	AT4G02800	77.2	1.96e-141	402
Bra000863	AT4G02790	88.2	1.87e-234	641
Bra000865	AT4G02740	61.6	6.6e-155	451
Bra000867	AT1G56220	84.3	4.83e-80	232
Bra000868	AT4G02680	86.8	0	1488
Bra000869	AT4G02660	80.5	0	5602
Bra000871	AT4G02620	96.9	7.82e-84	240
Bra000872	AT4G02590	85.4	4.74e-174	483
Bra000873	AT4G02580	96.9	1.52e-184	505
Bra000878	AT4G02480	84.1	0	2006
Bra000879	AT4G02450	91.1	3.04e-71	216
Bra000881	AT4G02420	74.1	0	998
Bra000882	AT4G02405	79.6	1.11e-169	473
Bra000883	AT4G02390	88.9	0	1066
Bra000884	AT4G02380	84.5	2.24e-48	151
Bra000890	AT4G02170	68.7	1.09e-76	226
Bra000892	AT4G19760	66.4	2.31e-174	489
Bra000893	AT4G02100	87	0	876
Bra000895	AT4G02080	97.9	1.68e-139	386
Bra000896	AT4G02070	85	0	2083
Bra000897	AT4G02060	95.4	0	1330
Bra000898	AT4G02050	93.9	0	937
Bra000900	AT4G02010	89.9	0	1236
Bra000901	AT4G01995	88.8	1.98e-149	417
Bra000902	AT4G01990	74.3	9.84e-268	736
Bra000903	AT4G01950	86.2	0	890
Bra000905	AT4G01940	81.3	1.5e-117	334
Bra000908	AT4G01900	83.8	5.87e-105	299
Bra000909	AT4G01897	76.6	5.69e-63	187
Bra000910	AT4G01895	66.3	3.32e-29	103
Bra000911	AT4G01890	72.2	1.36e-257	709
Bra000912	AT4G01880	84.6	5.85e-283	771
Bra000913	AT4G01870	79.6	0	1098
Bra000914	AT4G01850	98.7	1.89e-293	792
Bra000915	AT4G01800	89.4	0	1739
Bra000916	AT4G01790	86	1.04e-72	214
Bra000919	AT4G01650	81.8	9.47e-151	422
Bra000920	AT4G01630	91.8	3.84e-178	489
Bra000921	AT4G01575	76.3	5.62e-64	191
Bra000923	AT4G01450	79.2	4.66e-204	563
Bra000928	AT4G01395	94	0	1339
Bra000930	AT4G00820	74.7	7.46e-239	665
Bra000932	AT4G00840	88.7	3.22e-188	518
Bra000933	AT4G00910	84.9	9.99e-294	803
Bra000937	AT4G01010	86.7	0	1187
Bra000938	AT4G01026	89.6	2.09e-119	336
Bra000939	AT4G01040	85	3.37e-265	724
Bra000941	AT4G01060	84.2	1.79e-38	122
Bra000943	AT4G01090	60.5	2.03e-241	682
Bra000947	AT4G01150	87.7	5.93e-94	269
Bra000949	AT4G01210	82.4	0	1701
Bra000950	AT4G01220	90.6	8e-251	682
Bra000953	AT4G01310	92.7	3.47e-169	467
Bra000954	AT4G01320	95.5	4.02e-297	804
Bra000955	AT4G01370	95.4	3.95e-272	737
Bra000956	AT4G00770	72.2	1.95e-182	514
Bra000958	AT4G00752	76.4	1.38e-229	637
Bra000959	AT4G00740	94.6	0	1180
Bra000965	AT4G00660	91.7	0	883
Bra000967	AT4G00570	89.4	0	1101
Bra000968	AT4G00525	65.9	1.59e-44	142
Bra000969	AT4G00500	86.5	4.17e-299	812
Bra000970	AT4G00480	72.3	2.74e-247	694
Bra000971	AT4G00460	93.9	0	869
Bra000972	AT4G00450	88.2	0	3792
Bra000974	AT4G00430	98.3	1.26e-206	564
Bra000977	AT4G00355	53.3	1.4e-79	241
Bra000978	AT4G00170	85.4	5.72e-137	384
Bra000979	AT4G00120	66.7	5.09e-61	187
Bra000980	AT3G02000	91.2	5.81e-90	256
Bra000981	AT3G01990	83.7	2.27e-266	729
Bra000984	AT3G01860	59.2	1.72e-72	219
Bra000985	AT3G01830	72.9	5.98e-61	184
Bra000986	AT3G01820	76	2.03e-131	372
Bra000987	AT3G01810	74.6	0	1199
Bra000988	AT3G01800	79	5.18e-134	379
Bra000989	AT3G01790	89.3	4.56e-125	350
Bra000990	AT3G01750	81.7	0	940
Bra000991	AT3G01740	85.5	8.65e-64	189
Bra000993	AT3G01720	87.4	0	1484
Bra000995	AT5G14380	55.3	5.69e-13	61.6
Bra000996	AT3G01670	87.6	0	1451
Bra000998	AT3G01640	91.4	2.96e-239	653
Bra000999	AT3G01610	74.3	0	1102
Bra001000	AT3G01590	92	3.35e-202	570
Bra001001	AT3G01580	81	0	1016
Bra001002	AT3G01570	76.9	2.18e-87	254
Bra001003	AT3G01550	84.6	1.99e-223	614
Bra001004	AT3G01540	84.1	0	1024
Bra001005	AT3G01530	79	9.38e-105	300
Bra001006	AT3G01400	91.2	1.43e-72	229
Bra001011	AT3G01270	88.2	1.56e-312	847
Bra001017	AT3G01210	85.3	7.53e-144	402
Bra001019	AT5G15320	81.1	1.34e-23	82.8
Bra001020	AT3G01120	86.1	0	896
Bra001023	AT3G01085	87.5	0	1050
Bra001024	AT3G01050	90.7	2.44e-73	213
Bra001026	AT3G01030	50	2.23e-77	240
Bra001027	AT3G01015	71.7	1.48e-209	587
Bra001031	AT3G02140	67.4	2.99e-130	371
Bra001034	AT3G02170	70.3	0	1083
Bra001035	AT3G02180	83.5	8.93e-42	137
Bra001038	AT3G02250	93.2	0	979
Bra001039	AT3G02280	86.2	0	1090
Bra001045	AT3G02460	92.7	3.41e-236	644
Bra001046	AT3G02470	93.2	2.53e-252	689
Bra001047	AT3G02490	80.5	0	1042
Bra001048	AT3G02500	64.4	1.35e-101	297
Bra001050	AT3G02540	81.9	2.65e-200	558
Bra001057	AT3G02630	95.5	1.59e-282	765
Bra001061	AT3G02760	78	0	1256
Bra001063	AT3G02780	88.4	8.46e-182	501
Bra001065	AT3G02810	68.4	8.48e-231	648
Bra001070	AT3G02970	80.5	2.57e-188	521
Bra001074	AT3G03160	95.4	2.23e-84	242
Bra001075	AT3G03170	83.2	2.79e-78	228
Bra001078	AT3G03470	88.5	0	898
Bra001079	AT3G03490	84.5	4.66e-131	369
Bra001080	AT3G03550	64.4	1.35e-116	340
Bra001082	AT3G03560	66.3	1.34e-199	561
Bra001083	AT3G03570	88.8	0	1055
Bra001084	AT3G03670	80.5	8.09e-186	514
Bra001085	AT3G03710	88.1	0	1548
Bra001089	AT3G03770	89.3	0	1105
Bra001090	AT3G03780	92.8	0	1431
Bra001092	AT3G03860	83.8	2.86e-178	493
Bra001093	AT4G04220	68.6	2.93e-90	301
Bra001095	AT3G04050	79.6	1.98e-276	758
Bra001096	AT3G04160	57.4	2.08e-232	661
Bra001097	AT3G04150	74.7	3.85e-128	361
Bra001099	AT3G04280	80.4	1.07e-72	213
Bra001100	AT3G04290	96.2	1.11e-260	707
Bra001102	AT3G04310	72.5	1.02e-75	227
Bra001106	AT3G04480	85.2	0	1210
Bra001110	AT3G04620	90.8	1.52e-73	217
Bra001111	AT3G04610	90.3	8.94e-234	649
Bra001114	AT3G04600	91.7	2.15e-273	747
Bra001116	AT3G04650	91.4	0	882
Bra001117	AT3G04670	80.7	2.9e-180	500
Bra001118	AT3G04680	88.3	1.93e-287	781
Bra001119	AT3G04700	83.9	2.87e-96	277
Bra001120	AT3G04710	79.4	5.67e-214	605
Bra001123	AT3G04720	89.3	2.42e-142	395
Bra001124	AT3G04810	87.6	0	986
Bra001125	AT3G04820	84.8	0	1114
Bra001126	AT3G04830	92.4	7.13e-200	548
Bra001128	AT3G04850	54.7	1.29e-192	552
Bra001131	AT3G04940	89.7	3.11e-199	551
Bra001132	AT3G04950	86.5	4.59e-131	369
Bra001133	AT3G05010	93.4	6.24e-209	571
Bra001143	AT3G05280	94.7	1.39e-191	525
Bra001144	AT3G05290	87	6.61e-185	512
Bra001149	AT3G05490	90.6	8.72e-72	209
Bra001150	AT3G05510	73.8	2.03e-231	639
Bra001153	AT3G05545	82.5	6.26e-253	692
Bra001154	AT3G05560	97.6	5.59e-82	235
Bra001155	AT3G05580	93.7	1.76e-226	617
Bra001156	AT3G05590	97.9	7.99e-126	351
Bra001158	AT3G05625	88.5	6.32e-172	474
Bra001159	AT3G05670	80.2	2.01e-271	759
Bra001163	AT3G05680	87.3	0	3475
Bra001164	AT3G05690	78.6	2.85e-152	428
Bra001169	AT3G05840	96.1	7.82e-299	807
Bra001170	AT3G05858	92.2	3.7e-53	160
Bra001172	AT3G05910	94.2	3.48e-303	819
Bra001174	AT5G26360	96.4	0	1053
Bra001175	AT5G46270	57.7	0	1153
Bra001177	AT3G05970	94.3	0	1308
Bra001178	AT3G06020	61.8	1.33e-101	298
Bra001182	AT3G06080	81.1	1.61e-288	786
Bra001183	AT3G06120	91.8	6.14e-125	350
Bra001186	AT3G06190	90.6	1.17e-270	736
Bra001187	AT3G06240	68.9	2.5e-130	375
Bra001188	AT3G06260	94	1.38e-252	685
Bra001189	AT3G06270	86.7	1.26e-222	610
Bra001190	AT3G06290	77.1	0	2325
Bra001196	AT3G06410	82	6.62e-176	500
Bra001197	AT3G06420	91.6	5.07e-78	225
Bra001198	AT3G06450	91.3	0	1324
Bra001200	AT3G06480	75.8	0	1319
Bra001201	AT3G06483	86.9	5.58e-251	684
Bra001203	AT3G06530	81.9	0	3456
Bra001207	AT4G13010	93.3	6.55e-223	608
Bra001208	AT3G66652	52.7	7.08e-287	834
Bra001209	AT3G66656	69.1	4.79e-77	227
Bra001214	AT3G06760	72.9	1.12e-97	282
Bra001215	AT3G06770	83.7	2.74e-275	751
Bra001216	AT3G06778	80.3	2.35e-131	369
Bra001220	AT3G06850	77.9	4.11e-265	729
Bra001223	AT3G06880	76.2	0	1902
Bra001224	AT3G06890	78.1	6.19e-60	180
Bra001225	AT3G06920	72.1	7.4e-87	296
Bra001227	AT3G06950	87.3	9.31e-206	565
Bra001229	AT3G07020	87.7	0	1090
Bra001230	AT3G07030	78.7	3.73e-74	229
Bra001232	AT3G07050	86.4	0	885
Bra001234	AT3G07080	82.4	7.67e-242	665
Bra001241	AT3G07195	65.3	3.4e-67	206
Bra001242	AT3G07255	66.8	2.68e-119	343
Bra001246	AT3G07330	92.5	0	1239
Bra001251	AT3G07425	85.7	3.8e-61	181
Bra001253	AT3G07470	70.9	6.52e-82	239
Bra001254	AT3G07490	90.2	5.5e-96	273
Bra001261	AT3G07600	63.8	9e-58	176
Bra001263	AT3G07640	79.7	4.33e-136	382
Bra001269	AT3G07840	81	1.73e-244	669
Bra001271	AT3G07860	92.5	6.81e-104	294
Bra001273	AT3G07870	87.1	1.93e-271	738
Bra001275	AT3G07890	95.5	2.17e-282	765
Bra001281	AT3G08010	89.9	6.9e-241	658
Bra001283	AT3G08040	80.3	6.05e-268	739
Bra001287	AT3G10180	80.1	0	1762
Bra001288	AT3G10140	82.6	1.07e-217	600
Bra001289	AT3G10050	83.3	0	975
Bra001290	AT3G10040	69.4	1.91e-156	448
Bra001292	AT3G09980	89.7	9.97e-91	262
Bra001294	AT3G09925	81.3	3.4e-101	288
Bra001295	AT3G09890	80.5	9.49e-78	231
Bra001296	AT3G09880	90.4	0	882
Bra001298	AT4G08520	94.4	1.28e-113	320
Bra001301	AT3G09670	55.2	3.45e-106	326
Bra001303	AT3G09590	75.3	5.51e-109	309
Bra001304	AT3G09550	95.2	3.8e-278	772
Bra001305	AT3G09530	70.3	1.6e-302	835
Bra001308	AT3G09400	67.2	3.99e-294	817
Bra001312	AT3G09360	74.4	2.46e-267	744
Bra001315	AT3G09330	81.9	7.04e-299	817
Bra001318	AT3G09290	74.6	1.23e-78	231
Bra001319	AT3G09280	75.9	2.77e-58	174
Bra001320	AT3G09260	90.5	0	1018
Bra001324	AT3G09200	94.8	3.65e-191	528
Bra001325	AT3G09150	84.7	5e-198	545
Bra001326	AT3G09070	71.5	1.51e-259	729
Bra001327	AT3G09060	84.7	2.23e-73	250
Bra001333	AT3G09010	86.3	1.47e-239	656
Bra001337	AT3G08910	89.2	1.41e-210	577
Bra001338	AT3G08900	94.2	1.27e-269	729
Bra001341	AT3G08860	86.2	2.54e-300	816
Bra001342	AT3G08850	91.9	0	2434
Bra001344	AT3G08840	83.4	0	1491
Bra001347	AT3G08690	98	4.11e-109	306
Bra001349	AT3G08660	77.5	1.47e-303	834
Bra001350	AT3G08650	93.5	0	1068
Bra001352	AT3G08600	76.9	1.42e-155	437
Bra001353	AT3G11060	55.9	4.17e-62	191
Bra001354	AT3G10330	98.7	2.6e-225	613
Bra001355	AT3G10360	84.6	0	1275
Bra001357	AT3G10390	83.4	0	1422
Bra001358	AT3G10405	77.8	1.48e-106	305
Bra001359	AT3G10410	83.1	1.67e-316	861
Bra001369	AT3G10572	78.8	1.58e-176	491
Bra001370	AT1G66245	63.4	4.36e-102	298
Bra001371	AT3G10640	88.1	4.49e-144	401
Bra001372	AT3G10650	65.6	0	1356
Bra001373	AT3G10660	80.1	0	902
Bra001374	AT3G10690	80.8	0	1414
Bra001380	AT3G10780	71.1	1.95e-104	300
Bra001384	AT3G10986	82.1	7.88e-70	207
Bra001389	AT3G11070	83.2	6.52e-317	862
Bra001395	AT3G13590	63.3	1.12e-225	630
Bra001396	AT3G11230	93.8	2.37e-90	258
Bra001399	AT3G11330	85.5	2.05e-153	446
Bra001400	AT3G11380	58.3	7.01e-201	578
Bra001401	AT3G11400	84.4	1.77e-193	532
Bra001405	AT3G11480	83	9.09e-231	633
Bra001407	AT3G11530	96.5	6.11e-76	220
Bra001409	AT3G11550	86.8	1.99e-116	329
Bra001410	AT3G11570	88.6	1.5e-293	795
Bra001414	AT3G11620	84.8	3.17e-192	530
Bra001417	AT3G11720	62	4.26e-201	572
Bra001418	AT3G11730	97.1	1.59e-141	392
Bra001419	AT3G11740	89.7	1.21e-128	359
Bra001421	AT3G11800	87	1.11e-154	429
Bra001422	AT3G11820	88.4	5.43e-174	486
Bra001425	AT3G11900	91.6	2.15e-283	770
Bra001429	AT3G11945	85	1.03e-221	610
Bra001430	AT3G11950	74.6	1.17e-222	631
Bra001434	AT4G13090	71.9	1.49e-158	442
Bra001435	AT3G12010	83.3	0	917
Bra001437	AT3G12140	79.5	4.31e-187	520
Bra001444	AT3G12260	95.5	3.26e-92	262
Bra001447	AT3G12290	91.7	8.62e-195	535
Bra001448	AT3G12300	95.2	2.68e-132	368
Bra001451	AT3G12400	80.9	2.43e-220	609
Bra001455	AT3G12530	88.6	1.09e-132	370
Bra001456	AT3G12540	80.5	6.04e-314	859
Bra001460	AT3G12610	90.5	1.05e-90	276
Bra001462	AT3G12640	72.8	1.89e-302	836
Bra001463	AT3G12650	74.5	2.66e-107	308
Bra001464	AT3G12660	67.9	2.66e-66	206
Bra001466	AT3G12700	77.8	4.38e-241	665
Bra001468	AT3G12760	92	4.28e-170	468
Bra001470	AT3G12780	95.9	1.03e-315	856
Bra001471	AT3G12800	89.6	1.8e-193	531
Bra001474	AT3G12860	93.3	5.31e-298	813
Bra001476	AT3G12900	86	6.08e-233	636
Bra001480	AT3G12977	80	5.71e-164	455
Bra001482	AT3G13000	84	0	929
Bra001486	AT3G13062	83.6	3.31e-233	642
Bra001490	AT3G13080	84.8	0	2393
Bra001492	AT3G13160	82.9	1.84e-115	342
Bra001494	AT3G13227	79.4	9.62e-51	155
Bra001495	AT3G13229	78.7	2.74e-161	449
Bra001496	AT3G13235	90.3	3.42e-258	708
Bra001500	AT3G13330	92.4	0	3290
Bra001501	AT3G13340	92.2	1.01e-305	828
Bra001502	AT3G13360	58.2	6.28e-150	436
Bra001503	AT3G13390	94.2	0	1107
Bra001507	AT3G13470	95	0	1064
Bra001510	AT3G13530	87.9	0	2292
Bra001519	AT3G13672	69.3	7.33e-119	337
Bra001522	AT3G13800	85.9	1.88e-221	607
Bra001524	AT3G13860	94.1	0	1006
Bra001525	AT3G13870	91.8	0	1420
Bra001526	AT3G13882	62.1	1.55e-55	172
Bra001529	AT3G13898	69.1	3.92e-54	165
Bra001538	AT3G14190	79	6.87e-101	290
Bra001539	AT3G14200	82.1	5.69e-118	335
Bra001542	AT3G14240	93.2	0	1401
Bra001545	AT3G14270	86.5	0	3016
Bra001549	AT3G14395	85.3	9.79e-40	125
Bra001550	AT3G14415	94.4	5.77e-249	678
Bra001554	AT3G14450	86	1.45e-188	521
Bra001555	AT3G32030	68	1.28e-297	821
Bra001556	AT3G29430	83.9	9.53e-205	565
Bra001557	AT3G14490	78.6	0	963
Bra001558	AT3G14595	66.7	2.04e-53	163
Bra001565	AT3G14810	79.8	0	1301
Bra001569	AT3G14850	86.8	5.45e-237	646
Bra001570	AT3G14860	79.4	2.31e-257	709
Bra001575	AT3G14940	96.8	0	1869
Bra001576	AT3G14960	89	1.52e-221	606
Bra001581	AT3G15060	93.6	4.14e-143	397
Bra001584	AT3G15120	72.8	0	2480
Bra001585	AT3G15160	94.5	0	1049
Bra001586	AT3G15170	81.2	3.5e-176	489
Bra001588	AT3G15210	79.6	8.15e-115	326
Bra001590	AT3G15340	65.3	2.65e-231	651
Bra001593	AT3G15370	79.6	2.35e-166	460
Bra001595	AT3G15460	88.3	9.85e-209	572
Bra001599	AT3G15570	79.2	1.6e-245	676
Bra001600	AT3G15630	67.8	3.19e-40	129
Bra001605	AT3G15720	80.1	1.25e-267	732
Bra001606	AT3G15810	90	1.87e-143	398
Bra001609	AT3G15850	85.9	8.62e-236	645
Bra001611	AT3G15870	75.8	1.3e-206	570
Bra001618	AT3G16000	65.8	1.31e-125	390
Bra001623	AT2G16005	61.3	2.02e-38	127
Bra001631	AT3G16430	80.1	3.75e-176	488
Bra001636	AT3G16570	85.5	3.79e-74	216
Bra001645	AT3G16950	88.3	0	1052
Bra001646	AT3G16990	84.6	1.39e-134	376
Bra001648	AT3G17010	55.1	1.24e-100	296
Bra001658	AT3G17300	94.5	1.75e-56	168
Bra001659	AT3G17365	70.1	3.81e-123	350
Bra001660	AT3G17380	88.9	2.46e-193	531
Bra001663	AT3G17440	95.9	4.08e-176	485
Bra001664	AT3G17470	90.3	0	999
Bra001667	AT3G17570	50.5	4.9e-112	332
Bra001668	AT1G48325	55.2	3.3e-20	76.3
Bra001671	AT3G17609	91.3	1.39e-69	206
Bra001672	AT3G17630	87.3	0	1350
Bra001673	AT3G17640	87.7	5.99e-129	376
Bra001679	AT3G17710	64.7	4.38e-177	496
Bra001688	AT3G17900	85.1	0	1337
Bra001692	AT3G17970	84.6	0	892
Bra001693	AT3G17980	92.1	1.06e-116	327
Bra001694	AT3G18010	75.6	3.55e-183	510
Bra001695	AT3G18030	93.2	8.53e-148	409
Bra001697	AT3G18050	77.2	6e-179	498
Bra001699	AT3G18200	91.1	1.22e-223	613
Bra001703	AT3G18300	69.9	2.63e-113	326
Bra001704	AT3G18390	82.1	0	1285
Bra001709	AT3G18524	91.4	0	1706
Bra001710	AT3G18550	70.1	5.65e-176	498
Bra001712	AT3G18590	80.2	2.54e-92	266
Bra001714	AT3G18620	87	7.55e-211	579
Bra001721	AT3G18773	76.5	5.35e-114	324
Bra001723	AT3G18810	83.7	3.18e-243	690
Bra001725	AT3G18830	87.9	0	913
Bra001728	AT3G18950	83.5	6.2e-239	660
Bra001730	AT3G19020	85.1	4.25e-104	350
Bra001733	AT3G19090	78.2	7.06e-233	645
Bra001735	AT3G19130	79.7	4.53e-196	548
Bra001737	AT3G19160	70.8	2.79e-159	447
Bra001738	AT3G19170	91.6	0	1965
Bra001739	AT3G63220	85.8	1.21e-228	625
Bra001740	AT3G19260	88.3	1.01e-185	514
Bra001747	AT3G19480	91	0	995
Bra001748	AT3G19460	70.5	1.13e-99	287
Bra001753	AT3G19595	70.5	4.6e-146	412
Bra001755	AT3G19610	82.9	0	890
Bra001757	AT3G19630	89.5	2.8e-240	656
Bra001760	AT3G19690	79	1.61e-96	275
Bra001764	AT3G20030	60.5	3.19e-153	438
Bra001766	AT3G19930	93.4	0	965
Bra001769	AT3G19970	87.2	6.33e-266	726
Bra001775	AT3G20080	71.8	2.24e-258	714
Bra001776	AT3G20150	79.1	0	1521
Bra001778	AT3G20170	84.6	3.1e-174	497
Bra001779	AT3G20190	81.7	0	1037
Bra001785	AT3G20360	77.4	6.62e-168	469
Bra001789	AT3G20410	91.6	0	964
Bra001791	AT3G20530	88.7	3.16e-239	654
Bra001792	AT3G20550	87.3	6.21e-111	324
Bra001793	AT3G20560	88	0	868
Bra001796	AT3G20600	78.6	1.27e-115	328
Bra001801	AT3G20750	56.1	2.84e-64	196
Bra001802	AT3G20770	79.4	0	929
Bra001804	AT3G20890	82.5	6.13e-162	451
Bra001805	AT3G20898	63	9.87e-44	139
Bra001806	AT3G20910	68.3	1.53e-128	368
Bra001810	AT3G21070	85.3	6.24e-318	869
Bra001813	AT1G51550	71.5	2.7e-239	662
Bra001815	AT3G21150	66.8	2.1e-85	252
Bra001818	AT3G21220	88.4	2.16e-203	560
Bra001819	AT3G21230	86.4	0	941
Bra001822	AT3G21270	79.4	2.23e-90	263
Bra001824	AT3G21305	76.6	1.23e-30	102
Bra001827	AT3G21340	85.6	0	1490
Bra001828	AT3G21400	85.4	3.33e-101	289
Bra001829	AT3G21410	66.4	6.99e-171	482
Bra001831	AT3G21460	97.1	9.85e-68	197
Bra001833	AT3G21530	87.1	7.99e-286	778
Bra001834	AT3G21580	89.3	2.55e-231	635
Bra001836	AT3G21610	81.1	1.2e-95	274
Bra001837	AT3G21620	92.9	0	1389
Bra001842	AT3G21710	76.6	5.79e-106	303
Bra001845	AT3G21760	80	1.33e-290	793
Bra001847	AT3G21790	70.1	6.73e-248	684
Bra001848	AT3G21865	87.2	9.36e-163	452
Bra001849	AT3G21970	53	3.61e-92	272
Bra001852	AT3G22120	86.2	5.8e-48	162
Bra001862	AT3G22290	94.9	1.04e-245	668
Bra001864	AT3G22320	94.6	1.2e-136	380
Bra001868	AT3G22480	87.2	1.55e-78	228
Bra001872	AT3G22540	87.3	3.69e-64	189
Bra001874	AT3G22600	67.6	7.51e-67	201
Bra001875	AT3G22620	81	1.76e-103	296
Bra001876	AT3G22650	71.6	7.43e-213	588
Bra001881	AT3G22670	84	7.03e-228	640
Bra001882	AT3G22680	79.1	1.22e-85	248
Bra001886	AT3G22840	86.2	4.02e-107	305
Bra001889	AT3G22850	85.9	2.88e-163	451
Bra001891	AT3G22890	92.9	0	865
Bra001894	AT3G22942	93	7.91e-62	182
Bra001895	AT1G23280	64.1	8.68e-118	340
Bra001896	AT3G22960	89.4	0	1017
Bra001899	AT3G23030	85.6	1.55e-101	292
Bra001902	AT1G63590	60.5	2.06e-87	262
Bra001904	AT3G23140	57.9	9.67e-52	162
Bra001905	AT3G23170	74.1	5.16e-44	138
Bra001907	AT3G23250	82.9	7.03e-171	473
Bra001909	AT3G23300	92	0	1165
Bra001913	AT3G23440	73.1	2.08e-52	160
Bra001917	AT1G66390	77.6	1.27e-148	414
Bra001919	AT3G23790	86.7	0	1245
Bra001924	AT3G23870	90.4	5.4e-211	579
Bra001925	AT3G24050	68.9	6.74e-111	320
Bra001929	AT3G24140	85.6	3.37e-224	619
Bra001931	AT3G24170	91.4	0	899
Bra001933	AT3G24250	60.2	5.01e-23	87
Bra001934	AT3G23990	94.3	0	1010
Bra001935	AT3G23980	71.5	3.1e-253	716
Bra001942	AT1G48520	82	9.99989e-320	871
Bra001944	AT3G24340	59	0	1147
Bra001946	AT3G24360	82.7	7.79e-245	672
Bra001948	AT3G24450	93.5	6.96e-95	269
Bra001949	AT3G24460	91.3	2.68e-272	740
Bra001950	AT3G24480	84.2	1.19e-118	365
Bra001951	AT3G24490	74.1	7.78e-144	409
Bra001952	AT3G24503	88	0	918
Bra001954	AT2G15980	78.2	1.41e-180	515
Bra001956	AT2G16050	90.9	5.48e-174	478
Bra001958	AT2G16060	92.5	3.82e-104	294
Bra001959	AT2G16070	77.7	5.21e-153	429
Bra001960	AT2G16090	81.7	0	951
Bra001967	AT2G16120	92.5	0	914
Bra001971	AT2G16250	78.3	0	918
Bra001973	AT2G16270	59	3.17e-232	664
Bra001974	AT2G16280	92.1	0	936
Bra001975	AT2G16365	72.8	8.01e-190	545
Bra001976	AT2G16400	75.4	8.49e-221	614
Bra001977	AT2G16405	93	9.24e-316	855
Bra001980	AT2G16570	90.3	0	976
Bra001982	AT2G16595	84.6	4.08e-138	388
Bra001983	AT2G16630	75.1	3.35e-172	482
Bra001984	AT2G16650	84	4.96e-301	822
Bra001986	AT5G42180	85.5	2.9e-204	560
Bra001996	AT2G16750	81.9	0	988
Bra001999	AT2G16860	88	1.99e-174	483
Bra002000	AT2G16880	68.6	2.75e-19	87.8
Bra002001	AT2G20780	92.4	0	902
Bra002004	AT2G16910	87.4	0	952
Bra002005	AT2G16920	78.3	0	1644
Bra002007	AT3G44150	88.8	4.31e-155	430
Bra002010	AT1G34360	67.2	7.45e-159	461
Bra002015	AT2G17010	83.7	0	1414
Bra002021	AT2G17120	68.1	3.38e-165	465
Bra002022	AT2G13100	83.7	4.64e-284	777
Bra002023	AT2G17130	95.9	1.5e-252	687
Bra002024	AT2G17140	92	1.31e-189	566
Bra002025	AT2G17150	79.7	0	1374
Bra002028	AT2G17200	83.4	1.82e-283	780
Bra002030	AT2G17210	78.6	0	1018
Bra002031	AT2G17220	85.6	9.44e-244	668
Bra002034	AT2G17230	93.4	1.23e-236	646
Bra002035	AT2G17240	75.6	1.62e-47	150
Bra002043	AT3G11490	74.2	2.85e-191	540
Bra002046	AT3G11520	75.3	6.87e-195	544
Bra002047	AT2G17265	92.4	9.14e-230	629
Bra002049	AT2G17300	78.7	2.56e-61	184
Bra002050	AT2G17350	100	5.25e-61	182
Bra002053	AT2G17370	77.2	5.49e-295	810
Bra002054	AT2G17380	99.4	1.39e-111	313
Bra002058	AT2G17410	62.1	2.08e-280	794
Bra002059	AT2G21045	80.1	6.11e-82	238
Bra002061	AT2G17450	82.6	6.57e-102	291
Bra002062	AT2G17470	80.5	6.6e-293	805
Bra002068	AT2G17500	90.7	4.13e-259	706
Bra002069	AT2G17525	81.5	1.54e-180	525
Bra002070	AT2G17530	91.5	7.01e-303	820
Bra002072	AT2G17550	81.8	0	1187
Bra002075	AT2G17650	89	0	960
Bra002079	AT2G17705	89	3.89e-88	251
Bra002080	AT2G17710	84.6	3.27e-84	243
Bra002084	AT2G17730	89.5	7.94e-125	353
Bra002085	AT1G45616	59.3	1.04e-245	716
Bra002090	AT2G17770	59.6	3.63e-60	185
Bra002091	AT2G17787	55	1.86e-85	259
Bra002092	AT2G17790	92.4	0	1431
Bra002095	AT2G17820	86.4	0	1988
Bra002096	AT2G17840	80.6	7.54e-251	689
Bra002098	AT2G17860	78.1	1.05e-143	402
Bra002100	AT2G17900	87.3	1.05e-311	846
Bra002102	AT5G17720	80.9	1.5e-270	739
Bra002103	AT5G17760	88.5	2.26e-309	842
Bra002104	AT5G17770	92.9	5.08e-196	536
Bra002105	AT5G17780	80	3.91e-203	562
Bra002106	AT5G17790	70.9	0	892
Bra002109	AT5G17830	58.6	2.1e-155	449
Bra002110	AT5G17850	82.5	0	889
Bra002118	AT5G17980	84.3	0	1787
Bra002119	AT5G17990	85.2	2.44e-249	684
Bra002129	AT5G18070	82.8	0	880
Bra002131	AT5G18030	83.8	1.69e-51	156
Bra002132	AT5G18000	56.7	1.44e-109	320
Bra002133	AT5G18100	89.2	1.36e-103	293
Bra002135	AT5G18120	83.4	6.78e-163	454
Bra002136	AT5G18130	71	1.84e-132	375
Bra002137	AT5G18140	74.6	5e-167	468
Bra002138	AT5G18150	79.3	1.4e-41	130
Bra002139	AT5G18170	95.4	1.2e-296	802
Bra002140	AT5G18190	90.2	0	1154
Bra002141	AT5G18200	88.6	2.13e-235	642
Bra002142	AT5G18210	89.1	6.61e-143	401
Bra002143	AT5G18220	89.8	0	897
Bra002145	AT5G18240	87.7	1.52e-223	616
Bra002146	AT5G18250	89.5	4.81e-85	244
Bra002147	AT5G18260	61.8	1.19e-114	336
Bra002150	AT5G18280	91.9	0	867
Bra002151	AT5G18290	84.4	1.16e-141	396
Bra002152	AT5G18310	79.6	3.7e-75	221
Bra002157	AT5G18420	78.6	2.49e-259	711
Bra002158	AT5G18440	59	1.04e-122	365
Bra002159	AT5G18450	76.5	1.41e-162	454
Bra002162	AT5G18490	86.1	0	1014
Bra002165	AT5G44630	75.1	1.68e-310	849
Bra002166	AT5G18525	83.5	0	2664
Bra002170	AT5G18590	89.1	0	1164
Bra002172	AT5G18610	93.6	0	930
Bra002173	AT5G18620	87.7	0	1780
Bra002174	AT5G18630	82.2	8.02e-222	608
Bra002175	AT5G18640	83.6	1.81e-226	620
Bra002177	AT5G18660	82.9	1.29e-244	671
Bra002178	AT5G18670	87	0	928
Bra002179	AT5G18680	88.5	4.38e-247	675
Bra002180	AT5G18690	66.9	5.74e-32	109
Bra002181	AT5G18700	89.8	0	2409
Bra002183	AT5G18730	68.4	6.47e-240	670
Bra002184	AT5G18750	71.2	3.53e-122	368
Bra002186	AT5G18800	99.1	1.36e-78	225
Bra002189	AT5G18840	91.1	8.73e-313	849
Bra002191	AT5G18860	83.6	0	1531
Bra002192	AT5G18900	90.9	4.03e-204	558
Bra002194	AT5G18930	90	7.9e-226	617
Bra002195	AT5G18940	95.3	1.77e-235	642
Bra002196	AT5G18950	68.4	4.48e-122	365
Bra002199	AT5G18980	87.4	0	1384
Bra002202	AT5G19020	86.5	5.06e-308	849
Bra002203	AT5G19025	84.5	1.03e-101	294
Bra002204	AT5G19040	87.2	1.29e-210	578
Bra002206	AT5G19060	79.8	0	958
Bra002207	AT5G19070	91.8	2.5e-175	484
Bra002214	AT5G19120	76.9	9.86e-202	560
Bra002215	AT5G19130	88.9	0	1238
Bra002216	AT5G19140	93.6	6.63e-160	441
Bra002218	AT5G19160	81.4	9.85e-299	812
Bra002219	AT5G19180	87.5	1.53e-289	788
Bra002220	AT5G19190	79.5	5.81e-65	194
Bra002223	AT5G19280	78	9.61e-313	857
Bra002225	AT5G19300	82.4	2.49e-193	539
Bra002227	AT5G19320	87	5.05e-219	616
Bra002228	AT5G19330	90.6	4.13e-307	854
Bra002233	AT5G19400	73.2	0	1401
Bra002234	AT5G19410	89.1	8.73e-293	804
Bra002236	AT5G19440	90.7	1.6e-218	597
Bra002238	AT5G19460	79.4	3.16e-177	498
Bra002239	AT5G19480	90.3	3.78e-77	230
Bra002244	AT5G19530	94.3	8.38e-236	642
Bra002249	AT5G19610	91.4	0	2496
Bra002250	AT5G19620	87.3	0	1226
Bra002251	AT5G19640	86.1	0	1018
Bra002252	AT5G19650	72.1	1.14e-91	267
Bra002253	AT5G19670	84	0	996
Bra002254	AT5G19680	89.3	2.82e-154	435
Bra002256	AT5G19700	87.8	0	877
Bra002257	AT5G19730	90.9	2.64e-265	720
Bra002261	AT5G19770	99.6	0	901
Bra002262	AT5G19790	80.9	5.75e-138	387
Bra002264	AT5G19850	88.3	6.66e-233	637
Bra002266	AT5G19860	78.1	6.89e-90	260
Bra002270	AT5G19880	91.2	1.47e-217	595
Bra002272	AT5G19900	65.6	2.34e-184	523
Bra002273	AT5G19910	66.8	5.93e-96	278
Bra002274	AT5G19920	66.3	2.12e-297	821
Bra002275	AT5G19930	93.8	3.26e-191	525
Bra002276	AT5G19940	81.3	5.08e-128	360
Bra002277	AT5G19950	78.5	5.65e-183	514
Bra002279	AT5G19990	98.1	2.39e-291	789
Bra002280	AT5G20190	80.5	1.57e-89	267
Bra002282	AT5G20220	84	7.18e-169	487
Bra002283	AT5G20230	69.9	2.66e-75	223
Bra002286	AT5G20250	82.9	0	1422
Bra002287	AT5G20260	83.4	6.55e-276	754
Bra002289	AT5G20280	94.6	0	1952
Bra002290	AT5G20290	93.4	1.91e-131	369
Bra002291	AT5G20300	81.8	0	1239
Bra002293	AT5G20320	81.2	0	2618
Bra002298	AT5G20400	86.2	6.25e-226	618
Bra002302	AT5G20420	80.6	0	1962
Bra002305	AT5G20480	82.2	1.88e-298	856
Bra002307	AT5G20510	86.8	1.02e-156	436
Bra002308	AT5G20520	92.8	3.41e-212	580
Bra002313	AT5G20590	81.9	5.13e-295	805
Bra002314	AT5G20600	74.9	1.11e-266	736
Bra002318	AT5G20650	84.9	3.06e-80	233
Bra002320	AT5G20680	80.4	2.75e-314	858
Bra002321	AT5G20690	75	2.17e-257	723
Bra002322	AT5G20700	89.6	2.54e-159	441
Bra002325	AT5G20710	87.2	0	1528
Bra002328	AT5G20740	80.3	3.23e-109	312
Bra002331	AT5G20820	90.5	2.73e-79	229
Bra002336	AT5G20885	79.5	2.12e-92	266
Bra002337	AT5G20890	96.2	0	988
Bra002338	AT5G20900	64.7	6.64e-73	218
Bra002341	AT5G20920	83.9	1.21e-147	413
Bra002347	AT5G20960	82.8	0	2245
Bra002350	AT5G21040	89.2	3.42e-233	644
Bra002352	AT5G21060	85.7	1.19e-229	630
Bra002354	AT5G21090	96.8	6.64e-82	243
Bra002358	AT5G21120	61.2	1.18e-202	573
Bra002359	AT5G21140	82.2	4.47e-179	496
Bra002362	AT5G21160	72.3	0	968
Bra002366	AT5G21170	75.5	1.87e-167	466
Bra002367	AT5G21222	86.6	0	963
Bra002369	AT5G21326	91.8	7.41e-292	792
Bra002370	AT5G21430	86.7	3.88e-132	370
Bra002371	AT5G21482	89.4	0	962
Bra002372	AT5G21910	70.3	2.21e-38	124
Bra002374	AT5G21930	90.1	0	1497
Bra002375	AT5G21940	80.6	2.32e-86	257
Bra002377	AT5G21960	72.8	2.47e-98	285
Bra002380	AT5G21970	82.1	2.29e-262	718
Bra002381	AT5G21280	72.1	1.27e-103	304
Bra002383	AT5G22020	90.1	3.39e-272	739
Bra002384	AT5G22030	86.8	0	1531
Bra002387	AT5G22080	85.8	6.05e-127	359
Bra002388	AT5G22090	73.2	3.38e-212	592
Bra002397	AT5G22210	87.7	3.82e-46	141
Bra002398	AT5G22220	79.4	6.1e-241	665
Bra002400	AT5G22250	84.8	1.82e-170	472
Bra002401	AT5G22260	88.3	0	1188
Bra002404	AT5G22310	67.4	3.34e-182	518
Bra002405	AT5G22320	81.4	6.93e-63	209
Bra002406	AT5G22330	98.3	5.33e-317	857
Bra002411	AT5G22440	94	1.27e-140	391
Bra002412	AT5G22450	86.9	0	1846
Bra002413	AT5G22460	80.2	1.1e-215	591
Bra002414	AT5G22470	91.8	0	1508
Bra002416	AT5G22500	85.2	5.88e-313	850
Bra002417	AT5G22510	88.7	0	1111
Bra002420	AT5G22560	58.3	1.69e-196	555
Bra002421	AT5G22570	69.4	2.3e-131	374
Bra002422	AT5G22580	88.3	6.37e-66	194
Bra002423	AT5G22630	91.4	1.57e-278	758
Bra002424	AT5G22640	83.2	0	1241
Bra002427	AT5G22780	93.7	0	1858
Bra002429	AT5G22790	84.8	4.24e-231	637
Bra002432	AT5G22830	90.1	5.36e-255	701
Bra002433	AT5G22840	87.1	0	909
Bra002434	AT5G22850	92.7	0	902
Bra002435	AT5G22875	94.2	2.93e-45	138
Bra002438	AT5G22890	68.4	1.51e-172	485
Bra002442	AT5G22940	76.6	1.43e-250	691
Bra002445	AT5G22970	51.3	3.77e-40	132
Bra002447	AT5G22990	58.4	1.35e-116	339
Bra002451	AT5G60780	92.3	0	973
Bra002453	AT5G60770	94.9	0	994
Bra002454	AT5G60760	82.9	0	1161
Bra002457	AT5G60700	95.7	0	1810
Bra002458	AT5G60690	96.9	0	1604
Bra002459	AT5G60680	73.8	7.99e-77	225
Bra002460	AT5G60670	97	1.43e-111	313
Bra002463	AT5G60650	67.1	7.42e-59	179
Bra002464	AT5G60640	86.6	0	997
Bra002467	AT4G08840	52.3	3.54e-156	454
Bra002468	AT5G60600	90.7	0	1317
Bra002469	AT5G60590	89.7	1.88e-177	490
Bra002470	AT5G60580	83.2	8.79e-273	748
Bra002471	AT5G60570	91.9	1.97e-210	582
Bra002472	AT5G60550	82.2	1.49e-246	675
Bra002473	AT5G60540	92.2	7.24e-164	453
Bra002475	AT5G60520	89.1	1.53e-224	613
Bra002476	AT5G60510	76.6	5.03e-156	435
Bra002479	AT5G60450	82	0	1221
Bra002481	AT5G60410	81.1	0	1390
Bra002483	AT1G07930	99.3	0	896
Bra002485	AT5G60360	90.5	4.14e-237	647
Bra002487	AT5G60340	78.2	5.24e-97	278
Bra002497	AT5G60300	80.8	0	1116
Bra002498	AT5G60280	79.6	0	994
Bra002499	AT5G60270	79.2	0	1070
Bra002501	AT5G60250	63.2	5.54e-299	829
Bra002504	AT5G60200	79.5	2.07e-149	417
Bra002508	AT5G60150	56.9	0	1140
Bra002510	AT5G60120	71.8	5.3e-230	639
Bra002512	AT5G60100	71.1	7.22e-228	635
Bra002516	AT5G59990	83.5	2.1e-122	347
Bra002518	AT5G59960	96.1	1.16e-244	666
Bra002519	AT5G59950	85.4	4.06e-111	318
Bra002520	AT3G45980	98.7	2.86e-76	223
Bra002521	AT5G59900	78.7	3.21e-96	322
Bra002526	AT5G59845	80	2.54e-49	150
Bra002527	AT5G59840	97.2	1.2e-148	411
Bra002530	AT5G59800	62.8	2.19e-126	362
Bra002533	AT5G59780	89.2	2.06e-143	400
Bra002534	AT5G60110	69.2	2.15e-148	419
Bra002535	AT5G59760	74.1	1.25e-87	258
Bra002536	AT5G59740	94.2	7.46e-234	637
Bra002537	AT5G59730	80.1	0	939
Bra002539	AT5G59720	89.4	2.36e-96	275
Bra002541	AT5G59700	81.8	0	1321
Bra002555	AT5G59600	85.6	6.3e-271	747
Bra002556	AT5G59590	84	2.46e-278	759
Bra002561	AT5G59500	83.6	3.09e-242	663
Bra002562	AT5G59490	86.1	3.03e-166	460
Bra002565	AT5G59440	83.5	4.82e-140	396
Bra002566	AT5G59430	74.6	1.47e-270	749
Bra002568	AT5G59420	92.6	0	880
Bra002569	AT5G59400	88.5	5.16e-192	528
Bra002570	AT5G59390	65.9	4.04e-242	676
Bra002572	AT5G59360	65.8	2.95e-53	165
Bra002576	AT5G59340	58.1	7.09e-89	261
Bra002578	AT4G17200	51.9	3.24e-121	355
Bra002582	AT5G59030	87.5	2.29e-76	224
Bra002586	AT5G59120	83.9	0	1155
Bra002589	AT5G59150	94	1.33e-141	394
Bra002592	AT5G59190	75.1	0	1016
Bra002593	AT5G59200	85.8	3.74e-293	823
Bra002594	AT5G59220	82.7	4.71e-228	629
Bra002595	AT5G59230	51.6	3.18e-45	147
Bra002596	AT5G59250	90.5	0	951
Bra002598	AT5G59020	71.7	0	1017
Bra002599	AT5G59010	93.9	0	934
Bra002600	AT5G59000	82.4	7.04e-102	294
Bra002604	AT5G58960	87.2	0	931
Bra002607	AT5G58940	82.8	5.03e-278	760
Bra002608	AT5G58930	68.8	8.98e-221	619
Bra002609	AT5G58910	90.5	0	1057
Bra002611	AT5G58890	61.3	1.14e-113	329
Bra002616	AT5G58870	86.9	0	1293
Bra002618	AT5G58784	78.9	6.03e-171	475
Bra002620	AT5G58750	87.9	2.05e-257	701
Bra002621	AT5G58740	95.6	2.52e-117	327
Bra002622	AT5G58730	85.1	1.29e-213	587
Bra002626	AT5G58690	81.9	0	962
Bra002629	AT5G58650	65.3	5.13e-21	77.8
Bra002630	AT5G58640	82.8	2.88e-132	371
Bra002631	AT5G58630	58	1.52e-116	342
Bra002632	AT5G58620	77.1	0	883
Bra002633	AT5G58610	60.1	4.48e-204	592
Bra002634	AT5G58600	91.8	8.15e-253	690
Bra002637	AT5G58560	82	1.09e-158	444
Bra002638	AT5G58550	85.4	0	1553
Bra002639	AT5G58540	74.2	7.87e-234	649
Bra002641	AT5G58510	86.5	0	1655
Bra002645	AT5G58490	90.1	1.17e-220	602
Bra002646	AT5G58480	85.1	7.04e-295	803
Bra002647	AT5G58470	78.8	6.88e-147	424
Bra002649	AT5G37055	92.4	3.17e-106	300
Bra002650	AT5G58450	87.8	0	1714
Bra002651	AT5G58440	87.2	0	904
Bra002652	AT5G58410	82.9	0	2957
Bra002653	AT4G13235	79.8	1.98e-47	145
Bra002654	AT5G58380	86.9	6.29e-290	790
Bra002655	AT5G58375	77	9.06e-41	128
Bra002656	AT5G58370	80.5	6.63e-241	666
Bra002657	AT5G58360	54.7	1.72e-92	277
Bra002658	AT5G58350	82	0	879
Bra002659	AT5G58340	65.3	8.59e-181	511
Bra002660	AT5G58330	93.9	5.19e-307	831
Bra002661	AT5G58320	70.7	7.88e-247	688
Bra002664	AT5G58270	86.7	0	1193
Bra002665	AT5G58250	83.6	1.49e-117	332
Bra002666	AT5G58240	83.7	3.17e-113	319
Bra002667	AT5G58230	81.7	3.97e-254	696
Bra002668	AT5G58160	78.5	0	1682
Bra002670	AT5G58130	62.7	3.76e-201	584
Bra002672	AT5G58100	84.9	0	1589
Bra002673	AT5G58090	89	0	884
Bra002675	AT5G58060	84.6	7.45e-126	353
Bra002677	AT5G58040	73	0	1456
Bra002682	AT5G58000	62.6	7.39e-204	581
Bra002684	AT5G57950	84.5	2.54e-132	373
Bra002686	AT5G57900	84.9	1.42e-191	527
Bra002687	AT5G57880	73.7	8.46e-194	540
Bra002690	AT5G57820	64	7.38e-56	171
Bra002691	AT5G57810	83.6	8.48e-187	516
Bra002693	AT5G57830	79.6	4.57e-180	504
Bra002697	AT5G57780	80.1	1.89e-83	242
Bra002699	AT5G57740	87.8	3.47e-301	822
Bra002703	AT5G57710	82.8	0	1526
Bra002708	AT5G57670	88.2	0	1031
Bra002710	AT5G57655	93.9	0	924
Bra002711	AT5G57570	51.5	1.04e-36	124
Bra002712	AT5G57630	92.5	7.71e-281	762
Bra002714	AT3G29110	66.3	4.28e-284	785
Bra002715	AT5G57590	85.8	0	1439
Bra002716	AT5G57580	86	0	1078
Bra002719	AT5G57560	91.9	5.74e-201	549
Bra002723	AT5G57540	90.5	1.29e-191	526
Bra002726	AT5G57480	88.8	0	870
Bra002728	AT5G57440	94.2	2.91e-165	455
Bra002729	AT5G57420	81.5	6.01e-76	223
Bra002733	AT5G57350	92.3	0	1723
Bra002738	AT5G57320	87	0	1628
Bra002740	AT5G57300	93.1	2.91e-192	528
Bra002743	AT5G57270	89.7	7.14e-273	740
Bra002744	AT5G57250	77.9	9.82e-257	745
Bra002745	AT5G57240	77.7	3.88e-227	624
Bra002746	AT5G57230	96.3	6.67e-118	330
Bra002749	AT5G57210	79.2	0	1076
Bra002750	AT5G57200	88.1	0	896
Bra002753	AT5G57170	98.1	3.74e-67	197
Bra002755	AT5G57160	80.2	0	1816
Bra002756	AT5G57150	92.5	1.2e-128	364
Bra002757	AT5G57140	82.3	1.62e-245	672
Bra002758	AT5G57130	74.4	0	1077
Bra002764	AT5G57070	74	2.12e-209	594
Bra002765	AT5G57060	81.8	5.19e-77	224
Bra002766	AT5G57050	83.8	2.97e-250	686
Bra002769	AT5G57030	86.8	0	921
Bra002771	AT5G57015	92.4	1.62e-292	793
Bra002775	AT5G56980	82.1	6.29e-189	526
Bra002778	AT5G56950	96.1	3.29e-210	582
Bra002785	AT5G56900	85.7	0	991
Bra002786	AT5G56890	75.3	0	1387
Bra002788	AT5G56860	72.1	1.53e-176	496
Bra002791	AT5G56790	90.9	0	1169
Bra002792	AT5G56780	79	2.93e-260	716
Bra002793	AT5G56760	90.1	4.17e-182	504
Bra002796	AT5G56730	95.6	0	1907
Bra002797	AT5G56720	86.9	9.96e-233	637
Bra002799	AT5G56680	79.8	0	920
Bra002801	AT5G56630	92.6	0	910
Bra002802	AT5G56620	84.3	9.27e-221	608
Bra002803	AT5G56610	83.6	1.98e-132	373
Bra002804	AT5G56600	88.5	2.05e-85	244
Bra002805	AT5G56590	90.1	0	873
Bra002806	AT5G56580	95.5	9.31e-248	674
Bra002808	AT5G56540	72.4	4e-19	72
Bra002809	AT5G56530	92.6	1.61e-306	828
Bra002811	AT5G56520	90.6	4.09e-41	130
Bra002813	AT5G56480	84.7	3.25e-41	130
Bra002814	AT1G32300	82.3	0	994
Bra002816	AT5G56450	88.3	1.25e-205	565
Bra002817	AT5G56452	52.2	7.01e-60	189
Bra002822	AT5G56350	96.6	0	936
Bra002827	AT5G56280	90.5	1.19e-209	574
Bra002828	AT5G56270	75	1.66e-316	875
Bra002832	AT5G56240	60.5	0	979
Bra002833	AT5G56230	77.5	5.5e-98	281
Bra002834	AT5G56220	90.6	0	1680
Bra002835	AT5G56210	56.7	1.84e-84	261
Bra002836	AT5G56200	65.3	3.78e-146	426
Bra002841	AT5G56160	69.2	1.5e-260	722
Bra002845	AT5G56130	90	6.09e-218	595
Bra002846	AT5G56120	82.2	9.09e-133	373
Bra002847	AT5G56110	89.8	7.21e-211	577
Bra002848	AT5G56090	93.4	2.03e-306	830
Bra002849	AT3G42850	92.9	0	1810
Bra002850	AT3G42860	73.8	3.55e-96	287
Bra002852	AT5G56075	77.5	2.67e-115	328
Bra002853	AT5G56050	70.8	3.19e-135	383
Bra002855	AT5G56040	88.6	0	958
Bra002857	AT1G60280	58.3	9.06e-118	343
Bra002861	AT5G55960	91.7	0	1101
Bra002865	AT5G55950	93.7	3.14e-258	704
Bra002868	AT5G55910	94	0	896
Bra002869	AT5G55900	73.1	1.71e-201	560
Bra002870	AT5G55860	80.1	2.62e-252	709
Bra002872	AT5G55840	84.5	1.07e-130	426
Bra002873	AT5G55830	89.1	0	1179
Bra002876	AT5G55750	65.8	3.08e-09	52.8
Bra002877	AT5G55740	84.5	0	1221
Bra002878	AT5G55730	89	4.25e-235	647
Bra002879	AT5G55670	71	8e-287	801
Bra002880	AT5G55660	67.7	2.25e-134	419
Bra002881	AT5G55650	56.6	1.14e-23	88.6
Bra002884	AT5G55640	69.3	3.34e-58	177
Bra002889	AT5G55610	84.9	2.86e-176	491
Bra002890	AT5G55600	83	0	1081
Bra002891	AT5G55590	70.6	1.97e-204	567
Bra002892	AT5G55570	75	2.09e-57	174
Bra002894	AT4G08250	75.1	7.97e-252	694
Bra002896	AT5G66330	85.4	3.42e-181	510
Bra002898	AT5G55540	86.8	0	2180
Bra002900	AT5G55510	80.5	3.85e-114	324
Bra002904	AT5G55480	84.2	0	1256
Bra002905	AT5G55470	90.6	0	925
Bra002906	AT5G55460	66.7	1.78e-44	139
Bra002908	AT1G34355	50.1	0	1119
Bra002910	AT5G55350	70.4	2.81e-168	471
Bra002916	AT1G28710	79	5.96e-197	544
Bra002917	AT5G55310	83.1	0	1425
Bra002918	AT5G55280	90.1	8.77e-254	694
Bra002919	AT5G55250	95.3	2.79e-271	736
Bra002922	AT5G55230	87.2	0	955
Bra002924	AT5G55210	78.9	2.06e-85	248
Bra002925	AT5G55200	75.7	8.98e-138	390
Bra002927	AT5G55180	90.5	4.65e-298	810
Bra002929	AT5G55135	69.3	1.32e-43	137
Bra002930	AT5G55130	89.5	1.49e-306	832
Bra002932	AT5G55110	69.8	2e-56	174
Bra002933	AT5G55090	74.1	4.14e-220	613
Bra002934	AT5G55070	87.2	7.57e-249	686
Bra002935	AT5G55060	83.3	0	1073
Bra002937	AT5G55050	84	4.65e-240	656
Bra002938	AT5G55020	81.6	1.65e-216	610
Bra002942	AT5G54960	94.4	0	1162
Bra002945	AT5G54930	65.3	1.66e-112	325
Bra002946	AT5G54910	80.4	0	1088
Bra002947	AT5G54900	72.3	1.6e-192	537
Bra002949	AT5G54860	93.5	1.68e-312	849
Bra002950	AT5G54855	85.6	4.98e-91	260
Bra002951	AT5G54850	77.7	1.28e-76	227
Bra002953	AT5G54840	88.5	3.23e-190	522
Bra002954	AT5G54810	93.4	0	871
Bra002956	AT5G54790	78.9	1.11e-60	187
Bra002957	AT5G54770	92.3	6.83e-229	625
Bra002963	AT5G54690	96.6	0	1040
Bra002965	AT5G54670	87	0	1174
Bra002966	AT5G54660	82.8	4.88e-118	332
Bra002969	AT5G54650	82.1	0	1140
Bra002970	AT5G54640	96.9	2.14e-82	237
Bra002971	AT5G54620	69.4	2.2e-139	405
Bra002973	AT5G54600	92.5	2.14e-122	343
Bra002975	AT5G54585	77.3	3.01e-62	186
Bra002978	AT5G54570	86	0	937
Bra002979	AT5G54540	70	2.93e-122	351
Bra002980	AT5G54530	75.8	7.01e-79	231
Bra002985	AT5G54480	63.3	6.81e-274	770
Bra002987	AT5G55270	66.4	1.71e-163	461
Bra002989	AT5G52930	64.1	5.04e-156	442
Bra002993	AT5G54380	89.4	0	1451
Bra002999	AT5G54270	97	4.05e-194	530
Bra003000	AT5G54260	90.7	0	1093
Bra003003	AT5G54200	84.8	0	1263
Bra003004	AT5G54190	92.6	2.32e-263	717
Bra003005	AT5G54180	86.8	2.49e-304	829
Bra003006	AT5G54170	81.7	2.87e-259	711
Bra003008	AT5G54150	79.2	1.49e-68	203
Bra003011	AT4G14190	74	5.24e-154	447
Bra003012	AT5G54140	80.5	5.33e-235	647
Bra003013	AT4G14520	67	1.26e-89	261
Bra003014	AT5G54130	95.9	0	879
Bra003016	AT4G27585	83.9	1.28e-166	473
Bra003017	AT5G54095	58.2	9.55e-15	65.9
Bra003019	AT5G25180	83.2	6.87e-314	853
Bra003024	AT5G53940	93.8	1.39e-88	252
Bra003026	AT5G53890	80.8	0	941
Bra003027	AT5G53870	71.9	8.59e-70	220
Bra003028	AT5G53860	84.7	1.14e-291	792
Bra003029	AT5G53850	87.5	0	927
Bra003034	AT5G53800	96	6.98e-112	323
Bra003035	AT5G53770	82.4	4.7e-278	764
Bra003037	AT5G53760	88.5	0	960
Bra003040	AT5G53710	68.1	2.66e-22	83.2
Bra003041	AT5G49840	76.6	6.64e-305	839
Bra003045	AT5G53580	92.3	1.43e-250	681
Bra003046	AT5G53570	86.1	1.96e-297	816
Bra003047	AT5G53550	91.7	0	1197
Bra003048	AT5G53540	83.6	3.62e-235	645
Bra003049	AT5G53530	95	3.12e-196	539
Bra003050	AT5G53510	90.4	0	1371
Bra003053	AT5G53490	84.6	1.37e-84	252
Bra003054	AT5G53480	95	0	1628
Bra003055	AT5G53450	87.9	0	1141
Bra003057	AT5G53420	82.8	4.15e-159	443
Bra003059	AT5G53400	75.7	1.53e-156	437
Bra003063	AT5G53350	85.7	0	883
Bra003064	AT5G53340	93.7	3.51e-228	622
Bra003066	AT5G53300	99.3	1.01e-109	307
Bra003071	AT5G53250	81	1.15e-26	91.3
Bra003079	AT5G53150	63.3	1.52e-287	805
Bra003085	AT5G53060	81	0	969
Bra003086	AT5G53050	74.2	1.2e-232	640
Bra003087	AT5G53045	86.5	1.39e-53	161
Bra003088	AT5G53040	75.5	7.78e-117	333
Bra003090	AT5G53020	73.6	5.36002e-319	884
Bra003091	AT5G53000	90.1	2.13e-248	679
Bra003092	AT5G52990	79	5.66e-148	414
Bra003096	AT5G52910	82.1	0	1812
Bra003098	AT5G52900	80.3	1.31e-126	357
Bra003105	AT5G52880	74.5	1.28e-136	386
Bra003106	AT5G52870	66.5	4.5e-113	329
Bra003108	AT5G52850	77.1	0	1333
Bra003112	AT5G52790	81.3	2.61e-274	752
Bra003115	AT5G52750	80.1	5.34e-48	150
Bra003120	AT5G52630	88.2	0	1038
Bra003121	AT5G52570	76.1	2.3e-157	441
Bra003123	AT3G53230	94.1	0	1505
Bra003124	AT3G53240	71.2	6.19e-207	613
Bra003126	AT3G53260	93.4	0	1300
Bra003127	AT3G53270	76.3	5.97e-148	416
Bra003129	AT3G53280	87	0	871
Bra003130	AT3G53310	64.1	1.33e-99	293
Bra003132	AT3G53370	81.8	8.51e-40	125
Bra003133	AT3G53410	71.3	1.34e-142	402
Bra003137	AT3G53480	87.7	0	2531
Bra003138	AT3G53490	79.6	7.48e-136	380
Bra003143	AT3G53540	74.6	0	1134
Bra003145	AT3G53560	81.6	4.27e-182	508
Bra003146	AT3G53570	92.5	1.06e-318	862
Bra003148	AT3G53600	76	4.81e-64	194
Bra003154	AT3G53720	90	0	1452
Bra003155	AT3G53740	94.6	5.87e-67	196
Bra003157	AT3G53850	85.7	1.63e-93	267
Bra003160	AT3G53950	94.4	0	978
Bra003161	AT3G53960	83.7	0	994
Bra003162	AT3G53970	71.8	2.15e-140	397
Bra003163	AT3G53990	90.6	6.09e-103	291
Bra003168	AT3G54060	66	1.42e-150	434
Bra003175	AT3G54200	68.8	9.56e-69	213
Bra003176	AT3G54210	90.6	3.49e-131	367
Bra003177	AT3G54300	94.6	5.21e-162	447
Bra003181	AT3G54380	76.3	4.92e-212	587
Bra003186	AT3G54470	89.6	2.26e-307	834
Bra003187	AT3G54500	70.3	4e-295	818
Bra003190	AT3G54600	83.2	3.84e-241	660
Bra003191	AT3G54680	59.4	6.46e-66	201
Bra003192	AT3G54690	91.7	5.55e-227	620
Bra003195	AT4G13420	88.4	0	1231
Bra003197	AT3G54826	71.6	5.6e-86	252
Bra003198	AT3G54890	97.5	3.07e-177	486
Bra003199	AT3G54900	80.2	7.52e-92	265
Bra003203	AT3G55000	85.4	7.75e-150	418
Bra003204	AT3G55010	84.9	6.74e-229	629
Bra003206	AT3G55060	73.4	0	1132
Bra003225	AT3G55990	91.2	0	868
Bra003228	AT3G56110	93.8	2.03e-128	360
Bra003229	AT3G56140	88.1	0	1191
Bra003231	AT3G56190	96.5	1.93e-172	478
Bra003232	AT3G56220	82.1	1.69e-78	229
Bra003235	AT3G56250	56.5	2.46e-63	198
Bra003238	AT1G32420	55.4	9.06e-102	303
Bra003240	AT3G56410	55.2	0	1290
Bra003241	AT3G56460	90.6	7.23e-214	592
Bra003242	AT3G56480	88.2	1.38e-301	821
Bra003254	AT3G56930	88.9	4.94e-306	831
Bra003256	AT3G56940	92.7	1.9e-276	751
Bra003257	AT3G56950	90.3	2.5e-157	436
Bra003265	AT3G57040	78.8	4.7e-122	346
Bra003266	AT4G29910	80.5	5.12e-304	832
Bra003269	AT3G57140	82.6	0	1263
Bra003270	AT3G57150	93	6.05e-287	790
Bra003272	AT3G57160	71.4	9.1e-09	47.8
Bra003273	AT3G57240	81.8	5.67e-195	539
Bra003275	AT3G57320	79	2.62e-25	91.7
Bra003276	AT3G57330	94.2	0	1863
Bra003283	AT3G57450	78.1	1.03e-36	119
Bra003284	AT3G57480	89.6	5.37e-169	465
Bra003286	AT3G57510	80.6	1.19e-240	662
Bra003287	AT3G57530	93.5	0	1003
Bra003298	AT3G57750	84.9	7.47e-151	422
Bra003299	AT3G57760	84.2	1.24e-231	634
Bra003302	AT3G57880	96.6	0	1527
Bra003304	AT3G57910	86.4	5.63e-141	396
Bra003305	AT3G57920	67.3	4.48e-142	404
Bra003306	AT3G57930	71.6	7.71e-52	160
Bra003314	AT3G58030	91.1	3.03e-280	763
Bra003318	AT3G58100	73.9	2.47e-87	256
Bra003319	AT3G58110	65.1	1.26e-302	848
Bra003320	AT3G58120	78.4	1.47e-131	376
Bra003321	AT3G58130	82.1	2.29e-157	437
Bra003327	AT3G58230	85.6	9.78e-90	257
Bra003329	AT3G58270	58.7	2.11e-117	340
Bra003330	AT3G58350	67.4	2.83e-137	397
Bra003333	AT1G56145	86.3	0	1271
Bra003334	AT1G56170	75.6	2.62e-94	272
Bra003338	AT3G58450	88.8	9.67e-124	347
Bra003339	AT3G58490	88.1	5.76e-271	737
Bra003341	AT3G58510	86.3	0	940
Bra003342	AT3G58560	88.8	0	1064
Bra003343	AT3G58570	88.8	0	956
Bra003348	AT3G58650	76.4	0	1107
Bra003349	AT3G58660	71.6	1.22e-165	476
Bra003351	AT3G58720	68.5	2.46e-106	310
Bra003358	AT3G58830	83.7	2.74e-203	560
Bra003360	AT3G59020	87.9	0	1774
Bra003361	AT3G59030	92.7	0	900
Bra003362	AT3G59050	92	0	898
Bra003363	AT3G59080	86.5	0	936
Bra003364	AT3G59100	92.6	0	3509
Bra003365	AT3G59110	90.2	0	897
Bra003366	AT4G37950	76.2	0	964
Bra003371	AT3G59300	82.2	1.35e-286	782
Bra003372	AT3G59320	76.5	1.64e-179	499
Bra003374	AT3G59390	51.6	4.56e-71	214
Bra003375	AT3G59400	75.7	1.23e-115	332
Bra003376	AT3G59440	84	1.11e-61	190
Bra003377	AT3G59470	89.5	1.62e-135	381
Bra003379	AT3G59500	91.4	1.89e-179	494
Bra003380	AT3G59510	87.4	1.7e-169	480
Bra003382	AT3G59580	75.4	0	1278
Bra003383	AT3G59650	81.5	7.81e-78	227
Bra003384	AT3G59660	90.3	0	1074
Bra003385	AT3G59670	75.7	1.63e-254	702
Bra003388	AT3G59770	88.1	0	2931
Bra003389	AT3G59780	71.1	8.83e-313	866
Bra003391	AT2G43810	87.9	1.01e-55	166
Bra003392	AT3G59830	91.2	5.37e-262	720
Bra003394	AT3G59900	69.9	1.09e-38	125
Bra003397	AT3G59970	96.1	0	1180
Bra003398	AT3G59990	91.6	2.14e-281	766
Bra003402	AT3G60160	89.9	0	2592
Bra003407	AT3G60250	89.2	2.48e-173	478
Bra003408	AT3G60340	88.1	1.71e-203	569
Bra003409	AT3G60380	54.4	3.81e-232	668
Bra003411	AT3G60440	83.5	1.26e-158	442
Bra003413	AT3G60460	77.3	1.11e-151	426
Bra003417	AT3G60510	80.1	5.99e-245	671
Bra003418	AT3G60520	90	3.85e-80	231
Bra003419	AT3G60530	81.8	2.45e-129	365
Bra003421	AT3G60570	82.8	5.5e-167	462
Bra003423	AT3G60600	89.8	8.14e-142	397
Bra003424	AT4G02310	62.6	5.96e-146	416
Bra003427	AT4G00100	97.4	9.24e-103	290
Bra003429	AT3G60830	94.2	3.65e-250	680
Bra003431	AT3G60890	73.3	5e-44	138
Bra003433	AT3G60910	80.6	4.55e-145	404
Bra003434	AT3G61050	94.9	5.8e-314	854
Bra003435	AT3G61070	91.1	3.96e-151	419
Bra003438	AT3G61140	88.2	3.69e-291	791
Bra003439	AT3G61150	86.8	0	1314
Bra003440	AT3G61160	92.7	2.58e-294	798
Bra003444	AT3G61270	81.8	1.14e-313	852
Bra003445	AT4G01830	82.4	0	1901
Bra003447	AT3G61350	71.9	1.04e-190	530
Bra003452	AT5G28370	70.7	3.69e-187	550
Bra003453	AT3G61530	93.4	4.95e-231	631
Bra003454	AT3G61540	86.7	2.72e-301	820
Bra003455	AT3G61560	89.4	8.31e-154	427
Bra003457	AT3G61580	91.5	0	876
Bra003459	AT3G61600	94.4	0	1027
Bra003460	AT3G61610	91.2	5.44e-225	613
Bra003462	AT3G61630	54.8	1.12e-92	276
Bra003464	AT3G61690	81.3	0	2074
Bra003466	AT3G61710	79.6	1.66e-241	681
Bra003467	AT3G61740	64.9	0	1357
Bra003468	AT3G61750	86.4	1.02e-251	687
Bra003469	AT3G61760	92.6	0	1082
Bra003471	AT3G61770	84.4	2.6e-155	434
Bra003472	AT3G61780	77.6	0	1577
Bra003473	AT3G61790	94.1	1.55e-231	630
Bra003474	AT3G61800	79	0	968
Bra003475	AT3G61810	82.4	2.52e-204	565
Bra003481	AT3G61960	83.7	0	980
Bra003484	AT3G62100	90.7	4.34e-109	308
Bra003485	AT3G62110	89.2	4.69002e-319	863
Bra003488	AT3G62130	91.1	8.94e-213	587
Bra003489	AT3G62140	74.8	1.73e-95	276
Bra003490	AT3G62150	94.5	0	2176
Bra003491	AT3G62170	84.5	0	969
Bra003493	AT3G62240	76.1	0	1128
Bra003494	AT3G62280	89	2.78e-249	678
Bra003497	AT3G62370	90	5.94e-258	700
Bra003499	AT3G62410	80.9	9.17e-68	200
Bra003503	AT3G62650	81.6	3.72e-78	228
Bra003506	AT3G62680	80.2	2.92e-73	229
Bra003513	AT3G62890	84.3	2.95e-281	774
Bra003514	AT3G62900	71.3	0	1693
Bra003522	AT3G63080	91.7	1.08e-103	297
Bra003523	AT3G63095	77.4	1.48e-50	164
Bra003524	AT3G63410	95	2.64e-240	653
Bra003526	AT3G45140	79.9	0	1484
Bra003527	AT1G59870	91.2	0	2620
Bra003528	AT1G79760	71.1	6.69e-145	410
Bra003529	AT1G79770	82.5	1.92e-96	276
Bra003530	AT1G79780	78.5	1.9e-96	277
Bra003531	AT1G79790	69.4	1.83e-131	372
Bra003532	AT1G79800	85.3	1.19e-79	234
Bra003533	AT1G79810	92.8	1.27e-222	608
Bra003534	AT1G79830	80.4	0	1261
Bra003535	AT1G79840	89.8	0	1261
Bra003536	AT1G79860	85.3	1.76e-309	843
Bra003537	AT1G79870	86.9	6.81e-201	551
Bra003538	AT1G79880	65.6	2.53e-140	403
Bra003539	AT1G79940	95.2	0	1159
Bra003540	AT1G79950	82.6	0	1593
Bra003541	AT1G79970	55.1	1.52e-68	212
Bra003542	AT1G79990	91	0	1498
Bra003543	AT1G80000	65.4	1.04e-227	642
Bra003544	AT1G80010	78.8	0	986
Bra003546	AT1G80040	73.3	6.84e-110	316
Bra003547	AT1G80050	94.8	4.43e-130	362
Bra003549	AT1G80080	79.8	1.95e-155	451
Bra003551	AT1G80100	95.7	2.43e-94	269
Bra003554	AT1G80165	74.1	1.61e-21	79
Bra003555	AT1G80170	85.6	7.89e-276	752
Bra003556	AT1G80210	82.7	2.52e-219	605
Bra003558	AT1G80240	89.7	1.31e-247	674
Bra003559	AT1G80270	80.2	4.26e-304	841
Bra003561	AT1G80350	89.9	1.06002e-319	870
Bra003564	AT1G80380	82.1	9.39e-274	748
Bra003569	AT1G80490	96.1	0	2107
Bra003571	AT1G80520	77.6	2.1e-97	280
Bra003572	AT1G80530	87	0	938
Bra003578	AT1G80680	83.5	0	1714
Bra003583	AT1G80750	87.3	5.76e-153	426
Bra003585	AT1G80790	71.4	1.14e-299	828
Bra003588	AT1G80840	78.8	1.17e-148	418
Bra003590	AT1G16000	75	1.29e-27	95.5
Bra003591	AT1G80910	85.1	1.24e-305	832
Bra003594	AT1G80940	87.2	2.81e-122	345
Bra003595	AT1G80950	85	4.2e-240	658
Bra003596	AT1G79720	85.9	2.24e-293	800
Bra003597	AT1G79690	88.8	0	1378
Bra003598	AT1G79680	67.3	0	969
Bra003599	AT1G79650	76.2	6.72e-193	540
Bra003601	AT1G79600	92.4	0	1272
Bra003603	AT1G79570	80.8	0	1824
Bra003604	AT1G79560	91.3	0	1818
Bra003606	AT1G79530	90.2	1.45e-265	724
Bra003607	AT1G79510	81.6	7.41e-158	439
Bra003608	AT1G79500	94.5	7.42e-197	539
Bra003609	AT1G79490	88	0	961
Bra003610	AT1G79450	89.1	2.15e-225	616
Bra003613	AT1G79310	68.8	1.47e-192	536
Bra003615	AT1G79270	80.3	1.36e-299	818
Bra003616	AT2G21820	93.6	7.84e-45	138
Bra003617	AT1G79230	85.1	5.14e-236	646
Bra003619	AT1G79180	68.8	3.41e-127	363
Bra003622	AT1G79090	81.4	0	1260
Bra003624	AT1G79040	94.3	1.58e-89	256
Bra003625	AT1G79030	88.3	0	977
Bra003628	AT1G78995	82.4	9.43e-87	250
Bra003631	AT1G78922	71.1	2.61e-88	259
Bra003632	AT1G78915	81.8	9.44e-226	621
Bra003633	AT1G78900	97.8	0	1212
Bra003634	AT1G78895	83	7.3e-88	253
Bra003638	AT1G69630	54.9	3.66e-146	423
Bra003639	AT1G78710	80.7	8.14e-226	619
Bra003641	AT1G78430	78.8	2.42e-142	404
Bra003642	AT1G78410	76.6	1.69e-52	159
Bra003644	AT1G78380	85.4	2.57e-140	390
Bra003645	AT1G78370	88.7	1.98e-135	377
Bra003646	AT1G78340	89.9	2.41e-149	413
Bra003647	AT1G78320	86.4	2.28e-139	388
Bra003649	AT1G78300	96.1	5.83e-173	476
Bra003650	AT1G78290	90.1	1.39e-196	549
Bra003651	AT1G78260	80.8	3.65e-123	352
Bra003652	AT1G78240	82.5	0	1153
Bra003653	AT1G78180	83.6	6.24e-242	663
Bra003654	AT1G22260	58.2	9.9e-260	748
Bra003655	AT1G78170	79.5	1.83e-119	338
Bra003658	AT1G78110	79.2	5.31e-135	387
Bra003662	AT1G77940	98.2	7.13e-77	221
Bra003663	AT1G77930	86.1	1.91e-157	438
Bra003665	AT1G77850	68.5	1.48e-266	739
Bra003666	AT1G77840	76.8	1.07e-224	621
Bra003667	AT1G77830	72.7	4.99e-39	129
Bra003670	AT1G77760	90	0	1706
Bra003671	AT1G77720	71	0	977
Bra003672	AT1G77710	98.9	3.19e-59	175
Bra003674	AT1G77690	96.6	0	929
Bra003675	AT1G77670	87.3	5e-255	697
Bra003677	AT1G77610	96.4	1.25e-235	641
Bra003678	AT1G77590	91.6	0	1276
Bra003679	AT1G77540	83.8	1.04e-65	193
Bra003683	AT1G77470	88.6	5.53e-233	637
Bra003684	AT1G77460	90.2	0	3465
Bra003687	AT1G77330	88.8	5.63e-201	551
Bra003689	AT1G77250	67.8	2.4e-225	628
Bra003691	AT1G77030	87.1	0	1291
Bra003692	AT1G77000	94.3	4.48e-145	414
Bra003694	AT1G77010	77.5	3.11e-279	780
Bra003697	AT1G76952	78	1.62e-48	149
Bra003698	AT1G76950	89.2	0	1863
Bra003700	AT1G76920	87.1	1.86e-250	682
Bra003703	AT1G76880	77.8	6.13e-196	563
Bra003704	AT1G76870	58.1	7.86e-101	301
Bra003705	AT1G76860	95.8	3.65e-61	181
Bra003706	AT1G76850	88.1	0	1740
Bra003710	AT1G76730	86.8	5.99e-215	590
Bra003711	AT1G76660	76.4	8.16e-199	554
Bra003712	AT1G76650	82.2	1.44e-94	271
Bra003713	AT1G76610	79.4	1.03e-126	357
Bra003718	AT1G76440	87.4	6.09e-88	252
Bra003719	AT1G76430	87.8	0	901
Bra003720	AT1G76410	79.9	7.1e-103	293
Bra003724	AT1G76360	75.6	7.51e-249	686
Bra003730	AT1G76200	89.9	4.11e-44	135
Bra003732	AT1G76180	76.9	4.56e-46	149
Bra003733	AT1G76010	87.3	1.44e-100	303
Bra003734	AT1G75980	80.2	6.51e-120	339
Bra003735	AT1G75950	93.1	1.1e-103	293
Bra003738	AT1G79750	88.2	0	1051
Bra003742	AT1G75760	96	3.04e-188	516
Bra003745	AT4G40040	100	9.25e-89	253
Bra003748	AT1G75540	78.3	1.35e-176	491
Bra003749	AT1G75520	76	1.76e-174	487
Bra003752	AT1G75490	81.6	2.9e-114	323
Bra003755	AT1G75390	78	4.71e-83	242
Bra003757	AT1G75370	83.1	0	973
Bra003758	AT1G75330	93.9	4.21e-245	669
Bra003760	AT1G75230	74.7	6.65e-181	505
Bra003762	AT1G75210	93.1	0	1032
Bra003765	AT1G75180	88.1	7.08e-179	496
Bra003766	AT1G61570	64	1.47e-14	62.4
Bra003767	AT3G48110	88.4	0	1828
Bra003769	AT1G75140	81	0	915
Bra003770	AT1G57610	77.7	3.54e-152	426
Bra003772	AT1G75080	88.2	1.29e-169	474
Bra003779	AT1G74940	74.8	8.44e-113	321
Bra003781	AT1G74920	93.6	0	962
Bra003782	AT1G74890	77.3	1.43e-96	278
Bra003784	AT1G74820	75.2	4.19e-118	335
Bra003786	AT1G74780	90.4	0	928
Bra003788	AT1G74720	89.5	0	1804
Bra003789	AT1G74710	89.2	0	954
Bra003790	AT1G74680	86.5	4.24e-287	795
Bra003795	AT1G74540	81.7	8.53e-302	822
Bra003796	AT1G74510	81.2	1.6e-246	677
Bra003798	AT1G74490	85.3	4.94e-243	665
Bra003799	AT1G74460	92.4	1.99e-255	694
Bra003800	AT1G74458	63.5	2.74e-32	107
Bra003802	AT1G74420	70.2	2.02e-274	758
Bra003803	AT1G74400	78.2	1.08e-249	688
Bra003806	AT1G74370	73.8	4.98e-130	368
Bra003808	AT1G07070	96.4	2.58e-79	228
Bra003812	AT1G74220	64.8	8.35e-110	320
Bra003814	AT1G74210	86.7	4.46e-257	700
Bra003822	AT1G73920	85.2	0	1174
Bra003823	AT1G73885	65.2	5.68e-87	254
Bra003824	AT1G73880	84.4	1.23e-299	815
Bra003825	AT1G73860	84	0	1299
Bra003826	AT1G73840	78.3	1.41e-197	549
Bra003827	AT1G73820	96.9	3.89e-135	376
Bra003828	AT1G73805	75.1	4.66e-222	615
Bra003829	AT4G09550	89.8	1.14e-31	104
Bra003833	AT1G73680	88.6	0	1180
Bra003834	AT1G73670	92.7	0	920
Bra003835	AT1G73655	82.6	1.04e-137	385
Bra003840	AT1G73600	92.5	0	960
Bra003841	AT1G73530	70.9	5.9e-67	205
Bra003842	AT1G73500	91.6	9.84e-208	568
Bra003844	AT1G73460	82.9	0	1821
Bra003847	AT1G73350	81.9	2.79e-75	226
Bra003850	AT1G73260	76.9	8.6e-113	320
Bra003854	AT1G73180	88	0	898
Bra003855	AT1G73177	92.1	6.82e-37	117
Bra003857	AT1G73160	85.8	8.96e-310	842
Bra003858	AT1G73080	81	9.21e-250	729
Bra003859	AT1G73030	97.5	7.18e-130	363
Bra003861	AT1G72990	82.9	0	1190
Bra003862	AT1G72970	94.8	0	1118
Bra003866	AT1G72850	60.2	4.64e-156	447
Bra003867	AT1G72840	53.6	0	988
Bra003868	AT1G72820	90.1	2.57e-220	603
Bra003873	AT1G72620	83.5	2.78e-211	580
Bra003874	AT1G72610	89.4	2.37e-128	359
Bra003876	AT1G72530	82.9	7.63e-110	311
Bra003877	AT4G13095	61	1.77e-28	96.7
Bra003879	AT1G72470	90.9	0	991
Bra003880	AT1G72460	76.1	3.14e-264	739
Bra003881	AT1G72430	89.8	8.37e-70	204
Bra003884	AT1G72350	67.9	4.94e-91	266
Bra003886	AT1G72210	77.2	1.42e-158	445
Bra003888	AT1G72190	83.3	3.21e-222	610
Bra003896	AT1G72130	77.3	3.71e-293	803
Bra003898	AT1G72120	78.8	6.66e-313	855
Bra003899	AT1G72050	70.3	9.03e-195	543
Bra003900	AT1G72030	84	1.2e-150	419
Bra003901	AT1G72020	85.6	1.23e-52	159
Bra003904	AT1G71940	95.2	3.34e-167	464
Bra003909	AT2G46960	69.1	3.41e-260	717
Bra003910	AT1G71840	53.5	8.5e-132	383
Bra003911	AT1G71830	88.6	0	983
Bra003913	AT1G71800	76.4	1.37e-237	658
Bra003914	AT1G71780	82.7	1.95e-115	326
Bra003917	AT4G36840	61.4	2.79e-97	289
Bra003920	AT1G71691	90.6	4.57e-253	689
Bra003922	AT1G71490	81.8	0	1127
Bra003926	AT5G42090	92.5	1.22e-291	791
Bra003929	AT5G24670	78	5.16e-234	644
Bra003930	AT1G71310	80.8	1.03e-96	277
Bra003931	AT1G71250	82.3	2.64e-224	615
Bra003932	AT3G63500	70.6	0	1376
Bra003936	AT1G71130	76.5	2.02e-80	234
Bra003942	AT1G70780	90.2	1.84e-86	248
Bra003946	AT1G70710	94.6	0	944
Bra003948	AT1G70670	86.7	2.15e-124	348
Bra003950	AT1G70610	88	0	1209
Bra003956	AT1G70350	76.6	2.79e-41	131
Bra003961	AT3G63470	89.8	0	885
Bra003962	AT1G70200	64.5	2.17e-168	486
Bra003963	AT1G70190	74.2	3.59e-89	260
Bra003964	AT1G70180	68	4.32e-99	308
Bra003965	AT1G70170	86.9	2.2e-251	685
Bra003969	AT1G70000	68.8	1.06e-103	300
Bra003970	AT1G69930	94.4	2.82e-165	455
Bra003972	AT2G41390	57.5	1.99e-47	150
Bra003973	AT1G69910	86.3	0	1065
Bra003975	AT1G69890	81.5	5.78e-166	461
Bra003981	AT1G69760	82.4	2.1e-44	144
Bra003984	AT1G66580	95.7	2.56e-129	361
Bra003988	AT1G28760	73	3.99e-234	649
Bra003989	AT1G69660	66.7	3.14e-111	320
Bra003991	AT1G69620	95.8	8.43e-75	217
Bra003992	AT1G69588	63.7	1.27e-48	151
Bra003994	AT1G69570	71.3	3.14e-183	513
Bra003995	AT1G69560	73.7	2.36e-149	422
Bra003996	AT1G69526	83.4	2.85e-122	347
Bra003999	AT1G69440	79.7	0	1516
Bra004003	AT1G69295	78.4	1.04e-69	212
Bra004004	AT1G69260	76.3	1.39e-134	386
Bra004008	AT1G69085	70.9	2.88e-52	160
Bra004013	AT1G68870	62.7	3.49e-37	126
Bra004016	AT1G68750	87.5	0	1776
Bra004020	AT1G68710	90.6	0	2165
Bra004023	AT1G68680	89.2	4.98e-35	114
Bra004024	AT1G68660	91.3	3.4e-102	289
Bra004026	AT1G68620	78.4	8.35e-193	533
Bra004028	AT1G68585	88.9	3.73e-58	175
Bra004033	AT1G68550	54.6	5.75e-91	273
Bra004034	AT1G68530	95.1	0	944
Bra004035	AT1G68520	80.2	4.61e-219	608
Bra004036	AT1G68490	84.2	1.21e-98	282
Bra004040	AT1G68330	79.1	2.56e-122	349
Bra004043	AT1G68250	54.9	9.57e-12	59.7
Bra004045	AT1G68190	68.3	2.09e-105	326
Bra004050	AT1G68130	84.3	6.74e-232	639
Bra004051	AT1G68100	78.6	2.71e-203	570
Bra004052	AT1G68080	72.6	1.01e-200	556
Bra004054	AT1G68020	93	0	1602
Bra004055	AT1G68010	96.9	7.42e-274	742
Bra004056	AT1G68000	93.7	1.62e-150	417
Bra004062	AT1G67920	86.6	6.6e-32	104
Bra004063	AT1G67910	72.1	4.09e-37	120
Bra004064	AT1G67900	92.2	0	1112
Bra004067	AT1G67850	90.2	1.69e-290	788
Bra004068	AT1G67840	87.2	0	958
Bra004076	AT1G67710	81.7	2.85e-297	812
Bra004077	AT1G67700	92.2	1.46e-144	402
Bra004078	AT1G67690	88.4	0	1248
Bra004079	AT1G67680	80.7	0	933
Bra004082	AT1G57820	79.4	0	1055
Bra004084	AT1G67500	80.9	0	2954
Bra004085	AT1G67490	87.6	0	1536
Bra004086	AT2G14247	68.4	8.73e-28	95.1
Bra004094	AT1G67325	84.6	4.67e-148	418
Bra004100	AT1G64960	74.2	0	1677
Bra004106	AT5G45010	83.3	1.06e-19	74.3
Bra004109	AT1G65060	87.7	0	953
Bra004113	AT1G65320	91.5	5.19e-273	744
Bra004114	AT1G65440	85	0	2383
Bra004116	AT1G65470	71	0	897
Bra004118	AT1G65540	90.1	0	1191
Bra004119	AT1G65570	84.9	3.61e-252	688
Bra004120	AT1G65580	83.5	0	1831
Bra004121	AT1G65590	87.9	0	978
Bra004123	AT1G65650	89.1	1.49e-210	577
Bra004124	AT1G65700	67.4	1.3e-54	166
Bra004126	AT1G65720	70.5	2.42e-76	226
Bra004127	AT1G65730	90	0	1264
Bra004128	AT1G65780	72.7	0	1475
Bra004133	AT1G65900	85.6	2.01e-241	660
Bra004135	AT1G65950	87.2	0	920
Bra004139	AT5G38890	79.1	9.84e-71	210
Bra004140	AT2G03820	92	0	932
Bra004142	AT1G34480	58.7	3.83e-266	740
Bra004144	AT1G66080	89.5	4.77e-124	347
Bra004146	AT1G66110	56.8	1.39e-109	323
Bra004147	AT1G66130	87.7	1.59e-229	628
Bra004149	AT1G66150	88.3	0	1437
Bra004150	AT4G08025	60.8	1.2e-45	143
Bra004153	AT1G66210	81.4	0	1232
Bra004154	AT1G66220	79.4	0	1208
Bra004155	AT1G66230	73.3	8.93e-137	387
Bra004158	AT1G66260	64.7	2.4e-113	328
Bra004159	AT1G66330	86.9	4.85e-215	597
Bra004160	AT1G66340	95.8	0	1348
Bra004161	AT1G66360	86.9	3.55e-107	303
Bra004166	AT1G66410	91.8	5.17e-83	240
Bra004167	AT1G66460	77.8	7.74e-264	726
Bra004168	AT1G66430	91.8	2.24e-245	670
Bra004170	AT1G66480	81.7	7.14e-122	344
Bra004171	AT1G66500	60.7	1.92e-84	256
Bra004172	AT1G66510	83.9	3.36e-238	652
Bra004173	AT1G66520	87	5.11e-225	616
Bra004175	AT1G66700	79	3.35e-205	566
Bra004176	AT1G66660	52.5	3.94e-89	270
Bra004177	AT1G66670	87.1	2.44e-193	532
Bra004178	AT1G66680	84.1	2.49e-204	563
Bra004185	AT1G66730	59.5	0	1513
Bra004189	AT1G66810	76.6	3.04e-116	337
Bra004190	AT1G66820	65	3.24e-14	63.5
Bra004191	AT1G66830	82.4	2.03e-289	806
Bra004196	AT1G66890	69.3	1.07e-66	199
Bra004199	AT1G66910	62.5	9.33e-270	753
Bra004200	AT1G67030	75.5	2.05e-97	280
Bra004203	AT1G67035	62.2	2.24e-70	214
Bra004206	AT1G67140	85	0	3536
Bra004207	AT1G67170	69.7	2.54e-152	432
Bra004208	AT1G67190	94.3	2.55e-286	776
Bra004210	AT1G67230	71.1	0	1026
Bra004214	AT1G67280	88.1	1.81e-219	601
Bra004216	AT1G67300	90.6	3.72e-317	861
Bra004220	AT1G67340	82.3	3.28e-221	608
Bra004221	AT1G67350	91.5	1.16e-60	179
Bra004222	AT1G67370	82.2	0	918
Bra004223	AT1G67420	84.9	0	1509
Bra004226	AT1G67440	77.4	9.14e-265	727
Bra004227	AT1G67480	79	6.52e-216	595
Bra004229	AT1G67510	89.5	0	953
Bra004230	AT2G42725	58.2	3.35e-79	238
Bra004231	AT1G65032	93.4	1.69e-56	169
Bra004232	AT1G65030	90.9	4.56e-224	613
Bra004233	AT5G01480	65.8	5.22e-154	445
Bra004235	AT1G67570	81.5	4.93e-260	714
Bra004236	AT1G67580	80.4	0	1127
Bra004238	AT1G67600	83.7	1.86e-95	273
Bra004239	AT1G67620	69.4	8.31e-76	235
Bra004241	AT1G67660	64.3	2.38e-165	466
Bra004242	AT1G67670	62.5	5.37e-18	69.3
Bra004246	AT1G50990	75.8	4.44e-274	752
Bra004247	AT1G50250	87.6	0	1155
Bra004249	AT1G67720	88.1	0	1548
Bra004250	AT4G01935	86.4	6.14e-161	446
Bra004251	AT1G67730	88.1	5.66e-207	567
Bra004255	AT1G67770	57.3	3.07e-181	520
Bra004256	AT1G67785	98.4	1.18e-37	119
Bra004258	AT1G17770	56.2	1.69e-226	655
Bra004259	AT1G67790	71	0	905
Bra004260	AT1G67800	84.2	8.89e-262	717
Bra004263	AT1G67830	89.5	1.29e-241	659
Bra004269	AT1G67930	88.1	0	1359
Bra004270	AT1G67960	65	5.11e-244	694
Bra004271	AT1G67940	89	7.42e-162	449
Bra004272	AT1G67970	79.5	7.63e-187	521
Bra004276	AT1G68030	62.4	2.85e-121	350
Bra004278	AT3G55254	55.4	1.33e-67	202
Bra004279	AT1G68060	90.4	0	918
Bra004280	AT1G68070	84	8.79e-209	574
Bra004284	AT1G68140	73.1	3.03e-162	455
Bra004285	AT1G68150	75.7	6.78e-130	375
Bra004286	AT1G68160	61.1	6.48e-101	295
Bra004287	AT1G68180	78.5	7.12e-131	374
Bra004288	AT1G68200	78.7	6.77e-136	387
Bra004290	AT1G68220	89.1	4.48e-127	355
Bra004293	AT1G68260	76.4	3.23e-104	297
Bra004294	AT1G68290	86.6	3.84e-194	533
Bra004295	AT1G68300	67.3	4.7e-85	248
Bra004300	AT1G68360	79.9	2.68e-127	359
Bra004302	AT1G68380	75.3	5.27e-211	584
Bra004303	AT1G68390	83.2	3.34e-244	669
Bra004308	AT1G68430	68	1.58e-49	155
Bra004309	AT1G68440	76.4	2.58e-152	428
Bra004310	AT1G68470	81.2	1.76e-282	770
Bra004312	AT1G68480	80.6	4.39e-139	390
Bra004314	AT1G68500	82.4	1.4e-30	102
Bra004315	AT1G68510	87.8	1.88e-150	417
Bra004316	AT1G68540	90.3	7.61e-218	595
Bra004320	AT1G68570	92.7	0	1109
Bra004322	AT1G68580	71.2	7.66e-316	872
Bra004323	AT1G68590	82.9	1.18e-90	261
Bra004325	AT1G68610	80.2	3.65e-96	274
Bra004328	AT1G68630	82	1.75e-105	298
Bra004329	AT1G68640	87.5	3.41e-275	751
Bra004331	AT1G68690	84.1	2.76e-253	723
Bra004335	AT1G68765	76.9	7.59e-31	102
Bra004336	AT1G68780	85	1.82e-148	428
Bra004337	AT1G68795	72.3	1.03e-43	138
Bra004338	AT1G68810	90.7	4.07e-189	526
Bra004339	AT1G68820	94.3	0	908
Bra004340	AT1G68830	92.9	0	1051
Bra004342	AT1G68845	57.1	2.07e-30	110
Bra004343	AT1G68850	92.5	3.84e-232	632
Bra004347	AT1G68910	76	4.1e-275	767
Bra004348	AT1G68920	72.3	8.45e-204	573
Bra004350	AT1G68930	81.3	0	1129
Bra004351	AT1G68940	84.7	0	1481
Bra004352	AT1G68960	74.6	5.19e-194	539
Bra004354	AT1G68990	81	0	1599
Bra004355	AT1G69010	70.5	4.76e-150	424
Bra004356	AT1G69020	80.5	0	1302
Bra004359	AT1G69060	69.4	4.79e-47	160
Bra004360	AT1G69080	79.4	3.43e-123	347
Bra004362	AT1G69160	77.5	2.78e-128	369
Bra004364	AT1G69180	94.7	2.96e-95	273
Bra004365	AT1G69200	75.3	5.69e-313	860
Bra004366	AT1G69220	73.6	0	1052
Bra004369	AT1G69280	63.1	1.47e-82	263
Bra004371	AT1G69320	79.3	7.6e-57	171
Bra004372	AT1G69325	65.4	1.55e-37	122
Bra004373	AT1G69330	67.4	3.56e-105	305
Bra004374	AT1G69350	84	0	1146
Bra004375	AT1G69360	64.7	0	986
Bra004376	AT1G69370	77.8	1.44e-179	499
Bra004377	AT1G69380	83.2	4.6e-215	592
Bra004378	AT1G69390	81.9	3.94e-124	350
Bra004379	AT1G69410	96.8	5.27e-110	309
Bra004380	AT1G69420	91.2	0	951
Bra004381	AT1G69450	82.4	0	1174
Bra004382	AT1G69460	85.8	1.08e-132	371
Bra004383	AT1G69480	84.8	0	1301
Bra004384	AT1G69430	90.5	7.03e-190	525
Bra004385	AT1G69490	82.1	2.49e-165	458
Bra004386	AT1G69500	91.4	0	967
Bra004387	AT1G69510	73.4	3.78e-59	179
Bra004388	AT5G15380	69.3	2.63e-267	753
Bra004391	AT1G69523	75.1	1.07e-159	446
Bra004392	AT1G69530	93.9	1.51e-171	473
Bra004393	AT1G69540	72.1	2.59e-167	470
Bra004395	AT3G27740	90.9	6.27e-288	781
Bra004397	AT1G69580	75.7	2.18e-142	405
Bra004399	AT1G69600	81	1.24e-128	362
Bra004404	AT1G69640	93.1	8.35e-178	489
Bra004405	AT3G22080	63.1	1.7e-140	401
Bra004406	AT1G69680	87.1	5.02e-125	350
Bra004407	AT1G69690	79	6.55e-141	400
Bra004408	AT1G69700	81.2	5.74e-109	308
Bra004409	AT2G48150	92.4	2.1e-115	323
Bra004412	AT2G48120	83.2	5.89e-157	440
Bra004413	AT2G48110	84.6	0	2145
Bra004414	AT2G48100	75.1	1.62e-180	502
Bra004416	AT2G48080	70.9	3.54e-214	597
Bra004417	AT2G48070	79.1	4.55e-96	277
Bra004418	AT2G48060	94	0	4610
Bra004419	AT2G48030	78.2	4.48e-229	633
Bra004420	AT2G47980	86.7	0	1777
Bra004421	AT2G47935	82.5	1.68e-44	142
Bra004422	AT2G47920	61.4	1.88e-60	188
Bra004423	AT2G47890	67.1	4.22e-110	323
Bra004426	AT2G47870	85.4	1.1e-60	180
Bra004427	AT2G47850	75.2	1.22e-148	431
Bra004428	AT2G47810	81.3	1.31e-80	234
Bra004429	AT2G47780	86.2	4.99e-120	340
Bra004431	AT2G47760	80.5	3.02e-173	491
Bra004432	AT2G47750	83.6	0	1013
Bra004436	AT2G47700	71.7	6.13e-188	523
Bra004438	AT2G47680	86.2	0	1736
Bra004439	AT2G47670	73.9	8e-92	267
Bra004443	AT2G47600	92	0	981
Bra004444	AT2G47590	87.6	1.72e-275	752
Bra004445	AT2G47580	78.6	1.05e-117	336
Bra004447	AT2G47550	87.4	0	988
Bra004449	AT2G40940	94	0	1117
Bra004450	AT2G47510	92.7	0	875
Bra004451	AT2G47500	81	0	1465
Bra004452	AT2G47490	89.9	9.15e-197	541
Bra004453	AT2G47485	83.6	2.39e-82	238
Bra004454	AT2G47480	75.7	5.63e-52	159
Bra004457	AT2G47440	81	1.8e-314	858
Bra004458	AT2G47420	89.8	2.56e-207	571
Bra004460	AT2G47390	91	0	1734
Bra004461	AT2G16760	83	2.14e-199	549
Bra004462	AT2G47360	83.7	5.2e-173	480
Bra004463	AT2G47350	71.8	2.24e-199	561
Bra004464	AT2G47330	83.2	0	1120
Bra004465	AT2G47270	91.1	1.7e-59	177
Bra004471	AT2G47210	77.2	8.62e-243	668
Bra004473	AT2G47190	85.9	7.88e-176	485
Bra004475	AT3G62290	100	1.15e-131	365
Bra004476	AT2G47160	92.4	0	1331
Bra004477	AT2G47140	90.9	1.11e-161	448
Bra004478	AT2G47090	65.4	9.38e-313	868
Bra004479	AT2G47060	84.2	2.51e-234	642
Bra004482	AT2G47020	78.6	4.5e-227	625
Bra004483	AT2G47010	83.1	0	894
Bra004486	AT2G46980	75.4	0	1026
Bra004489	AT2G46970	66	8.68e-167	473
Bra004491	AT2G46950	78.3	1.07e-305	836
Bra004494	AT2G46930	86.2	1.63e-266	726
Bra004495	AT2G46920	88.2	0	1428
Bra004496	AT2G46915	82.4	0	1107
Bra004497	AT2G46910	81.7	1.15e-160	446
Bra004498	AT2G46900	69	2.75e-285	791
Bra004499	AT2G46890	89.2	3.16e-227	619
Bra004500	AT2G46880	78.8	5.22e-238	652
Bra004503	AT2G46830	67	5.51e-225	634
Bra004504	AT2G46820	75	1.71e-84	246
Bra004505	AT2G46810	70.9	9.49e-124	357
Bra004510	AT2G46760	90.1	0	1066
Bra004511	AT2G46750	88.4	0	1073
Bra004513	AT2G46720	91	8.31e-287	787
Bra004514	AT2G46710	84.8	3.94e-283	771
Bra004515	AT2G46690	86.1	7.15e-77	222
Bra004516	AT2G46680	71.5	2.37e-98	287
Bra004518	AT2G46650	87.9	6.88e-85	243
Bra004519	AT2G46640	66.8	7.67e-109	316
Bra004520	AT2G46630	70.1	9.36e-86	261
Bra004522	AT2G46620	82	2.1e-274	751
Bra004523	AT3G61860	78.7	2.51e-116	333
Bra004526	AT2G46560	80.8	0	3997
Bra004527	AT2G46550	71.4	1.74e-161	458
Bra004529	AT2G46535	78.8	4.77e-90	259
Bra004530	AT2G46530	84.5	0	942
Bra004531	AT2G46520	85	0	1640
Bra004532	AT2G46510	66	3.61e-232	648
Bra004534	AT2G46490	73.5	1.32e-54	167
Bra004535	AT2G46480	77.4	0	884
Bra004537	AT2G46430	83.4	0	1150
Bra004538	AT2G46420	90.8	4.55e-230	629
Bra004539	AT2G46410	92.9	3.39e-53	160
Bra004540	AT2G46400	69.9	7.23e-131	372
Bra004541	AT2G46380	65.9	9.41e-314	871
Bra004544	AT2G46360	72	5.89e-35	114
Bra004545	AT2G46340	82	0	1592
Bra004547	AT2G46320	88.1	1.14e-222	611
Bra004548	AT2G46310	59.7	1.12e-96	285
Bra004549	AT2G46300	75.3	2.04e-124	353
Bra004550	AT2G46270	82.4	7.62e-190	529
Bra004552	AT2G46250	60.2	7.47e-144	417
Bra004555	AT2G46225	77.8	7.46e-167	466
Bra004556	AT2G46220	79.7	7.44e-136	381
Bra004560	AT2G46210	91.3	0	892
Bra004561	AT2G46200	80.5	7.46e-206	570
Bra004562	AT2G46170	89.2	1.01e-156	435
Bra004563	AT2G46160	88.3	7.18e-127	356
Bra004564	AT2G46150	80.1	6.42e-121	342
Bra004565	AT2G46140	90.4	1.47e-104	296
Bra004567	AT2G40430	62.9	4.42e-163	464
Bra004568	AT2G40435	84.1	2.74e-87	251
Bra004572	AT2G40470	85.8	5.83e-130	365
Bra004577	AT2G40530	70.1	8.25e-40	127
Bra004580	AT2G40600	81	8.96e-112	319
Bra004581	AT2G40610	92.2	3.18e-177	487
Bra004583	AT2G40660	77.6	2.23e-196	546
Bra004584	AT2G40700	87.8	0	1045
Bra004586	AT2G40750	70	1.11e-158	447
Bra004587	AT2G40800	85.2	1.22e-201	558
Bra004590	AT2G40840	90.3	0	1761
Bra004592	AT2G40900	87.2	7e-230	632
Bra004593	AT2G40970	78.7	1.42e-135	381
Bra004595	AT2G40990	69.6	7.53e-192	533
Bra004596	AT2G41050	87.7	1.89e-238	652
Bra004597	AT2G41070	73.7	1.79e-129	368
Bra004598	AT2G41080	77.1	0	973
Bra004600	AT2G41140	92.6	0	1051
Bra004602	AT2G41160	84.1	5.12e-170	471
Bra004603	AT2G41170	74.2	2.33e-227	625
Bra004604	AT2G41180	81.3	1.88e-51	159
Bra004608	AT2G41231	92.6	1.18e-09	50.8
Bra004612	AT2G41260	61.9	3.95e-28	108
Bra004613	AT2G41290	82	1.46e-231	634
Bra004620	AT2G41410	79.5	7.99e-105	300
Bra004622	AT2G41450	76.1	3.47e-290	799
Bra004623	AT2G41475	84.9	5.11e-104	295
Bra004624	AT2G41490	89.6	2.33e-272	742
Bra004626	AT2G41520	67.9	0	1260
Bra004628	AT2G41540	95.3	0	871
Bra004632	AT2G04340	94.8	7.22e-111	312
Bra004633	AT2G41640	84.4	1.43e-295	806
Bra004638	AT2G41670	89.8	5.05e-235	644
Bra004639	AT2G41680	92.8	0	914
Bra004641	AT2G41710	85.7	7.45e-239	658
Bra004642	AT2G41720	77.4	1.03e-151	464
Bra004644	AT2G41730	67.2	1.78e-53	163
Bra004646	AT2G41740	88.2	0	1635
Bra004647	AT2G41750	74.2	8.62e-120	341
Bra004649	AT2G41790	91.4	0	1817
Bra004651	AT2G41810	88.9	1.74e-250	682
Bra004657	AT2G41870	73.2	7.27e-70	216
Bra004659	AT2G41930	66.3	3.3e-151	428
Bra004661	AT2G41950	80.6	6.31e-142	398
Bra004663	AT2G41960	63.3	0	1339
Bra004666	AT2G42030	60.1	6.8e-141	407
Bra004669	AT2G42080	73.8	4.13e-126	358
Bra004670	AT2G42110	88.7	7.38e-29	98.6
Bra004671	AT2G42130	85.6	3.25e-170	473
Bra004672	AT2G42180	71.6	8.96e-66	197
Bra004673	AT2G42190	75	1.5e-43	139
Bra004674	AT2G42200	81.5	5.16e-207	572
Bra004675	AT2G42210	93.1	4.21e-104	295
Bra004676	AT2G42230	84.2	0	937
Bra004677	AT2G42260	68.1	2.2e-105	304
Bra004679	AT2G42300	72.2	6.68e-134	382
Bra004680	AT2G42310	94.6	2.02e-70	205
Bra004685	AT2G42350	67.1	2.52e-95	276
Bra004687	AT2G42360	74.3	5.55e-118	335
Bra004689	AT2G42380	66	2.54e-121	350
Bra004690	AT2G42390	82	3.66e-101	291
Bra004692	AT2G42410	75.3	1.19e-111	318
Bra004694	AT2G42450	84.2	0	912
Bra004703	AT3G27425	53.9	1.31e-27	96.7
Bra004706	AT1G54380	60.5	9.88e-165	473
Bra004707	AT2G42550	71.2	2.51e-141	401
Bra004712	AT2G42870	76.2	1.03e-51	158
Bra004714	AT2G42850	85.4	1.82e-301	831
Bra004715	AT2G42840	54.7	6.81e-112	330
Bra004716	AT2G42830	91.6	1.42e-148	414
Bra004717	AT2G42820	91.1	2.7e-103	292
Bra004719	AT2G42800	89	2.04e-104	318
Bra004720	AT2G42790	91.8	0	917
Bra004721	AT2G42750	89.6	1.11e-221	607
Bra004722	AT2G42710	83.6	2.08e-223	616
Bra004723	AT2G42700	87.7	0	1452
Bra004726	AT2G42670	89.3	5.18e-164	452
Bra004729	AT2G42900	73.3	2.06e-129	367
Bra004731	AT2G42920	79.5	4.42e-274	757
Bra004732	AT2G42940	91.2	1.17e-165	458
Bra004733	AT2G42960	87.3	1.02e-303	827
Bra004734	AT2G42980	79.6	2.16e-306	836
Bra004735	AT2G42990	90.2	1.8e-234	639
Bra004737	AT2G43020	96.3	0	955
Bra004738	AT2G43040	89.9	0	1215
Bra004740	AT2G43060	73.2	1.03e-72	214
Bra004741	AT2G43070	89.9	0	957
Bra004742	AT2G43080	93.6	6.71e-198	541
Bra004743	AT2G43090	85.8	2.82e-144	403
Bra004744	AT2G43100	77	2.38e-127	361
Bra004745	AT2G43110	72.1	8.51e-139	392
Bra004746	AT2G43120	92.6	7.67e-203	558
Bra004748	AT2G43140	77.1	2.25e-150	423
Bra004750	AT2G43160	82.8	0	1175
Bra004751	AT2G43190	69.9	5.68e-127	363
Bra004755	AT2G43260	66.5	2.87e-202	565
Bra004758	AT2G43360	95.2	2.3e-256	697
Bra004759	AT2G43400	87.9	0	1125
Bra004760	AT5G09950	85.1	0	1661
Bra004761	AT2G43410	66.6	0	1139
Bra004762	AT2G43420	85.5	0	959
Bra004766	AT2G43490	83.5	0	1121
Bra004768	AT2G43510	83	2.41e-55	165
Bra004771	AT2G43570	72.1	2.1e-146	411
Bra004772	AT2G43620	86.9	3.93e-185	509
Bra004776	AT2G43680	76.2	3.52e-199	574
Bra004781	AT2G43750	92.6	7.73e-257	700
Bra004783	AT2G43770	91	2.76e-173	487
Bra004784	AT2G43790	95.4	1.52e-281	762
Bra004786	AT2G43800	71.8	0	947
Bra004787	AT2G43820	84.9	5.71e-285	776
Bra004788	AT2G43840	85.7	2.58e-275	750
Bra004792	AT2G43910	85	1.21e-144	402
Bra004795	AT2G43970	69.1	2.75e-197	559
Bra004796	AT2G43980	86.8	3.22e-308	838
Bra004797	AT2G43990	59.7	7.51e-187	536
Bra004799	AT2G44010	75.8	2.74e-40	128
Bra004800	AT2G44020	90.2	1.29e-168	483
Bra004801	AT2G44065	90.2	1.02e-139	389
Bra004804	AT2G44090	83.6	0	961
Bra004805	AT2G44100	96.2	3.72002e-319	862
Bra004808	AT2G44140	77.5	3.99e-254	699
Bra004809	AT2G44150	78.9	2.68e-211	582
Bra004811	AT2G44190	71.9	5.82e-178	505
Bra004812	AT2G44200	67.2	1.82e-161	463
Bra004816	AT2G44220	80.6	2.68e-259	707
Bra004817	AT2G44230	88.7	0	994
Bra004820	AT2G44250	74.6	1.47e-201	559
Bra004822	AT2G44270	83.8	1.2e-238	652
Bra004823	AT2G44280	91.6	1.13e-306	832
Bra004824	AT2G44300	78.7	1.78e-107	306
Bra004825	AT2G44340	81.1	1.97e-97	279
Bra004826	AT2G44370	76.1	4.19e-127	359
Bra004828	AT5G43520	82.6	9.13e-157	435
Bra004829	AT2G44410	62.5	4.47e-156	446
Bra004830	AT2G44420	74.5	2.14e-198	549
Bra004831	AT2G44430	59	6.85e-132	400
Bra004832	AT2G44440	76.2	1.29e-219	608
Bra004837	AT2G44460	82.5	0	991
Bra004838	AT5G24540	70	1.97e-285	782
Bra004839	AT2G44490	91.2	1.93e-283	774
Bra004841	AT2G44500	83.7	0	904
Bra004843	AT2G44525	91.8	2.74e-111	313
Bra004846	AT2G44560	81.2	1.16e-290	793
Bra004847	AT2G44578	77.1	2.95e-78	228
Bra004848	AT2G44580	80.1	3.38e-221	609
Bra004849	AT2G44600	63	2.7e-117	338
Bra004851	AT2G44620	87.2	5.42e-73	213
Bra004853	AT2G44650	86.1	5.92e-82	236
Bra004854	AT2G44660	84.7	0	879
Bra004857	AT2G44690	86.7	7.09e-129	361
Bra004858	AT2G44710	70.1	1.07e-305	857
Bra004864	AT2G44745	81.4	5.77e-122	344
Bra004865	AT2G44760	79.4	1.55e-272	747
Bra004866	AT2G44790	69.2	7.61e-67	203
Bra004867	AT2G44800	90.5	3.73e-239	652
Bra004869	AT2G44810	87.9	1.56e-294	800
Bra004871	AT2G44820	69.9	3.84e-59	184
Bra004872	AT2G44830	79.5	0	1136
Bra004873	AT2G44840	82.6	4.29e-121	343
Bra004874	AT2G44910	83.9	6.77e-113	328
Bra004875	AT2G44920	83.3	2.19e-62	193
Bra004877	AT2G44930	58.2	6.87e-208	599
Bra004878	AT2G44940	77	1.61e-102	300
Bra004881	AT2G44980	65.4	0	991
Bra004882	AT2G45000	95.4	1.17e-122	385
Bra004883	AT2G45010	95.1	3.76e-157	435
Bra004884	AT2G45030	92.7	0	1373
Bra004885	AT2G45040	80.4	6.84e-194	536
Bra004888	AT2G45080	95	1.1e-147	409
Bra004889	AT1G65680	77.4	4.57e-152	425
Bra004893	AT2G45240	93.1	6.34e-289	781
Bra004895	AT2G45270	85.7	2.02e-286	782
Bra004896	AT2G45330	82.3	7.07e-142	399
Bra004897	AT2G45280	79.4	3.73e-203	563
Bra004898	AT2G45290	89.5	0	1334
Bra004902	AT2G45340	93.2	0	936
Bra004903	AT2G45350	85.3	8.19e-309	850
Bra004905	AT2G45380	80.3	1.09e-137	396
Bra004906	AT3G60800	86.7	4.26e-197	541
Bra004908	AT2G45410	79.5	2.42e-103	295
Bra004913	AT2G45450	82.4	1.19e-45	142
Bra004914	AT2G45460	74.1	0	1018
Bra004915	AT2G45470	86.8	7.09e-214	593
Bra004916	AT2G45490	89.4	1.23e-192	528
Bra004920	AT2G45540	88.2	0	5000
Bra004921	AT2G45580	77.1	7.45e-285	781
Bra004924	AT2G45600	88.1	1.64e-217	595
Bra004925	AT2G45610	82.7	1.09e-207	570
Bra004926	AT2G45640	88.2	1.78e-96	274
Bra004928	AT2G45660	95.3	6.04e-134	374
Bra004929	AT2G45680	71	9.8e-144	409
Bra004930	AT2G45690	81.7	2.78e-213	587
Bra004933	AT2G45750	91.1	0	1219
Bra004936	AT2G45760	74.9	2.86e-102	293
Bra004937	AT2G45770	94.8	1.51e-238	651
Bra004938	AT2G45790	95.5	5.28e-176	483
Bra004939	AT2G45800	91	4.87e-124	350
Bra004942	AT2G45830	77.7	2.72e-303	833
Bra004944	AT2G45880	88.3	0	1148
Bra004945	AT2G45890	89.8	6.34e-297	807
Bra004946	AT2G45900	66	5.63e-287	801
Bra004947	AT2G45910	80.2	0	1235
Bra004949	AT2G45950	83.4	2.38e-183	509
Bra004951	AT2G45970	92	0	988
Bra004953	AT2G45980	69.1	2.91e-115	330
Bra004954	AT2G45990	92.6	6.85e-181	497
Bra004957	AT2G46050	73.5	2.68e-285	787
Bra004958	AT2G46060	83.4	0	1357
Bra004962	AT2G46100	83.6	1.89e-143	400
Bra004963	AT2G40410	90.4	3.9e-219	599
Bra004964	AT2G40390	89.6	7.68e-318	862
Bra004965	AT2G40380	90.1	3.84e-123	347
Bra004966	AT2G40370	83.4	0	996
Bra004969	AT2G40316	73.4	1.63e-149	419
Bra004973	AT2G40260	77.3	1.02e-194	544
Bra004978	AT2G40220	70.5	1.31e-113	331
Bra004979	AT2G40190	90.1	1.39e-310	842
Bra004982	AT2G40140	78.2	0	901
Bra004984	AT2G40120	81.7	0	915
Bra004989	AT2G40100	88	8.94e-183	503
Bra004990	AT2G40090	91.1	0	962
Bra004991	AT2G40080	91.1	1.9e-63	187
Bra004996	AT2G39980	86.5	2.84e-305	830
Bra004997	AT2G39970	88.3	6.77e-205	563
Bra004998	AT2G39960	91.9	5.81e-123	345
Bra004999	AT2G39950	73.8	1.35e-286	794
Bra005000	AT2G39940	89.4	0	1063
Bra005001	AT2G39930	88.5	0	1485
Bra005002	AT2G39920	76.8	1.21e-129	367
Bra005003	AT2G39900	92	3.46e-133	371
Bra005005	AT2G39890	92.3	2.44e-292	795
Bra005007	AT2G39870	64.4	1.42e-123	357
Bra005008	AT2G39855	62.3	5.17e-42	136
Bra005012	AT2G39800	96.5	0	1342
Bra005013	AT2G39795	75.9	4.12e-117	334
Bra005021	AT2G39710	85.3	2.23e-271	741
Bra005022	AT2G39705	76.8	2.49e-43	135
Bra005025	AT2G39700	94.5	4.36e-187	512
Bra005026	AT2G39670	88.9	7.99e-266	726
Bra005028	AT2G39640	74.1	1.26e-237	660
Bra005030	AT2G39560	78.4	9.57e-109	312
Bra005031	AT2G39550	88.7	1.82e-217	597
Bra005034	AT2G39500	84.3	9.46e-29	95.9
Bra005035	AT2G39490	80.6	3.79e-221	609
Bra005036	AT2G39480	94.5	0	2545
Bra005037	AT2G39470	87.4	7.18e-147	409
Bra005040	AT2G39445	87	2.89e-100	286
Bra005041	AT2G39440	78.1	3.98e-88	256
Bra005042	AT2G39430	89.1	6.71e-191	526
Bra005046	AT2G39380	75.5	0	923
Bra005048	AT2G39350	89.4	0	1258
Bra005053	AT2G39310	79.4	1.04e-270	740
Bra005054	AT2G39300	62.3	5.95e-284	802
Bra005056	AT5G25070	70.6	2.21e-265	749
Bra005057	AT2G39270	85.7	2.02e-176	488
Bra005060	AT2G39140	81.8	2e-213	591
Bra005062	AT2G39110	89	4.06e-278	756
Bra005063	AT2G39090	93.7	0	988
Bra005066	AT2G38970	81.7	0	1053
Bra005067	AT2G38960	86.7	2.42e-288	785
Bra005068	AT2G38950	64.6	5.2e-312	866
Bra005074	AT2G38880	80.1	1.18e-85	247
Bra005086	AT2G38770	92.5	0	2778
Bra005088	AT2G38730	96.2	4.44e-137	381
Bra005094	AT2G38600	86.8	7.84e-165	455
Bra005097	AT2G38550	73.6	2.52e-149	423
Bra005105	AT2G38465	83.5	1.4e-41	130
Bra005106	AT2G38460	87.6	1.55e-307	840
Bra005107	AT2G38440	67.9	0	1698
Bra005109	AT2G38420	81.7	1.57e-145	422
Bra005110	AT2G38410	70.8	6.85e-248	702
Bra005113	AT2G38340	63.3	4.09e-94	276
Bra005117	AT5G37070	95.8	3.59e-115	323
Bra005124	AT2G38300	75.7	1.76e-160	451
Bra005125	AT2G38290	89.8	0	879
Bra005126	AT2G38280	93.3	0	1569
Bra005132	AT2G38152	79	9.1e-230	631
Bra005133	AT2G38150	79.2	2.09e-234	644
Bra005134	AT2G38140	84.9	1.76e-62	186
Bra005135	AT2G38130	88	2.16e-121	340
Bra005136	AT2G38120	93.9	0	928
Bra005137	AT2G38110	92.2	0	920
Bra005138	AT2G38100	85.9	4.04e-316	860
Bra005140	AT2G38080	92	0	1088
Bra005144	AT2G38000	87.1	4.32e-267	728
Bra005145	AT2G37975	96.2	3.05e-51	154
Bra005147	AT2G37950	79.8	1.39e-116	330
Bra005150	AT2G37925	81.8	1.72e-78	228
Bra005153	AT2G37870	91.3	4.96e-74	214
Bra005157	AT2G37820	77.7	1.65e-181	501
Bra005159	AT2G37790	90.5	5.75e-212	580
Bra005163	AT2G37760	83.9	2.46e-188	519
Bra005164	AT2G37750	68.3	4.66e-27	93.6
Bra005167	AT2G37730	83.5	0	880
Bra005168	AT2G37710	85.8	0	1141
Bra005172	AT2G37678	71.6	7.85e-79	233
Bra005176	AT2G37640	93.9	1.31e-191	524
Bra005179	AT2G37610	66.1	1.05e-43	140
Bra005181	AT2G37590	82.5	5.5e-168	469
Bra005182	AT2G37585	87.6	2.61e-245	670
Bra005183	AT2G37570	90.7	0	913
Bra005184	AT2G37560	88.4	1.83e-237	648
Bra005189	AT2G37510	68.6	4.19e-71	210
Bra005193	AT2G37460	90	1.71e-246	672
Bra005201	AT2G37390	72.2	6.62e-119	340
Bra005202	AT2G37380	70.3	5.6e-111	323
Bra005204	AT2G37330	90.1	1.01e-166	462
Bra005206	AT2G37290	67.7	0	1084
Bra005211	AT2G37240	86.3	1.54e-149	416
Bra005213	AT2G37200	88.3	2.51e-107	311
Bra005217	AT2G37100	63.3	1.51e-105	308
Bra005218	AT2G37090	84.3	2.21e-208	573
Bra005222	AT2G37035	73.1	2.94e-223	619
Bra005224	AT2G37010	83.1	0	1727
Bra005225	AT2G36985	92.5	7.89e-34	108
Bra005227	AT2G36970	87.2	0	879
Bra005230	AT2G36960	80.9	0	1107
Bra005233	AT2G36900	86.7	2.04e-131	369
Bra005235	AT2G36885	75.9	3.65e-127	360
Bra005238	AT2G36870	95.3	8.08e-227	616
Bra005239	AT2G36850	91.2	0	3456
Bra005240	AT2G36835	92.1	3.01e-80	231
Bra005245	AT2G36780	79.6	9.07e-305	830
Bra005247	AT2G36730	78	7.05e-230	639
Bra005250	AT2G36695	62	1.34e-30	103
Bra005251	AT1G47570	83.2	8.86e-304	825
Bra005252	AT2G36710	82.3	1.63e-232	639
Bra005253	AT2G36680	87.8	3.8e-124	350
Bra005254	AT2G36670	84.6	9.48e-311	846
Bra005255	AT2G36650	70.9	8.5e-128	372
Bra005256	AT2G36640	70.4	7.38e-48	168
Bra005257	AT2G36630	88.8	9.35e-284	773
Bra005258	AT2G36620	90.9	1.4e-96	275
Bra005259	AT2G36610	62.8	2.05e-65	198
Bra005260	AT2G36540	70	1.65e-108	312
Bra005264	AT2G36490	61.6	0	1551
Bra005266	AT2G36430	81.3	9.03e-262	717
Bra005268	AT2G36400	79.9	1.69e-166	471
Bra005269	AT2G36390	87.8	0	1517
Bra005272	AT2G36360	68.9	3.33e-268	741
Bra005280	AT2G36350	78.8	0	1342
Bra005281	AT2G36330	67	1.02e-87	260
Bra005282	AT2G36320	78.8	1.09e-83	243
Bra005285	AT2G36300	90.6	8.14e-162	448
Bra005286	AT2G36290	85.1	2.42e-240	655
Bra005287	AT2G36270	78.6	2.5e-163	467
Bra005291	AT2G36220	69.9	2.92e-110	318
Bra005297	AT2G36130	95.1	8.01e-117	327
Bra005301	AT2G36080	90.6	2.98e-157	436
Bra005302	AT2G36050	69.3	4.4e-113	325
Bra005303	AT2G36026	74.3	3.02e-83	243
Bra005317	AT2G30900	82.6	5.74e-231	632
Bra005318	AT2G35630	90.5	0	3391
Bra005321	AT2G35615	83	4.92e-266	728
Bra005326	AT2G35600	89	9.77e-211	578
Bra005327	AT2G35585	71.2	9.17e-73	214
Bra005328	AT2G35580	67.7	1.65e-165	467
Bra005331	AT2G35540	64.2	2.89e-240	671
Bra005335	AT2G35530	70.9	5.5e-179	504
Bra005337	AT2G35490	76.2	4.76e-175	491
Bra005338	AT2G35480	75.6	7.83e-98	281
Bra005339	AT2G35470	74.3	1.48e-71	212
Bra005340	AT2G35460	74.7	3.67e-132	371
Bra005341	AT2G35450	87.2	1.75e-217	596
Bra005342	AT2G35430	62.7	4.31e-106	307
Bra005343	AT2G35420	72.4	8.45e-114	327
Bra005344	AT2G35390	92.4	6.82e-259	706
Bra005346	AT2G35380	88	1.92e-220	603
Bra005348	AT2G35360	85.3	5.51e-127	357
Bra005350	AT2G35350	78.9	0	1118
Bra005351	AT3G63060	81.3	4.81e-157	437
Bra005353	AT2G35300	80.6	2.56e-43	135
Bra005357	AT2G35240	85.5	5.25e-140	391
Bra005358	AT2G35230	71.7	1.97e-138	400
Bra005359	AT2G35215	69.8	8.76e-48	147
Bra005360	AT2G35200	63.1	4.24e-74	221
Bra005364	AT2G35150	86.6	9.56e-217	592
Bra005365	AT2G35140	52	1.01e-216	630
Bra005366	AT2G35130	83.8	2.32e-174	513
Bra005368	AT2G35110	93.1	0	2492
Bra005369	AT2G35100	88.4	2.89e-291	791
Bra005370	AT2G35060	93.8	0	1429
Bra005371	AT2G35040	88.4	0	1072
Bra005372	AT2G35030	82.3	1.43e-176	513
Bra005373	AT2G35020	89.6	0	905
Bra005374	AT2G35000	74.1	5.17e-177	496
Bra005375	AT2G34990	54.8	1.05e-100	298
Bra005376	AT2G34980	85.9	1.5e-183	507
Bra005377	AT2G34970	87	0	1133
Bra005378	AT2G34930	79.4	7.6e-301	853
Bra005380	AT2G34925	71	4.14e-27	95.1
Bra005381	AT2G34920	63.6	2.43e-253	712
Bra005383	AT2G34900	77.8	1.06e-194	542
Bra005384	AT2G34890	86.7	0	992
Bra005385	AT2G34870	63.7	1.53e-35	117
Bra005388	AT2G34830	75.2	4.88e-191	535
Bra005390	AT2G34810	89.1	0	989
Bra005392	AT2G34790	89.3	0	988
Bra005393	AT2G34780	65.4	0	1432
Bra005394	AT2G34770	83.5	7.7e-160	441
Bra005397	AT2G34720	82.7	9.74e-107	304
Bra005398	AT2G34710	94.4	0	1585
Bra005399	AT2G34700	84.7	1.93e-99	283
Bra005402	AT2G34660	92.7	0	2951
Bra005403	AT2G34650	92.3	3.33e-285	775
Bra005404	AT2G34640	85.6	8.38e-319	868
Bra005409	AT2G34580	68.6	1.51e-70	210
Bra005414	AT2G34560	89.5	2e-249	681
Bra005415	AT2G34555	79.1	3.5e-198	546
Bra005416	AT2G34540	87.5	7.64e-116	330
Bra005418	AT2G34520	76.8	1.38e-78	229
Bra005419	AT2G34510	89.3	4.16e-262	714
Bra005420	AT2G34500	86.8	0	871
Bra005421	AT2G34480	98.3	6.78e-127	355
Bra005428	AT2G34390	86.1	4.26e-175	484
Bra005432	AT2G34360	85.1	2.32e-283	774
Bra005436	AT2G34340	66.4	5.07e-54	165
Bra005438	AT2G34300	82.4	0	1224
Bra005443	AT2G34240	56.9	1.7e-256	725
Bra005445	AT2G34190	96	0	1011
Bra005448	AT2G34170	66.7	9.66e-191	543
Bra005450	AT2G34150	65	0	997
Bra005453	AT2G34090	87.8	2.92e-269	736
Bra005454	AT2G34080	83.5	2.97e-211	580
Bra005456	AT2G34060	77.3	5.75e-186	515
Bra005461	AT2G34000	78.9	3.13e-83	247
Bra005462	AT2G33990	75	3.42e-121	346
Bra005464	AT2G33880	85.1	1.56e-179	504
Bra005465	AT2G33860	85.8	0	939
Bra005466	AT2G33847	81.8	3.57e-37	120
Bra005468	AT2G33835	57.1	3.64e-209	596
Bra005473	AT2G33775	86.4	2.07e-66	195
Bra005475	AT2G33740	81.2	3.08e-94	271
Bra005476	AT2G33735	82.8	1.46e-71	209
Bra005480	AT2G33710	77.7	3.88e-100	289
Bra005482	AT2G33680	85.5	0	1216
Bra005483	AT5G35080	80.9	1.24e-164	457
Bra005485	AT2G33560	83.7	1.91e-206	572
Bra005486	AT2G33550	75.2	3e-150	424
Bra005487	AT2G33540	73	0	1621
Bra005488	AT2G33530	89.7	8.32e-310	840
Bra005489	AT2G33510	81.6	1.45e-79	235
Bra005490	AT5G55140	92.7	3.88e-66	194
Bra005494	AT2G33460	73.8	5.84e-98	283
Bra005498	AT2G33400	70.7	3.23e-113	325
Bra005499	AT2G33390	78.3	2.04e-35	115
Bra005500	AT2G33385	80.9	4.47e-183	509
Bra005501	AT2G33380	87	2.58e-156	432
Bra005502	AT2G33360	66.1	5.09e-239	669
Bra005504	AT2G33340	92.8	0	977
Bra005512	AT2G33260	78.4	1.24e-274	755
Bra005513	AT2G33230	82.3	1.84e-268	733
Bra005515	AT2G33190	73.1	1.35e-206	571
Bra005519	AT3G22040	56.6	5.7e-100	291
Bra005521	AT1G04700	57.8	0	1026
Bra005522	AT2G33150	96.5	1.4e-314	852
Bra005527	AT2G33060	70.9	1.72e-262	747
Bra005530	AT2G33050	78.1	1.61e-292	823
Bra005536	AT2G32990	92.9	0	998
Bra005539	AT2G32970	77.2	0	965
Bra005541	AT2G32950	93.2	0	1241
Bra005542	AT1G56200	82.7	1.06e-61	186
Bra005543	AT2G32930	73.4	1.49e-137	403
Bra005546	AT2G32920	90.5	1.68e-291	791
Bra005553	AT2G32840	66.5	4.76e-121	350
Bra005554	AT2G32870	56.5	2.58e-106	315
Bra005558	AT2G32765	63.5	5.69e-34	112
Bra005559	AT2G32750	79.2	8.94e-297	810
Bra005572	AT2G32210	93	4.79e-45	138
Bra005573	AT2G32230	87.8	0	1021
Bra005574	AT2G32235	65	2.66e-109	318
Bra005575	AT2G32240	54.3	5.3e-64	239
Bra005579	AT2G32270	93	3.45e-196	542
Bra005580	AT2G32280	95.7	1.19e-111	313
Bra005581	AT2G32290	86.1	0	1032
Bra005582	AT2G32300	75.1	1.32e-111	322
Bra005585	AT2G32350	90.4	1.32e-158	439
Bra005589	AT2G32390	86.7	0	1614
Bra005591	AT2G32400	86.9	0	1598
Bra005592	AT2G32410	81.9	1.98e-311	849
Bra005595	AT2G32430	92	1.59e-284	771
Bra005596	AT2G32440	86.1	0	870
Bra005597	AT2G32460	67	1.34e-204	575
Bra005598	AT2G32480	85.9	1.19e-262	719
Bra005601	AT2G32520	87.8	1.19e-170	474
Bra005602	AT2G32550	52.5	4.3e-112	327
Bra005603	AT2G32580	88.4	1.92e-106	302
Bra005604	AT2G32590	88.1	0	1143
Bra005605	AT2G32600	90.4	1.05e-149	419
Bra005607	AT2G32650	89.9	2.43e-92	263
Bra005609	AT2G32150	89.7	3.33e-171	472
Bra005610	AT2G32120	89	0	985
Bra005611	AT2G32100	67.5	5.94e-79	237
Bra005612	AT2G32090	92.6	1.18e-91	261
Bra005613	AT2G32080	90.9	2.18e-178	493
Bra005614	AT2G32070	91.3	7.2e-191	523
Bra005615	AT2G31920	74	1.31e-281	777
Bra005616	AT2G31930	68.3	7.55e-57	173
Bra005617	AT2G31940	90	1.19e-74	216
Bra005623	AT2G31945	82.4	3.21e-34	112
Bra005624	AT2G31960	94.6	0	3643
Bra005633	AT2G32040	93	0	885
Bra005638	AT2G31830	86.1	0	1928
Bra005643	AT2G31740	86.2	0	1272
Bra005644	AT2G31730	86.8	2.79e-69	204
Bra005645	AT2G31725	95.3	7.34e-99	280
Bra005650	AT2G31680	94.1	2.4e-145	403
Bra005651	AT2G31660	89	0	1800
Bra005658	AT5G02000	67.1	2.44e-50	157
Bra005660	AT5G37450	65.9	0	928
Bra005661	AT5G01950	74.4	0	1062
Bra005662	AT5G01930	91.9	1.39e-311	851
Bra005663	AT5G01920	82.2	2.83e-281	769
Bra005664	AT5G01910	63.1	6.13e-49	155
Bra005666	AT5G01790	72.5	2.55e-84	247
Bra005667	AT5G01760	73.2	1.39e-234	657
Bra005669	AT5G01720	71.8	1.13e-246	696
Bra005670	AT5G01710	85.1	1.88e-316	860
Bra005671	AT5G01690	82.1	0	1282
Bra005672	AT5G01670	80.2	3.53e-214	587
Bra005673	AT5G01650	93.3	4.87e-64	189
Bra005674	AT5G01630	74.2	0	1574
Bra005675	AT5G01620	82	8.5e-290	788
Bra005676	AT5G01610	86.5	1.85e-109	308
Bra005677	AT5G01600	80.4	2.93e-144	404
Bra005678	AT5G01590	87.4	0	926
Bra005680	AT5G01560	72.2	0	889
Bra005681	AT5G01540	78.6	0	963
Bra005682	AT5G01520	87.7	3.33e-156	432
Bra005683	AT5G01510	84.2	1.42e-294	807
Bra005684	AT5G01500	87.1	5.97e-248	679
Bra005685	AT5G01450	89.9	3.45e-299	811
Bra005686	AT5G01430	95.7	5.1e-97	275
Bra005688	AT5G01380	80.6	5.04e-126	361
Bra005689	AT5G01360	89	1.63e-296	803
Bra005690	AT5G01340	93.2	3.27e-212	584
Bra005691	AT5G01290	83.2	0	1121
Bra005692	AT5G01270	84.6	0	1310
Bra005693	AT5G01260	62.9	7.14e-156	445
Bra005694	AT5G01220	84.2	5.84e-296	809
Bra005695	AT5G01110	73.5	1.49e-100	326
Bra005696	AT5G01090	76.7	1.09e-183	511
Bra005697	AT5G01070	79.1	5.15e-111	315
Bra005698	AT5G01040	72.2	0	949
Bra005700	AT5G01030	72.7	6.7e-178	513
Bra005701	AT5G02020	65.1	1.21e-52	163
Bra005704	AT5G02040	85.6	8.89e-127	355
Bra005705	AT5G02050	81.7	9.89e-125	355
Bra005707	AT5G02090	68.9	3.83e-26	91.3
Bra005708	AT5G02110	64	1.16e-148	422
Bra005709	AT5G02120	85.6	2.6e-58	174
Bra005710	AT5G02130	85.8	4.19e-247	677
Bra005711	AT5G02140	91.1	3.53e-172	475
Bra005712	AT5G02170	77.8	1.94e-278	764
Bra005719	AT5G02370	78.9	1.62e-302	831
Bra005722	AT5G02410	80.6	1.12e-293	803
Bra005731	AT5G02580	93.4	6.09e-57	169
Bra005733	AT5G03340	96	0	1528
Bra005734	AT5G03330	79.8	7.06e-191	530
Bra005735	AT5G03300	97.4	1.01e-250	680
Bra005737	AT5G03250	91.3	0	1073
Bra005738	AT5G03230	80.3	1.78e-76	225
Bra005739	AT2G20820	82.3	1.72e-29	103
Bra005742	AT5G03140	86.8	0	1191
Bra005744	AT5G03030	91.3	1.59e-69	206
Bra005748	AT5G02880	82.8	0	2171
Bra005751	AT5G02840	81.1	1.15e-154	432
Bra005753	AT3G28410	51.9	2.96e-134	395
Bra005757	AT5G02640	68.3	6e-65	195
Bra005759	AT5G02590	73.4	1.27e-155	437
Bra005765	AT5G03455	91.6	1.22e-95	271
Bra005767	AT5G03520	97.2	4.87e-146	405
Bra005768	AT5G03550	58.4	9.93e-28	99
Bra005769	AT5G03555	85.5	0	971
Bra005771	AT5G03570	82.3	2.18e-270	744
Bra005775	AT5G03630	84.8	1.51e-270	738
Bra005778	AT5G03730	88.9	0	1441
Bra005779	AT5G03760	94.5	0	1014
Bra005780	AT5G03795	82.9	0	884
Bra005783	AT5G03840	95.5	1.25e-124	347
Bra005784	AT3G10090	100	9.19e-40	124
Bra005785	AT2G36180	64.1	4.91e-58	176
Bra005791	AT5G04045	62.5	2.59e-23	85.1
Bra005798	AT5G04280	83.7	3.14e-148	418
Bra005799	AT5G04310	87.9	0	947
Bra005800	AT5G04320	51.3	2e-120	360
Bra005801	AT5G04347	57.3	7.62e-54	166
Bra005802	AT5G04370	83.2	8e-220	611
Bra005805	AT5G04420	84.8	1.8e-306	835
Bra005809	AT5G04490	82.1	1.5e-175	487
Bra005810	AT5G04520	90.4	9.81e-197	539
Bra005811	AT5G04660	86.9	0	882
Bra005812	AT5G04670	66.7	0	923
Bra005814	AT5G04700	89	0	1161
Bra005815	AT5G04730	59.9	7.61e-227	642
Bra005816	AT5G04740	85.7	1.44e-175	486
Bra005817	AT5G04750	64.9	1.32e-26	93.2
Bra005818	AT5G04760	89.8	8.91e-136	379
Bra005819	AT5G04770	93	0	1044
Bra005820	AT2G05220	90	3.93e-77	224
Bra005821	AT5G04780	82.2	0	970
Bra005825	AT5G04885	88.9	0	1213
Bra005826	AT5G04890	68	2.62e-99	298
Bra005827	AT5G04900	90.2	3.87e-222	608
Bra005828	AT5G04930	92.1	0	2060
Bra005830	AT2G25295	67.5	2.15e-36	117
Bra005831	AT5G04950	93.1	1.27e-220	602
Bra005832	AT5G04960	79.8	0	889
Bra005833	AT5G04970	84.8	0	1001
Bra005836	AT5G05080	84.5	3.83e-143	403
Bra005838	AT5G05100	74.3	3.37e-161	452
Bra005839	AT5G05110	81	1.14e-128	362
Bra005843	AT3G44970	70.9	1.01e-270	743
Bra005844	AT5G05150	73.2	5.86e-194	539
Bra005848	AT5G05200	86	0	905
Bra005849	AT5G05210	74.2	2.78e-165	466
Bra005851	AT5G05370	91.7	7.56e-47	142
Bra005852	AT5G05410	67.3	7.37e-142	404
Bra005854	AT5G05460	83.1	0	1187
Bra005855	AT5G05480	77.6	0	894
Bra005857	AT5G05560	85.1	0	3043
Bra005859	AT5G05530	71.2	5.3e-49	154
Bra005862	AT5G05670	92.7	1.49e-173	478
Bra005863	AT5G05690	80.5	1.38e-268	736
Bra005865	AT5G05740	81.6	1.38e-311	851
Bra005866	AT5G05760	86.5	9.99e-188	520
Bra005867	AT5G05780	99	4.23e-213	582
Bra005872	AT5G05987	93.3	2.42e-140	390
Bra005874	AT5G06070	76.5	1.12e-119	338
Bra005876	AT5G43690	72.8	3.98e-173	483
Bra005881	AT2G47990	79.4	1.38e-294	807
Bra005884	AT5G06220	78.7	0	1318
Bra005886	AT5G06250	69.6	8.36e-118	338
Bra005890	AT5G06280	68.2	5.69e-53	164
Bra005893	AT5G06370	92.7	4.66e-179	492
Bra005895	AT5G06410	71.7	8.58e-124	352
Bra005897	AT5G06450	82.4	2.89e-115	326
Bra005898	AT5G06470	79.8	1.96e-140	393
Bra005900	AT5G06600	95.1	0	2150
Bra005901	AT5G06610	85.7	5.52e-230	630
Bra005907	AT5G06710	76.5	8.95e-156	439
Bra005911	AT5G06760	79.4	1.02e-59	182
Bra005913	AT5G06820	80.9	0	997
Bra005914	AT5G06839	81.7	1.53e-248	683
Bra005915	AT5G06850	95.1	0	1543
Bra005920	AT5G06920	77.7	2.81e-178	498
Bra005924	AT5G07110	87.1	6.34e-124	349
Bra005928	AT5G07210	54.3	4.11e-249	704
Bra005932	AT5G07310	78.6	8.57e-131	370
Bra005934	AT5G07430	89.5	2.22e-253	688
Bra005941	AT5G07475	81	1.73e-107	305
Bra005942	AT5G07490	86.7	5.56e-92	263
Bra005943	AT5G07530	67.3	2.56e-33	126
Bra005945	AT5G07550	70.9	5.3e-28	96.7
Bra005946	AT5G07572	62.5	1.68e-22	83.6
Bra005947	AT5G07610	64.4	5.9e-183	515
Bra005949	AT5G07690	71.1	2.45e-155	438
Bra005951	AT5G07730	58.7	1.4e-76	232
Bra005954	AT5G07810	79.3	0	1855
Bra005959	AT5G07890	77	2.19e-182	512
Bra005964	AT5G08050	85.4	1.3e-52	164
Bra005965	AT5G08060	82.3	5.85e-78	226
Bra005967	AT5G08070	67.8	1.41e-91	269
Bra005968	AT5G08080	91.1	5.3e-187	516
Bra005973	AT5G08160	95.1	4.09e-246	669
Bra005974	AT5G08170	88.3	6.28e-267	724
Bra005977	AT5G08200	80.9	1.12e-220	609
Bra005979	AT5G08260	84.8	3.02e-311	845
Bra005983	AT5G08305	80.7	1.34e-224	630
Bra005985	AT5G08335	84.8	4.68e-123	345
Bra005986	AT5G08340	82.1	5.01e-214	589
Bra005987	AT5G08350	79.3	8.87e-119	335
Bra005989	AT5G08391	95.6	4.9e-42	130
Bra005990	AT5G08390	85.2	0	945
Bra005994	AT5G08450	67.6	0	978
Bra005995	AT5G08480	83.5	2.08e-94	271
Bra005996	AT5G08490	81.2	0	1301
Bra006009	AT5G08580	85.5	1.65e-229	630
Bra006010	AT5G08590	91	8.45e-220	603
Bra006013	AT5G08690	96	0	1020
Bra006017	AT5G09300	85.8	1.42e-295	804
Bra006018	AT5G09310	82.8	2.16e-82	238
Bra006020	AT5G09400	90.6	0	1498
Bra006021	AT5G09430	96.1	8.04e-224	609
Bra006022	AT5G09470	90.5	7.37e-212	581
Bra006028	AT5G09630	50.3	1.21e-119	351
Bra006029	AT5G09650	91.7	2.71e-204	559
Bra006031	AT5G09760	88.2	0	945
Bra006034	AT5G09820	86.7	5.02e-157	437
Bra006035	AT5G09850	77	1.01e-165	465
Bra006036	AT5G09870	91.7	0	2007
Bra006037	AT5G09876	72.1	1.51e-30	103
Bra006039	AT5G09920	97.1	1.36e-91	261
Bra006040	AT5G09940	56.2	1.54e-64	198
Bra006041	AT5G09980	65.4	6.96e-26	90.9
Bra006044	AT5G10050	92.1	4.46e-187	514
Bra006045	AT5G10060	81.3	1.67e-246	680
Bra006053	AT5G10240	91	0	1092
Bra006054	AT5G10260	91.3	9.08e-135	375
Bra006056	AT5G10360	96	6.28e-165	455
Bra006057	AT5G10370	80.2	0	2836
Bra006059	AT5G44050	79.3	3.97e-284	777
Bra006062	AT5G10480	86.3	1.36e-143	400
Bra006066	AT5G10530	83.8	0	1103
Bra006068	AT5G10550	72.1	4.86e-211	598
Bra006071	AT5G10660	56.7	7.59e-81	255
Bra006072	AT5G10700	82.3	8e-101	288
Bra006073	AT5G10710	78.6	2.9e-171	479
Bra006076	AT5G10745	96.1	5.5e-31	101
Bra006077	AT5G10750	92.7	1.92e-204	560
Bra006078	AT5G10780	96.4	8.09e-115	323
Bra006081	AT5G01960	83	8.63e-245	672
Bra006085	AT5G11060	93.4	8.62e-196	545
Bra006090	AT5G11110	87.9	0	1769
Bra006096	AT5G11410	63.6	5.95e-145	412
Bra006097	AT5G11470	62.3	5.45e-228	651
Bra006100	AT5G11490	92.4	0	1496
Bra006101	AT5G11500	97.2	2.51e-145	403
Bra006103	AT5G11520	91.8	6.56e-305	826
Bra006107	AT5G11670	95.9	0	1121
Bra006108	AT5G11680	95.2	1.59e-144	400
Bra006111	AT5G11720	84.5	0	1570
Bra006115	AT5G11740	82.8	5.43e-09	46.6
Bra006116	AT4G11630	81.2	5.85e-112	320
Bra006118	AT5G11790	95.3	1.67e-244	664
Bra006119	AT5G11810	81.7	2.59e-177	491
Bra006121	AT5G11840	89.8	3.49e-170	470
Bra006122	AT5G11850	88	0	1529
Bra006123	AT5G11860	91.7	2.5e-199	547
Bra006135	AT5G11970	85	6.58e-61	181
Bra006138	AT5G12040	93.3	5.24e-241	657
Bra006143	AT5G12190	94.4	2.28e-81	234
Bra006147	AT5G12220	73.8	1.28e-300	829
Bra006149	AT5G12235	74.8	1.57e-32	108
Bra006150	AT5G12240	70.2	1.59e-45	142
Bra006159	AT5G12410	75.7	8.68e-183	510
Bra006164	AT5G12470	85	6.01e-204	565
Bra006166	AT5G12870	81.9	6.67e-164	455
Bra006168	AT5G12920	73.5	1.93e-255	706
Bra006169	AT5G12930	69.8	3.07e-185	523
Bra006170	AT4G11402	66.2	6.95e-21	77
Bra006171	AT5G12950	85.5	0	1483
Bra006172	AT5G12970	95.4	0	1499
Bra006173	AT5G12980	78.1	5.18e-169	470
Bra006177	AT2G14830	63.6	3.61e-148	422
Bra006180	AT5G13100	87.7	1.07e-223	613
Bra006181	AT5G13110	93.8	0	1104
Bra006182	AT5G13120	87.7	9.36e-160	443
Bra006183	AT5G13150	82.2	0	946
Bra006195	AT5G13330	77.8	1.61e-91	268
Bra006196	AT5G13370	79.3	0	989
Bra006199	AT5G13440	94.5	1.57e-191	525
Bra006201	AT5G13460	79.4	1.58e-233	645
Bra006202	AT5G13480	84.5	5.17e-216	618
Bra006203	AT5G13490	87.2	2.17e-238	652
Bra006204	AT5G13500	93.3	5.22e-254	689
Bra006205	AT5G13530	92.3	0	3069
Bra006208	AT5G13630	94.2	0	2568
Bra006210	AT5G13700	89	7.36e-308	835
Bra006211	AT5G13710	95.5	2.8e-245	666
Bra006214	AT5G13790	76.6	1.24e-120	345
Bra006215	AT5G13800	82.3	1.83e-291	796
Bra006218	AT5G13820	69.1	2.61e-283	786
Bra006219	AT5G13840	92.6	0	902
Bra006220	AT5G13870	93.2	8.66e-219	595
Bra006222	AT5G13910	79.7	2.66e-99	286
Bra006223	AT5G13920	56.2	1.93e-150	431
Bra006226	AT5G13960	73.5	0	915
Bra006227	AT5G13980	90.2	0	1865
Bra006229	AT5G14000	62	2.58e-103	298
Bra006232	AT5G14020	83.5	2.32e-245	673
Bra006234	AT5G14040	91.6	1.74e-249	680
Bra006235	AT5G14060	92.8	0	964
Bra006237	AT5G14090	74.7	4.39e-177	494
Bra006239	AT5G14120	86	0	985
Bra006240	AT5G14140	88.5	1.39e-165	458
Bra006241	AT5G14150	85.3	1.86e-236	647
Bra006242	AT5G14170	81.8	1.1e-291	798
Bra006245	AT5G14240	92.6	7.37e-172	473
Bra006247	AT5G14310	90	2.93e-288	783
Bra006248	AT5G14320	95.9	5.35e-113	317
Bra006251	AT5G14360	83.4	1.24e-90	260
Bra006253	AT5G14420	86.4	1.21e-282	771
Bra006254	AT5G14430	90.7	0	1145
Bra006255	AT5G14440	80.2	4.12e-110	319
Bra006258	AT5G14500	84.6	1.77e-206	566
Bra006259	AT5G14510	83.8	1.78e-140	400
Bra006260	AT5G14520	90	0	1008
Bra006261	AT5G14580	81.4	0	1531
Bra006262	AT5G14590	89.4	1.15e-315	856
Bra006263	AT5G14640	95.6	5.25e-295	798
Bra006264	AT5G14710	93.5	9.28e-81	232
Bra006276	AT5G15020	82.1	0	2105
Bra006277	AT5G15070	92.2	0	1955
Bra006278	AT5G15080	91.7	3.67e-301	821
Bra006279	AT5G15110	86.7	2.43e-314	852
Bra006280	AT5G15120	78.5	1.18e-167	466
Bra006287	AT5G15170	87.6	0	1085
Bra006289	AT5G15200	97.5	6.24e-135	375
Bra006290	AT5G15220	91.6	1.41e-101	287
Bra006293	AT5G15265	68.4	6.76e-24	84.7
Bra006294	AT5G15270	82.2	3.96e-297	817
Bra006297	AT5G15350	83.7	9.04e-106	299
Bra006298	AT5G15430	59.3	1.54e-142	416
Bra006299	AT5G15440	93.2	9.77e-215	585
Bra006300	AT5G15460	86	8.3e-60	179
Bra006301	AT5G15470	93.8	0	1026
Bra006303	AT5G15490	97.9	0	945
Bra006304	AT5G15500	72.9	1.26e-202	568
Bra006305	AT5G15530	74.7	2.71e-106	307
Bra006307	AT3G17152	57.3	1.42e-59	182
Bra006314	AT5G15640	94.4	1.6e-220	602
Bra006317	AT5G15710	88.6	7.34e-295	800
Bra006318	AT5G15720	84.4	4.31e-237	647
Bra006319	AT5G15740	93.3	0	981
Bra006320	AT5G15750	88.5	2.3e-118	332
Bra006323	AT5G15810	86.5	0	974
Bra006332	AT5G15880	83.5	3.79e-180	502
Bra006333	AT5G15920	86.7	0	1717
Bra006336	AT5G16010	83	4.36e-157	437
Bra006340	AT5G16130	94.2	1.66e-124	348
Bra006341	AT5G16150	89.5	0	881
Bra006343	AT5G16190	84	0	900
Bra006346	AT5G16270	75.8	0	1413
Bra006350	AT5G16370	90.8	0	1015
Bra006351	AT5G16380	80	5.79e-102	291
Bra006352	AT5G16390	81.2	5.76e-119	343
Bra006353	AT5G16420	90.7	2.46e-132	395
Bra006358	AT5G16500	74.2	3.32e-254	711
Bra006360	AT5G16520	80.3	4.17e-249	703
Bra006364	AT5G16660	83.5	9.63e-81	236
Bra006368	AT5G16760	87.5	8.95e-203	557
Bra006370	AT5G16770	85.3	2.27e-208	572
Bra006371	AT5G16800	84	1.9e-158	441
Bra006372	AT5G16830	83.2	2.36e-123	352
Bra006373	AT5G16840	87.7	1.13e-129	367
Bra006374	AT2G20800	88	0	1012
Bra006375	AT2G20790	85.1	0	1030
Bra006379	AT5G16940	85.9	4.8e-93	264
Bra006380	AT5G16950	81	2.12e-55	166
Bra006392	AT5G17260	75.4	6.69e-266	730
Bra006395	AT5G17310	97	0	909
Bra006397	AT5G17330	95.2	0	965
Bra006406	AT5G17410	84.1	0	1092
Bra006407	AT5G17420	92.9	0	1961
Bra006412	AT5G17540	76.9	7.37e-257	706
Bra006413	AT5G17560	81	7.47e-86	249
Bra006415	AT5G17600	57.8	1.03e-121	353
Bra006416	AT5G17650	72.4	2.25e-08	50.8
Bra006424	AT5G17840	81.6	1.63e-68	204
Bra006425	AT5G17870	85.6	1.54e-59	178
Bra006427	AT4G08580	83.6	6e-208	579
Bra006428	AT5G17910	62	0	1232
Bra006429	AT5G17920	98	0	1467
Bra006430	AT5G18010	87	3.3e-52	157
Bra006443	AT3G03920	86.7	2.48e-73	219
Bra006446	AT5G18230	86.3	0	1388
Bra006455	AT5G18390	90.3	5.55e-126	373
Bra006456	AT5G18400	83.6	7.64e-154	429
Bra006457	AT5G18410	96.7	0	2425
Bra006462	AT5G18480	86	0	919
Bra006463	AT5G18500	92.4	0	881
Bra006464	AT5G18520	91.5	7.19e-284	772
Bra006467	AT5G18600	93.1	4.01e-67	196
Bra006470	AT5G18650	91.4	2.82e-186	511
Bra006482	AT5G18850	83.2	9.93e-50	152
Bra006484	AT5G18920	65.6	2.44e-20	76.3
Bra006488	AT5G18970	90.1	7.49e-107	302
Bra006489	AT5G19000	78.5	4.95e-244	670
Bra006490	AT5G19010	92.8	0	1046
Bra006491	AT5G19030	65.9	3.87e-64	194
Bra006492	AT5G19050	95.4	2e-228	625
Bra006496	AT5G19150	90.8	1.43e-232	636
Bra006499	AT5G42330	64.2	9.48e-70	211
Bra006501	AT5G19340	61.8	6.59e-80	240
Bra006502	AT5G19350	84.9	6.01e-271	738
Bra006503	AT5G19370	84.3	1.04e-169	471
Bra006504	AT5G19420	89	0	1945
Bra006505	AT5G19430	80.9	6.23e-132	372
Bra006506	AT5G19473	62.9	8.66e-32	107
Bra006508	AT5G19520	78.1	0	1095
Bra006511	AT5G19600	87.2	0	1091
Bra006512	AT5G19630	88.1	4.54e-141	393
Bra006513	AT5G19660	87.5	0	1843
Bra006514	AT5G19690	94.6	0	1400
Bra006515	AT5G19750	82.1	3.34e-139	393
Bra006516	AT5G19760	94.3	2.09e-206	564
Bra006519	AT5G19820	94.6	0	2032
Bra006520	AT5G19840	76.7	4.45e-288	791
Bra006522	AT5G19855	81.3	7.02e-119	335
Bra006523	AT5G19875	83.7	4.42e-74	215
Bra006528	AT5G19980	80.3	7.91e-183	508
Bra006530	AT5G20020	97.3	8.52e-165	452
Bra006538	AT5G20080	92.4	9.79e-229	623
Bra006539	AT5G20090	94.6	5.08e-74	214
Bra006540	AT5G20100	79.5	1.2e-52	160
Bra006541	AT5G20110	81.5	5.63e-107	305
Bra006545	AT5G20170	86	0	1071
Bra006546	AT5G20180	82.5	9.07e-60	177
Bra006549	AT5G20240	92.3	1.81e-130	365
Bra006551	AT5G20270	86.7	4.62e-213	583
Bra006554	AT5G20310	74	1.4e-177	499
Bra006556	AT5G11250	66.9	0	1157
Bra006557	AT5G20360	66.9	1.92e-297	831
Bra006558	AT5G20370	52.5	6.87e-44	142
Bra006561	AT5G20490	95.3	0	2515
Bra006563	AT5G20540	87.5	9.46e-235	643
Bra006565	AT5G20570	79.6	4.41e-79	228
Bra006566	AT5G20580	93.7	3.29e-219	601
Bra006570	AT5G20670	91.9	1.23e-91	262
Bra006572	AT5G20720	92.9	1.58e-160	444
Bra006575	AT5G20790	68.9	5.4e-85	248
Bra006576	AT5G20810	80.7	1.01e-97	281
Bra006578	AT5G20830	93.9	0	1531
Bra006579	AT5G20840	88.7	0	1422
Bra006580	AT5G20850	99.1	3.36e-243	661
Bra006585	AT5G20910	89.5	5.54e-192	533
Bra006586	AT5G20935	86.3	3.22e-65	192
Bra006587	AT5G20940	83.5	0	1053
Bra006588	AT5G20970	74	1.7e-118	337
Bra006589	AT5G20980	91.7	0	1460
Bra006590	AT5G20990	90.3	0	1169
Bra006591	AT5G21010	85.9	3.47e-245	672
Bra006592	AT5G21050	81.1	1.66e-198	548
Bra006596	AT5G21900	59.9	5.02e-184	528
Bra006597	AT5G21920	87.1	4.62e-152	423
Bra006602	AT5G21990	84.2	1.93e-249	694
Bra006603	AT5G22000	80.8	5.97e-191	531
Bra006606	AT5G22040	80.4	5.08e-120	344
Bra006607	AT5G22050	89.3	8.4e-204	558
Bra006609	AT5G22070	86	3.14e-235	642
Bra006612	AT5G22120	73.1	2.89e-174	489
Bra006617	AT5G22270	63.7	2.63e-29	100
Bra006622	AT5G22340	82.7	1.77e-166	466
Bra006628	AT5G22480	88.9	0	879
Bra006631	AT5G22670	52.9	2.81e-140	410
Bra006634	AT5G22750	86.5	0	1765
Bra006638	AT5G22791	61.8	5.69e-164	463
Bra006640	AT5G22910	74.5	0	1190
Bra006641	AT5G22920	91.4	4.17e-198	543
Bra006642	AT5G22930	76.8	3.4e-109	313
Bra006645	AT5G22950	94.3	1.71e-99	288
Bra006649	AT5G60720	84.2	0	1071
Bra006650	AT5G60660	92.9	1.31e-190	523
Bra006655	AT5G60530	85.9	2.59e-211	588
Bra006656	AT5G60490	87.6	7.7e-120	343
Bra006657	AT5G60480	69.3	1.09e-86	253
Bra006659	AT5G60460	89.9	2.09e-45	142
Bra006664	AT3G01280	87	2.92e-172	476
Bra006667	AT5G60335	83.1	1.98e-95	273
Bra006668	AT5G60320	81.8	0	1105
Bra006672	AT5G60230	87.2	1.8e-154	429
Bra006673	AT5G60220	84.8	4.81e-174	483
Bra006676	AT5G60190	81.5	5.7e-138	385
Bra006677	AT5G60170	76.3	0	1409
Bra006680	AT5G60070	82.5	1.35e-238	666
Bra006681	AT5G60060	75.5	3.41e-188	524
Bra006682	AT5G60030	51.4	3.39e-25	98.6
Bra006683	AT5G60020	92	0	1092
Bra006688	AT5G59870	92.7	8.08e-87	249
Bra006692	AT5G59820	84.6	2.36e-73	216
Bra006698	AT5G59710	87.8	0	1006
Bra006702	AT5G59613	98.2	1.37e-37	118
Bra006713	AT5G59540	81.1	1.24e-225	619
Bra006716	AT5G59480	89.8	3.62e-183	504
Bra006721	AT5G59320	82.6	4.93e-65	192
Bra006722	AT5G59290	97.7	1.2e-249	678
Bra006723	AT1G35440	65.4	1.31e-114	328
Bra006726	AT5G59050	71.7	8.1e-140	396
Bra006729	AT5G59130	82.9	0	1200
Bra006730	AT5G59140	99	1.06e-66	194
Bra006738	AT5G58950	83.5	1.63e-314	856
Bra006740	AT5G58920	94.4	7.43e-112	314
Bra006741	AT5G58900	87.3	1.41e-183	506
Bra006742	AT5G58880	58	0	976
Bra006743	AT5G58860	91.8	0	968
Bra006744	AT5G58850	75.5	8.16e-222	614
Bra006745	AT5G58787	86.9	4.23e-154	427
Bra006748	AT5G58710	91.2	8.72e-133	370
Bra006749	AT5G58670	83.8	0	984
Bra006752	AT5G58580	78.7	3.68e-66	209
Bra006753	AT5G58575	72.1	1.66e-24	89.4
Bra006759	AT2G05970	55.5	1.21e-146	420
Bra006762	AT5G58520	81.3	0	966
Bra006764	AT5G37060	75.1	0	1304
Bra006765	AT5G18770	52.9	5.11e-137	402
Bra006767	AT5G58430	85.6	0	1049
Bra006774	AT5G58300	85.5	0	905
Bra006777	AT5G58260	83.7	8.34e-134	373
Bra006781	AT5G58150	72.4	1.37e-277	784
Bra006783	AT5G58110	88.2	3.12e-114	323
Bra006787	AT5G58030	99.5	2.26e-130	365
Bra006789	AT5G58003	74.6	2.35e-237	660
Bra006790	AT5G57990	66.8	0	979
Bra006791	AT5G57980	78.1	4.43e-116	328
Bra006792	AT5G57920	86.2	7.14e-76	225
Bra006794	AT5G57860	86	4.01e-52	157
Bra006795	AT5G57850	82.4	4.3e-216	595
Bra006797	AT5G57840	77.9	2.85e-256	702
Bra006803	AT5G57790	58.3	8.36e-53	166
Bra006804	AT5G57785	83.6	7.89e-36	115
Bra006805	AT5G57760	76	1.52e-37	119
Bra006806	AT5G57700	90.1	3.02e-225	616
Bra006807	AT5G57690	91.6	0	909
Bra006808	AT5G57685	81.1	7.46e-82	237
Bra006810	AT5G57625	87.4	2.24e-139	387
Bra006811	AT5G57620	90.7	1.07e-218	598
Bra006812	AT5G57610	81	0	1669
Bra006815	AT5G57520	92.7	1.72e-93	266
Bra006816	AT5G57500	93.1	2.5e-228	621
Bra006817	AT5G57490	88.3	1.69e-170	471
Bra006819	AT5G57460	92.9	0	1108
Bra006820	AT5G57450	78.7	4.5e-167	466
Bra006821	AT5G57410	91.1	2.81e-211	583
Bra006825	AT5G57330	92	1.32e-218	596
Bra006828	AT5G57280	80.3	6.2e-154	436
Bra006829	AT5G57260	82.2	1.12e-299	817
Bra006833	AT5G57100	89.6	6.29e-241	659
Bra006835	AT5G57040	86.4	9.38e-122	342
Bra006836	AT5G57035	87.2	0	1353
Bra006840	AT5G57000	74.3	2.49e-55	172
Bra006844	AT5G56920	57.1	4.9e-82	244
Bra006849	AT5G56880	67.5	1.58e-68	204
Bra006850	AT5G56870	91.7	0	1409
Bra006852	AT5G56850	61.4	7.76e-190	540
Bra006853	AT5G56840	74.3	7.94e-111	316
Bra006858	AT5G56750	90.7	2.12e-197	543
Bra006859	AT5G56740	88.9	2.79e-297	808
Bra006863	AT5G56660	79	1.1e-251	691
Bra006874	AT3G51760	82.9	8.2e-145	405
Bra006875	AT3G51770	88.1	0	1659
Bra006876	AT3G51780	80.4	8.62e-144	403
Bra006877	AT3G51790	89	3.18e-149	416
Bra006879	AT3G51840	88.8	2.77e-288	783
Bra006882	AT3G51895	91.6	0	1186
Bra006884	AT3G51940	55.5	4.99e-162	471
Bra006888	AT3G51970	70.8	3.33e-170	476
Bra006889	AT3G51980	85.2	3.37e-219	603
Bra006890	AT3G51990	89.5	1.43e-221	608
Bra006891	AT3G52040	84.4	2.41e-49	150
Bra006892	AT3G52050	78.5	5.96e-236	650
Bra006894	AT3G52070	70.7	2.1e-47	147
Bra006895	AT3G21640	89.3	2.13e-237	648
Bra006896	AT3G52090	74.3	1.23e-65	195
Bra006897	AT3G52100	76.3	0	1008
Bra006899	AT3G52110	71.8	4.84e-156	441
Bra006900	AT3G52120	82.6	2.12e-245	678
Bra006904	AT3G52150	82.7	6.24e-139	390
Bra006908	AT3G52180	84.2	2.16e-228	625
Bra006909	AT3G52190	91.2	1.01e-272	740
Bra006911	AT3G52210	85.3	2.45e-227	622
Bra006912	AT3G52220	86.3	6.15e-110	315
Bra006913	AT3G52230	64.2	3.7e-47	149
Bra006914	AT3G52240	62.6	3.85e-239	676
Bra006915	AT3G52250	71.3	0	2159
Bra006919	AT3G52360	84.1	1.75e-43	135
Bra006922	AT3G52430	66.8	8.15e-253	702
Bra006923	AT3G52440	81.9	8.34e-147	410
Bra006925	AT3G52450	92.6	1.03e-284	774
Bra006926	AT3G52460	72.4	1.84e-134	382
Bra006928	AT3G52480	75.1	1.54e-104	299
Bra006930	AT3G52540	63.3	4.09e-91	270
Bra006932	AT3G52550	54.4	1.72e-42	139
Bra006933	AT3G52560	86.6	1.01e-103	293
Bra006934	AT3G52570	85.7	2.43e-200	559
Bra006937	AT3G52610	80.4	1.71e-235	649
Bra006938	AT3G52660	77.3	5.63e-213	592
Bra006941	AT3G52710	74.4	7.1e-125	357
Bra006942	AT3G52720	82.3	5.47e-173	479
Bra006943	AT3G52740	82.9	1.11e-70	208
Bra006945	AT3G52750	87.2	2.65e-276	755
Bra006947	AT5G24240	84.3	0	964
Bra006948	AT3G52780	81.3	2.02e-273	744
Bra006949	AT3G52800	72.9	3.97e-85	247
Bra006951	AT3G52820	90.1	4.32e-305	826
Bra006953	AT3G52860	83.3	1.41e-65	196
Bra006954	AT3G52880	86.9	3.69e-283	771
Bra006956	AT3G52910	84.3	6.1e-180	504
Bra006959	AT3G52920	83.7	9.36e-81	236
Bra006964	AT5G44400	77.7	9.91e-309	843
Bra006966	AT3G53000	85.8	9.72e-197	540
Bra006967	AT3G53010	82.6	4.88e-166	461
Bra006970	AT3G53030	83.4	2.52e-302	830
Bra006973	AT3G53160	83.8	6.99e-297	809
Bra006974	AT3G53170	74.6	1.15e-139	411
Bra006975	AT3G53180	85.6	0	1454
Bra006977	AT3G53200	77.1	7.53e-135	379
Bra006980	AT3G53232	67.3	1.19e-21	78.2
Bra006981	AT3G53235	71.9	1.04e-25	91.3
Bra006984	AT3G53250	85.9	1.65e-80	233
Bra006988	AT3G53300	77.9	2.22e-286	783
Bra006990	AT3G53320	66.5	5.57e-206	583
Bra006991	AT3G53340	86.6	6.64e-95	272
Bra006992	AT3G53350	66.1	1.46e-151	433
Bra006993	AT3G53360	79.6	0	1241
Bra006997	AT3G53420	94.1	1.98e-196	538
Bra006999	AT3G53440	78	5.53e-107	317
Bra007002	AT3G53460	72.6	2.14e-139	398
Bra007003	AT3G53470	78.8	6.01e-66	196
Bra007004	AT3G53500	89.2	1.11e-130	372
Bra007008	AT3G53530	76.8	7.19e-124	352
Bra007013	AT3G53580	89.9	3.09e-243	663
Bra007015	AT3G53590	81.7	0	929
Bra007016	AT3G53620	93.1	7.53e-150	414
Bra007017	AT3G53630	84.2	1.48e-106	304
Bra007018	AT3G53650	93.4	1.48e-70	207
Bra007019	AT3G53670	71.4	4.19e-63	194
Bra007026	AT3G53760	93.6	0	1270
Bra007027	AT3G53800	91.2	3.91e-209	577
Bra007030	AT3G53840	81.1	0	1041
Bra007032	AT3G53880	90.2	1.12e-215	589
Bra007034	AT3G53900	85.9	1.87e-179	496
Bra007039	AT3G54000	50.4	6.17e-77	239
Bra007041	AT3G54050	91.6	3.4e-264	720
Bra007043	AT3G54080	62.6	1.38e-131	379
Bra007044	AT3G54090	93.7	4.63e-268	731
Bra007045	AT3G54100	82.6	0	999
Bra007046	AT3G54110	94.1	2.74e-210	575
Bra007047	AT3G54120	79.8	8.26e-109	310
Bra007048	AT4G13460	73.3	0	919
Bra007049	AT3G54130	85	2.19e-168	467
Bra007052	AT3G54170	84.2	1.69e-132	380
Bra007056	AT3G54220	98.7	1.26e-226	630
Bra007057	AT3G54230	77.2	0	1298
Bra007060	AT3G54270	82.1	2.23e-267	729
Bra007061	AT3G54280	90.1	0	3570
Bra007062	AT3G54290	76.4	6.39e-191	530
Bra007065	AT3G54310	74.5	2.35e-190	529
Bra007066	AT3G54320	79.7	2.9e-195	546
Bra007067	AT3G54340	94.8	9.73e-156	431
Bra007068	AT3G54360	86.3	3.29e-216	598
Bra007069	AT3G54390	77.5	1.5e-150	424
Bra007071	AT3G54420	91.9	3.57e-192	526
Bra007072	AT3G54430	72.2	1.94e-92	271
Bra007073	AT3G54450	85.6	0	941
Bra007076	AT3G54510	88.2	0	1232
Bra007077	AT3G54520	61.4	7.47e-35	123
Bra007078	AT2G19610	65.4	9.44e-175	493
Bra007079	AT3G54540	84.3	0	1118
Bra007083	AT3G54620	69.9	8.82e-162	459
Bra007084	AT3G54630	68.2	1.86e-231	650
Bra007085	AT3G54640	91.7	1.22e-200	551
Bra007086	AT3G54650	83.7	0	925
Bra007087	AT3G54660	90.8	0	988
Bra007088	AT3G54670	83.3	0	1581
Bra007091	AT3G54720	87.1	0	1230
Bra007093	AT3G54740	74.7	7.88e-208	578
Bra007094	AT3G54750	81.5	0	923
Bra007096	AT3G54770	84.7	3.6e-135	381
Bra007099	AT3G54810	83.1	4.13e-184	510
Bra007100	AT3G54820	94.8	4.91e-201	550
Bra007102	AT2G26110	65.6	6.17e-108	314
Bra007105	AT3G54850	87.7	2.89e-298	825
Bra007106	AT3G54860	90.3	0	1064
Bra007107	AT3G54870	80.1	0	1407
Bra007108	AT3G54880	88.4	9.73e-68	198
Bra007114	AT4G10400	59.5	5.35e-153	438
Bra007116	AT3G54920	82.1	1.52e-275	756
Bra007117	AT3G54930	89.1	1.11002e-319	867
Bra007118	AT3G54940	84.5	3.28e-239	653
Bra007119	AT3G54950	86	3.85e-302	823
Bra007120	AT3G54960	86.4	0	946
Bra007121	AT3G54970	81.2	1.4e-201	556
Bra007122	AT3G54980	71.5	6.83e-155	474
Bra007123	AT3G54990	79.4	6.22e-171	478
Bra007127	AT3G55020	81.9	0	1214
Bra007130	AT3G55040	76.8	7.53e-154	431
Bra007131	AT3G55050	88.1	3.14e-254	692
Bra007140	AT3G55080	73.2	5.2e-232	642
Bra007141	AT3G55110	84.1	0	1154
Bra007142	AT3G55120	81.5	1.98e-138	388
Bra007148	AT3G55180	86.9	8.51e-191	525
Bra007149	AT3G55240	97.9	2.42e-58	173
Bra007150	AT3G55250	86	2.19e-165	459
Bra007152	AT3G55340	61.8	4.09e-234	661
Bra007153	AT3G55350	88.1	3.91e-235	646
Bra007154	AT3G55360	96.5	2.94e-230	625
Bra007158	AT3G55390	95.3	8.21e-131	364
Bra007159	AT3G55400	90	0	1048
Bra007164	AT3G55450	87.2	1.31e-230	634
Bra007166	AT3G55470	87.2	5.9e-99	281
Bra007167	AT3G55480	77.4	0	1597
Bra007170	AT3G55500	91.2	2.61e-183	503
Bra007171	AT3G55510	73.3	3.05e-308	848
Bra007173	AT3G55520	92.7	1.4e-100	288
Bra007174	AT3G55530	92.5	3.16e-169	468
Bra007177	AT3G55580	85	6.67e-307	834
Bra007178	AT3G55600	86.3	2.52e-127	359
Bra007179	AT3G55610	93.6	0	1320
Bra007180	AT3G55620	96.3	3.69e-171	471
Bra007181	AT3G55640	86	8.53e-213	584
Bra007183	AT3G55660	85.4	0	927
Bra007184	AT3G55700	77.3	6.74e-263	720
Bra007185	AT3G55720	88.6	2.73e-285	775
Bra007186	AT3G55730	69.9	3.96e-187	523
Bra007190	AT3G55780	87.6	1.35e-233	640
Bra007191	AT3G55790	59.8	2.45e-19	75.9
Bra007192	AT3G55800	95.4	8.68e-274	743
Bra007193	AT3G55820	71.5	7.36e-88	256
Bra007194	AT3G55830	89.5	2.99e-225	615
Bra007195	AT3G55840	84.2	1.89e-255	699
Bra007198	AT3G55880	88.4	2.68e-123	347
Bra007199	AT3G55890	76.5	8.61e-65	192
Bra007200	AT3G55920	91.7	2.85e-145	404
Bra007201	AT3G55940	82.2	0	964
Bra007202	AT3G55950	93.5	6.89e-224	630
Bra007203	AT3G55960	87	1.53e-185	511
Bra007205	AT3G55980	81.8	7.68e-319	874
Bra007207	AT3G56000	86.7	0	914
Bra007209	AT3G56030	77.7	1.57e-155	439
Bra007210	AT3G56040	87.1	0	1536
Bra007211	AT3G56050	79.7	9.64e-277	759
Bra007213	AT3G56060	82.1	0	924
Bra007214	AT3G56070	90.9	2.26e-119	334
Bra007215	AT3G56090	86.9	1.56e-148	414
Bra007217	AT3G56120	77.2	4.04e-259	710
Bra007218	AT3G56130	78.9	2.04e-137	388
Bra007219	AT5G51350	70	1.14e-32	127
Bra007220	AT3G56150	85.8	0	1358
Bra007221	AT3G56160	78.3	1.17e-232	642
Bra007222	AT3G56170	79.9	1.48e-182	506
Bra007223	AT3G56180	90.9	8.86e-142	393
Bra007225	AT3G56200	88.8	1.47e-263	720
Bra007227	AT3G56210	79.3	2.92e-93	270
Bra007229	AT3G56230	89	7.8e-178	491
Bra007230	AT3G56240	98.7	5.92e-49	151
Bra007232	AT3G56260	56.9	4.18e-52	166
Bra007233	AT3G56270	64.9	1.32e-166	477
Bra007234	AT3G56290	86.3	5.91e-106	300
Bra007235	AT3G56310	92.7	2.93e-299	810
Bra007236	AT3G56320	77.3	4.86e-308	846
Bra007237	AT3G56330	90.5	2.71e-231	634
Bra007238	AT3G56340	96.1	6.7e-87	248
Bra007239	AT3G56350	91.2	1.18e-150	418
Bra007241	AT3G56370	92.2	5.92e-309	878
Bra007242	AT3G56380	78.1	6.83e-83	241
Bra007245	AT3G56420	79.9	7.99e-79	229
Bra007250	AT3G56510	76.7	6.78e-134	377
Bra007251	AT3G56550	81.5	0	937
Bra007252	AT3G56570	73.3	5.02e-244	677
Bra007253	AT3G56580	77.8	5.21e-148	418
Bra007255	AT3G56600	78.5	2.03e-263	747
Bra007259	AT3G56630	83	4.93e-300	818
Bra007260	AT3G56640	94.1	0	1365
Bra007262	AT3G56690	77.6	0	1458
Bra007263	AT3G56700	75.2	1.14e-294	809
Bra007265	AT3G56710	74.5	3.9e-67	200
Bra007266	AT3G56720	55.6	4.68e-86	268
Bra007267	AT3G56740	92.2	7.23e-187	514
Bra007268	AT3G56750	91.6	2.4e-276	750
Bra007270	AT3G56810	72.6	5.25e-151	427
Bra007271	AT3G56820	77.3	1.52e-121	343
Bra007273	AT3G56840	87.4	1.88e-278	759
Bra007274	AT3G56850	85.3	1.55e-162	452
Bra007277	AT3G56860	81.8	9.3e-204	571
Bra007278	AT3G56870	55.7	1.51e-236	677
Bra007279	AT3G56880	70.6	1.28e-102	296
Bra007280	AT3G56891	75.9	2.52e-87	252
Bra007281	AT3G56900	85.7	4.51e-286	778
Bra007282	AT3G56910	78	3.78e-58	177
Bra007291	AT3G56990	82.7	0	1105
Bra007292	AT3G57000	73.2	1.94e-129	369
Bra007294	AT3G57030	84.9	4.97e-236	645
Bra007298	AT3G57062	93.8	5.57e-30	100
Bra007299	AT3G57070	76.2	5.35e-205	570
Bra007300	AT3G57080	83.8	3.98e-118	335
Bra007301	AT3G57090	86.5	2.22e-101	288
Bra007303	AT3G57120	84.1	3.3e-231	639
Bra007306	AT3G57130	89.3	1.1e-287	784
Bra007308	AT3G57170	81.5	1.82e-301	832
Bra007310	AT3G57190	83.3	2.62e-232	639
Bra007311	AT3G57200	78.6	1.24e-271	746
Bra007312	AT3G57220	91.8	3.14e-278	756
Bra007315	AT3G57260	73.7	2.58e-166	466
Bra007316	AT3G57280	82.8	5.24e-125	352
Bra007318	AT3G57300	81.4	0	2379
Bra007320	AT3G57340	73.7	7.58e-182	508
Bra007321	AT3G57350	86.9	0	1462
Bra007322	AT3G57360	83.2	4.98e-153	426
Bra007323	AT3G57380	75.8	6.54e-272	747
Bra007324	AT3G57390	81.3	2.12e-127	361
Bra007325	AT3G57400	71.3	5.58e-206	577
Bra007326	AT3G57410	89.5	0	1650
Bra007327	AT3G57430	86.2	0	1513
Bra007329	AT3G57470	82.2	0	1598
Bra007331	AT3G57500	84.7	6.88e-57	172
Bra007333	AT3G57520	92.2	0	1463
Bra007335	AT3G57540	77.4	1.86e-89	268
Bra007336	AT3G57550	90.3	1.21e-252	689
Bra007337	AT3G57560	91	4.39e-213	585
Bra007340	AT3G57570	83.9	0	1776
Bra007341	AT3G57600	75.4	2.65e-139	392
Bra007342	AT3G57610	92.2	0	910
Bra007343	AT3G57630	91.4	0	1583
Bra007344	AT3G57650	93.8	2.88e-268	728
Bra007345	AT3G57660	79.2	0	2471
Bra007348	AT3G57680	83	5.32e-298	813
Bra007357	AT3G57740	74.2	4.35e-184	513
Bra007358	AT3G57800	64.3	5.59e-159	452
Bra007360	AT3G57810	57.5	1.22e-102	300
Bra007362	AT3G57860	67.5	7.09e-102	295
Bra007367	AT3G57940	90.7	0	1787
Bra007369	AT3G57950	84	3.27e-94	270
Bra007371	AT3G57980	60.9	6.3e-144	430
Bra007373	AT3G58000	82.3	2.53e-95	273
Bra007378	AT3G58070	66.7	1.62e-104	303
Bra007382	AT3G58140	91.6	4.65e-292	792
Bra007383	AT3G58170	97.4	7.51e-75	218
Bra007384	AT3G58180	87.4	2.38e-144	407
Bra007385	AT3G58190	81	6.04e-122	344
Bra007388	AT3G58370	57	1.11e-112	327
Bra007394	AT3G58460	91.2	4.06e-252	690
Bra007395	AT3G58470	85	1.13e-150	419
Bra007398	AT3G58500	98.7	3.35e-242	656
Bra007400	AT3G58520	92.4	9.34e-279	757
Bra007401	AT3G58530	51.7	1.82e-100	296
Bra007405	AT3G58620	80	0	961
Bra007406	AT3G57590	56.9	8.66e-152	434
Bra007407	AT3G58630	78.9	1.1e-133	381
Bra007408	AT3G58640	91.5	0	1448
Bra007412	AT3G58690	89	1.06e-249	682
Bra007415	AT3G58730	92.7	6.12e-162	449
Bra007417	AT3G58750	92.2	0	921
Bra007420	AT3G58790	85.6	0	914
Bra007421	AT3G58800	71.4	5.5e-182	506
Bra007423	AT3G58970	82.4	1.49e-241	664
Bra007425	AT3G59010	85.3	3.01e-311	848
Bra007430	AT3G59060	77	2.14e-195	548
Bra007431	AT3G59070	76.3	3.98e-228	632
Bra007432	AT3G59090	80.6	5.98e-184	513
Bra007434	AT3G59140	89.5	0	2516
Bra007447	AT3G59410	87.1	0	2137
Bra007448	AT3G59420	85.9	0	1539
Bra007449	AT3G59430	57.1	2.28e-136	394
Bra007452	AT3G59480	95.1	7.37e-223	608
Bra007456	AT3G59520	92	6.26e-129	363
Bra007459	AT3G59550	66.8	9.38e-295	820
Bra007460	AT3G59570	75.7	0	980
Bra007463	AT3G59600	93.2	4.29e-101	285
Bra007464	AT3G59630	87.5	2.68e-312	848
Bra007470	AT3G59680	77.9	4.89e-111	317
Bra007471	AT3G59690	81.2	5.67e-260	717
Bra007472	AT3G59710	80	2e-164	459
Bra007478	AT3G59810	91.1	1.83e-54	163
Bra007479	AT3G59820	85.2	0	1073
Bra007481	AT3G59840	90.7	1.42e-61	181
Bra007482	AT3G59845	75.9	2.23e-206	568
Bra007483	AT3G59850	90.2	9.12e-259	706
Bra007485	AT3G59880	78.4	1.76e-65	194
Bra007487	AT3G60040	51.1	1.11e-47	166
Bra007492	AT3G59910	87.9	0	1041
Bra007494	AT3G59940	79	1.34e-235	648
Bra007496	AT3G59960	70.4	1.56e-160	451
Bra007498	AT3G59980	79.2	1.88e-138	390
Bra007504	AT3G60080	79.7	4.7e-142	401
Bra007505	AT3G60090	84.7	5.78e-90	258
Bra007506	AT3G60110	61.5	3.15e-158	467
Bra007508	AT3G60130	85.6	0	931
Bra007511	AT3G60966	65.7	1.77e-58	177
Bra007512	AT3G60180	78.4	2.37e-109	311
Bra007514	AT3G60200	65.6	1.24e-116	336
Bra007515	AT3G60220	73	3.04e-141	401
Bra007521	AT3G60260	91.1	7.41e-178	489
Bra007524	AT3G60330	94.7	0	1776
Bra007530	AT3G60390	80	2.38e-131	375
Bra007534	AT3G60400	71.6	1.25e-274	770
Bra007538	AT3G60480	78.5	4.44e-60	179
Bra007539	AT3G60490	70.8	3.53e-110	317
Bra007540	AT3G60500	84.7	1.62e-259	710
Bra007544	AT3G60550	92.7	7.61e-146	405
Bra007545	AT3G60580	66.3	4.07e-110	320
Bra007546	AT3G60590	77.6	1.1e-170	479
Bra007548	AT3G60620	79.8	9.95e-231	635
Bra007549	AT3G60660	71.8	1.4e-157	441
Bra007551	AT3G60680	75.4	6.62e-247	682
Bra007553	AT3G60720	90	4.63e-168	466
Bra007554	AT3G60730	85.2	1.62e-308	841
Bra007557	AT3G60780	81.7	4.68e-129	362
Bra007564	AT3G60810	87.4	4.61e-134	374
Bra007565	AT3G60820	95.1	1.34e-153	424
Bra007567	AT3G60850	76.5	0	955
Bra007569	AT3G60900	84.4	1.23e-221	613
Bra007571	AT3G61040	76.4	2.67e-270	743
Bra007572	AT3G61110	96.4	8.18e-59	174
Bra007573	AT3G61130	89.1	0	1195
Bra007574	AT1G23520	55.8	1.52e-91	271
Bra007578	AT3G61170	75.5	0	1056
Bra007579	AT3G61172	75.7	2.72e-41	129
Bra007580	AT3G61180	82.3	4.22e-209	577
Bra007581	AT3G61190	71.9	3.15e-92	266
Bra007584	AT3G61210	79.7	2.65e-156	434
Bra007585	AT3G61220	82.1	2.6e-174	484
Bra007587	AT3G61240	89.6	1.04e-314	854
Bra007593	AT3G61280	79.8	0	891
Bra007594	AT3G61300	78.3	0	1532
Bra007595	AT3G61310	70.6	9.64e-160	450
Bra007597	AT3G61360	80.8	2.62e-281	770
Bra007598	AT3G61370	74.2	1.37e-45	144
Bra007599	AT3G61380	66.7	1.13e-298	829
Bra007600	AT3G61390	65.4	6.98e-183	516
Bra007602	AT3G61415	83.7	9.15e-195	541
Bra007606	AT3G61460	91.9	2.2e-120	336
Bra007607	AT3G61400	75.7	1.04e-204	566
Bra007608	AT5G28350	89.5	0	1984
Bra007609	AT3G61490	90.3	0	889
Bra007611	AT3G61510	85.3	2.98e-300	817
Bra007613	AT3G61550	73	2.29e-81	241
Bra007614	AT3G61570	78.8	2.08e-314	872
Bra007617	AT1G45063	65	2.41e-123	356
Bra007620	AT3G61620	95.9	3.5e-160	442
Bra007622	AT3G61650	98.3	0	926
Bra007624	AT3G61660	72	1.2e-66	198
Bra007625	AT3G61670	72.5	0	1008
Bra007629	AT2G25410	53.1	7.53e-160	456
Bra007634	AT3G61870	81.4	5.67e-157	437
Bra007636	AT3G61880	91	0	955
Bra007637	AT3G61890	81.9	2.3e-101	293
Bra007639	AT3G61900	79.4	2.48e-52	160
Bra007640	AT3G61910	80.5	5.77e-198	545
Bra007641	AT3G61920	81	3.13e-105	299
Bra007642	AT3G61930	62.5	5.65e-41	130
Bra007644	AT3G61950	65.3	1.72e-113	330
Bra007646	AT3G61970	83.9	8.68e-156	436
Bra007647	AT3G61980	80.5	3.44e-64	190
Bra007649	AT3G62000	88.7	4.44e-167	466
Bra007651	AT3G62010	94.3	0	2335
Bra007652	AT3G62020	95	6.63e-148	410
Bra007653	AT3G62050	54.5	4.3e-50	157
Bra007655	AT3G62030	89.7	1.02e-162	452
Bra007656	AT3G62040	93.4	6.32e-146	405
Bra007658	AT3G62070	65.4	6.91e-91	267
Bra007659	AT3G62080	84.4	5.05e-247	679
Bra007660	AT3G62090	67.1	3.09e-135	392
Bra007663	AT3G62120	95.9	0	980
Bra007667	AT3G62190	88.6	6.71e-54	163
Bra007668	AT3G62200	69.7	6.03e-315	869
Bra007669	AT3G62260	78.4	1.06e-207	574
Bra007670	AT3G62300	54.3	1.74e-239	680
Bra007673	AT3G62330	78.3	1.14e-252	697
Bra007674	AT3G62340	58.6	2.25e-102	300
Bra007675	AT3G62360	86.3	0	2097
Bra007676	AT3G62390	82.9	1.92e-292	796
Bra007679	AT3G62420	88.4	6.94e-83	239
Bra007681	AT3G62450	64.6	7.78e-36	116
Bra007682	AT3G62470	82.3	1.02e-175	511
Bra007683	AT3G62550	92.6	2.79e-105	297
Bra007684	AT3G62570	76	4.39e-300	823
Bra007685	AT3G62580	91.5	3.06e-145	402
Bra007686	AT3G62590	83.9	0	922
Bra007687	AT3G62600	95.4	1.64e-220	604
Bra007689	AT3G62630	76.1	5.31e-182	509
Bra007690	AT3G62640	69.6	2.78e-51	157
Bra007694	AT3G62690	84.5	7.07e-136	389
Bra007695	AT3G62700	90	0	2637
Bra007696	AT3G62720	93	0	905
Bra007697	AT3G62730	87.1	2.43e-199	548
Bra007699	AT4G27830	78.4	3.66e-305	832
Bra007701	AT3G62790	97.6	8.7e-60	176
Bra007702	AT3G62800	58.5	5.94e-122	354
Bra007704	AT3G62820	81.6	1.08e-100	288
Bra007707	AT3G62860	84.1	1.79e-202	567
Bra007713	AT3G62920	79.5	1.44e-41	130
Bra007714	AT3G62930	92.2	7.8e-65	190
Bra007718	AT3G62960	96.1	2.51e-70	204
Bra007720	AT3G62980	92.6	0	1119
Bra007721	AT3G62990	53.6	3.69e-28	100
Bra007726	AT3G63090	85	3.03e-151	427
Bra007729	AT3G63120	78.3	1.47e-122	346
Bra007731	AT3G63160	77.6	5.69e-28	95.9
Bra007737	AT3G63240	79.1	3.38e-307	841
Bra007738	AT3G63260	88.5	8.61e-256	697
Bra007739	AT3G63350	75.4	3.62e-142	400
Bra007740	AT3G63390	63.6	1.48e-68	206
Bra007741	AT3G63420	83.8	1.37e-46	145
Bra007742	AT3G63430	57.2	1.42e-152	446
Bra007743	AT3G63440	84.1	1.8e-278	763
Bra007745	AT3G63460	87	0	1790
Bra007748	AT2G30390	87.7	1.29e-315	858
Bra007749	AT2G26540	73.3	6.16e-150	422
Bra007750	AT2G26500	85.4	1.2e-67	199
Bra007751	AT2G26490	91.8	1.39e-261	717
Bra007752	AT2G26460	83.1	0	911
Bra007753	AT2G26470	61.5	2.54e-183	517
Bra007755	AT3G53690	82.8	5.34e-84	248
Bra007756	AT2G26420	88.5	0	946
Bra007757	AT2G26350	84.1	1.63e-206	571
Bra007758	AT2G26340	75.4	6.88e-105	303
Bra007759	AT2G26330	93.9	5.66002e-320	907
Bra007761	AT2G26300	94.5	4.71e-263	714
Bra007766	AT2G26250	94.6	0	1031
Bra007767	AT2G26240	92.4	3.5e-54	165
Bra007769	AT2G26070	69	1.68e-144	405
Bra007771	AT2G26060	77.9	1.23e-104	310
Bra007772	AT2G26040	88.3	6.99e-121	339
Bra007775	AT2G25940	85.8	3.81e-307	835
Bra007777	AT2G25770	78.3	7.05e-90	259
Bra007778	AT2G25760	91.2	0	1020
Bra007780	AT2G25690	64.2	1.78e-124	358
Bra007782	AT2G25670	77.6	1.71e-68	215
Bra007784	AT2G25620	84	1.98e-235	645
Bra007785	AT2G25600	83.1	0	1304
Bra007787	AT2G25580	56.6	7.26e-235	661
Bra007788	AT2G25570	86.4	2.14e-181	500
Bra007791	AT1G11290	88.2	0	1458
Bra007794	AT2G25530	91	0	1012
Bra007795	AT2G25520	94.3	1.13e-228	625
Bra007797	AT5G52560	91.5	0	1129
Bra007798	AT2G25460	79.9	1.12e-305	836
Bra007801	AT2G25370	53.6	1.48e-161	470
Bra007804	AT2G25300	89.9	1.08e-225	617
Bra007805	AT2G25290	82.2	0	1182
Bra007807	AT2G25270	82.4	3.53e-315	860
Bra007811	AT2G25200	75.2	5.72e-187	520
Bra007814	AT2G25170	89.3	0	2365
Bra007816	AT2G25140	83	0	1501
Bra007817	AT2G25130	78.6	2.1e-238	659
Bra007819	AT2G25080	86.9	7.41e-143	398
Bra007820	AT2G25070	93.8	9.03e-243	662
Bra007821	AT2G25060	86.2	7.18e-105	298
Bra007822	AT2G25050	79.4	0	1545
Bra007823	AT2G47120	84.1	1.36e-149	419
Bra007826	AT3G63520	86.3	0	927
Bra007827	AT2G24970	85.2	6.62e-86	248
Bra007829	AT2G24840	74.4	8.33e-100	289
Bra007830	AT2G24830	71.1	1.36e-220	616
Bra007831	AT2G24800	86.8	4.23e-204	561
Bra007834	AT2G24762	69.8	2.37e-67	201
Bra007841	AT2G24550	66.3	1.58e-73	223
Bra007843	AT2G24540	82.8	4.06e-204	565
Bra007844	AT2G24500	80	1.68e-225	621
Bra007845	AT2G24520	90	0	1677
Bra007850	AT2G24440	72.4	2.42e-44	145
Bra007852	AT1G59840	80.7	1.29e-142	403
Bra007857	AT2G24370	85.6	0	1222
Bra007858	AT1G80470	60.7	6.94e-162	475
Bra007860	AT2G24360	93.5	2.34e-282	766
Bra007863	AT2G24260	72.2	1.98e-150	426
Bra007870	AT1G69610	68.7	2.03e-281	781
Bra007876	AT1G69710	81.1	0	1633
Bra007883	AT1G69800	91.7	2.42e-252	694
Bra007884	AT1G69810	66.9	6.24e-153	436
Bra007888	AT1G69900	74.3	7.6e-209	578
Bra007891	AT1G69970	72.8	4.32e-36	118
Bra007897	AT1G70120	65.9	8.85e-72	214
Bra007898	AT1G70160	92	0	1013
Bra007901	AT1G70210	83.5	2.92e-185	514
Bra007904	AT1G70260	88.3	4.14e-240	656
Bra007905	AT1G70270	70.9	1.39e-32	108
Bra007911	AT1G70330	83.3	2.69e-248	682
Bra007912	AT1G70410	91.5	3.86e-171	473
Bra007913	AT1G70420	67	1.53e-112	324
Bra007914	AT1G70430	70.1	1.65e-297	821
Bra007915	AT1G70460	86.9	1.24e-312	866
Bra007916	AT1G70470	85.5	4.23e-32	111
Bra007919	AT1G70505	81.8	1.19e-164	463
Bra007920	AT1G70510	79.2	7.83e-174	484
Bra007922	AT1G70540	82.1	8e-84	243
Bra007923	AT1G70550	92.4	5.37e-274	747
Bra007925	AT1G70570	86	0	1028
Bra007929	AT1G70600	92.5	5.41e-95	270
Bra007930	AT1G70620	53.8	1.12e-128	400
Bra007932	AT1G70660	89.9	1.57e-107	303
Bra007937	AT1G70700	72	2.5e-108	313
Bra007939	AT1G70720	75.2	9.71e-95	274
Bra007941	AT1G70760	84.4	3.4e-111	315
Bra007942	AT1G70770	79.9	0	894
Bra007949	AT1G70850	67.6	3.11e-140	395
Bra007950	AT1G70870	78.5	1.14e-74	218
Bra007954	AT1G71010	81	0	2482
Bra007959	AT1G71060	87.3	5.94e-100	310
Bra007960	AT1G71070	91.9	9.48e-279	755
Bra007961	AT1G71100	83.9	1.95e-152	425
Bra007962	AT1G71120	86.2	4.45e-224	614
Bra007966	AT1G71160	86.4	6.14e-289	786
Bra007967	AT1G71180	83.9	3.84e-176	489
Bra007968	AT1G71200	60.3	2.72e-84	251
Bra007970	AT1G71696	86.4	0	875
Bra007972	AT1G71692	92.9	1.98e-140	390
Bra007975	AT1G71450	79.3	2.29e-100	286
Bra007976	AT1G71430	65.3	7.06e-45	146
Bra007977	AT1G71410	89.4	0	1503
Bra007978	AT1G71390	61.6	4.22e-132	412
Bra007989	AT5G41690	53.8	3.63e-152	446
Bra007990	AT1G71870	89.1	0	884
Bra007991	AT1G71880	87	0	872
Bra007994	AT1G71920	88.1	6.34e-256	705
Bra007998	AT1G71950	88.3	8.87e-57	172
Bra008001	AT1G72010	74.1	1.12e-174	490
Bra008005	AT1G72060	80.2	2.47e-47	144
Bra008006	AT1G72100	85.1	9.57e-171	488
Bra008011	AT1G72140	82.3	0	900
Bra008012	AT1G72150	80.3	2.26e-252	703
Bra008013	AT1G72160	83.4	1.9e-284	778
Bra008016	AT1G72200	77	3.75e-218	603
Bra008018	AT1G72220	60.4	1.75e-145	417
Bra008019	AT1G72230	77	1.12e-85	249
Bra008022	AT1G72240	72.3	2.47e-53	164
Bra008027	AT1G72300	80.5	0	1253
Bra008029	AT1G72340	92.5	2.8e-231	634
Bra008030	AT1G72370	85.3	3.28e-184	508
Bra008036	AT1G72510	81.1	5.46e-93	266
Bra008037	AT1G72520	90.5	0	1689
Bra008038	AT1G72540	86.1	7.73e-273	745
Bra008040	AT1G72570	72.5	1.82e-214	595
Bra008041	AT1G72630	93	1.75e-68	201
Bra008045	AT1G72730	95.9	1.16e-292	793
Bra008046	AT1G72750	89.4	5.49e-113	319
Bra008051	AT1G72810	90.9	0	932
Bra008057	AT1G72880	88.3	8.6e-230	630
Bra008060	AT1G72890	66.8	5.89e-201	565
Bra008062	AT1G72980	54.2	1.69e-60	187
Bra008064	AT1G73000	89.4	3.5e-116	328
Bra008065	AT5G39250	86.1	3.76e-165	456
Bra008066	AT1G73010	84.4	1.38e-181	501
Bra008068	AT1G73040	89.2	2.25e-122	342
Bra008070	AT1G73090	79.9	2.28e-193	533
Bra008073	AT1G73140	89.8	1.1e-293	795
Bra008074	AT1G73150	63.2	7.65e-152	436
Bra008077	AT1G73170	85.8	0	1045
Bra008079	AT1G73190	92.9	7.91e-177	487
Bra008086	AT1G73230	93.4	4.07e-102	290
Bra008095	AT1G73380	80.7	3.31e-236	651
Bra008097	AT1G73470	81.7	1.46e-196	544
Bra008101	AT1G73540	78.7	1.86e-104	298
Bra008104	AT1G73580	91.1	2.75e-110	310
Bra008105	AT1G73590	91.7	0	1056
Bra008106	AT1G73650	91.7	7.92e-199	545
Bra008111	AT1G73770	69.8	1.89e-59	186
Bra008112	AT1G73780	72.4	1.61e-53	161
Bra008116	AT1G73930	87.9	0	1082
Bra008117	AT1G73980	87.6	0	1082
Bra008124	AT1G74000	80.8	1.01e-186	517
Bra008126	AT1G74010	85.5	3.56e-198	546
Bra008127	AT1G74020	92.1	4.16e-218	597
Bra008130	AT1G74070	83.3	6.58e-181	501
Bra008131	AT1G74080	74.8	4.1e-166	465
Bra008132	AT1G74100	92.6	3.64e-243	660
Bra008136	AT1G74160	81.8	0	1472
Bra008138	AT1G74190	75.9	4.16e-290	860
Bra008143	AT1G74250	70.3	7.11e-262	733
Bra008152	AT1G74470	95.7	0	878
Bra008154	AT1G74500	95.7	1.17e-55	166
Bra008156	AT1G74520	91	1.99e-115	324
Bra008158	AT1G74630	83.7	0	956
Bra008159	AT1G74640	90.5	2.9e-236	646
Bra008161	AT1G40087	72.4	6.13e-61	192
Bra008162	AT1G74670	89.1	1.35e-69	202
Bra008163	AT1G74690	66.6	2.04e-205	582
Bra008164	AT1G74700	90	9.72e-184	506
Bra008166	AT1G74730	86.7	1.69e-90	263
Bra008174	AT1G75020	85.5	6.5e-235	643
Bra008175	AT1G75030	85.4	7.08e-163	450
Bra008178	AT1G75125	78.8	4.97e-64	188
Bra008179	AT1G75160	94.7	1.71e-279	757
Bra008184	AT1G75220	94.1	0	881
Bra008188	AT1G75270	88.1	7.39e-135	376
Bra008191	AT1G75380	87.7	1.06e-199	549
Bra008201	AT1G75500	94.9	2.88e-268	728
Bra008202	AT1G75510	81.1	1.93e-144	404
Bra008213	AT1G75670	78.7	6.7e-109	309
Bra008214	AT1G75680	88.7	0	959
Bra008222	AT1G75750	87.8	2.67e-61	181
Bra008223	AT1G75790	79.3	6.69e-307	837
Bra008224	AT1G75800	86.4	8.52e-208	570
Bra008226	AT2G26020	87.5	2.38e-49	149
Bra008227	AT1G75840	96.9	1.22e-138	384
Bra008228	AT1G75870	55.5	2.54e-46	148
Bra008229	AT1G75910	73	1.21e-183	510
Bra008230	AT1G75940	84.1	0	969
Bra008235	AT1G76020	77	2.26e-126	356
Bra008236	AT1G76060	86.5	2.09e-88	254
Bra008244	AT4G16550	63.2	3.79e-114	329
Bra008261	AT1G76490	90.4	0	949
Bra008265	AT1G76570	89.3	3.43e-214	586
Bra008267	AT1G76600	74.3	4.14e-88	258
Bra008271	AT1G76680	85.9	6.99e-260	707
Bra008273	AT1G76750	76.6	2.88e-79	231
Bra008274	AT1G76770	77.9	8.2e-78	234
Bra008276	AT1G76780	55.4	9.24e-67	252
Bra008279	AT1G76810	82.8	0	1470
Bra008288	AT3G42640	95.5	0	1786
Bra008291	AT1G77100	82.1	4.74e-188	520
Bra008294	AT1G77140	96	0	1063
Bra008297	AT1G77240	86.1	0	958
Bra008299	AT1G77280	79.3	0	1097
Bra008304	AT1G77360	85.2	8.42e-167	480
Bra008307	AT1G77420	85.6	7.77e-244	666
Bra008309	AT1G77450	83.5	3.16e-155	431
Bra008313	AT1G77520	82.9	4.42e-238	651
Bra008317	AT1G77600	72.8	0	1889
Bra008320	AT1G77630	81.6	1.36e-225	623
Bra008321	AT1G77660	81.2	1.11e-108	326
Bra008322	AT1G77680	74.2	0	1481
Bra008326	AT1G77700	90	9.49e-158	444
Bra008330	AT1G77730	88.3	5.62e-165	456
Bra008331	AT1G77740	90.5	0	997
Bra008334	AT1G77765	69.7	2.1e-67	202
Bra008335	AT1G77770	81.6	4.65e-153	426
Bra008336	AT1G77790	79.5	1.24e-138	397
Bra008338	AT1G77885	73.8	2.11e-33	109
Bra008339	AT2G07806	68.4	1.52e-08	50.1
Bra008341	AT1G78020	77.5	1.06e-77	228
Bra008342	AT1G78050	82.7	6.79e-188	520
Bra008344	AT1G78090	86.5	6.24e-233	638
Bra008347	AT1G78130	92.4	2.96e-310	842
Bra008348	AT1G78140	79.7	2.64e-197	545
Bra008349	AT1G78150	79	3.25e-158	442
Bra008350	AT1G78160	67.2	2.78e-273	758
Bra008352	AT1G78172	69.9	1.31e-18	72.4
Bra008354	AT1G78270	76.8	2.46e-274	751
Bra008370	AT1G78590	88.9	8.28e-187	517
Bra008371	AT1G78600	78.4	3.57e-171	476
Bra008376	AT1G78660	87	1.05e-216	594
Bra008380	AT1G78810	65.4	6.5e-204	572
Bra008387	AT1G78940	81.3	0	1116
Bra008393	AT1G79050	90.3	1.08e-264	723
Bra008401	AT1G79190	82.1	0	2026
Bra008402	AT1G16470	100	1.84e-166	458
Bra008404	AT1G79250	83.3	1.83e-294	812
Bra008405	AT1G79260	88.4	5.53e-101	287
Bra008407	AT1G79330	83.2	1.47e-253	694
Bra008408	AT1G79360	87.3	0	901
Bra008410	AT1G79400	82.1	0	1267
Bra008417	AT1G79540	87.8	5.28e-261	742
Bra008421	AT1G79550	97.8	5.28e-279	756
Bra008425	AT1G79590	94.4	1.09e-144	404
Bra008427	AT1G79620	85.4	0	1547
Bra008429	AT1G80930	88.8	0	951
Bra008432	AT1G80880	85.9	2.09e-202	570
Bra008433	AT1G80870	82.4	0	1019
Bra008434	AT1G80860	91.5	3.14e-114	320
Bra008437	AT1G80830	90.4	0	925
Bra008438	AT1G80820	96.7	3.07e-236	642
Bra008445	AT1G80730	82.3	1.15e-117	333
Bra008448	AT1G80650	65.8	5.21e-75	224
Bra008449	AT1G80640	84.7	8.9e-253	692
Bra008452	AT4G23160	60.7	1.52e-216	653
Bra008459	AT1G66550	51.2	3.27e-76	231
Bra008460	AT1G80580	66.7	4.96e-95	279
Bra008461	AT1G80570	83.1	7.78e-253	696
Bra008462	AT2G26000	87.4	2.99e-303	825
Bra008463	AT1G80560	93.1	4.94e-268	729
Bra008468	AT1G80540	88.5	0	901
Bra008469	AT1G80510	89	3.84e-294	802
Bra008470	AT1G80480	88.2	1.23e-251	691
Bra008475	AT1G80400	77	8.67e-216	597
Bra008477	AT1G80370	77.8	8.22e-236	652
Bra008478	AT1G80360	84.3	3.77e-260	709
Bra008480	AT1G80340	88.9	7.89e-236	643
Bra008481	AT1G80330	81.1	3.61e-216	593
Bra008482	AT1G80320	88.1	2.87e-213	584
Bra008483	AT1G80290	83.5	9.08e-203	558
Bra008484	AT1G80280	80.7	0	972
Bra008485	AT1G80260	82	0	1548
Bra008487	AT1G80200	70.2	6.54e-78	236
Bra008488	AT1G80190	86	1.1e-119	337
Bra008489	AT1G80180	75.4	3.49e-61	183
Bra008491	AT1G80160	91	4.71e-113	319
Bra008492	AT1G80150	76.7	5.86e-118	348
Bra008493	AT1G80140	77.6	1.04e-195	543
Bra008494	AT1G80133	79.7	1.81e-38	122
Bra008495	AT1G80130	66.3	1.51e-127	365
Bra008497	AT1G80120	92.4	4.52e-141	392
Bra008502	AT1G79910	74.4	5.63e-180	504
Bra008505	AT5G63930	89	4.95e-252	742
Bra008506	AT1G64790	89.9	0	4186
Bra008507	AT1G64970	91.8	4.25e-202	556
Bra008509	AT5G61020	63.5	9.16e-152	439
Bra008510	AT2G12190	85.2	5.3e-311	847
Bra008512	AT1G64880	89.3	2.17e-288	789
Bra008513	AT1G64860	82.2	6.59e-280	767
Bra008515	AT4G00240	88.7	0	1568
Bra008516	AT4G00295	80.6	4.67e-276	756
Bra008517	AT4G00300	78.9	1.04e-262	721
Bra008518	AT4G00305	76.4	3.42e-68	201
Bra008519	AT4G00360	93.3	0	1061
Bra008523	AT4G00540	52	6.25e-129	383
Bra008524	AT4G00560	80.2	2.56e-187	518
Bra008528	AT4G00700	81.2	0	1621
Bra008529	AT4G00750	87.4	0	1160
Bra008530	AT4G00755	70.5	5.24e-182	513
Bra008534	AT4G01110	78	5.15e-129	365
Bra008536	AT4G01023	58.3	1.62e-47	157
Bra008540	AT4G01070	83.4	9.03e-300	816
Bra008543	AT4G00895	63.1	4.46e-65	197
Bra008544	AT4G00890	55.1	1.8e-14	76.3
Bra008552	AT4G01500	69.7	8.57e-155	437
Bra008553	AT4G01550	61.2	2.68e-157	452
Bra008554	AT4G01590	67.4	4.56e-59	186
Bra008555	AT4G01730	89	9.18e-293	800
Bra008557	AT4G02120	88.3	0	975
Bra008559	AT4G02150	76.2	1.88e-254	705
Bra008562	AT5G17320	60.1	8.97e-296	825
Bra008565	AT5G17280	63.7	1.43e-44	141
Bra008566	AT5G17270	82.6	0	1375
Bra008568	AT5G17250	85.3	0	1564
Bra008574	AT5G17180	50	6.81e-21	80.5
Bra008577	AT5G17150	67.8	1.88e-68	207
Bra008578	AT5G17140	53.5	1.57e-22	85.1
Bra008579	AT5G17060	97.9	3.14e-139	385
Bra008581	AT5G17000	87.2	1.37e-225	617
Bra008582	AT5G16930	82	0	915
Bra008585	AT5G16880	92.4	4.77e-228	628
Bra008586	AT5G16870	92.4	8.49e-106	299
Bra008587	AT5G16860	86.5	0	1392
Bra008588	AT5G16850	75.8	0	1736
Bra008595	AT5G16780	83.2	0	1010
Bra008599	AT2G03140	70.3	0	2313
Bra008600	AT5G16730	63.4	2.65e-249	716
Bra008601	AT5G16720	70.1	7.52e-273	764
Bra008602	AT5G16715	93.4	0	1821
Bra008604	AT5G16690	79.6	0	1085
Bra008605	AT5G16680	67.7	0	1481
Bra008607	AT5G16650	89.3	9.4e-71	208
Bra008608	AT5G16620	80.2	2.01e-209	585
Bra008609	AT5G16610	59.7	7.55e-250	701
Bra008612	AT5G16570	96.3	2.36e-266	721
Bra008615	AT5G16530	88.1	1.01e-218	600
Bra008616	AT5G16510	93.1	1.01e-247	673
Bra008619	AT5G16490	69.6	7.56e-57	174
Bra008620	AT5G16480	90.3	1.26e-138	385
Bra008624	AT5G16320	61.4	7.86e-177	503
Bra008625	AT5G16300	88	0	1817
Bra008626	AT5G16280	87	0	2189
Bra008627	AT4G11340	50.4	1.68e-66	218
Bra008629	AT5G16260	80.7	1.13e-291	798
Bra008630	AT5G16250	89.1	9.27e-114	320
Bra008632	AT5G16230	91.1	5.36e-268	729
Bra008633	AT5G16220	70.1	6.77e-203	570
Bra008636	AT5G16200	81.1	6.73e-83	241
Bra008645	AT5G16110	79.3	3.37e-88	257
Bra008651	AT5G16080	83.7	7.59e-215	589
Bra008653	AT5G16060	93.5	9.87e-58	172
Bra008654	AT5G16040	91.4	2.98e-253	691
Bra008655	AT5G16030	81.1	1.19e-164	463
Bra008656	AT5G16020	82.5	0	966
Bra008658	AT1G72550	81.1	0	981
Bra008659	AT5G16000	91	0	931
Bra008660	AT5G15980	73.8	0	908
Bra008661	AT5G15970	72.6	2.52e-22	80.5
Bra008662	AT5G15950	90.4	4.07e-242	660
Bra008663	AT5G15900	83.6	3.31e-216	596
Bra008664	AT5G15890	67.7	1.66e-249	689
Bra008667	AT5G15870	86.7	0	1203
Bra008669	AT5G15840	69.8	1e-131	381
Bra008673	AT5G15802	83.3	1.23e-56	169
Bra008674	AT5G15800	90.1	6.57e-164	453
Bra008675	AT5G15790	74.7	1.03e-122	348
Bra008676	AT5G15780	70.1	1.8e-113	335
Bra008677	AT5G15770	83.6	7.97e-90	258
Bra008678	AT5G15760	78.1	2.79e-91	263
Bra008680	AT5G15730	85.6	1.66e-254	698
Bra008683	AT5G15650	96.4	1.13e-272	737
Bra008689	AT5G15580	78	0	1178
Bra008699	AT5G15410	91.5	0	1343
Bra008701	AT5G15390	77.3	9.45e-178	496
Bra008702	AT5G15330	86.4	1.03e-179	501
Bra008705	AT5G15310	85.2	3.05e-200	551
Bra008706	AT5G15300	85.5	2.56e-293	805
Bra008708	AT5G15290	88.8	3.15e-107	304
Bra008710	AT5G15260	83	1.79e-104	300
Bra008711	AT5G15250	86.1	0	1131
Bra008712	AT5G15210	74.3	2.28e-118	339
Bra008716	AT5G15160	95.7	3.46e-53	160
Bra008718	AT5G15140	76.1	1.06e-235	655
Bra008719	AT5G15130	78.2	1e-270	748
Bra008722	AT5G15100	80.9	6.08e-199	550
Bra008723	AT5G15090	77.9	6.6e-157	437
Bra008731	AT5G14930	63.4	3e-210	600
Bra008732	AT5G14890	83.6	3.05e-268	735
Bra008733	AT5G14870	90.7	0	1254
Bra008734	AT5G14860	80.6	4.15e-294	802
Bra008735	AT5G14800	92	6.57e-169	468
Bra008736	AT5G14790	86.2	5.17e-203	560
Bra008737	AT5G14780	91.7	1.16e-262	714
Bra008738	AT5G14770	87.5	1.68e-85	279
Bra008739	AT5G14760	91.5	0	1159
Bra008740	AT5G14750	90.1	5.88e-132	368
Bra008741	AT5G14730	63.5	3.09e-67	207
Bra008742	AT5G14720	85.7	0	1047
Bra008745	AT5G14680	93.7	9.91e-121	337
Bra008747	AT5G14660	85.9	7.96e-165	457
Bra008748	AT5G14650	85.6	6.68e-282	767
Bra008749	AT5G14620	70.9	3.03e-309	851
Bra008750	AT5G14600	90.6	2.61e-208	571
Bra008752	AT5G14550	84.8	1.09e-240	657
Bra008753	AT5G14480	91.2	4.35e-280	758
Bra008756	AT5G14460	85.6	4.29e-307	838
Bra008757	AT5G14450	91	1.43e-270	734
Bra008759	AT5G14410	85.1	1.49e-70	208
Bra008760	AT5G14400	87.1	5.32e-279	759
Bra008761	AT5G14390	90.5	2.64e-231	633
Bra008763	AT5G14370	74.4	2.51e-117	349
Bra008764	AT5G14340	82.2	2.93e-151	422
Bra008765	AT5G14330	77.3	2.79e-28	97.8
Bra008768	AT5G14285	84.8	6.45e-154	430
Bra008771	AT5G14230	84.8	0	1263
Bra008772	AT5G14220	87.5	0	888
Bra008773	AT5G14210	73.8	1.66e-284	799
Bra008774	AT5G14180	87.7	4.32e-268	730
Bra008777	AT5G14110	87.1	4.68e-38	120
Bra008778	AT5G14105	84.2	3.25e-36	116
Bra008779	AT5G14100	89.6	3.46e-180	496
Bra008781	AT5G14080	67.1	8.34e-30	117
Bra008783	AT5G14050	77.8	4.48e-288	791
Bra008785	AT5G14030	84.7	1.24e-105	301
Bra008787	AT5G14010	65.9	4.13e-46	147
Bra008789	AT5G13990	82.6	0	1078
Bra008790	AT5G13970	65.7	1.43e-157	449
Bra008791	AT5G13950	70.7	0	1242
Bra008792	AT5G13930	95.7	3.86e-278	754
Bra008794	AT5G13890	86.2	2.39e-178	494
Bra008795	AT5G13880	72.2	8.88e-75	224
Bra008797	AT5G13850	86.5	1.44e-89	261
Bra008798	AT5G13830	90.3	7.99e-145	402
Bra008801	AT5G13810	80.7	1.41e-144	405
Bra008805	AT5G13750	86.1	1.18e-297	810
Bra008806	AT4G25810	92	2.83e-198	543
Bra008807	AT5G13730	85.1	8.05e-229	630
Bra008808	AT5G13720	84.6	1.27e-145	408
Bra008809	AT5G13680	86.7	0	2214
Bra008811	AT5G13650	96	0	1262
Bra008812	AT5G13640	93	0	1229
Bra008814	AT5G13610	74.9	2.63e-198	553
Bra008815	AT5G13600	78.2	0	893
Bra008816	AT5G13590	52.3	1.78e-313	902
Bra008817	AT5G13580	90.8	0	1243
Bra008818	AT5G13570	84.2	5.79e-181	504
Bra008819	AT5G13560	85.8	0	1065
Bra008820	AT5G13550	91.2	0	1212
Bra008823	AT5G13520	89.6	0	1101
Bra008824	AT5G13510	87.7	4.53e-134	375
Bra008828	AT5G13470	71.5	5.07e-62	188
Bra008831	AT5G13420	92.3	4.32e-281	765
Bra008832	AT5G13390	88.9	0	1906
Bra008834	AT5G13340	84.8	1.64e-43	146
Bra008837	AT5G13310	66.6	9.89e-144	412
Bra008838	AT5G13300	91.1	0	1380
Bra008839	AT5G13290	86.9	4.06e-210	582
Bra008840	AT5G13280	84.3	0	894
Bra008841	AT5G13270	86	0	1313
Bra008842	AT5G13260	70	4.17e-211	596
Bra008843	AT5G13250	73	2.01e-163	462
Bra008844	AT5G13240	94.2	1.27e-154	428
Bra008845	AT5G13230	83.4	0	1302
Bra008846	AT5G13220	65.3	1.63e-82	243
Bra008847	AT5G13210	73.6	0	971
Bra008851	AT5G13160	95.4	1.46e-315	853
Bra008857	AT5G13090	67	4.63e-88	261
Bra008858	AT5G13080	87.2	3.12e-85	245
Bra008859	AT5G13070	96.2	2.23e-130	362
Bra008860	AT5G13060	73.2	1.43e-275	774
Bra008861	AT5G13050	86	3.54e-167	464
Bra008862	AT5G13030	88	0	1122
Bra008863	AT5G13020	85	5.71e-239	655
Bra008870	AT5G12940	81	6.05e-87	267
Bra008872	AT5G12900	81	1.15e-288	793
Bra008873	AT5G12890	80.9	1.03e-285	781
Bra008874	AT5G12880	80.3	7.64e-37	117
Bra008876	AT5G12860	99	4.02e-207	576
Bra008877	AT5G12850	79.5	0	964
Bra008878	AT5G12840	78.6	4.72e-135	382
Bra008879	AT5G12480	94.2	0	986
Bra008881	AT5G12460	78.5	6.72e-262	719
Bra008887	AT5G12440	73.1	2.36e-301	833
Bra008888	AT5G12430	75.1	0	1590
Bra008892	AT5G12380	89.8	4.08e-201	552
Bra008893	AT5G12370	90.8	0	1389
Bra008894	AT5G12360	74.2	1.9e-94	272
Bra008899	AT5G12320	81.8	1.24e-31	109
Bra008900	AT5G12310	70	2.95e-107	310
Bra008901	AT5G12300	81.7	1.61e-180	504
Bra008902	AT5G12260	81.8	0	1028
Bra008903	AT5G12250	99.5	0	893
Bra008906	AT5G12230	76.6	1.08e-69	212
Bra008907	AT5G12210	91.1	3.01e-148	419
Bra008908	AT5G12200	91.7	0	969
Bra008910	AT5G12180	96	0	1001
Bra008911	AT5G12150	89.4	0	1399
Bra008913	AT5G12130	77.7	3.99e-201	556
Bra008914	AT5G12120	70.4	9.51e-261	727
Bra008915	AT5G12110	87.3	1.85e-128	361
Bra008916	AT5G12100	76.4	1.21e-84	286
Bra008921	AT5G12000	83.9	0	1126
Bra008923	AT5G11960	94.3	1.63e-230	629
Bra008925	AT5G11930	68.9	5.28e-62	186
Bra008926	AT5G11920	77.9	4.73e-307	838
Bra008927	AT5G11910	83.5	1.89e-173	481
Bra008928	AT5G11900	96.5	3.76e-134	373
Bra008929	AT5G11890	80.5	1.24e-136	387
Bra008931	AT5G11880	91.4	0	887
Bra008932	AT5G11870	85.1	2.76e-165	457
Bra008934	AT5G11820	76.1	1.92e-94	271
Bra008936	AT5G11800	91.7	0	969
Bra008937	AT5G11780	65.4	7.97e-225	627
Bra008941	AT5G11730	87.8	6.01e-266	722
Bra008943	AT5G11700	93.2	0	2577
Bra008944	AT5G11660	71.7	2.08e-163	456
Bra008947	AT5G11650	86.7	1.13e-240	659
Bra008948	AT5G11640	91.3	1.08e-167	462
Bra008949	AT5G11630	90.3	2.65e-52	158
Bra008950	AT5G11620	77.4	2.12e-146	410
Bra008951	AT5G11610	80.2	0	872
Bra008953	AT5G11560	90.5	0	1759
Bra008954	AT5G11550	86.9	3.36e-162	453
Bra008956	AT5G11510	75.2	0	1333
Bra008958	AT5G11480	85.7	2.16e-196	541
Bra008960	AT5G11460	59.3	5e-101	298
Bra008961	AT5G11450	83.2	6.18e-168	468
Bra008962	AT5G11440	70.3	1.34e-61	187
Bra008963	AT5G11430	71.9	0	1144
Bra008966	AT5G11390	71.7	2.68e-293	816
Bra008967	AT5G11380	90.3	0	1212
Bra008968	AT5G11350	75.2	0	1048
Bra008969	AT5G11340	90.2	1.95e-108	305
Bra008970	AT5G11330	86.1	6.48e-258	703
Bra008971	AT5G11320	87.6	2.37e-271	738
Bra008972	AT5G11310	83.3	1.29e-146	436
Bra008973	AT5G11300	82.6	3.03e-250	687
Bra008974	AT5G11280	86.2	4.79e-129	361
Bra008975	AT5G11270	70.6	5.63e-126	363
Bra008979	AT5G11240	87.3	0	1037
Bra008985	AT5G11190	87.9	2.89e-108	307
Bra008987	AT5G11150	88.2	1.19e-138	387
Bra008988	AT5G11130	81.5	4.9e-273	756
Bra008991	AT5G11090	78.3	2.82e-95	276
Bra008992	AT1G53530	88.6	1.71e-108	306
Bra008994	AT5G11040	95.5	0	2233
Bra008995	AT5G11030	66.3	3.42e-251	703
Bra008996	AT5G11020	81.2	2.24e-251	689
Bra008997	AT5G11010	80.2	1.2e-217	598
Bra008998	AT5G11000	85.8	4.67e-202	561
Bra008999	AT5G10990	86.5	1.93e-89	256
Bra009000	AT5G10970	69.2	1.91e-121	346
Bra009001	AT5G10960	93.1	4.21e-196	536
Bra009002	AT5G10940	88.1	0	1332
Bra009003	AT5G10930	78.9	4.39e-242	666
Bra009004	AT5G10920	92.7	0	926
Bra009013	AT5G10695	89.4	1.22e-43	134
Bra009015	AT5G10650	73.8	1.43e-243	677
Bra009017	AT5G10625	91.9	5.61e-71	206
Bra009018	AT5G10620	92.9	5.89e-110	311
Bra009019	AT5G10610	84	1.09999e-319	867
Bra009021	AT5G10580	89	1.22e-153	426
Bra009022	AT5G10570	68	8.45e-125	358
Bra009023	AT5G10560	83.4	0	1328
Bra009025	AT5G10520	81.3	2.2e-266	731
Bra009027	AT5G10500	68.7	0	997
Bra009028	AT5G10490	80.6	0	973
Bra009031	AT5G10440	76.4	3.05e-143	404
Bra009032	AT5G10430	77.3	3.14e-10	54.3
Bra009036	AT5G10410	67.4	1.65e-152	432
Bra009037	AT5G10380	50	6.87e-63	200
Bra009041	AT5G10320	63.9	8.41e-161	454
Bra009042	AT5G10310	77.3	8.57e-70	204
Bra009043	AT5G10300	87.1	2.16e-165	457
Bra009045	AT5G10270	83.7	2.69e-305	832
Bra009047	AT5G10250	78.5	5.61e-309	851
Bra009048	AT5G10230	89.9	2.06e-208	571
Bra009049	AT5G10220	90.9	3.57e-210	575
Bra009051	AT5G10200	95.1	0	1212
Bra009055	AT5G10140	85.4	9.68e-102	291
Bra009057	AT5G10100	88.4	3.29e-205	568
Bra009059	AT5G10080	78	2.64e-278	765
Bra009060	AT5G10070	85.4	1.33e-157	439
Bra009064	AT5G10020	83.7	0	1260
Bra009065	AT5G10010	82.2	1.39e-170	484
Bra009066	AT5G10000	87.4	2.95e-57	172
Bra009067	AT5G09995	77.3	3.75e-119	340
Bra009068	AT5G09990	67.4	1.5e-27	95.1
Bra009069	AT5G09976	60.9	9.69e-12	55.5
Bra009070	AT5G09970	89.9	0	966
Bra009071	AT5G09960	89.4	8.39e-71	211
Bra009072	AT5G09930	87.4	0	1064
Bra009076	AT5G09880	77.8	6.47e-232	648
Bra009079	AT5G09840	60.7	0	982
Bra009080	AT5G09830	94.6	2.18e-53	160
Bra009082	AT5G09805	80.4	2.28e-50	154
Bra009087	AT5G05090	77.5	3.56e-136	384
Bra009089	AT5G05130	84.6	0	1367
Bra009090	AT5G05140	78.8	6.74e-219	607
Bra009091	AT5G05160	85	0	913
Bra009093	AT5G05190	64.8	1.42e-230	650
Bra009095	AT4G15570	85.4	0	1373
Bra009096	AT5G05220	75.9	4.37e-63	190
Bra009097	AT5G05230	84	8.66e-189	525
Bra009098	AT5G05240	65.9	2.82e-210	592
Bra009099	AT5G05250	79.6	5.36e-131	368
Bra009101	AT5G05270	93.7	7.7e-136	378
Bra009102	AT5G05290	87.5	1.44e-173	478
Bra009103	AT5G05310	90.7	8.09e-293	800
Bra009104	AT5G05330	71.9	1.36e-87	256
Bra009106	AT5G05350	74.5	9.28e-245	676
Bra009107	AT5G05360	85.5	1.56e-90	260
Bra009108	AT5G05365	90.9	2.77e-46	142
Bra009110	AT5G05380	90.7	1.22e-122	348
Bra009113	AT5G05440	96.6	3.49e-144	399
Bra009115	AT5G05490	77.2	2.73e-318	874
Bra009116	AT5G05500	86.5	3.66e-116	327
Bra009117	AT5G05510	77.4	3.95e-247	681
Bra009118	AT5G05520	81.6	1.05e-309	845
Bra009119	AT5G05550	67.3	1.71e-95	280
Bra009120	AT5G05570	84.4	0	1855
Bra009121	AT5G05610	88.8	4.98e-160	442
Bra009122	AT5G05630	78.3	4.06e-280	767
Bra009123	AT5G05660	85.3	0	1423
Bra009125	AT5G05680	88.5	0	1406
Bra009127	AT5G05700	72.6	1.06e-312	861
Bra009130	AT5G05730	88.5	0	1071
Bra009134	AT5G05790	84.9	4.6e-170	470
Bra009135	AT5G05800	72.5	3.57e-235	649
Bra009136	AT5G05810	74.9	3.25e-187	525
Bra009139	AT5G05840	93.5	1.62e-305	827
Bra009140	AT5G05850	91.3	5.38e-185	527
Bra009142	AT5G05860	82.6	8.47e-276	753
Bra009143	AT5G05870	81.6	2.62e-271	742
Bra009144	AT5G05880	76.5	3.06e-257	706
Bra009150	AT5G05920	94	1.65e-263	714
Bra009151	AT5G05930	76.7	1.7e-152	429
Bra009152	AT5G05940	84.8	0	979
Bra009153	AT5G05950	90.9	1.98e-109	309
Bra009155	AT5G05970	74.6	0	1065
Bra009156	AT5G05980	84.8	0	930
Bra009157	AT5G05990	80.2	1.57e-131	371
Bra009158	AT5G06050	85.2	0	1213
Bra009161	AT5G06080	78.1	1.3e-98	282
Bra009162	AT5G06090	89.8	0	887
Bra009165	AT3G11510	96.7	4.08e-101	286
Bra009166	AT5G06140	93.1	1.63e-252	689
Bra009167	AT5G43610	80.2	4.53e-287	785
Bra009168	AT5G06180	81.6	1.69e-247	677
Bra009170	AT5G06240	90.2	1.73e-99	283
Bra009172	AT5G06260	87.8	1.13e-273	745
Bra009173	AT5G06265	66	2.81e-37	123
Bra009178	AT5G06270	88.6	2.45e-64	191
Bra009181	AT5G06290	90	2.87e-165	458
Bra009182	AT5G06300	98.1	6.16e-151	417
Bra009183	AT5G06310	79.9	2.91e-273	746
Bra009184	AT5G06320	81.8	3.73e-129	363
Bra009186	AT5G06340	86.3	5.38e-142	396
Bra009187	AT5G06350	76.4	0	1310
Bra009190	AT5G06390	90	7.48e-287	781
Bra009191	AT5G06400	73.1	0	918
Bra009194	AT5G06430	81.4	2.84e-108	307
Bra009195	AT5G06440	65.7	4.55e-205	576
Bra009196	AT5G06460	93.1	0	1854
Bra009198	AT5G06480	77.1	2.62e-79	231
Bra009200	AT5G06510	67.5	4.61e-109	315
Bra009203	AT5G06530	92.7	0	1310
Bra009204	AT5G06540	84.9	1.42e-283	782
Bra009205	AT5G06550	83.7	3.2e-290	794
Bra009206	AT5G06560	62.1	6.6e-186	526
Bra009207	AT5G06570	83.3	1.42e-203	560
Bra009208	AT5G06580	87.4	0	968
Bra009209	AT5G06590	73.1	1.03e-152	429
Bra009217	AT5G06690	85.9	4.21e-88	257
Bra009218	AT5G06700	72.5	3e-318	875
Bra009220	AT5G06720	89.3	2.21e-211	580
Bra009221	AT5G06730	85.1	4.9e-205	566
Bra009223	AT5G06740	86	0	1121
Bra009226	AT5G06780	76.7	6.51e-165	461
Bra009227	AT5G06790	76.9	5.19e-87	255
Bra009230	AT5G06810	70.1	7.07e-289	802
Bra009232	AT5G06830	82.7	8.18e-313	854
Bra009234	AT5G06860	83.7	1.14e-140	400
Bra009239	AT5G06930	73.3	0	929
Bra009240	AT5G06940	76.3	4.1e-211	620
Bra009243	AT5G07710	82.7	1.51e-270	741
Bra009247	AT5G07670	72.7	3e-231	641
Bra009248	AT5G07620	80.2	5.01e-202	558
Bra009249	AT5G07590	94.3	0	909
Bra009250	AT5G07580	82.5	3.78e-112	318
Bra009253	AT5G07540	61.8	4.92e-29	112
Bra009256	AT5G07520	53.8	1.02e-31	113
Bra009257	AT5G07500	83	2.98e-159	441
Bra009260	AT5G07470	86.1	1.34e-129	362
Bra009261	AT5G07460	82.8	1.69e-118	335
Bra009262	AT5G07450	82.2	1.6e-121	343
Bra009263	AT5G07440	97.3	8.19e-304	820
Bra009265	AT1G69940	87.3	2.05e-234	640
Bra009266	AT5G07390	83	0	1477
Bra009267	AT5G07380	78.8	0	998
Bra009268	AT5G07370	85.7	1.08e-185	511
Bra009269	AT5G07360	88.5	0	1145
Bra009270	AT5G07330	82.2	1.75e-83	242
Bra009273	AT5G07300	89.6	0	1035
Bra009274	AT5G07290	80.2	0	1367
Bra009277	AT5G07280	71.3	2.35e-218	662
Bra009278	AT5G07270	91.8	0	912
Bra009279	AT5G07250	78.1	2.54e-192	533
Bra009281	AT5G07240	67.7	2.64e-131	382
Bra009282	AT5G07230	73.6	8.99e-40	126
Bra009283	AT5G07220	80.5	9.36e-165	459
Bra009285	AT5G07200	86.3	4.04e-247	674
Bra009286	AT5G07190	71.4	9.11e-92	267
Bra009287	AT5G07180	83.9	4.55e-248	721
Bra009288	AT5G07160	62.9	2.66e-50	157
Bra009290	AT5G07130	92.1	0	942
Bra009291	AT5G07120	80.6	2.07e-298	818
Bra009292	AT5G07080	80.6	3.5e-261	715
Bra009293	AT5G07070	82.2	8.38e-274	748
Bra009296	AT5G07050	87.9	2.26e-243	666
Bra009297	AT5G07040	87.4	2.84e-89	256
Bra009298	AT5G07030	92	3.91e-295	801
Bra009302	AT5G06980	64.6	6.94e-115	332
Bra009303	AT5G06970	91.3	0	1890
Bra009305	AT5G07720	89.1	2.78e-318	860
Bra009308	AT5G07800	92.6	1.19999e-319	864
Bra009309	AT5G07820	58.2	9.87e-135	400
Bra009312	AT5G07990	88.9	0	916
Bra009313	AT5G08000	69.2	1.75e-74	223
Bra009315	AT5G08010	65.4	8.17e-210	593
Bra009316	AT5G08030	89.5	5.05e-250	681
Bra009319	AT5G08100	90.8	3.85e-208	570
Bra009320	AT5G08110	70.6	0	1593
Bra009321	AT5G08120	68.7	6.45e-137	391
Bra009322	AT5G08130	76.5	3.56e-258	715
Bra009323	AT5G08139	54.3	8.75e-122	356
Bra009327	AT5G08180	90.4	2.8e-95	271
Bra009330	AT5G08230	59.2	0	1345
Bra009331	AT5G23140	89.9	7.8e-152	421
Bra009332	AT5G08240	71.1	3.64e-116	333
Bra009334	AT5G08280	92.1	2.66e-251	685
Bra009335	AT5G08290	97.9	1.91e-102	288
Bra009336	AT5G08300	94.2	3.57e-236	644
Bra009337	AT5G08310	81.1	1.15e-135	418
Bra009338	AT5G08330	82.4	5.84e-109	313
Bra009340	AT5G08440	78.4	0	1101
Bra009341	AT5G08460	84.1	1.55e-231	635
Bra009342	AT5G08470	87.5	0	1889
Bra009344	AT5G08500	90.4	0	1088
Bra009345	AT5G08510	88.3	4.18e-200	557
Bra009346	AT5G08520	78.4	2.72e-143	404
Bra009347	AT5G08530	99.3	1.35e-308	835
Bra009348	AT5G08535	58.9	9.95e-37	121
Bra009349	AT5G08540	80.7	2.09e-171	480
Bra009350	AT5G08550	75.5	0	1149
Bra009351	AT5G08560	84.4	0	993
Bra009352	AT5G08570	96.3	0	956
Bra009355	AT5G08610	75.1	0	1112
Bra009356	AT5G08620	87.6	0	956
Bra009357	AT5G08630	80.8	0	1095
Bra009358	AT5G08640	92	5.31e-237	645
Bra009364	AT5G08720	85.3	0	1199
Bra009366	AT5G08740	85.3	4.66e-309	843
Bra009367	AT5G08750	85.4	3.5e-214	590
Bra009368	AT5G08770	80.3	2.74e-138	392
Bra009369	AT5G08780	57.8	8.02e-144	417
Bra009370	AT5G08790	91.2	2.11e-190	522
Bra009371	AT5G09220	90.9	0	890
Bra009372	AT5G09250	93.2	2.69e-54	164
Bra009374	AT5G09270	90.8	2.32e-62	185
Bra009375	AT5G09280	94	2.48e-179	499
Bra009377	AT5G09315	82.4	5.82e-131	370
Bra009378	AT3G19770	76.1	4.28e-255	706
Bra009380	AT5G09380	76.7	1.29e-132	375
Bra009381	AT5G09390	66.4	4.36e-130	375
Bra009382	AT5G09410	73	0	1348
Bra009383	AT5G09420	85.7	0	938
Bra009385	AT5G09460	67.5	1.67e-116	338
Bra009387	AT5G09480	63.7	4.29e-31	107
Bra009388	AT5G09530	84.3	6.88e-15	72.8
Bra009389	AT5G09540	66.3	1.41e-124	356
Bra009390	AT5G09550	97.5	0	867
Bra009391	AT5G09570	58.1	4.32e-47	149
Bra009392	AT4G32210	73.5	1.28e-95	277
Bra009393	AT5G09620	64.7	1.51e-207	584
Bra009395	AT5G09640	71.8	1.87e-231	639
Bra009399	AT5G09740	96.6	9.48e-299	810
Bra009403	AT5G09790	88.2	7.94e-161	450
Bra009405	AT5G04990	75.6	1.11e-216	615
Bra009409	AT5G04940	83.1	0	1087
Bra009411	AT5G04920	88	1.99e-272	743
Bra009412	AT5G04910	85.7	1.78e-124	350
Bra009413	AT2G26640	93.4	0	950
Bra009414	AT5G04895	93.3	0	2104
Bra009418	AT1G23465	76.4	1.17e-94	271
Bra009420	AT5G04870	90.4	0	961
Bra009421	AT5G04860	76	0	1092
Bra009426	AT5G04840	76.8	4.83e-147	415
Bra009427	AT5G04830	88.7	3.68e-115	323
Bra009428	AT5G04820	79.9	2.49e-131	371
Bra009430	AT5G04810	83.2	1.11e-161	498
Bra009431	AT5G04800	90.1	7.31e-78	226
Bra009434	AT5G04720	78.5	0	1082
Bra009435	AT5G04710	91.9	0	966
Bra009437	AT5G04630	85.4	8.31e-317	861
Bra009438	AT5G04620	90.6	1.9e-286	780
Bra009439	AT5G04610	70.4	7.68e-198	553
Bra009441	AT5G04590	94.4	0	1206
Bra009442	AT5G04560	53.6	0	1708
Bra009444	AT5G04540	83.5	0	1397
Bra009445	AT5G04530	89.8	1.68e-309	839
Bra009447	AT5G04510	92.1	9.04e-314	852
Bra009448	AT5G04500	80.1	0	1287
Bra009450	AT5G04480	88.5	0	1846
Bra009452	AT5G04460	68.3	0	1004
Bra009453	AT5G04440	93	7.19e-160	443
Bra009454	AT5G04430	92.5	2.42e-216	592
Bra009456	AT5G04410	81.1	1.94998e-319	872
Bra009460	AT5G04380	77.4	1.16e-210	583
Bra009461	AT5G04360	86.5	0	1692
Bra009463	AT5G04350	63	5.63e-65	194
Bra009464	AT5G04340	73.1	1.45e-109	314
Bra009465	AT5G04210	58.4	1.65e-42	146
Bra009470	AT5G04290	66.6	0	1159
Bra009471	AT5G04270	87.5	4.09e-179	493
Bra009472	AT5G04260	82.3	1.03e-106	303
Bra009473	AT5G04250	74.3	3.42e-181	504
Bra009474	AT5G04240	70	0	1536
Bra009476	AT5G04220	88.4	0	978
Bra009478	AT5G04190	70.7	4.71e-172	486
Bra009479	AT5G04180	79.4	3.13e-158	441
Bra009480	AT5G04170	72.5	3.07e-138	397
Bra009481	AT5G04160	97.1	2.81e-203	557
Bra009483	AT5G04140	94.3	0	3063
Bra009485	AT5G04110	60.7	1.23e-215	607
Bra009487	AT5G04080	81.5	2.82e-32	105
Bra009488	AT5G04070	78.9	1.82e-201	557
Bra009489	AT5G04060	86.7	0	1086
Bra009490	AT5G04050	74	0	1048
Bra009491	AT5G04040	89.3	0	1369
Bra009492	AT5G04030	53.8	3.4e-19	73.6
Bra009493	AT5G04020	58	0	1392
Bra009495	AT5G03990	60.9	9.07e-117	339
Bra009496	AT5G03980	72.2	7.23e-173	483
Bra009497	AT5G03970	69.4	5.19e-213	590
Bra009498	AT5G03960	76.5	1.98e-172	486
Bra009499	AT5G03940	90.7	0	937
Bra009500	AT5G03910	84.7	0	945
Bra009504	AT5G03890	77.7	1.09e-85	249
Bra009505	AT5G03880	85.6	7.93e-212	581
Bra009510	AT5G03790	81.9	5.64e-130	365
Bra009511	AT5G03770	85.9	4.77e-277	756
Bra009513	AT5G03740	70.2	1.21e-80	248
Bra009515	AT5G03720	82.4	5.74e-209	578
Bra009516	AT5G03700	83.8	1.77e-302	823
Bra009517	AT5G03690	95.1	9.57e-237	647
Bra009519	AT5G03670	78.4	9.85e-261	719
Bra009520	AT5G03660	88.5	2.19e-80	236
Bra009521	AT5G03650	86.4	0	1469
Bra009522	AT5G03640	80.8	0	1381
Bra009523	AT5G03540	91	0	1158
Bra009524	AT5G03530	95.7	1.11e-141	393
Bra009525	AT5G03510	74.3	2.47e-137	388
Bra009528	AT5G03440	77.6	5.13e-45	140
Bra009529	AT5G03430	93.4	0	915
Bra009530	AT5G03415	78	9.59e-174	509
Bra009535	AT5G03310	85.6	2.83e-64	189
Bra009537	AT5G03290	94.7	3.41e-256	696
Bra009539	AT5G03280	87.7	0	2147
Bra009542	AT5G03240	100	1.71e-159	443
Bra009544	AT5G03220	91.1	2.75e-110	310
Bra009548	AT5G03160	90.3	3.35e-296	807
Bra009549	AT5G03150	89.2	2.59e-295	807
Bra009556	AT5G02970	88.8	0	935
Bra009558	AT5G02910	72.9	6.06e-230	637
Bra009560	AT3G09630	94.3	1.13e-271	738
Bra009561	AT5G02850	86.2	5.66e-192	538
Bra009563	AT5G02830	84.9	0	1154
Bra009564	AT5G02820	96	9.09e-280	761
Bra009565	AT5G02810	80.6	0	1028
Bra009567	AT5G47580	82	0	1110
Bra009568	AT5G02770	61.2	8.03e-31	112
Bra009570	AT5G02750	84.4	1.89e-164	456
Bra009571	AT5G02740	75	8.97e-122	345
Bra009572	AT5G02730	69.9	1.1e-97	281
Bra009574	AT5G02710	85.1	3.38e-106	301
Bra009576	AT5G02620	83.1	1.35e-201	572
Bra009579	AT5G02550	72.4	7.94e-30	100
Bra009580	AT5G02540	94.3	1.75e-228	623
Bra009581	AT5G02530	78	2.76e-125	358
Bra009582	AT1G79730	86.8	2.47e-259	722
Bra009585	AT5G02480	87.2	1.41e-300	820
Bra009586	AT5G02470	93.5	7.14e-169	469
Bra009589	AT3G45100	92.8	1.94e-295	801
Bra009590	AT5G02420	77.6	9.01e-57	171
Bra009593	AT5G02400	78.2	0	932
Bra009594	AT5G02390	72.5	0	1016
Bra009597	AT5G02320	72.8	6.77e-254	704
Bra009598	AT5G02310	80.3	0	3131
Bra009599	AT5G02290	88.5	2.27e-251	686
Bra009600	AT5G02280	97.9	1.77e-102	288
Bra009601	AT5G02270	88	6.68e-221	604
Bra009602	AT5G02260	89.5	8.02e-177	486
Bra009603	AT5G02250	89.4	0	1404
Bra009604	AT5G02240	93.3	1.44e-172	475
Bra009606	AT5G02220	77.5	4.45e-35	113
Bra009607	AT5G02200	64.2	3.81e-51	163
Bra009608	AT5G02180	83.8	1.83e-317	866
Bra009609	AT5G02160	85	8.68e-71	207
Bra009615	AT5G02080	85.4	1.33e-192	531
Bra009616	AT5G02070	85.6	0	1139
Bra009618	AT5G02030	86.2	6.61e-299	822
Bra009621	AT5G02010	92.4	0	924
Bra009624	AT5G01060	82.2	7.89e-301	820
Bra009627	AT5G01120	73	4.17e-258	712
Bra009629	AT5G01160	79.5	1.7e-196	544
Bra009631	AT5G01180	84.2	0	926
Bra009636	AT5G01240	92.5	0	918
Bra009638	AT5G01300	85.2	1.14e-106	301
Bra009639	AT5G01310	79.6	0	1071
Bra009640	AT5G01490	81.2	1.57e-236	656
Bra009642	AT5G01660	71.2	9.59e-213	608
Bra009643	AT5G01700	84.5	3.48e-230	630
Bra009644	AT3G08740	85.3	3.47e-117	336
Bra009651	AT2G17320	86.4	5.09e-227	622
Bra009654	AT2G17270	94.8	1.49e-218	596
Bra009662	AT5G66110	95.9	1.91e-84	242
Bra009663	AT5G66070	76.5	8.28e-107	307
Bra009665	AT2G17110	65.8	1.15e-283	795
Bra009666	AT3G58310	65.4	5.86e-117	335
Bra009667	AT5G23280	77.2	2.46e-90	266
Bra009668	AT5G23290	90.7	5.09e-91	260
Bra009670	AT5G23310	93.5	2.94e-186	510
Bra009671	AT5G23340	92.6	3.26e-143	413
Bra009678	AT5G23390	88.7	0	1270
Bra009679	AT5G23395	77.1	1.71e-71	212
Bra009680	AT5G23400	89.1	1.14e-144	430
Bra009683	AT5G23430	79.6	7.06e-318	894
Bra009689	AT5G23490	78.2	0	1013
Bra009690	AT5G23520	76.1	1.57e-228	632
Bra009693	AT5G23540	100	2.13e-222	605
Bra009694	AT5G23550	94.9	8.41e-113	317
Bra009695	AT5G23570	74.1	1.04e-284	789
Bra009697	AT5G23580	91.6	1.03e-312	867
Bra009699	AT5G23650	55.9	1.03e-86	263
Bra009700	AT5G23660	89.1	1.06e-177	491
Bra009701	AT5G23680	52.9	6e-78	236
Bra009702	AT5G23690	84.9	1.78e-318	867
Bra009704	AT5G23710	66.2	4.01e-111	318
Bra009705	AT5G23720	88.6	0	1589
Bra009707	AT5G23750	72.2	1.46e-57	181
Bra009708	AT5G23760	97.4	1.91e-42	136
Bra009709	AT5G23850	85.1	0	957
Bra009710	AT5G23860	99.3	0	903
Bra009711	AT5G23870	88.8	5.71e-285	774
Bra009712	AT5G23880	93.4	0	1387
Bra009713	AT5G23890	77	0	1095
Bra009714	AT5G23910	61.9	1.54e-268	753
Bra009721	AT5G24000	86.7	2.27e-249	685
Bra009722	AT5G24010	87.5	0	945
Bra009723	AT5G24020	98.9	1.32e-120	343
Bra009724	AT5G24030	84	0	1005
Bra009728	AT5G24070	90.9	1.56e-229	626
Bra009730	AT5G24080	89.3	0	1561
Bra009734	AT5G24110	71.1	7e-138	392
Bra009735	AT5G24120	81.4	1.14e-265	732
Bra009736	AT5G24130	87.9	3.41e-193	532
Bra009740	AT5G24170	89.6	1.72e-97	278
Bra009743	AT5G24270	90	1.67e-144	401
Bra009745	AT5G24280	71.3	0	2272
Bra009746	AT5G24290	53.8	2.17e-155	454
Bra009747	AT5G24300	88.6	0	1174
Bra009748	AT5G24310	81.2	1.59e-171	478
Bra009749	AT5G24313	59.7	1.12e-19	74.7
Bra009750	AT5G24314	84	2.34e-88	255
Bra009751	AT5G24320	78.4	0	1029
Bra009752	AT5G24330	81.4	4.95e-204	562
Bra009753	AT5G24350	84.6	0	3972
Bra009754	AT5G24360	75.2	0	1258
Bra009756	AT5G24380	90.8	0	1199
Bra009757	AT5G24390	77.5	3.54e-282	776
Bra009758	AT5G24400	87.6	5.58e-160	446
Bra009759	AT5G24410	75.9	1.17e-145	407
Bra009763	AT5G24420	77	1.84e-144	404
Bra009768	AT5G24470	71.4	1.89e-257	715
Bra009770	AT5G24520	93	1.57e-235	641
Bra009772	AT5G24570	84.5	6.69e-29	97.4
Bra009773	AT5G24580	79.4	5.08e-111	324
Bra009775	AT5G24600	92.3	6.23e-160	442
Bra009777	AT5G24620	78.2	1.07e-194	547
Bra009778	AT5G24630	64.4	1.95e-125	369
Bra009782	AT5G24650	92.4	7.04e-168	464
Bra009783	AT5G24660	90.4	2.53e-48	148
Bra009788	AT5G24680	77.6	1.05e-219	606
Bra009789	AT5G24690	86.1	3.97e-300	820
Bra009791	AT5G24740	79.4	0	5388
Bra009792	AT5G24790	82.9	3.56e-140	392
Bra009795	AT5G24820	75.4	2.27e-213	591
Bra009796	AT5G24830	82.8	1.38e-88	285
Bra009797	AT5G24840	90.1	4.23e-164	453
Bra009799	AT5G24860	92.7	3.85e-73	214
Bra009801	AT5G24880	62.8	7.66e-106	319
Bra009803	AT5G24910	91.5	0	978
Bra009804	AT5G24920	79.1	1.15e-37	122
Bra009805	AT5G24930	84.7	8.18e-168	471
Bra009814	AT5G25080	79.8	1.15e-108	310
Bra009815	AT5G25090	79.9	8.24e-101	288
Bra009823	AT5G25170	94.1	6.43e-150	415
Bra009824	AT5G25190	81.8	1.06e-98	283
Bra009825	AT5G25210	66.3	1.46e-29	107
Bra009827	AT5G25270	77.3	2.42e-299	828
Bra009829	AT5G25280	79.4	8.78e-92	267
Bra009831	AT5G25310	79.6	4.47e-281	768
Bra009832	AT5G25320	89.7	0	890
Bra009833	AT5G25330	84.8	1.22e-223	613
Bra009834	AT5G25340	82.1	2.17e-124	349
Bra009840	AT5G25430	88.4	0	1149
Bra009841	AT5G25460	92.1	5.19e-251	683
Bra009842	AT5G25470	56.7	3.67e-104	303
Bra009843	AT5G25480	85.2	3.75e-238	651
Bra009844	AT5G25490	83.5	1.64e-105	298
Bra009845	AT5G25500	80.2	2.57e-181	509
Bra009846	AT5G25510	87	4.43e-313	851
Bra009849	AT5G25540	59.5	1.07e-49	157
Bra009850	AT5G25550	82.6	2e-129	379
Bra009851	AT5G25570	92.2	1.73e-32	108
Bra009852	AT5G25580	67.8	7.32e-183	514
Bra009853	AT5G25590	75.9	0	975
Bra009854	AT5G25610	84.2	2.49e-209	579
Bra009856	AT5G25620	87.8	1.09e-278	758
Bra009857	AT5G25760	97.4	2.65e-111	312
Bra009858	AT5G25754	91.5	0	941
Bra009859	AT5G25790	69.3	1.05e-190	541
Bra009860	AT5G25800	81.3	0	899
Bra009862	AT5G25810	77	4.33e-96	279
Bra009864	AT5G25830	73.7	2.44e-163	458
Bra009866	AT5G25880	94.6	0	1109
Bra009867	AT5G25890	88.1	2.47e-103	293
Bra009868	AT5G25900	89.1	0	899
Bra009869	AT5G25930	84.4	0	924
Bra009873	AT5G25950	73.6	1.39e-241	664
Bra009874	AT5G25970	84.6	5.44e-244	667
Bra009875	AT5G26010	83.5	3.91e-204	561
Bra009876	AT5G26030	84.5	3.52e-276	754
Bra009877	AT5G26040	90.4	2.88e-227	623
Bra009878	AT5G26050	80	4.95e-97	276
Bra009879	AT5G26060	81.7	2.91e-90	258
Bra009880	AT5G26070	81	1.29e-14	64.3
Bra009883	AT5G26110	93.8	2.57e-148	411
Bra009884	AT5G26160	68.9	0	1186
Bra009886	AT5G26200	86.8	1.4e-207	571
Bra009890	AT5G26230	66.7	5.42e-87	264
Bra009891	AT5G26240	97.1	0	1519
Bra009895	AT5G26280	82.2	9.17e-213	585
Bra009900	AT5G26742	89.4	0	1187
Bra009903	AT3G05936	56.9	6.17e-36	117
Bra009908	AT5G26680	95.9	8.59e-251	686
Bra009909	AT5G26670	93	9.93e-301	813
Bra009912	AT3G05870	97.4	9.71e-63	186
Bra009915	AT5G26600	84.8	1.35e-274	751
Bra009918	AT5G26770	77.4	3.2e-155	439
Bra009919	AT5G26790	67.1	2.52e-28	96.3
Bra009921	AT5G26810	74.9	2.18e-182	506
Bra009925	AT5G26920	62.5	6.05e-227	638
Bra009926	AT5G26930	78.5	8.34e-37	119
Bra009927	AT5G26940	80.3	5.82e-179	496
Bra009928	AT5G26990	86	9.42e-134	374
Bra009929	AT5G27000	80.9	0	1482
Bra009939	AT5G27860	96.6	1.34e-29	106
Bra009941	AT5G27840	96.8	3.63e-229	624
Bra009942	AT5G27820	95.6	7.65e-73	211
Bra009944	AT5G27760	92.7	8.06e-62	182
Bra009945	AT5G27740	96.9	4.61e-247	672
Bra009948	AT5G27680	80.3	0	1268
Bra009950	AT5G27610	63.8	0	1057
Bra009951	AT5G27600	86.3	0	1262
Bra009952	AT5G27540	89.3	0	1167
Bra009953	AT5G27520	90.4	2.23e-196	541
Bra009955	AT5G27440	66.8	5.69e-94	273
Bra009956	AT1G09650	58.4	5.89e-142	407
Bra009963	AT5G27410	92.6	0	1044
Bra009964	AT5G27400	80.9	2.83e-209	577
Bra009965	AT5G27390	69.6	6.15e-127	360
Bra009966	AT5G27395	85.1	3.7e-190	525
Bra009967	AT5G27380	81.1	1.01e-287	787
Bra009969	AT5G27330	62.3	1.61e-139	419
Bra009970	AT5G27320	92.2	5.32e-239	650
Bra009971	AT5G27270	83.1	1.78e-292	842
Bra009976	AT3G05040	79.3	0	1853
Bra009978	AT5G27120	91.5	5.4e-296	811
Bra009979	AT5G27110	76.4	0	928
Bra009980	AT5G27950	85.6	0	1003
Bra009983	AT5G27980	85.5	2.19e-98	282
Bra009986	AT5G28040	78.7	7.66e-191	535
Bra009987	AT5G28050	96.8	1.48e-128	362
Bra009990	AT5G28080	77.6	7.87e-275	752
Bra009991	AT5G28150	90.1	1.96e-189	521
Bra009992	AT5G28210	66.3	1.35e-302	835
Bra009993	AT5G28290	81.3	6.07e-308	842
Bra009994	AT5G28300	76.6	8.34e-262	731
Bra009996	AT5G28470	82.3	0	937
Bra009998	AT5G28500	82.1	1.06e-250	688
Bra010002	AT5G28640	93.8	2.15e-84	248
Bra010004	AT5G28646	72.7	4.6e-86	253
Bra010005	AT5G28650	84.8	6.03e-204	561
Bra010006	AT5G28680	88.5	0	1535
Bra010007	AT5G28690	77.4	1.7e-93	270
Bra010010	AT5G28770	79.3	2.44e-148	419
Bra010011	AT5G28840	97.6	5.93e-278	752
Bra010012	AT5G28900	91.5	0	995
Bra010013	AT3G04470	79.9	0	910
Bra010015	AT5G28910	84.6	0	934
Bra010018	AT5G30510	96.6	1.7e-278	756
Bra010025	AT5G49580	77.9	0	971
Bra010028	AT5G49570	79.1	0	1150
Bra010031	AT5G49530	73	1.4e-313	868
Bra010032	AT5G49520	76	2.17e-177	499
Bra010035	AT5G49450	76.7	4.68e-65	194
Bra010036	AT5G49430	85.6	0	2648
Bra010037	AT5G49400	85.1	1.24e-81	246
Bra010038	AT5G49360	93.5	0	1472
Bra010039	AT5G49350	81.7	3.59e-77	236
Bra010041	AT5G61910	90.2	0	1014
Bra010043	AT5G61920	74.1	3.3e-89	261
Bra010044	AT5G61960	86.3	0	1505
Bra010047	AT5G61990	66	1.18e-84	293
Bra010048	AT5G62000	86.2	0	1459
Bra010049	AT5G62020	73.7	3.03e-128	367
Bra010051	AT5G62030	90.7	6.44e-301	816
Bra010052	AT5G62040	90.4	3.17e-118	331
Bra010053	AT5G62050	82.6	5.21e-241	665
Bra010054	AT5G62065	86.1	1.49e-72	211
Bra010055	AT5G62070	68.5	5.31e-149	427
Bra010060	AT5G62130	90	1.3e-221	607
Bra010062	AT5G62170	76.9	0	904
Bra010065	AT5G62220	83.1	5.34001e-319	868
Bra010067	AT5G62230	85.7	3.51e-235	679
Bra010068	AT5G62240	66.8	3.81e-149	426
Bra010069	AT5G62250	86	3.89e-305	835
Bra010071	AT5G62270	82	1.04e-219	606
Bra010074	AT5G62310	86	0	1892
Bra010075	AT5G62350	84.8	8.8e-115	325
Bra010077	AT5G62380	88.7	1.27e-227	622
Bra010079	AT5G62410	84.6	0	1671
Bra010083	AT5G62440	77.1	2.03e-92	268
Bra010088	AT5G62480	84.5	3.95e-146	407
Bra010089	AT5G62490	82.7	2.52e-99	283
Bra010090	AT5G62500	91.9	6.15e-173	479
Bra010096	AT5G62520	77.7	1.26e-172	480
Bra010097	AT5G62530	93	0	1052
Bra010098	AT5G62550	60.8	7.28e-145	421
Bra010099	AT5G62570	84.3	6.52e-304	828
Bra010100	AT5G62580	79.3	2.5e-295	814
Bra010101	AT5G62600	91.5	0	1744
Bra010106	AT5G62630	87.8	0	1222
Bra010108	AT5G62640	65.5	5.75e-171	493
Bra010109	AT5G62650	85.5	8.15e-307	837
Bra010111	AT5G62680	91.7	0	1095
Bra010114	AT5G62700	99.8	0	900
Bra010117	AT5G62730	88.2	0	946
Bra010120	AT5G62750	91.3	1.92e-24	90.1
Bra010121	AT5G62760	70.1	2.41e-283	786
Bra010122	AT5G62770	65.9	3.34e-106	309
Bra010124	AT5G62810	82.1	1.31e-260	720
Bra010125	AT5G62820	77.6	1.49e-146	412
Bra010126	AT5G62840	87.8	3.14e-183	505
Bra010130	AT5G62900	85.2	1.7e-89	257
Bra010132	AT5G62920	85.8	3.58e-109	309
Bra010135	AT5G62930	91.7	3.34e-172	474
Bra010136	AT5G62940	79.8	7.83e-168	473
Bra010139	AT4G08300	87.3	3.15e-227	623
Bra010143	AT4G08290	85	8.53e-213	586
Bra010152	AT1G32340	79.9	0	1090
Bra010153	AT1G32350	91.5	2.79e-221	603
Bra010162	AT1G32400	90	1.05e-185	510
Bra010164	AT1G32440	92	0	999
Bra010165	AT1G32450	91.1	0	1093
Bra010166	AT1G32460	73.3	2.88e-30	102
Bra010168	AT1G32490	88.9	0	1747
Bra010169	AT1G32500	90.1	8.44e-314	851
Bra010171	AT1G32540	92	1.25e-30	108
Bra010173	AT1G32583	71.1	9.78e-88	254
Bra010177	AT1G32630	56.1	5.3e-24	90.1
Bra010178	AT1G32640	86.2	0	986
Bra010181	AT1G32690	68.3	3.05e-81	239
Bra010182	AT1G32730	69.7	3.41e-135	386
Bra010189	AT1G32900	90.9	0	1109
Bra010193	AT1G33060	69.2	2.07e-289	803
Bra010195	AT1G33400	81.5	0	1244
Bra010196	AT1G33410	54.2	0	1902
Bra010198	AT1G33430	91	1.64e-267	727
Bra010203	AT1G33470	83.9	3.27e-153	428
Bra010204	AT1G33480	55.6	3.34e-83	250
Bra010206	AT1G33500	81.2	8.08e-124	353
Bra010207	AT1G33520	78.8	1.76e-246	678
Bra010209	AT1G33610	81.9	1.48e-183	521
Bra010210	AT1G33760	79.9	4.83e-103	293
Bra010214	AT4G31940	88.1	0	929
Bra010219	AT4G31810	89	7.05e-270	734
Bra010222	AT4G31750	94.9	7.26e-211	577
Bra010223	AT5G24040	57.9	2.41e-155	441
Bra010227	AT4G31700	96	5.81e-166	458
Bra010228	AT4G31610	56.3	8.66e-169	486
Bra010229	AT4G31600	78.9	2.07e-195	541
Bra010236	AT4G31440	61.8	6.24e-147	419
Bra010237	AT4G31430	65.8	1.49e-225	635
Bra010238	AT4G31410	83.6	5.85e-168	468
Bra010239	AT4G31400	78.6	3.76e-166	464
Bra010241	AT4G31370	66.9	4.27e-107	311
Bra010243	AT4G31300	98.7	1.34e-165	456
Bra010244	AT4G18110	50	7e-22	84.7
Bra010246	AT4G31270	62.3	1.32e-117	340
Bra010248	AT4G31160	80	0	2674
Bra010249	AT4G31150	79	7.94e-149	416
Bra010257	AT4G31080	73.2	3.04e-213	592
Bra010260	AT4G30996	93	4.92e-115	323
Bra010264	AT4G30950	91.3	0	873
Bra010266	AT4G30935	71.5	5.62e-209	584
Bra010268	AT4G30890	77.4	4.42e-289	795
Bra010270	AT4G30860	84.1	0	895
Bra010271	AT4G30820	70.4	7.68e-53	166
Bra010272	AT4G30810	87.5	3.69e-318	862
Bra010277	AT4G29760	50	1.5e-81	246
Bra010279	AT4G30640	74.6	3.5e-132	377
Bra010280	AT4G30620	88.7	2.25e-102	291
Bra010281	AT4G30590	73.5	1.31e-94	273
Bra010282	AT4G30550	88.5	4.24e-160	443
Bra010283	AT4G30530	88.8	1.74e-167	462
Bra010284	AT4G30420	86.2	1.46e-226	622
Bra010287	AT4G30410	88.4	1.2e-103	295
Bra010288	AT4G30390	87.9	5.08e-53	160
Bra010293	AT4G30260	90.1	2.5e-170	474
Bra010294	AT4G30240	70.6	9.91e-134	380
Bra010295	AT4G30220	95.5	9.25e-59	174
Bra010296	AT4G30210	92.3	0	1288
Bra010298	AT4G30190	94	0	1778
Bra010303	AT4G30160	91.8	0	1731
Bra010304	AT4G30140	80.9	2.6e-207	571
Bra010307	AT4G30060	89.8	2.98e-285	772
Bra010308	AT4G30010	86.7	1.1e-54	164
Bra010309	AT4G29960	68.4	1.66e-120	346
Bra010312	AT4G29920	84.4	0	1648
Bra010315	AT4G29840	90.9	0	970
Bra010320	AT4G29700	77.8	1.4e-269	737
Bra010322	AT4G29560	74.3	1.52e-259	715
Bra010323	AT4G29540	88.1	5.66e-153	432
Bra010327	AT4G29460	74.7	2.04e-105	300
Bra010329	AT4G29410	90.2	1.82e-87	251
Bra010330	AT4G29360	89	0	894
Bra010332	AT4G29270	69.2	3.53e-128	363
Bra010350	AT4G28750	83.2	1.52e-63	190
Bra010351	AT4G28730	77.5	7.26e-85	247
Bra010355	AT4G28610	66.4	2e-155	444
Bra010359	AT4G28590	78.9	2.12e-172	481
Bra010360	AT4G28550	90.5	6.22e-286	776
Bra010361	AT4G28540	91.6	5.06e-314	852
Bra010368	AT4G28440	87.2	1.33e-89	257
Bra010369	AT4G28390	87.6	5.44e-242	661
Bra010370	AT4G28370	90.1	0	1046
Bra010371	AT4G28365	75.1	1.07e-87	256
Bra010372	AT4G28350	78.9	0	1037
Bra010375	AT4G28310	75.1	2.54e-97	281
Bra010377	AT4G28290	76.3	3.92e-29	98.6
Bra010380	AT4G28260	80.5	5.54e-297	811
Bra010381	AT4G28240	81.4	8.97e-50	151
Bra010382	AT4G28200	70.9	2.36e-316	872
Bra010383	AT4G28140	73.5	2.19e-136	386
Bra010386	AT4G28020	88.3	7.77e-204	561
Bra010389	AT4G27950	67.3	3.26e-138	394
Bra010391	AT4G27900	81.7	2.87e-137	386
Bra010392	AT4G27880	90.8	4.41e-225	613
Bra010398	AT4G27595	73.8	3.73e-124	412
Bra010399	AT4G27530	66.7	3.25e-44	140
Bra010402	AT4G27480	89.6	2.34e-283	769
Bra010404	AT4G27450	96	1.64e-181	497
Bra010411	AT4G27110	83.3	0	1131
Bra010416	AT4G27030	78	7.47e-182	503
Bra010419	AT4G26970	92.9	0	1843
Bra010420	AT4G26965	73.1	1.99e-102	293
Bra010421	AT4G26960	67.7	4.16e-44	140
Bra010422	AT4G26940	91.9	3.44e-280	760
Bra010425	AT4G26840	96.9	1.42e-64	189
Bra010427	AT4G26780	70.5	2.9e-133	381
Bra010428	AT4G26760	85.8	0	897
Bra010431	AT4G26640	80	1.26e-288	793
Bra010437	AT4G26210	93.4	8.32e-83	237
Bra010438	AT5G23790	83.5	2.51e-214	587
Bra010442	AT4G26060	87.7	1.76e-84	243
Bra010447	AT4G25780	81.6	2.35e-125	350
Bra010452	AT4G25680	89.1	4.54e-160	443
Bra010454	AT5G52530	51.2	9.54e-196	585
Bra010459	AT4G25500	85.1	4.27e-164	461
Bra010464	AT4G25450	86.1	0	1140
Bra010466	AT4G25430	53.6	5.1e-124	367
Bra010468	AT4G25350	79.7	0	1142
Bra010472	AT4G25300	77.9	2.48e-209	577
Bra010474	AT4G25140	86.5	1.07e-93	269
Bra010475	AT4G25050	79.5	3.84e-62	187
Bra010477	AT4G25010	85.9	4.13e-163	453
Bra010478	AT4G24990	92.4	8.13e-79	227
Bra010481	AT4G24810	87.2	3.45e-306	832
Bra010482	AT4G24780	91.6	1.22e-287	779
Bra010483	AT4G24770	76.2	1.72e-156	439
Bra010489	AT4G24550	95.4	2.74e-316	855
Bra010490	AT4G24440	99.1	1.73e-72	210
Bra010493	AT4G24290	91.4	0	1117
Bra010499	AT4G24220	87.9	2.77e-268	728
Bra010501	AT4G36110	90.4	5.43e-66	193
Bra010503	AT4G36010	89.1	5.49e-189	520
Bra010507	AT4G35870	91	0	1443
Bra010509	AT4G35810	82.1	6.87e-167	464
Bra010510	AT4G35800	96.3	0	2970
Bra010514	AT4G35785	75.6	7.19e-68	219
Bra010516	AT4G35780	90.7	0	1031
Bra010519	AT4G35750	95.5	1.36e-138	385
Bra010520	AT4G35740	85.6	0	1174
Bra010521	AT4G35733	60.5	1.04e-149	426
Bra010522	AT4G35730	71.7	1.7e-203	569
Bra010523	AT4G35725	78.3	7.23e-09	48.5
Bra010524	AT4G35720	85	2.48e-185	513
Bra010527	AT4G35650	92.9	1.66e-247	674
Bra010528	AT4G35630	90.5	3.35e-286	777
Bra010532	AT4G35480	80.6	1.88e-108	308
Bra010533	AT4G35460	86.1	8.71e-213	586
Bra010535	AT4G35420	87.4	1.92e-207	568
Bra010537	AT4G29305	61.5	1.59e-28	97.1
Bra010538	AT4G23620	85.5	3.13e-159	443
Bra010549	AT4G24120	92.3	0	1231
Bra010550	AT4G36130	97.3	2.53e-189	518
Bra010551	AT4G36140	73	0	1553
Bra010552	AT4G36150	78.1	0	1703
Bra010554	AT1G56360	86.1	1.48e-307	834
Bra010558	AT4G36540	79.8	2.02e-155	436
Bra010559	AT4G36550	67.3	0	891
Bra010561	AT4G36600	66	2.15e-33	129
Bra010563	AT4G36620	80.5	7.04e-93	270
Bra010564	AT1G63810	84.5	0	1779
Bra010566	AT4G36640	86.7	8.22e-190	522
Bra010568	AT4G36680	78.4	1.07e-227	627
Bra010569	AT4G36690	79.6	2.58e-261	725
Bra010570	AT4G36700	78.8	9.96e-240	669
Bra010571	AT4G36720	78.6	4.87e-110	313
Bra010574	AT4G36760	90.7	0	1181
Bra010575	AT4G36800	97.8	1.35e-134	373
Bra010579	AT4G37220	81.3	2.17e-117	331
Bra010580	AT4G37210	76.5	6.26e-205	577
Bra010584	AT4G37080	80.6	5.58e-313	858
Bra010586	AT4G37030	91.7	0	1022
Bra010587	AT4G37020	87.7	6.04e-124	350
Bra010592	AT4G36880	88.2	3.87e-245	669
Bra010594	AT4G37290	77.4	2.61e-39	124
Bra010598	AT4G37410	80	1.47e-299	817
Bra010599	AT4G37440	59.8	4.65e-158	456
Bra010600	AT4G37470	92.3	1.24e-184	507
Bra010601	AT4G37480	84.5	1.1e-315	859
Bra010602	AT4G37580	92.3	1.09e-288	781
Bra010603	AT4G37590	85.4	0	940
Bra010604	AT4G37608	59.1	1.89e-22	82.4
Bra010608	AT4G37710	81.9	1.48e-56	171
Bra010613	AT4G37810	80.6	4.32e-69	203
Bra010615	AT4G37830	91.9	3.5e-41	133
Bra010616	AT4G37840	81.8	2.69e-284	778
Bra010619	AT4G37900	73.1	0	1072
Bra010621	AT4G37925	86.8	1.41e-130	366
Bra010622	AT4G37930	97.9	0	1003
Bra010627	AT4G37990	91.9	3.13e-228	624
Bra010628	AT4G38010	78.3	2.69e-239	663
Bra010632	AT4G38060	78.2	1.57e-72	213
Bra010633	AT4G38062	71.5	0	1271
Bra010634	AT4G38065	56.2	4.07e-39	133
Bra010635	AT4G38070	79.2	7.92e-103	297
Bra010636	AT4G38100	73.5	2.55e-83	244
Bra010638	AT1G26290	85.5	1.12e-63	190
Bra010639	AT4G40090	75.4	1.19e-30	107
Bra010640	AT4G40080	83.6	3.39e-222	610
Bra010641	AT4G40070	66.1	1.35e-136	389
Bra010643	AT4G39970	85.1	1.94e-190	525
Bra010647	AT4G39910	97	3.45e-260	706
Bra010648	AT4G39900	84.2	3.72e-132	372
Bra010652	AT4G39850	90.9	0	2372
Bra010654	AT4G39820	80.3	7.83e-228	628
Bra010655	AT4G39810	90.6	1.41e-162	450
Bra010659	AT4G39756	71.4	2.3e-142	405
Bra010661	AT4G39753	59.4	6.28e-162	459
Bra010662	AT4G39740	77.4	3.03e-149	418
Bra010665	AT4G39730	90.9	5.02e-123	343
Bra010667	AT4G39690	76.6	7.85e-304	840
Bra010668	AT4G39680	64.3	7.63e-208	593
Bra010669	AT4G39675	61.9	1.41e-10	51.2
Bra010670	AT4G39670	87.1	1.27e-135	379
Bra010673	AT4G39610	88.8	3.34e-138	389
Bra010681	AT4G39460	90.5	3.89e-205	566
Bra010685	AT4G39390	96.4	3.91e-223	610
Bra010686	AT4G39380	66.4	5.07e-209	590
Bra010687	AT4G39370	71.3	8.54e-242	670
Bra010689	AT2G21790	91.3	0	1523
Bra010690	AT4G39360	54.2	1.48e-29	103
Bra010692	AT4G38280	56.6	4.86e-36	122
Bra010693	AT4G39260	90.2	7.53e-54	167
Bra010694	AT4G39230	89	1.89e-200	550
Bra010695	AT4G39220	94.2	4.27e-132	367
Bra010699	AT4G39180	82.4	4.33e-305	835
Bra010700	AT4G39170	89.6	0	1079
Bra010701	AT4G39160	58.7	1.52e-174	508
Bra010703	AT4G39120	85.8	2.82e-206	569
Bra010704	AT4G39110	92.9	0	1579
Bra010705	AT4G39100	87.8	2.76e-144	406
Bra010712	AT4G39080	93.8	0	1499
Bra010713	AT4G39070	88	4.23e-157	435
Bra010714	AT4G39050	91.5	0	1721
Bra010716	AT4G38980	58.8	4.62e-57	180
Bra010718	AT4G38960	75.2	1.28e-113	322
Bra010720	AT4G38910	81.2	6.4e-129	367
Bra010721	AT4G38905	66.5	4.35e-62	191
Bra010723	AT4G38870	66.3	3.75e-102	302
Bra010725	AT4G38800	86.3	4.42e-162	449
Bra010726	AT4G38790	96.3	8.36e-190	520
Bra010727	AT4G38770	87.9	1.37e-103	315
Bra010728	AT4G38740	93	6.76e-122	340
Bra010729	AT4G38730	92.4	3.46e-212	582
Bra010730	AT4G38710	70.4	4.05e-133	389
Bra010731	AT4G38690	94	1.91e-230	627
Bra010732	AT4G38660	83.9	8.91e-211	580
Bra010733	AT4G38650	83.7	0	954
Bra010734	AT4G38640	86.7	0	915
Bra010735	AT4G38630	92.7	1.44e-231	635
Bra010737	AT4G38600	90.2	0	2962
Bra010739	AT4G38570	95.5	1.26e-150	418
Bra010740	AT4G38550	62.1	2.36e-169	514
Bra010742	AT4G38490	68.8	1.69e-41	134
Bra010743	AT4G38480	79.7	3.3e-244	675
Bra010744	AT4G38470	83.4	0	934
Bra010745	AT4G38380	86.3	1.8e-310	848
Bra010746	AT4G38350	87.4	0	2178
Bra010749	AT3G46100	90.8	3.64e-318	863
Bra010752	AT4G14220	71.8	3.02e-123	357
Bra010753	AT4G14225	66.2	2.98e-56	171
Bra010754	AT4G14230	83.2	2.74e-267	734
Bra010757	AT4G14300	70.3	9.36e-163	462
Bra010758	AT4G14301	75	5.01e-17	71.2
Bra010759	AT4G14310	72.4	0	1187
Bra010762	AT4G14340	86.2	1.11e-268	735
Bra010763	AT4G14350	89.1	0	961
Bra010764	AT1G30480	77.4	4.4e-175	491
Bra010765	AT1G30475	64.3	1.44e-57	178
Bra010767	AT1G30460	84.1	0	961
Bra010772	AT3G28810	59.4	2.24e-130	383
Bra010774	AT1G30380	96.2	4.49e-84	241
Bra010776	AT1G30330	82.1	0	1442
Bra010777	AT1G30320	76.4	2.26e-201	570
Bra010782	AT1G56070	96.4	0	1642
Bra010785	AT1G30250	68.3	4.38e-30	102
Bra010788	AT1G30220	90.9	0	917
Bra010791	AT1G30160	69.1	2.13e-184	514
Bra010793	AT1G30170	77.4	1.7e-216	595
Bra010794	AT1G30135	78	1.54e-57	174
Bra010795	AT1G30130	84.6	1.43e-202	555
Bra010796	AT1G30120	90.1	2.1e-257	702
Bra010803	AT1G30020	87.5	6.34e-42	134
Bra010808	AT1G29820	87.8	0	893
Bra010813	AT1G29770	78.7	3.2e-148	417
Bra010814	AT1G29760	79.5	1.3e-154	441
Bra010818	AT1G29700	85.6	2.02e-214	589
Bra010819	AT1G29690	92.2	0	1056
Bra010820	AT1G29670	86.8	9.87e-235	644
Bra010821	AT1G29660	86.3	2.68e-235	643
Bra010822	ATCG01110	91.2	1.4e-36	125
Bra010823	AT1G29640	76.9	1.09e-63	190
Bra010829	AT5G32440	78.7	4.63e-107	310
Bra010832	AT1G29350	75.4	0	1068
Bra010834	AT1G29340	85.1	0	1063
Bra010835	AT1G29330	95.8	4.71e-150	415
Bra010836	AT1G29320	72.3	1.34e-248	685
Bra010839	AT1G29280	83	7.68e-137	385
Bra010841	AT1G29230	87.4	1.79e-313	854
Bra010842	AT1G29240	67.4	5.61e-229	642
Bra010845	AT1G29195	75	6.37e-87	253
Bra010847	AT1G29170	62.9	0	1075
Bra010848	AT1G29160	88.2	6.09e-106	300
Bra010849	AT1G29150	97.6	2.1e-285	774
Bra010851	AT1G29120	86	8.93e-273	745
Bra010853	AT4G14600	87.6	4.48e-79	229
Bra010854	AT1G28960	91.3	7.66e-152	425
Bra010855	AT1G28815	70.3	1.35e-56	171
Bra010856	AT1G28690	82.1	6.76e-259	715
Bra010857	AT1G28670	83.3	2.43e-245	670
Bra010859	AT1G28560	65.6	2.43e-205	576
Bra010863	AT1G28530	85	0	997
Bra010865	AT1G28510	86.9	5.72e-89	257
Bra010866	AT1G28490	92.2	7.52e-155	429
Bra010876	AT1G28400	65.1	4.91e-125	359
Bra010877	AT1G28395	89.5	1.07e-52	159
Bra010878	AT1G28390	73	6.78e-225	625
Bra010879	AT1G28380	84	0	1028
Bra010880	AT1G28370	69.9	5.59e-68	205
Bra010881	AT1G28360	83.1	1.2e-83	244
Bra010886	AT1G28270	94.5	2.07e-73	213
Bra010890	AT1G28230	85.7	9.16e-215	590
Bra010892	AT1G28210	79.1	3.19e-241	663
Bra010897	AT1G28200	84.2	4.37e-153	426
Bra010899	AT1G28170	75.9	9.55e-182	504
Bra010902	AT1G28120	76.9	1.03e-169	473
Bra010906	AT1G28070	60.6	5.67e-56	174
Bra010908	AT1G28050	70.7	1.03e-154	444
Bra010909	AT1G27980	92.6	0	1000
Bra010911	AT1G27960	66.5	3.69e-232	649
Bra010914	AT1G27910	90.7	0	1318
Bra010915	AT1G27900	91.5	0	1240
Bra010917	AT1G27770	92.6	0	1843
Bra010919	AT1G27752	86.5	0	1275
Bra010921	AT1G27740	88.8	1.67e-157	437
Bra010922	AT1G27730	84.6	3.25e-121	343
Bra010923	AT1G27700	80.3	2.51e-165	460
Bra010924	AT1G27690	95.1	1.12e-304	828
Bra010925	AT1G27660	84.3	1.57e-257	706
Bra010926	AT1G27650	78.5	7.93e-152	426
Bra010927	AT1G27630	87.2	2.56e-201	553
Bra010928	AT1G27620	84.4	4.96e-277	755
Bra010929	AT1G27600	80	4.27e-234	642
Bra010931	AT1G27595	83.6	0	2079
Bra010933	AT1G27510	72.1	5.05e-310	855
Bra010934	AT1G27470	82.4	0	1329
Bra010936	AT1G27460	84.6	0	1138
Bra010937	AT1G27450	70.1	1.01e-116	334
Bra010941	AT1G27435	80.5	4.23e-38	121
Bra010942	AT1G27420	86.1	1.32e-228	624
Bra010945	AT1G23560	80.4	3.03e-184	514
Bra010950	AT1G24300	58.1	0	1313
Bra010953	AT1G27310	95.9	1.44e-83	239
Bra010959	AT1G24310	88.4	9.18e-188	525
Bra010960	AT1G24330	86.2	0	1149
Bra010961	AT1G24350	82.8	5.01e-100	285
Bra010963	AT1G24440	91.7	3.03e-175	481
Bra010967	AT1G24530	79.6	2.64e-217	602
Bra010969	AT1G24580	82.4	6.31e-72	211
Bra010970	AT1G24575	61.2	2.83e-26	92
Bra010971	AT1G24577	72.6	1.35e-28	97.4
Bra010972	AT1G24590	80.5	4.29e-167	465
Bra010973	AT1G24600	79.5	3.01e-33	108
Bra010974	AT1G24620	91.4	1.04e-114	323
Bra010975	AT1G24625	85	7.24e-122	343
Bra010976	AT1G24706	85	0	2828
Bra010977	AT1G24735	69.5	1.66e-130	369
Bra010978	AT1G24764	86.3	1.38e-305	845
Bra010979	AT1G25210	84.3	6.52e-184	509
Bra010980	AT1G25220	85.3	1.33e-167	465
Bra010981	AT1G25250	77.1	9.48e-189	526
Bra010982	AT1G25260	86.4	1.18e-140	392
Bra010984	AT1G25275	89.1	4.03e-36	116
Bra010985	AT1G25280	89.1	1.02e-283	772
Bra010986	AT1G25290	78.5	2.5e-188	522
Bra010988	AT1G25300	58.7	7.34e-85	254
Bra010992	AT1G25360	86.7	0	894
Bra010993	AT1G25330	80.8	9.93e-115	326
Bra010995	AT1G25480	90.5	0	967
Bra010997	AT1G25500	95.7	0	920
Bra011000	AT1G25530	87.5	7.38e-286	776
Bra011001	AT1G25540	86.1	0	1090
Bra011007	AT1G26090	83.3	4.84e-257	705
Bra011008	AT1G26100	88.6	1.43e-140	392
Bra011009	AT1G26110	80.6	1.59e-292	808
Bra011010	AT1G26120	84.3	1.78e-267	733
Bra011011	AT1G26140	75.6	1.03e-61	185
Bra011012	AT1G26160	85.9	4.51e-115	327
Bra011013	AT1G26180	78	1.22e-130	372
Bra011016	AT1G26200	79.8	8.76e-182	503
Bra011017	AT1G26210	73.2	1.52e-46	147
Bra011018	AT1G26220	85.3	8.32e-119	334
Bra011019	AT1G26250	63.8	1.15e-08	56.2
Bra011021	AT1G26310	84.4	3.21e-140	393
Bra011022	AT1G26360	72.5	8.79e-210	584
Bra011026	AT4G28420	82.4	4.59e-278	758
Bra011027	AT4G28430	70.2	2.55e-182	516
Bra011029	AT4G28460	82.2	8.98e-35	112
Bra011031	AT4G28480	84	2.41e-208	573
Bra011033	AT4G28490	84.6	6.4e-239	692
Bra011034	AT4G28500	85.8	4.55e-194	533
Bra011035	AT4G28510	93.7	1.08e-185	511
Bra011036	AT4G28520	80.5	9.12e-276	758
Bra011037	AT4G28530	80.2	5.01e-209	575
Bra011040	AT4G28560	66.9	4.79e-148	428
Bra011041	AT4G28600	87	0	1225
Bra011043	AT4G28630	82.1	0	1055
Bra011045	AT4G28640	78	4.08e-116	333
Bra011046	AT4G28650	94.3	6.95e-317	902
Bra011047	AT4G28660	80.3	3.12e-103	296
Bra011048	AT4G28670	76	0	907
Bra011049	AT4G28680	86.2	0	896
Bra011052	AT4G28703	83.5	8.3e-66	193
Bra011053	AT4G28710	86.9	0	2342
Bra011055	AT4G28720	90.4	3.69e-294	797
Bra011058	AT4G28760	72.5	0	1137
Bra011059	AT4G28770	85.1	8.01e-167	464
Bra011060	AT4G28780	93.7	1.41e-246	671
Bra011063	AT4G28820	68	1.55e-65	198
Bra011065	AT4G28840	75.4	1.92e-82	241
Bra011066	AT4G28850	84.6	1.02e-196	539
Bra011067	AT4G28880	88.8	1e-270	737
Bra011068	AT4G28890	82.1	7.3e-238	654
Bra011069	AT4G28910	84.6	1.54e-235	649
Bra011070	AT4G28940	80.1	2.95e-210	578
Bra011071	AT3G23890	75.5	0	2036
Bra011072	AT4G28950	95.2	1.12e-145	403
Bra011073	AT4G28980	84.9	3.54e-301	819
Bra011074	AT4G28990	59.7	2.37e-138	397
Bra011075	AT4G29000	70.1	1.24e-257	716
Bra011076	AT4G29010	91.1	0	1298
Bra011077	AT4G29020	85.1	4.03e-19	78.2
Bra011078	AT4G29037	76.1	1.93e-72	224
Bra011079	AT4G29040	98.9	3.41e-310	839
Bra011081	AT4G29060	75.8	0	1217
Bra011082	AT4G29080	77.9	1.41e-155	436
Bra011083	AT4G29100	78.7	4e-204	567
Bra011085	AT2G19830	85.4	2.19e-108	309
Bra011087	AT4G29190	82.5	2.6e-221	607
Bra011089	AT4G29220	90.7	1.17e-319	868
Bra011092	AT4G29280	55.1	8.81e-26	90.1
Bra011096	AT4G29310	95.8	3.92e-304	822
Bra011097	AT4G29330	87.6	3.11e-161	447
Bra011098	AT4G29340	96.3	1.32e-96	273
Bra011099	AT2G19760	91.6	3.16e-89	254
Bra011104	AT4G29380	90.6	0	2610
Bra011105	AT4G29400	79.8	5.54e-170	472
Bra011107	AT4G29420	76.5	4.24e-243	669
Bra011109	AT4G29440	57.5	4.23e-293	840
Bra011111	AT4G29450	70.4	0	1186
Bra011113	AT3G04900	63.6	1.12e-79	236
Bra011116	AT4G29480	96.7	1.01e-83	239
Bra011117	AT4G29490	91.5	0	927
Bra011118	AT4G29510	92.6	1.33e-255	696
Bra011119	AT4G29520	83.1	6.76e-164	457
Bra011120	AT4G29530	82.9	1.75e-149	416
Bra011123	AT4G29550	50	3.14e-83	255
Bra011125	AT4G29658	81.5	2.25e-86	251
Bra011126	AT4G29660	95	1.57e-72	210
Bra011127	AT4G29670	86.3	6.17e-116	330
Bra011128	AT4G29680	83.4	9.81e-315	855
Bra011129	AT4G29690	83.2	5.17e-292	794
Bra011132	AT4G29720	82.5	0	877
Bra011136	AT4G29790	84.2	0	1873
Bra011137	AT4G29810	89	1.32e-237	649
Bra011138	AT4G29820	85.1	8.19e-140	389
Bra011139	AT4G29830	98.4	1.96e-174	485
Bra011142	AT4G29860	86.8	3.31e-247	675
Bra011143	AT4G29870	90.8	1.02e-105	299
Bra011153	AT4G29940	76	1.75e-257	736
Bra011154	AT4G29950	69.4	0	1031
Bra011156	AT4G29990	85.6	0	1424
Bra011157	AT4G30000	86.1	0	872
Bra011159	AT2G25680	89	8.9e-271	740
Bra011161	AT4G30030	76.3	1.29e-237	654
Bra011162	AT4G30080	86.5	0	1090
Bra011163	AT4G30090	68.3	5.35e-155	441
Bra011164	AT4G30110	84.8	0	1277
Bra011166	AT4G30130	71.2	0	892
Bra011167	AT4G30150	68.8	0	2536
Bra011171	AT4G30180	83.3	1.41e-74	219
Bra011173	AT4G30200	75	0	952
Bra011177	AT4G30250	88.6	1.42e-305	834
Bra011179	AT4G30270	87.6	6.76e-187	513
Bra011184	AT4G30340	89.9	0	928
Bra011185	AT4G30350	76.1	0	1036
Bra011186	AT4G30360	87.5	0	1253
Bra011187	AT4G30370	70.7	2.6e-78	229
Bra011188	AT4G30380	78.4	8.08e-69	202
Bra011189	AT4G30400	80.5	3.41e-263	722
Bra011193	AT4G30430	71	1.52e-134	380
Bra011194	AT4G30440	98.6	4.33e-315	850
Bra011195	AT4G30450	79.5	9.54e-14	61.6
Bra011196	AT4G30460	91.4	2.15e-11	58.5
Bra011198	AT2G23940	86.1	9.67e-105	299
Bra011204	AT4G30630	57	1.75e-58	183
Bra011208	AT4G30650	93.2	1.12e-42	132
Bra011212	AT4G30700	82.9	0	1302
Bra011221	AT4G30780	77.4	4.95e-300	825
Bra011222	AT4G30790	83.9	0	1797
Bra011225	AT4G30825	74.6	0	927
Bra011226	AT4G30830	59.6	7.98e-114	333
Bra011228	AT4G30850	88.1	1.48e-231	633
Bra011229	AT4G30880	84.8	1.58e-63	187
Bra011231	AT4G30900	88.1	1.73e-213	584
Bra011232	AT4G30920	92.5	0	1021
Bra011236	AT4G30960	95	2.01e-301	816
Bra011237	AT4G30980	86.8	1.09e-99	293
Bra011238	AT4G30993	75.8	7.26e-159	443
Bra011242	AT4G31020	93.5	5.58e-211	575
Bra011243	AT4G31040	88.6	6.29e-257	704
Bra011244	AT4G31050	82.4	7.26e-165	465
Bra011245	AT4G31110	69	0	1000
Bra011248	AT4G31130	93.8	8.84e-127	354
Bra011249	AT4G31140	87.2	1.11e-315	856
Bra011250	AT4G31170	93.2	1.96e-289	784
Bra011251	AT4G31180	79.2	2.64e-289	795
Bra011252	AT4G31200	75.6	1.53e-318	877
Bra011254	AT4G31240	88.4	3.6e-265	721
Bra011255	AT4G31250	77.4	0	918
Bra011256	AT4G31290	96	9.53e-165	453
Bra011259	AT4G31330	90	6.74e-153	424
Bra011260	AT4G31340	78.9	9.99e-181	511
Bra011262	AT4G31350	93.4	3.87e-282	762
Bra011263	AT4G31360	73.5	4.98e-78	230
Bra011267	AT4G31380	91.9	1.36e-73	214
Bra011268	AT4G31390	95.5	0	1139
Bra011270	AT4G31420	75.6	6.67e-217	599
Bra011275	AT4G31460	85.4	1.47e-115	327
Bra011279	AT4G32090	71.8	1.57e-63	189
Bra011281	AT4G31540	88.9	0	1198
Bra011282	AT4G31550	80.7	3.51e-176	490
Bra011284	AT4G31590	96.4	0	1337
Bra011286	AT4G31620	51.1	7.2e-150	434
Bra011288	AT4G31630	63.6	8.48e-188	535
Bra011290	AT4G31670	75.4	0	928
Bra011293	AT4G31720	99.3	1.23e-92	263
Bra011294	AT4G31730	73.5	1.42e-75	222
Bra011298	AT4G31790	91.7	2.7e-189	519
Bra011299	AT4G31800	80.5	1.6e-153	432
Bra011300	AT3G43710	53.4	2.25e-123	360
Bra011301	AT4G31820	85.3	0	905
Bra011302	AT4G31830	94	1.59e-63	187
Bra011303	AT4G31840	85.2	4.5e-100	285
Bra011308	AT4G31890	88.9	5.84e-308	839
Bra011316	AT4G32030	66.5	7.21e-97	283
Bra011317	AT4G32040	86.3	4.31e-223	613
Bra011318	AT4G32050	79.9	0	928
Bra011319	AT4G32060	85.1	1.06e-287	786
Bra011323	AT4G32100	55.3	1.79e-38	125
Bra011324	AT4G32120	91.7	5.24e-231	630
Bra011326	AT4G32160	88.7	0	1191
Bra011328	AT4G32190	68.3	3.15e-180	534
Bra011329	AT4G32260	81.4	2.77e-89	261
Bra011330	AT4G32250	88.9	0	1044
Bra011331	AT4G32270	79.6	2.01e-127	360
Bra011333	AT4G32285	86.4	0	1021
Bra011339	AT4G32340	62.5	5.85e-72	219
Bra011341	AT4G32370	70.8	5.36e-165	465
Bra011344	AT4G32400	83.7	4.08e-223	614
Bra011346	AT4G32420	67	7.73e-136	422
Bra011347	AT4G32430	80.3	0	1230
Bra011348	AT4G32450	73.4	3.61e-226	644
Bra011349	AT4G32460	92.6	2.71e-256	696
Bra011351	AT4G32500	87.7	0	1379
Bra011352	AT2G25610	97.2	8.45e-100	286
Bra011353	AT4G29250	79.7	1.66e-255	702
Bra011354	AT4G32540	88.1	2.54e-269	733
Bra011356	AT4G32560	79.5	2.24e-148	418
Bra011358	AT4G32590	78.4	6.64e-82	239
Bra011359	AT4G32600	82.4	3.02e-242	666
Bra011360	AT4G32605	87.7	6e-143	398
Bra011361	AT4G32610	73.3	4.68e-88	265
Bra011364	AT4G32620	77.2	0	1819
Bra011365	AT4G32630	65.8	3.51e-264	737
Bra011366	AT4G32640	79.7	0	1646
Bra011368	AT4G32660	91.2	1.96e-273	742
Bra011371	AT4G32680	74.1	5.02e-127	362
Bra011372	AT4G32700	85.9	0	3547
Bra011374	AT4G32710	86.1	1.12e-214	605
Bra011375	AT4G32720	80.8	6.08e-233	643
Bra011382	AT4G32780	89.4	2.47e-216	600
Bra011384	AT4G32810	84.3	0	1016
Bra011385	AT4G32820	84.8	0	3075
Bra011386	AT4G32830	93.5	4.17e-201	550
Bra011387	AT4G32840	93.9	0	875
Bra011391	AT4G32870	73.6	1.95e-88	254
Bra011392	AT4G32880	97.2	0	1617
Bra011393	AT4G32890	75.7	9.37e-154	432
Bra011394	AT4G32900	87.6	3.96e-113	320
Bra011395	AT4G32910	89.2	0	1286
Bra011396	AT4G32920	85.3	0	2336
Bra011398	AT4G32940	87.5	0	871
Bra011403	AT4G32980	73.9	5.73e-239	661
Bra011405	AT4G33010	89.9	0	1883
Bra011406	AT4G33020	87.5	3.33e-201	556
Bra011408	AT4G33040	91.6	6.56e-88	252
Bra011409	AT4G33050	85.3	1.98e-297	813
Bra011410	AT4G33060	85.9	1.52e-300	819
Bra011411	AT4G33080	94.8	0	989
Bra011412	AT4G33090	90.3	0	1582
Bra011414	AT4G33110	89	1.53e-241	658
Bra011416	AT4G33130	85.8	1.75e-129	363
Bra011420	AT4G33145	65	1.87e-18	70.5
Bra011422	AT4G33150	88.4	0	1838
Bra011423	AT4G33160	75.8	9.44e-229	634
Bra011424	AT4G33170	80	0	1567
Bra011425	AT4G33180	86.7	1.74e-198	545
Bra011426	AT4G33200	89.2	0	2370
Bra011429	AT4G33240	82.7	0	2761
Bra011430	AT4G33270	94.1	6.04e-319	873
Bra011433	AT4G33330	88.8	0	1096
Bra011434	AT4G33350	85.9	8.4e-156	434
Bra011435	AT4G33390	66.4	7.72e-208	618
Bra011436	AT4G33400	86.7	0	1072
Bra011437	AT4G33410	93.3	1.01e-250	682
Bra011440	AT4G33440	88.4	1.16002e-319	865
Bra011442	AT4G33460	87.2	1.89e-166	461
Bra011443	AT4G33467	69.6	8.19e-43	134
Bra011444	AT4G33470	87.4	2.53e-265	725
Bra011445	AT4G33480	81.9	9.69e-175	487
Bra011446	AT4G33490	92.4	4.45e-293	794
Bra011447	AT4G33495	90.3	1.15e-233	640
Bra011448	AT4G33500	55.6	2.37e-229	659
Bra011449	AT4G33510	94.4	1.37e-317	860
Bra011450	AT4G33520	89.6	0	1576
Bra011451	AT4G33530	89.2	0	1435
Bra011455	AT4G33620	75.1	0	1040
Bra011456	AT4G33625	84.6	4.47e-110	312
Bra011457	AT4G33640	93.9	1.3e-48	151
Bra011458	AT4G33650	89	0	1352
Bra011460	AT4G33666	66.3	3.27e-27	94
Bra011461	AT4G33680	93.4	1.19999e-319	865
Bra011462	AT4G33690	73.5	6.73e-83	248
Bra011463	AT4G33700	93.2	1.94e-272	742
Bra011464	AT4G33720	78.8	9.74e-100	284
Bra011465	AT4G33730	84.9	6.17e-109	307
Bra011467	AT4G33760	87.5	0	1157
Bra011468	AT4G33770	84.3	5.02e-234	642
Bra011469	AT4G33780	80.6	7.23e-97	280
Bra011470	AT4G33790	79.9	1.83e-270	742
Bra011475	AT4G33870	69.3	4.13e-191	534
Bra011478	AT4G33925	92.4	4.64e-87	249
Bra011480	AT4G33945	85.8	5.45e-269	736
Bra011484	AT4G33980	57.1	1.28e-49	160
Bra011485	AT4G34000	72.1	7.29e-190	535
Bra011486	AT4G34020	80.3	2.67e-247	682
Bra011487	AT4G34100	91.4	0	1890
Bra011498	AT4G34140	66.1	3e-206	579
Bra011504	AT3G42050	91.6	4.43e-301	816
Bra011505	AT4G34190	83.3	9.05e-76	221
Bra011507	AT4G34215	84.4	1.57e-162	450
Bra011508	AT4G34220	81.6	0	966
Bra011511	AT4G34240	85.2	0	921
Bra011514	AT4G34260	88.8	0	1452
Bra011516	AT4G34270	84.3	4.44e-185	510
Bra011517	AT3G25580	89	1.93e-126	355
Bra011518	AT4G34280	75	0	1118
Bra011519	AT4G34290	80.6	3.81e-72	212
Bra011520	AT4G34310	88.5	0	2070
Bra011521	AT4G34340	69.4	1.35e-153	435
Bra011522	AT4G34350	91.2	1.47e-317	859
Bra011523	AT4G34360	89	6.56e-159	441
Bra011524	AT4G34370	83.3	0	1005
Bra011530	AT4G34412	93	1.98e-105	298
Bra011531	AT4G34419	89.9	9.45e-81	233
Bra011532	AT4G34420	88.6	9.63e-225	614
Bra011533	AT4G34430	71.3	0	1166
Bra011534	AT4G34440	88.4	5.36e-289	804
Bra011535	AT4G34450	96.8	0	1657
Bra011536	AT4G34460	94.4	9.72e-272	736
Bra011537	AT4G34480	84.3	4.19e-308	839
Bra011538	AT4G34490	90.4	2.11e-303	827
Bra011539	AT4G34500	88.9	2.44e-271	741
Bra011540	AT4G34530	65	9.87e-123	355
Bra011541	AT4G34540	83	1.75e-185	512
Bra011543	AT4G34570	87.2	0	928
Bra011546	AT4G34620	91.2	1.74e-73	213
Bra011547	AT4G34630	55.3	2.55e-59	184
Bra011549	AT4G34650	86.1	1.55e-260	711
Bra011550	AT4G34660	94	2.15e-241	659
Bra011556	AT2G16510	100	2.16e-96	275
Bra011557	AT4G34730	87.5	2.11e-121	342
Bra011558	AT4G34740	89.1	0	975
Bra011559	AT4G34750	77.8	5.56e-79	229
Bra011560	AT4G34760	96.3	3.91e-74	214
Bra011562	AT4G34790	84.3	3.44e-61	181
Bra011563	AT4G34800	96.7	6.18e-60	177
Bra011564	AT4G34810	91.4	1.41e-64	190
Bra011565	AT4G34830	75.8	0	1080
Bra011567	AT4G34860	94	0	1108
Bra011568	AT4G34870	84.2	5.93e-109	307
Bra011570	AT4G34890	92.6	0	2544
Bra011571	AT4G34910	84.1	0	909
Bra011572	AT4G34940	91.5	0	1146
Bra011574	AT4G34960	94.6	1.51e-155	429
Bra011575	AT4G34970	88.7	1.07e-92	264
Bra011576	AT4G34990	80.4	3.35e-162	451
Bra011577	AT4G35010	89	0	1575
Bra011578	AT4G35020	97.5	4.97e-139	385
Bra011581	AT4G35060	94.8	9.96e-108	303
Bra011583	AT4G35080	79.3	8.5e-192	533
Bra011585	AT4G35100	96.4	4.38e-199	544
Bra011588	AT4G35130	74.7	0	1189
Bra011589	AT4G35140	79.5	2.49e-251	696
Bra011590	AT4G35180	76.1	3.27e-264	726
Bra011593	AT4G35220	90.1	9.28e-179	492
Bra011596	AT4G35230	95.3	0	944
Bra011597	AT4G35240	77.1	0	1048
Bra011598	AT5G60620	94.1	4.27e-270	732
Bra011599	AT4G35260	96.2	1.5e-254	692
Bra011600	AT4G35270	80.5	0	1479
Bra011603	AT4G35290	85.2	0	1542
Bra011604	AT4G35300	93.8	0	1339
Bra011605	AT4G35310	86.9	3.97002e-319	870
Bra011606	AT4G35320	77.4	9.55e-72	211
Bra011608	AT4G35350	91.8	4.75e-243	662
Bra011609	AT4G35360	96.2	1.91e-257	699
Bra011611	AT4G35380	90.3	0	2974
Bra011612	AT4G35390	79.9	2.85e-145	410
Bra011615	AT4G35440	85.5	0	1092
Bra011616	AT4G35450	79.7	1.47e-115	338
Bra011619	AT4G35500	89.7	3.05e-294	798
Bra011620	AT4G35510	63.9	1.67e-75	232
Bra011622	AT4G35540	62.6	9.59e-230	640
Bra011623	AT4G35550	74.3	7.3e-127	360
Bra011625	AT4G12735	65.6	3.29e-18	69.7
Bra011626	AT4G35590	69.7	5.65e-142	405
Bra011628	AT4G35610	58.8	1.36e-51	169
Bra011629	AT4G35680	72.3	1.91e-145	410
Bra011630	AT4G35690	81.6	2.25e-149	419
Bra011631	AT4G35700	50.9	1.57e-61	194
Bra011635	AT4G35760	76.7	6.28e-183	511
Bra011636	AT4G35770	81.1	1.9e-101	289
Bra011642	AT4G35830	97.6	0	1771
Bra011643	AT4G35840	81.2	2.04e-130	368
Bra011644	AT4G35850	87.4	4.58e-238	659
Bra011645	AT4G35860	92.9	4.87e-141	392
Bra011646	AT4G35880	88.3	0	900
Bra011649	AT4G35920	90.3	1.17e-271	739
Bra011651	AT4G35950	98	3.24e-139	386
Bra011652	AT4G35980	87.5	3.37e-48	147
Bra011653	AT4G35987	84.9	3.17e-188	519
Bra011656	AT4G36040	88.8	4.08e-99	281
Bra011657	AT4G36050	80.1	0	903
Bra011660	AT4G36090	66.2	1.47e-226	631
Bra011663	AT4G36120	65.8	0	957
Bra011667	AT4G36160	82.8	7.17e-223	612
Bra011668	AT4G36180	89.3	2.75e-277	809
Bra011670	AT4G36210	88.2	0	1114
Bra011673	AT4G36240	71.4	2.84e-111	318
Bra011674	AT4G36250	86.7	4.17e-315	855
Bra011676	AT4G36290	65.9	3.44e-289	826
Bra011677	AT4G36360	94.5	0	1722
Bra011678	AT4G36380	86	8.48e-315	857
Bra011679	AT4G36390	87	0	1084
Bra011680	AT4G36410	95.7	8.71e-115	321
Bra011682	AT4G36440	87.3	2.8e-265	722
Bra011683	AT4G36490	72.4	7.6e-243	684
Bra011685	AT4G36470	82.8	4.43e-216	594
Bra011688	AT4G36520	61.5	1.27e-280	832
Bra011689	AT4G36530	88.4	1.17e-237	650
Bra011692	AT4G36580	87.2	0	933
Bra011694	AT4G36610	84.7	4.12e-192	530
Bra011697	AT3G50690	71.9	7.5e-71	235
Bra011700	AT4G36710	87.2	2.91e-288	796
Bra011701	AT4G36730	87.6	1.28e-164	460
Bra011705	AT4G36770	81.9	1.01e-264	725
Bra011706	AT4G36780	92.1	2.4e-100	295
Bra011707	AT4G36790	90	6.43e-317	860
Bra011709	AT4G36810	85.2	2.6e-209	577
Bra011711	AT4G36850	90.1	9.3e-237	648
Bra011712	AT4G36860	84.9	0	897
Bra011714	AT4G35910	83.5	6.55e-274	748
Bra011715	AT4G37240	71.4	8.42e-77	226
Bra011717	AT4G37235	85	4.6e-81	235
Bra011719	AT4G37200	79.3	1.22e-138	389
Bra011720	AT4G37180	63.2	1.97e-123	358
Bra011722	AT4G37150	76.2	3.37e-143	401
Bra011723	AT4G37130	71.3	1.12e-176	505
Bra011725	AT4G37110	64.7	8.18e-164	465
Bra011726	AT4G37100	81.1	0	1360
Bra011728	AT4G37090	70.2	6.33e-70	210
Bra011730	AT4G37070	85	2.32e-255	697
Bra011733	AT4G37040	90	6.96e-238	648
Bra011734	AT4G37000	82.9	5.41e-179	504
Bra011735	AT4G36990	79.4	5.51e-149	418
Bra011736	AT4G36980	86.9	2.54e-262	727
Bra011737	AT4G36970	72	4.63e-188	528
Bra011739	AT4G36950	77.5	1.64e-185	515
Bra011740	AT4G36930	74.4	1.32e-148	423
Bra011744	AT4G36900	80.2	9.45e-90	261
Bra011745	AT4G36890	75.6	1.73e-278	765
Bra011747	AT4G37250	81.7	0	942
Bra011749	AT4G37260	87.8	3.13e-191	528
Bra011750	AT4G37270	93.6	0	1427
Bra011751	AT4G37280	87.3	4.69e-196	540
Bra011753	AT4G37295	83.9	1.44e-44	138
Bra011754	AT4G37300	81.5	1.35e-94	271
Bra011755	AT4G37310	84.5	2.52e-312	850
Bra011756	AT4G37330	79.5	9.17e-287	785
Bra011758	AT4G37400	89.8	0	915
Bra011760	AT4G37420	78.9	0	949
Bra011762	AT4G37430	85.4	0	878
Bra011763	AT4G37435	50.3	1.11e-44	145
Bra011766	AT4G37445	83.5	6.19e-89	270
Bra011768	AT4G37460	83.7	0	1192
Bra011769	AT4G37490	79.9	6.84e-231	637
Bra011770	AT4G37510	88.7	0	957
Bra011771	AT4G37520	91	4.87e-215	588
Bra011772	AT4G37540	76.8	3.28e-125	354
Bra011774	AT4G37560	91.8	1.59e-318	861
Bra011777	AT4G37650	91.6	3.69e-297	813
Bra011778	AT4G37670	88.8	0	1072
Bra011779	AT4G37680	91.9	2.72e-269	730
Bra011780	AT4G37730	74.1	3.78e-118	339
Bra011781	AT4G37740	68.3	2.64e-215	603
Bra011783	AT4G37760	93	0	924
Bra011784	AT4G37770	91.5	0	868
Bra011785	AT4G37780	73.5	2.67e-157	441
Bra011786	AT4G37790	84.9	1.84e-161	449
Bra011790	AT4G37850	70.9	2.96e-151	427
Bra011791	AT4G37860	53.7	2.1e-77	240
Bra011792	AT4G37870	96.3	0	1298
Bra011793	AT4G37880	77.6	6.83e-223	613
Bra011794	AT4G37910	91.2	0	1172
Bra011795	AT4G37920	88.2	7.63e-261	713
Bra011797	AT4G37940	90.4	1.6e-120	341
Bra011798	AT4G37970	88.4	5.5e-241	657
Bra011799	AT4G37980	83.8	1.78e-225	617
Bra011800	AT4G38000	71.4	3.3e-116	332
Bra011801	AT4G38020	85.1	1.68e-210	578
Bra011802	AT4G38030	81.5	0	1130
Bra011803	AT4G38040	88.2	1.39e-283	769
Bra011804	AT4G38050	82.1	0	1119
Bra011808	AT4G40060	82.5	2.86e-149	419
Bra011810	AT4G40050	86.9	0	1007
Bra011811	AT4G40045	78.6	9.28e-64	192
Bra011812	AT4G40042	88.1	3.21e-48	147
Bra011814	AT4G40020	68	4.51e-167	487
Bra011815	AT4G40010	87.3	6.89e-221	605
Bra011816	AT4G40000	75.8	0	1093
Bra011818	AT4G39990	91.1	2.27e-143	399
Bra011819	AT4G39980	92.8	0	941
Bra011820	AT4G39960	88.7	4.62e-262	721
Bra011822	AT4G39940	89.4	2.48e-193	531
Bra011825	AT4G39880	88.3	3.09e-103	293
Bra011827	AT4G39860	82.8	5.47e-164	458
Bra011828	AT4G39840	72	1.01e-162	466
Bra011830	AT4G39800	95.3	0	961
Bra011831	AT4G39795	69.6	9.43e-47	146
Bra011832	AT4G39790	74.7	3.74e-309	855
Bra011833	AT4G39780	81.2	2.17e-150	421
Bra011835	AT4G39770	90	3.26e-232	634
Bra011838	AT4G39720	68.5	7.33e-96	284
Bra011839	AT4G39710	71.4	1.11e-101	292
Bra011840	AT4G39700	94.3	1.7e-106	300
Bra011843	AT4G39660	90.6	2.31998e-319	865
Bra011844	AT4G39640	88.8	0	1006
Bra011847	AT4G39620	84.1	2.46e-159	463
Bra011851	AT1G61540	54.7	1.81e-134	391
Bra011857	AT4G39540	80.5	3.27e-161	450
Bra011858	AT4G39520	97	1.79e-263	714
Bra011859	AT4G39510	78	1.08e-294	805
Bra011860	AT4G39420	85	0	5244
Bra011862	AT4G39400	88.6	0	1434
Bra011865	AT4G39350	93.4	0	2076
Bra011866	AT4G39340	83.5	3.05e-70	206
Bra011868	AT4G39300	89.4	9.85e-45	140
Bra011870	AT4G39250	87.1	1.96e-49	153
Bra011872	AT4G39150	88.7	3.81e-216	593
Bra011873	AT4G39140	79.4	1.42e-229	634
Bra011874	AT4G39130	63.3	2e-43	140
Bra011877	AT4G39090	91.9	6.35e-254	690
Bra011880	AT4G39030	86.5	0	906
Bra011881	AT4G39010	93.3	0	915
Bra011884	AT4G38970	95.1	8.84e-277	751
Bra011885	AT4G38950	81.3	0	1238
Bra011887	AT4G38890	79.2	0	1063
Bra011888	AT4G38880	87.5	0	884
Bra011889	AT4G38860	96.2	9.32e-72	208
Bra011895	AT4G38700	80.8	1.68e-100	287
Bra011896	AT4G38670	90.1	1.97e-168	469
Bra011898	AT4G38460	79.8	2.56e-176	490
Bra011901	AT4G38210	93	1.83e-179	493
Bra011902	AT4G38220	88.7	2.59e-279	760
Bra011907	AT1G55265	64.7	1.36e-66	199
Bra011908	AT1G55270	84.8	3.93e-275	749
Bra011912	AT1G55325	89.1	0	3227
Bra011916	AT1G55450	89.4	2.9e-210	575
Bra011917	AT1G55460	82.1	2.31e-234	644
Bra011918	AT1G55480	86.6	1.11e-194	537
Bra011919	AT1G55490	97	0	1083
Bra011920	AT1G55520	96.5	2.75e-137	381
Bra011921	AT2G28880	83.1	0	1524
Bra011922	AT2G28870	61.4	3.22e-50	157
Bra011923	AT2G28840	90.4	4.95e-280	764
Bra011925	AT2G28790	86.9	2.24e-169	468
Bra011928	AT2G28760	98.5	7.72e-240	654
Bra011932	AT2G28690	80	1.97e-112	322
Bra011937	AT3G25280	73.9	2.46e-277	762
Bra011939	AT2G28550	82.4	6.7e-263	721
Bra011940	AT2G28540	64.2	0	1159
Bra011943	AT2G28490	72.8	2.71e-258	711
Bra011946	AT2G28470	88	0	1535
Bra011947	AT2G28450	73.6	0	1097
Bra011949	AT2G28430	85.9	3.98e-48	147
Bra011950	AT2G28420	82.8	6.18e-108	306
Bra011951	AT2G28410	74.8	1.7e-56	170
Bra011955	AT2G28350	85.5	0	1171
Bra011959	AT2G28320	90.9	0	1346
Bra011960	AT2G28315	96.5	3.54e-206	567
Bra011961	AT2G28310	94	1.03e-276	749
Bra011963	AT2G28260	89.4	0	1226
Bra011965	AT2G28250	62.1	1.83e-220	615
Bra011967	AT2G28230	82.7	2.35e-134	375
Bra011969	AT2G28210	78.5	5.2e-158	440
Bra011970	AT2G28200	75.2	7.59e-115	332
Bra011973	AT2G28150	76.9	1.45e-245	683
Bra011974	AT2G28140	67.7	8.85e-68	204
Bra011975	AT2G28130	72.8	8.92e-204	570
Bra011976	AT2G28120	91	0	993
Bra011978	AT2G28090	62.9	1.48e-92	271
Bra011981	AT2G28070	93.6	0	1311
Bra011982	AT2G28060	85.2	2.03e-66	195
Bra011984	AT2G28050	58.3	2.46e-16	71.6
Bra011985	AT2G28000	93.7	0	1004
Bra011990	AT2G27950	69.1	0	940
Bra011991	AT2G27940	63.5	5.73e-57	177
Bra011993	AT2G27880	79.9	0	1402
Bra011994	AT2G27830	81.7	2.43e-102	292
Bra011996	AT2G26130	57.5	5.29e-153	437
Bra011997	AT2G27800	76.9	8.41e-182	513
Bra011998	AT2G27790	72	1.68e-110	316
Bra012003	AT2G27730	76.3	4.69e-51	156
Bra012005	AT2G27680	93	6.75e-266	722
Bra012006	AT2G27690	86.3	8.01e-313	850
Bra012008	AT2G27660	54.9	1.5e-107	334
Bra012016	AT2G27470	73.6	4.26e-61	192
Bra012017	AT2G27460	93.3	0	1402
Bra012020	AT2G27430	83.6	2.09e-232	641
Bra012022	AT2G27385	75.5	2.51e-83	242
Bra012024	AT2G27300	80.8	6.76e-187	518
Bra012033	AT2G27130	83.5	1.07e-66	200
Bra012034	AT2G27100	76.6	1.66e-317	880
Bra012035	AT2G27090	79.3	0	1058
Bra012036	AT2G27060	67.5	0	965
Bra012039	AT2G26940	62.2	1.35e-62	197
Bra012040	AT2G26930	75.1	2.99e-192	533
Bra012041	AT2G26890	91	0	4484
Bra012043	AT2G26790	53.9	3.62e-135	420
Bra012044	AT2G26770	89.8	8.05e-299	813
Bra012046	AT2G26710	92.1	0	967
Bra012047	AT2G26695	95.6	2.67e-109	306
Bra012049	AT2G26830	84.9	2.05e-237	649
Bra012052	AT2G26690	82.1	0	919
Bra012053	AT5G51200	89.7	0	3246
Bra012055	AT5G66160	79.4	3.56e-157	439
Bra012056	AT5G66170	79.2	8.82e-70	205
Bra012058	AT5G66210	91.3	0	953
Bra012062	AT5G66360	78.2	1.08e-188	525
Bra012063	AT3G53210	84	8.19e-220	604
Bra012064	AT5G66350	80.5	1.11e-123	353
Bra012065	AT5G66300	79.2	4.02e-171	474
Bra012066	AT5G66290	87.4	1.34e-104	302
Bra012069	AT5G66420	84.9	0	1231
Bra012075	AT5G66490	59.3	1.52e-36	119
Bra012076	AT5G66500	81.4	3.31e-315	859
Bra012077	AT5G66510	82.7	3.42e-131	371
Bra012078	AT5G66520	81	1.38e-229	641
Bra012082	AT5G66560	84.8	0	1056
Bra012085	AT5G66600	82.2	0	942
Bra012087	AT5G66631	82.4	0	1035
Bra012090	AT5G66670	63.2	2.79e-152	435
Bra012091	AT5G66680	95.4	6.98e-300	812
Bra012092	AT5G26310	83.2	2.41e-302	822
Bra012095	AT5G66720	78.4	3.06e-214	593
Bra012096	AT5G66740	95.9	5.55e-265	718
Bra012097	AT5G65650	90.3	3.33e-114	322
Bra012099	AT5G66750	81.7	0	1197
Bra012100	AT5G66760	94	0	1187
Bra012102	AT5G66770	86.9	4.27e-97	291
Bra012104	AT5G66790	77.9	7.84e-260	720
Bra012105	AT5G66800	83.1	1.03e-96	277
Bra012106	AT5G66810	84.1	0	1068
Bra012108	AT5G66820	65.7	4.47e-176	505
Bra012110	AT5G66850	79.9	0	1033
Bra012111	AT5G66860	86.8	7.18e-155	430
Bra012112	AT5G66870	78.9	6.37e-106	312
Bra012113	AT5G66880	94.2	1e-248	676
Bra012119	AT5G66940	78.2	1.34e-123	348
Bra012121	AT5G66980	57.4	7.98e-124	358
Bra012123	AT5G67010	72.6	3.18e-72	213
Bra012126	AT5G67020	79.3	8.3e-225	619
Bra012127	AT5G67030	88.7	0	1169
Bra012131	AT5G67080	78.5	1.51e-197	546
Bra012132	AT5G67100	90.2	0	2185
Bra012133	AT5G67110	74.1	2.13e-94	274
Bra012135	AT5G67130	87.4	9.14e-283	768
Bra012136	AT5G67140	93	2.8e-135	379
Bra012137	AT5G67150	79.3	5.27e-256	702
Bra012138	AT5G67160	73	6.3e-226	625
Bra012139	AT5G67180	74.9	1.17e-181	506
Bra012141	AT5G67200	83.2	0	975
Bra012143	AT5G67210	89.2	1.92e-197	543
Bra012144	AT5G67220	88.3	1.64e-262	716
Bra012145	AT5G67230	76.6	1.4e-257	709
Bra012146	AT5G67260	75	1.77e-175	493
Bra012147	AT5G67270	90.7	1.71e-146	417
Bra012148	AT5G67280	86.8	0	1038
Bra012149	AT5G67300	84.6	3.32e-181	501
Bra012150	AT5G67310	69.8	1.92e-247	685
Bra012153	AT2G23000	80.7	3.09e-274	748
Bra012154	AT5G67330	95.1	0	930
Bra012156	AT5G67350	80	6.64e-88	264
Bra012157	AT5G67360	88.9	0	1313
Bra012158	AT5G67385	88.6	0	969
Bra012162	AT5G67390	76.8	1.85e-67	202
Bra012164	AT5G67420	86.4	5.2e-150	418
Bra012165	AT5G67430	82.1	3.26e-232	637
Bra012166	AT5G67440	79.4	1.05e-297	818
Bra012168	AT2G19180	72.5	9.87e-82	239
Bra012171	AT2G19210	77.4	0	1315
Bra012176	AT2G48020	93.6	8.05e-309	837
Bra012179	AT2G19360	57.5	4.11e-174	492
Bra012182	AT2G19460	82.1	5.55e-60	181
Bra012190	AT1G19850	85.5	0	1458
Bra012191	AT1G19880	89.4	2.05e-306	837
Bra012198	AT1G19940	88.6	0	917
Bra012199	AT1G19960	73	6.45e-14	59.7
Bra012203	AT1G20020	91.3	6.46e-245	667
Bra012204	AT1G20050	81.5	1.01e-129	364
Bra012205	AT1G20060	63.3	0	998
Bra012206	AT3G25940	89.9	5.92e-77	222
Bra012207	AT1G20070	77.9	3.35e-98	282
Bra012211	AT1G20120	76.3	1.95e-212	589
Bra012212	AT1G20135	77.9	6.56e-175	505
Bra012218	AT1G20190	94.4	4.33e-178	489
Bra012229	AT1G20430	94.8	8.86e-73	211
Bra012230	AT1G20450	62.6	1.14e-42	144
Bra012232	AT1G20500	83	0	885
Bra012235	AT1G20575	96.4	1.19e-170	469
Bra012237	AT1G76340	79.6	1.04e-190	530
Bra012239	AT1G20630	94.1	0	994
Bra012247	AT1G20760	80.2	0	1429
Bra012248	AT1G20770	82.7	2.26e-117	332
Bra012249	AT1G20780	87	0	1326
Bra012253	AT1G20870	68.9	1.28e-212	593
Bra012258	AT1G20930	94.9	3.27e-223	608
Bra012260	AT1G20960	90.4	0	3846
Bra012261	AT1G20990	82.7	9.58e-171	476
Bra012271	AT1G21140	89.5	4.62e-120	338
Bra012272	AT1G21210	71.1	0	1051
Bra012273	AT1G21270	74	0	1079
Bra012275	AT1G21320	77	6.25e-106	312
Bra012280	AT1G21450	75.9	2.06e-304	835
Bra012283	AT1G21520	64.6	1.04e-16	65.9
Bra012287	AT1G21528	65.3	6.46e-22	79.7
Bra012288	AT1G21630	74.6	0	1430
Bra012290	AT1G21660	63.6	2.18e-196	557
Bra012296	AT1G21840	86.6	5.04e-145	404
Bra012297	AT1G21890	85.3	3.37e-207	573
Bra012304	AT1G22040	71.1	3.85e-233	646
Bra012306	AT1G22110	70.3	1.48e-121	348
Bra012308	AT1G22130	84.9	6.74e-196	541
Bra012309	AT1G22160	75	4.6e-72	213
Bra012310	AT1G22170	81.7	2.51e-191	530
Bra012311	AT1G22180	85.5	1.31e-187	518
Bra012312	AT1G22200	92.9	4.28e-274	743
Bra012315	AT1G22230	63.4	1.09e-116	337
Bra012318	AT1G22270	87.2	3.78e-78	226
Bra012322	AT1G22380	80.1	1.06e-293	801
Bra012324	AT1G22400	80.5	6.36e-302	822
Bra012328	AT1G34792	50	1.21e-14	63.5
Bra012337	AT1G22640	77.5	7.38e-143	401
Bra012340	AT1G22710	94.7	0	983
Bra012342	AT1G32870	64.6	2.12e-217	612
Bra012345	AT1G22810	84.2	6.49e-78	227
Bra012349	AT1G22880	92.5	0	912
Bra012355	AT1G23030	83.1	2.97e-252	705
Bra012357	AT1G23060	55.6	9.1e-87	265
Bra012358	AT1G23080	85.5	0	954
Bra012359	AT1G23090	94.6	0	1138
Bra012360	AT1G23110	90.5	1.67e-152	431
Bra012363	AT1G23130	63.8	1.86e-70	209
Bra012366	AT1G23205	80.9	2.06e-115	327
Bra012367	AT1G23220	92.3	9.85e-81	233
Bra012369	AT1G23240	66.1	3.07e-86	253
Bra012372	AT1G23350	77.9	3.12e-79	231
Bra012373	AT1G23420	89.4	1.76e-136	383
Bra012374	AT1G23440	90.4	2.91e-141	393
Bra012380	AT1G23550	67.1	7.22e-137	390
Bra012381	AT1G23645	67.6	5.44e-106	304
Bra012382	AT2G27670	60.1	1.19e-126	363
Bra012384	AT1G23730	89.1	4.26e-172	474
Bra012387	AT1G23780	62.2	2.98e-183	520
Bra012390	AT1G23830	60.5	1.25e-130	377
Bra012392	AT1G23950	51.4	5.44e-104	308
Bra012397	AT1G24020	88.5	3.98e-70	206
Bra012415	AT1G24050	89.4	4.87e-113	319
Bra012416	AT1G24070	85.2	0	927
Bra012417	AT1G24170	88.2	2.32e-250	683
Bra012418	AT1G24180	91.1	9.59e-265	720
Bra012421	AT1G27150	86.4	3.28e-298	811
Bra012429	AT1G27080	76.6	0	884
Bra012430	AT1G27050	74.4	3.8e-89	259
Bra012433	AT1G27030	89	2.8e-203	557
Bra012437	AT1G26850	95.9	0	1245
Bra012439	AT1G26820	91.9	9.2e-165	452
Bra012440	AT1G26810	89.3	0	1185
Bra012441	AT1G26800	82.2	3.88e-82	240
Bra012443	AT1G26750	79	8.01e-104	296
Bra012444	AT1G26740	84.8	1.82e-80	233
Bra012446	AT1G26670	90.1	7.41e-130	364
Bra012449	AT1G26620	68.8	0	1060
Bra012458	AT1G26450	62.2	1.39e-58	182
Bra012462	AT1G26230	91.1	0	1048
Bra012464	AT1G26190	92.9	0	1181
Bra012465	AT1G26170	80.6	0	1566
Bra012467	AT5G05060	65.7	7.65e-56	172
Bra012469	AT1G26130	84.7	0	1936
Bra012471	AT1G25550	62	2.99e-109	321
Bra012473	AT1G25510	86.9	6.11e-300	816
Bra012474	AT1G25490	91	3.06e-119	365
Bra012475	AT1G25440	80.7	4.01e-229	631
Bra012477	AT1G25422	87.9	1.39e-32	109
Bra012478	AT1G25420	82.4	1.96e-175	488
Bra012479	AT1G25400	75.6	2.23e-131	374
Bra012480	AT1G25390	77.6	0	965
Bra012482	AT1G25340	75.3	1.37e-145	410
Bra012492	AT1G25230	85.9	1.53e-202	564
Bra012495	AT1G24650	67.7	0	1038
Bra012502	AT4G30070	50.9	1.15e-42	140
Bra012505	AT1G24520	70	2.39e-37	122
Bra012506	AT1G24510	98.5	0	1026
Bra012507	AT1G24490	82.5	1.75e-271	746
Bra012508	AT2G26430	87.6	2.71e-214	594
Bra012509	AT1G24485	76.3	9.49e-183	521
Bra012510	AT1G24480	84.9	6.89e-146	406
Bra012516	AT4G20150	97.5	2.76e-53	159
Bra012519	AT4G20070	87.7	1.9e-310	847
Bra012521	AT4G20040	85.9	2.1e-283	773
Bra012523	AT4G20010	73.2	8.39e-194	538
Bra012524	AT4G19975	90.1	1.51e-233	638
Bra012530	AT4G19880	87.4	1.55e-250	682
Bra012532	AT4G19700	75.9	1.62e-151	426
Bra012537	AT4G19930	58.9	1.06e-156	449
Bra012539	AT4G19490	87.3	0	1674
Bra012540	AT4G19500	53.1	9.44e-258	770
Bra012541	AT4G19510	54.8	0	1132
Bra012543	AT4G19450	92.6	0	1023
Bra012548	AT4G19380	83.5	0	1271
Bra012551	AT4G19230	90.6	3.29e-306	832
Bra012552	AT4G19220	73.6	0	1345
Bra012560	AT4G18980	69.1	3.5e-41	131
Bra012563	AT4G18970	91.1	4.42e-249	679
Bra012567	AT4G18910	87.9	4.16e-182	503
Bra012571	AT4G18880	79.6	1.11e-208	578
Bra012573	AT3G62850	52	1.37e-159	459
Bra012577	AT4G18790	89.8	0	895
Bra012578	AT4G18780	94.3	0	1831
Bra012580	AT5G45775	99.5	1.7e-129	360
Bra012588	AT4G18540	74.9	6.54e-273	752
Bra012591	AT4G18520	96.1	3.39e-283	776
Bra012594	AT4G18490	67.3	0	911
Bra012597	AT4G18430	96.8	1.92e-150	416
Bra012600	AT4G18390	80.3	2.47e-173	487
Bra012601	AT4G18372	87.2	1.44e-63	188
Bra012602	AT4G18360	98.1	3.42e-256	696
Bra012606	AT4G18270	78.5	1.16e-248	685
Bra012607	AT4G18260	80.8	1.87e-160	447
Bra012612	AT4G18230	85.5	3.14e-139	389
Bra012613	AT4G18180	85.9	1.88e-254	711
Bra012614	AT4G18170	83.5	3.71e-176	489
Bra012617	AT2G07680	84.6	0	2338
Bra012618	AT2G22650	84.5	6.82e-261	712
Bra012620	AT4G18060	93.2	4.27e-230	629
Bra012621	AT4G18050	88.7	0	2083
Bra012624	AT4G18010	85.2	0	1044
Bra012627	AT4G17970	88.3	0	920
Bra012634	AT4G17890	84.6	7.19e-211	608
Bra012636	AT4G17840	83.4	2.6e-223	616
Bra012638	AT4G17810	78.3	7.79e-106	302
Bra012642	AT4G17770	93.4	0	1630
Bra012643	AT4G17760	95.6	1.66e-212	580
Bra012644	AT4G17740	87	1.81e-317	863
Bra012646	AT4G17720	92.9	3.12e-169	471
Bra012648	AT4G17718	59.4	1.92e-38	123
Bra012650	AT4G17680	66.5	3.7e-118	343
Bra012651	AT4G17670	77.2	3.14e-80	234
Bra012653	AT4G17620	83.8	8.58e-292	801
Bra012654	AT4G17616	77.3	0	1000
Bra012659	AT4G17520	65.2	1.19e-92	280
Bra012661	AT4G17486	86.6	7.04e-131	367
Bra012662	AT4G17483	79.4	2.56e-170	473
Bra012664	AT4G17440	63.5	1.34e-76	231
Bra012668	AT4G17370	90.4	5.74e-245	667
Bra012670	AT4G17270	90.8	1.44e-216	593
Bra012671	AT4G17260	92.1	2.19e-230	629
Bra012672	AT4G17250	82.6	0	1191
Bra012673	AT4G17215	76.9	2.53e-74	218
Bra012675	AT4G17100	93.5	3.64e-214	590
Bra012676	AT4G17090	95.3	0	1063
Bra012682	AT4G17050	92.1	4.75e-206	563
Bra012690	AT4G16820	89.4	0	903
Bra012696	AT4G16660	89.8	0	1357
Bra012702	AT4G16590	84.4	5.67e-312	849
Bra012705	AT4G16545	70.6	2.93e-127	367
Bra012706	AT4G23210	61	3e-273	762
Bra012709	AT4G16535	67.7	7.14e-83	246
Bra012715	AT4G16460	68.8	2.23e-42	139
Bra012716	AT4G16450	93.3	1.88e-65	192
Bra012722	AT4G16410	73.7	1.99e-80	236
Bra012728	AT4G16230	87	1.05e-150	424
Bra012731	AT4G16210	93.8	2.33e-171	473
Bra012732	AT4G16195	66.7	8.1e-78	228
Bra012734	AT4G16180	94.9	0	1511
Bra012739	AT4G16144	84.5	1.97e-234	649
Bra012744	AT4G16100	67	3.14e-160	452
Bra012745	AT4G16070	89.6	0	1061
Bra012747	AT4G15960	87.2	4.56e-223	611
Bra012748	AT4G15990	70.3	2.89e-65	194
Bra012749	AT4G16060	82.9	7.3e-171	474
Bra012750	AT4G15955	81	9.15e-198	544
Bra012752	AT4G15920	90	1.03e-152	424
Bra012753	AT4G15900	92.8	2.46e-192	544
Bra012754	AT4G15890	86.4	0	2151
Bra012757	AT3G47360	72.8	1.14e-160	449
Bra012761	AT4G15840	86.7	0	1411
Bra012762	AT4G15820	58.9	9.9e-160	460
Bra012764	AT4G15800	77.3	2.88e-54	164
Bra012765	AT4G15770	93.6	1.68e-127	355
Bra012767	AT4G15760	82.7	4.29e-244	669
Bra012772	AT4G15720	83.6	0	1021
Bra012774	AT4G15650	57	1.48e-52	170
Bra012775	AT4G15630	86.8	1.46e-102	293
Bra012777	AT4G15610	76.6	1.94e-83	244
Bra012778	AT4G15562	52.9	3.58e-15	67.4
Bra012784	AT4G15480	89.3	0	907
Bra012785	AT4G15475	70.8	6.59e-127	387
Bra012786	AT4G15470	93.8	1.05e-171	473
Bra012788	AT4G15440	78.4	4.48e-227	628
Bra012789	AT4G15417	61	6.53e-106	309
Bra012791	AT4G15410	68.7	2.9e-174	493
Bra012797	AT4G15233	80.7	0	2228
Bra012801	AT3G52470	88.9	1.77e-137	382
Bra012807	AT3G52380	79	2.01e-162	455
Bra012809	AT3G52300	94.6	5.79e-112	315
Bra012810	AT3G52280	68.4	6.83e-162	457
Bra012812	AT4G38160	80.7	3.59e-67	215
Bra012813	AT3G52270	73.9	5.65e-124	353
Bra012814	AT3G52260	72.2	7.74e-209	584
Bra012816	AT3G52170	57.5	1.32e-145	424
Bra012817	AT3G52160	86.9	4.51e-284	774
Bra012818	AT3G52155	83.6	8.11e-130	364
Bra012822	AT3G52080	89.6	0	1472
Bra012824	AT3G52030	83.1	2.74e-214	596
Bra012829	AT3G51910	79.2	1.4e-127	362
Bra012832	AT3G51880	72.6	6.35e-31	109
Bra012833	AT3G51860	92.8	1.94e-232	642
Bra012840	AT3G51730	79.5	3.73e-126	354
Bra012841	AT3G51710	83.4	7.45e-273	747
Bra012842	AT3G51680	90.2	1.68e-186	514
Bra012845	AT3G51660	93.8	2.3e-73	213
Bra012849	AT3G51580	61.6	1.27e-124	365
Bra012854	AT3G51400	79.1	3.14e-149	418
Bra012858	AT3G51300	96.4	1.09e-137	382
Bra012859	AT3G51280	88.2	5.11e-261	713
Bra012861	AT3G51260	96	2.37e-165	456
Bra012865	AT3G51160	90.1	1.51e-247	674
Bra012866	AT3G51150	80.8	0	1586
Bra012867	AT3G51130	94.9	2.59e-276	761
Bra012869	AT3G51100	80.7	6.77e-115	326
Bra012870	AT3G51090	86.7	1.08e-128	365
Bra012871	AT3G51050	92.5	0	1316
Bra012873	AT3G51020	63.9	3.75e-36	119
Bra012874	AT3G51010	85.6	1.01e-97	280
Bra012876	AT3G50960	93.9	2.35e-146	407
Bra012879	AT3G50920	70.3	1.8e-101	304
Bra012882	AT3G50890	70.7	1.98e-100	293
Bra012884	AT3G50860	96.4	4.09e-109	307
Bra012885	AT3G50830	90.1	3.05e-131	366
Bra012886	AT3G50810	67.5	2.35e-63	191
Bra012887	AT3G50800	81.6	2.69e-83	241
Bra012889	AT3G50770	78.2	4.51e-106	303
Bra012890	AT3G50760	92.4	2.17e-240	654
Bra012891	AT3G50750	82.2	1.77e-150	421
Bra012892	AT3G50740	82.3	2.17e-297	810
Bra012894	AT3G50630	56	2.91e-49	159
Bra012897	AT3G50500	91.9	3.07e-246	671
Bra012899	AT3G50440	82.1	2.37e-158	440
Bra012900	AT3G50420	82.3	0	1153
Bra012901	AT3G50410	70.7	1.21e-122	348
Bra012905	AT3G50130	78.7	2.04e-289	797
Bra012907	AT3G50120	89.8	0	967
Bra012908	AT3G50110	78.8	3.34e-313	859
Bra012910	AT3G50060	70.8	1.4e-129	370
Bra012912	AT3G49990	72.4	3.19e-221	618
Bra012914	AT3G49930	72.9	4.06e-81	240
Bra012917	AT3G49890	62.7	5.09e-87	261
Bra012918	AT3G49870	97.8	1.63e-128	358
Bra012920	AT3G49740	71.8	0	993
Bra012924	AT3G49700	97.7	0	922
Bra012925	AT3G49670	87.3	5.48e-260	755
Bra012926	AT5G61750	84	2.1e-111	315
Bra012928	AT5G61730	82.9	0	1551
Bra012929	AT5G61720	70.2	1.94e-182	511
Bra012936	AT5G61620	69.4	2.29e-147	417
Bra012937	AT5G61610	53.4	2.21e-21	89.4
Bra012938	AT5G61600	70	1.54e-110	318
Bra012940	AT5G61580	92.7	0	973
Bra012942	AT5G61570	80.7	1.72e-199	552
Bra012945	AT5G61540	86.9	1.72e-230	630
Bra012946	AT5G61530	92.1	9.17e-233	637
Bra012948	AT5G61520	87.2	1.08e-313	853
Bra012951	AT5G61490	79.7	9.82e-67	202
Bra012952	AT5G61480	87.2	4.24e-276	799
Bra012953	AT5G61470	50	1.34e-52	173
Bra012956	AT5G61460	88.7	0	1779
Bra012958	AT5G61450	79.5	2.74e-229	635
Bra012959	AT5G61440	76.9	4.42e-133	375
Bra012960	AT5G61430	91.1	1.27e-228	623
Bra012961	AT5G61420	79.7	2.53e-201	556
Bra012963	AT5G61410	91.5	6.77e-183	503
Bra012964	AT5G61380	70	3.01e-272	756
Bra012965	AT5G61370	85.7	5.22e-219	612
Bra012968	AT5G61330	88.7	1.35e-186	521
Bra012971	AT5G61290	87.6	1.58e-301	818
Bra012972	AT5G61270	82.7	1.26e-158	461
Bra012973	AT5G61260	59.6	3.69e-136	400
Bra012974	AT5G61250	87.8	0	984
Bra012978	AT5G61210	85	4.89e-175	485
Bra012980	AT5G61170	97.9	6.91e-101	285
Bra012982	AT5G61120	69.8	1.45e-158	458
Bra012983	AT5G61090	55.9	1.43e-126	382
Bra012984	AT5G61060	83.6	0	1135
Bra012985	AT5G61040	71.1	4.19e-236	662
Bra012987	AT5G61010	79	9.14e-315	863
Bra012989	AT5G60980	84.3	1.41e-234	649
Bra012990	AT5G60970	75.9	5.28e-172	483
Bra012991	AT3G26850	91.5	6.88e-46	147
Bra012992	AT5G60960	80.7	1.98e-294	805
Bra012993	AT5G60950	81.1	2.11e-123	347
Bra012994	AT5G60940	73.8	1.35e-233	645
Bra012995	AT5G60930	82.1	0	1948
Bra012996	AT5G60920	93.9	0	909
Bra013000	AT5G60890	75.1	1.82e-160	449
Bra013001	AT5G60880	72	1.82e-119	341
Bra013002	AT5G60870	89.2	2.13e-297	807
Bra013003	AT5G60850	80.7	1.9e-119	344
Bra013004	AT5G60840	52.3	2.31e-23	89
Bra013006	AT5G60820	63.8	6.59e-152	436
Bra013012	AT5G23050	83.6	0	1280
Bra013013	AT5G23060	90.2	2.07e-216	597
Bra013014	AT5G23070	84.3	5.11e-121	343
Bra013016	AT5G23100	77.1	1.33e-134	381
Bra013017	AT5G23110	89.9	0	8417
Bra013018	AT5G23120	95	4.66e-273	743
Bra013019	AT5G23130	69.9	2.56e-161	458
Bra013023	AT5G23170	74.7	5.76e-175	488
Bra013024	AT5G23190	91.7	0	1032
Bra013025	AT5G23200	86	3.39e-258	704
Bra013026	AT5G23240	84.1	1.14e-275	754
Bra013027	AT5G23250	91.9	1.22e-223	612
Bra013028	AT5G23260	71.5	2.17e-114	328
Bra013032	AT2G17070	82.1	1.73e-146	410
Bra013035	AT2G17033	77.2	3.65e-262	739
Bra013037	AT2G16990	77.6	8.16e-233	642
Bra013038	AT2G16950	90.3	0	1602
Bra013042	AT2G16900	75.2	4.73e-183	512
Bra013052	AT2G16730	87.7	0	1577
Bra013055	AT2G16720	76.3	7.67e-151	422
Bra013057	AT2G16710	86.6	7.44e-84	242
Bra013058	AT2G16700	91.6	1.45e-93	266
Bra013059	AT2G16660	88.5	0	926
Bra013061	AT2G16580	92.6	6.99e-73	211
Bra013064	AT2G16530	67.1	1.27e-155	439
Bra013068	AT2G16440	87.8	0	1404
Bra013069	AT2G16430	87.3	0	882
Bra013077	AT2G16390	76.1	0	1339
Bra013079	AT2G16370	88.6	0	920
Bra013087	AT2G15970	80.7	3.53e-118	333
Bra013088	AT2G15960	66.2	1.07e-27	94.7
Bra013090	AT2G15910	69.8	1.16e-105	308
Bra013091	AT2G15890	80.6	2.22e-114	323
Bra013092	AT2G15880	85.3	1.53e-137	426
Bra013095	AT2G15830	62.1	1.63e-18	70.9
Bra013096	AT2G15730	94.8	2.37e-244	664
Bra013098	AT2G15695	90.7	9.2e-265	721
Bra013100	AT2G15690	64.9	9.78e-252	699
Bra013111	AT2G15220	83.9	6.28e-134	374
Bra013113	AT2G15020	84.5	0	898
Bra013114	AT2G15000	74.3	9.33e-43	134
Bra013121	AT2G14740	94.6	0	1249
Bra013123	AT2G14580	78.3	2.86e-95	272
Bra013125	AT2G14530	84.6	2.57e-273	743
Bra013126	AT2G14520	90.8	1.42e-261	714
Bra013127	AT2G14260	90.6	2.92e-222	609
Bra013129	AT2G14095	70.4	3.27e-106	305
Bra013131	AT2G14050	94.3	0	1203
Bra013132	AT2G14045	88.9	6.49e-66	194
Bra013133	AT2G13840	84.4	1.44e-257	705
Bra013134	AT1G58410	58.4	0	1000
Bra013135	AT2G13820	83.6	7.32e-64	194
Bra013138	AT2G13810	79.8	3.1e-260	711
Bra013139	AT1G53570	68.2	3.99e-272	756
Bra013141	AT2G13610	89.7	0	1097
Bra013142	AT2G13600	82.6	0	927
Bra013143	AT2G13570	85.9	8.06e-106	303
Bra013145	AT2G13540	90.8	0	1502
Bra013146	AT2G13440	87.4	0	1214
Bra013149	AT2G12646	86.3	1.57e-167	463
Bra013150	AT2G12550	78.9	1.52e-283	781
Bra013151	AT1G72275	66.2	1.38e-72	226
Bra013152	AT5G42240	78.6	2.82e-281	768
Bra013153	AT2G12462	78.7	6.25e-128	362
Bra013154	AT2G12400	81.9	1.65e-302	827
Bra013155	AT2G11910	74.2	6.46e-29	104
Bra013156	AT2G11890	81.4	7.7e-120	338
Bra013160	AT2G05990	84.3	5.25e-217	598
Bra013161	AT2G06050	89.5	1.02e-259	707
Bra013163	AT2G06530	97.8	1.05e-105	303
Bra013164	AT2G06850	95.6	1.62e-222	605
Bra013165	AT5G35320	55.4	1.28e-63	196
Bra013166	AT2G07020	71	0	909
Bra013167	AT2G07050	91.7	0	1491
Bra013168	AT2G07560	94.6	0	1779
Bra013169	AT2G07690	94.8	0	1335
Bra013170	AT2G05760	95	0	989
Bra013171	AT2G05755	84.7	4.32e-230	632
Bra013172	AT2G05630	96.3	1.32e-69	205
Bra013173	AT2G05620	86.6	5.98e-74	216
Bra013174	AT2G05590	70.6	1.66e-142	402
Bra013175	AT2G05540	74.8	1.09e-36	121
Bra013178	AT2G05320	81.6	9.38e-269	733
Bra013179	AT2G05250	78.9	0	1078
Bra013182	AT2G05120	78.6	0	1947
Bra013183	AT2G05070	97.4	5.75e-194	530
Bra013185	AT2G04940	74.1	2e-199	555
Bra013187	AT2G04880	68.2	1.56e-189	535
Bra013189	AT2G04865	58.1	2.47e-243	680
Bra013190	AT2G04860	84.9	0	996
Bra013191	AT2G04850	93.6	2.13e-261	712
Bra013192	AT2G04845	86.4	8.82e-132	369
Bra013193	AT2G04842	95.3	0	1241
Bra013194	AT2G04795	86.3	2.6e-52	158
Bra013196	AT2G04790	82.8	1.14e-75	222
Bra013197	AT2G04780	82.1	3.94e-125	355
Bra013198	AT2G04740	86.8	0	982
Bra013199	AT4G23220	69.1	0	903
Bra013200	AT2G04570	89.7	4.67e-234	639
Bra013202	AT2G04540	92.6	1.61e-306	831
Bra013203	AT2G04530	86.3	1.47e-215	592
Bra013205	AT2G04515	54.7	4.55e-54	171
Bra013206	AT1G54410	86.4	7.78e-07	43.1
Bra013208	AT2G04410	88.5	3.96e-32	110
Bra013209	AT2G04400	85.7	2.29e-246	674
Bra013210	AT2G04350	89.3	0	1279
Bra013211	AT2G04240	75.9	1.52e-83	242
Bra013212	AT2G04160	87.9	0	1350
Bra013214	AT2G04050	81.1	2.67e-287	784
Bra013217	AT3G25500	76.4	0	1199
Bra013218	AT3G25480	75.8	2.97e-137	387
Bra013220	AT3G25460	57.3	2.96e-134	389
Bra013221	AT3G25260	79.3	6.69e-294	804
Bra013223	AT3G25240	73.3	1.88e-136	386
Bra013224	AT3G25230	88.5	0	954
Bra013225	AT3G25220	88.1	3.45e-97	276
Bra013226	AT3G25190	89	1.14e-127	358
Bra013227	AT3G25180	83.5	1.79e-278	762
Bra013228	AT3G25160	89.7	2.45e-178	491
Bra013229	AT3G25140	94.3	0	1049
Bra013231	ATMG00730	82.3	3.62e-26	96.3
Bra013232	AT3G25100	93.5	0	1047
Bra013233	AT3G25070	77.7	1.58e-107	307
Bra013235	AT3G25060	81.1	0	960
Bra013237	AT3G25040	96.3	5.5e-149	412
Bra013239	AT3G24830	96.1	1.36e-140	390
Bra013240	AT3G24810	63.2	8.99e-66	200
Bra013241	AT3G24800	71.5	5.66e-211	584
Bra013242	AT3G24770	81	5.29e-27	93.2
Bra013244	AT3G24730	81.3	4.3e-85	246
Bra013245	AT3G24715	65.1	0	1300
Bra013247	AT3G24660	88.7	0	1071
Bra013248	AT3G24650	79.4	0	929
Bra013252	AT3G24570	86.4	6.43e-153	423
Bra013255	AT3G24515	65.9	8.84e-172	488
Bra013258	AT4G17830	91.1	2.31e-301	816
Bra013261	AT4G17850	53.5	3.11e-32	115
Bra013262	AT4G17870	90.1	2.55e-124	348
Bra013266	AT4G17900	90.7	6.92e-158	436
Bra013267	AT4G17905	79.1	2.06e-178	495
Bra013268	AT4G17920	70.8	2.74e-129	369
Bra013271	AT4G17960	80	3.77e-82	238
Bra013272	AT4G17980	82.9	4.61e-177	489
Bra013278	AT4G18020	76.7	1.85e-262	724
Bra013282	AT4G18030	91.8	0	1192
Bra013286	AT4G18130	88.3	0	1896
Bra013287	AT4G18150	65.4	1.47e-309	864
Bra013288	AT4G18160	75.8	1.77e-212	591
Bra013290	AT4G18190	82.4	4.29e-204	570
Bra013292	AT4G18210	82.5	3.66e-223	614
Bra013295	AT4G18250	70.9	0	909
Bra013296	AT4G18290	85.1	0	1172
Bra013297	AT4G18340	90.5	1.02e-259	707
Bra013298	AT4G18350	87.5	0	1018
Bra013300	AT4G18370	84.5	2e-180	500
Bra013302	AT4G18375	63.8	7.68e-236	663
Bra013303	AT4G18380	81.9	4.41e-209	578
Bra013306	AT4G18400	74.8	1.43e-45	142
Bra013307	AT4G18425	88.6	4.69e-136	380
Bra013309	AT1G36280	88.6	0	902
Bra013310	AT4G18450	69.6	2.75e-142	402
Bra013311	AT4G18470	82.2	2.17e-252	692
Bra013312	AT4G18460	90.8	1e-101	290
Bra013313	AT4G18465	93.5	0	1285
Bra013314	AT4G18480	94.3	9.92e-284	770
Bra013320	AT4G18530	81.9	1.35e-245	671
Bra013322	AT4G18550	84.9	6.29e-277	754
Bra013324	AT4G18570	78.4	1.62e-290	804
Bra013325	AT4G18580	71.9	8.94e-07	43.9
Bra013326	AT4G18590	88.7	1.54e-66	195
Bra013327	AT4G18593	86.2	9.19e-88	252
Bra013328	AT4G18596	93.6	1.21e-114	323
Bra013334	AT4G18620	79.1	1.47e-83	243
Bra013335	AT4G18630	78.8	4.79e-244	674
Bra013336	AT4G18640	84.8	0	1041
Bra013337	AT4G18650	81.5	1.54e-110	315
Bra013339	AT4G18670	88.2	1.13e-107	348
Bra013340	AT4G18700	91.7	0	892
Bra013343	AT4G18740	56.7	8.33e-66	203
Bra013344	AT4G18750	82.2	0	1412
Bra013346	AT4G18770	85.9	3.01e-245	674
Bra013349	AT4G18800	96.2	2.32e-145	403
Bra013352	AT4G18810	91.3	0	1069
Bra013353	AT4G18820	79.6	0	1525
Bra013354	AT4G18830	78.9	2.65e-180	501
Bra013355	AT4G18840	84.1	3.76e-237	662
Bra013359	AT4G18890	93.3	1.25e-184	508
Bra013360	AT4G18905	81.2	4.12e-244	677
Bra013362	AT4G18920	93.5	2.08e-173	486
Bra013363	AT4G18950	87.6	1.67e-293	798
Bra013364	AT4G18960	94.8	5.57e-165	456
Bra013365	AT4G18975	82.9	4.12e-165	459
Bra013367	AT4G18990	87.6	1.01e-234	640
Bra013368	AT4G19003	95	3.06e-126	352
Bra013369	AT4G19010	84.6	0	939
Bra013370	AT4G19020	64.8	0	1503
Bra013371	AT4G19040	92.4	0	1334
Bra013372	AT4G19050	64.7	0	1392
Bra013373	AT4G19060	67.1	2.11e-88	266
Bra013374	AT4G19120	93	0	1178
Bra013375	AT4G19140	77.6	1.08e-164	458
Bra013376	AT4G19150	82.2	3.09e-56	179
Bra013377	AT4G19160	70.8	1.27e-197	554
Bra013379	AT4G19180	89.8	0	1103
Bra013381	AT4G19190	77.7	4.56e-261	727
Bra013384	AT4G20330	74.7	4.59e-139	393
Bra013387	AT4G19350	62.2	1.02e-74	221
Bra013389	AT4G19330	50	1.25e-123	362
Bra013390	AT4G19370	75.1	3.08e-110	314
Bra013392	AT4G19390	75.3	6.58e-126	358
Bra013393	AT4G19400	90.5	4.95e-94	268
Bra013394	AT4G19410	94	4.71e-264	723
Bra013395	AT4G19420	85.9	1.42e-281	766
Bra013396	AT4G19430	66.3	2.02e-71	212
Bra013399	AT4G19460	92.1	0	909
Bra013402	AT4G19560	57.9	1.56e-144	418
Bra013405	AT4G19610	70.9	0	988
Bra013410	AT4G19640	95.5	2.17e-134	374
Bra013411	AT4G19645	85.2	4.8e-163	452
Bra013414	AT4G19650	81	0	944
Bra013416	AT4G19660	76.7	2.44e-315	865
Bra013417	AT4G19670	81.6	0	886
Bra013418	AT4G19680	89.7	2.42e-222	609
Bra013422	AT4G19690	88.8	1.67e-214	589
Bra013425	AT4G19710	93.7	0	1698
Bra013428	AT4G19840	73.1	1.76e-103	298
Bra013429	AT4G19850	74.5	2.2e-71	214
Bra013430	AT4G19860	89.7	0	994
Bra013431	AT1G80070	96.6	0	4699
Bra013432	AT4G19890	93	1.28e-39	152
Bra013433	AT4G19960	76	0	1165
Bra013434	AT4G19970	84.1	2.18e-237	649
Bra013435	AT4G19980	74.6	2.29e-64	191
Bra013436	AT4G19985	66.3	1.46e-109	315
Bra013438	AT4G20000	71.9	1.62e-98	284
Bra013439	AT4G20020	73.3	7.78e-122	358
Bra013440	AT4G20030	84.2	3.54e-87	251
Bra013442	AT4G20050	85.4	3.32e-295	805
Bra013443	AT4G20060	76.5	0	1696
Bra013444	AT4G20090	88.3	2e-100	319
Bra013445	AT4G20110	89.1	0	1175
Bra013446	AT4G20140	86.5	8.52e-257	759
Bra013447	AT4G20160	53.5	0	959
Bra013450	AT4G20260	81.6	2.23e-93	273
Bra013451	AT4G20270	80.8	1e-278	802
Bra013452	AT4G20280	80	3.74e-85	250
Bra013454	AT4G20310	81.5	2.63e-311	848
Bra013456	AT4G20320	92	0	1115
Bra013461	AT4G20400	75.1	0	1387
Bra013462	AT4G20410	92.4	6.08e-183	504
Bra013464	AT4G20430	88.4	0	1466
Bra013467	AT4G20740	83.5	1.96e-304	848
Bra013468	AT4G20760	90.6	2.09e-194	535
Bra013469	AT4G20770	78.5	0	1121
Bra013471	AT4G20790	80.5	2.13e-300	820
Bra013472	AT4G20800	77.8	4.28e-310	846
Bra013475	AT4G20820	86	0	942
Bra013478	AT4G20860	81.7	0	878
Bra013479	AT4G20870	95.3	4.55e-177	485
Bra013480	AT4G20880	60.8	1.25e-100	304
Bra013482	AT4G20910	63.4	0	1288
Bra013485	AT4G20940	90.5	0	1157
Bra013486	AT4G20970	75.3	1.93e-93	270
Bra013489	AT4G21020	76.4	8.91e-36	127
Bra013493	AT4G21050	58	6.8e-76	228
Bra013498	AT4G21060	90	0	1083
Bra013500	AT4G21090	85.9	2.81e-120	338
Bra013503	AT4G21140	73.6	2.48e-112	322
Bra013507	AT4G21150	89.6	0	1103
Bra013509	AT4G21170	77.8	0	887
Bra013510	AT4G21180	84.7	0	1046
Bra013511	AT4G21190	85.9	1.7e-177	492
Bra013513	AT4G21210	83.6	7.19e-231	635
Bra013514	AT4G21215	82	5.38e-105	300
Bra013516	AT4G21250	78	3.62e-232	640
Bra013518	AT4G21300	76.5	0	1251
Bra013519	AT4G21330	77.3	4.32e-101	294
Bra013520	AT4G21340	68.9	6.1e-128	365
Bra013521	AT4G21350	87.4	3.26e-227	623
Bra013522	AT4G21380	84.2	0	1441
Bra013523	AT4G21390	88.5	0	1239
Bra013524	AT4G21410	79.4	0	1048
Bra013527	AT4G21445	80.8	4.1e-85	246
Bra013528	AT4G21450	87.6	2.84e-153	430
Bra013529	AT4G21480	90.4	0	912
Bra013530	AT4G21500	62.2	5.32e-70	213
Bra013532	AT4G21510	61.8	6.94e-78	232
Bra013533	AT4G21520	91.7	7.56e-280	759
Bra013534	AT4G21530	88.2	0	1361
Bra013535	AT4G21550	56.8	1.14e-264	745
Bra013536	AT4G21560	96.7	4.68e-138	384
Bra013539	AT5G62390	74.3	3.46e-127	375
Bra013540	AT4G21580	90.8	1.29e-211	580
Bra013541	AT4G21585	84	1.82e-207	568
Bra013542	AT4G21600	83.4	2.3e-194	534
Bra013543	AT1G11270	59.2	4.46e-110	324
Bra013545	AT4G21660	71.9	2.23e-284	789
Bra013549	AT4G21700	77.6	0	1399
Bra013550	AT4G21710	97.6	0	2328
Bra013551	AT4G21720	77.7	1.54e-74	218
Bra013558	AT4G21770	86.7	8.91e-308	835
Bra013559	AT4G21780	72.9	4.45e-52	159
Bra013561	AT4G21790	86.5	1.74e-186	514
Bra013562	AT4G21800	91.3	5.63e-203	562
Bra013564	AT4G21820	79.7	0	1893
Bra013566	AT4G21870	74.1	7.19e-68	201
Bra013567	AT4G21880	70.6	0	952
Bra013568	AT4G21890	85.7	9.34e-164	468
Bra013569	AT4G21895	57.6	1.61e-66	206
Bra013572	AT4G21900	83	5.74999e-319	890
Bra013573	AT4G21902	74.4	1.88e-54	165
Bra013574	AT4G21930	57.6	3.82e-59	182
Bra013575	AT4G21940	85.1	0	932
Bra013576	AT4G21960	97	2.09e-238	648
Bra013579	AT4G21990	91.5	4.29e-305	828
Bra013580	AT4G22000	98.5	2.93e-89	254
Bra013582	AT4G22010	92.8	0	1067
Bra013584	AT4G22070	88.4	5.79e-283	778
Bra013585	AT4G22080	91.9	4e-277	751
Bra013587	AT4G22120	93	0	1415
Bra013591	AT4G22130	87.5	0	945
Bra013592	AT4G22140	96.4	1.02e-164	453
Bra013593	AT4G22150	90.4	1.42e-192	530
Bra013594	AT4G22160	64.4	1.18e-42	139
Bra013598	AT4G22190	72.9	3.06e-140	402
Bra013599	AT4G22200	87.6	0	1351
Bra013602	AT4G22240	82.2	9.51e-172	478
Bra013604	AT4G22260	77	4.44e-189	525
Bra013608	AT4G22310	88.9	1.41e-72	210
Bra013612	AT4G22340	87.7	1.11e-264	722
Bra013613	AT4G22350	82.1	9.02e-318	865
Bra013615	AT4G22370	63.5	2.84e-96	284
Bra013616	AT4G22380	96.1	6.43e-83	238
Bra013617	AT4G12590	95.5	3.67e-167	461
Bra013619	AT4G22460	75.2	9.02e-65	192
Bra013620	AT4G22485	78.8	4.87e-36	136
Bra013622	AT4G22520	53	2.98e-34	114
Bra013623	AT4G22530	87.5	8.51e-169	466
Bra013624	AT4G22540	89.8	0	1309
Bra013625	AT4G22550	54.8	2.12e-65	200
Bra013627	AT4G22580	89.5	8.28e-175	488
Bra013629	AT4G22600	85.1	4.97e-165	457
Bra013630	AT4G22620	88.8	4.28e-101	286
Bra013631	AT4G22640	54.2	2.44e-44	141
Bra013632	AT4G22670	74.4	2.27e-165	471
Bra013633	AT4G22680	77	1.93e-147	412
Bra013634	AT4G22690	93.5	0	991
Bra013635	AT4G22720	94.3	1.77e-246	673
Bra013636	AT4G22730	89.1	0	911
Bra013642	AT4G22750	85.1	9.76e-186	512
Bra013643	AT4G22756	91.8	6.97e-194	539
Bra013644	AT4G22758	74.2	4.61e-126	357
Bra013645	AT4G22760	84.6	1.65e-189	544
Bra013648	AT4G22790	80	2.32e-285	781
Bra013649	AT4G22810	83	6.38e-147	416
Bra013650	AT4G22830	80.8	7.04e-91	263
Bra013652	AT4G22880	91.3	1.79e-241	658
Bra013655	AT4G22910	91.7	0	870
Bra013662	AT4G22940	74.6	2.3e-279	777
Bra013665	AT4G22970	78.2	0	3363
Bra013668	AT4G22990	89.7	0	1188
Bra013670	AT4G23020	61.4	4.12e-161	462
Bra013671	AT4G23030	89	1.64e-317	863
Bra013672	AT4G23060	74.2	3.48e-210	590
Bra013673	AT4G23070	83.4	7.81e-169	469
Bra013675	AT4G23100	91.4	0	951
Bra013678	AT4G23180	78.5	0	941
Bra013679	AT4G23240	68.4	0	902
Bra013683	AT4G23280	67.5	1.94e-309	855
Bra013684	AT4G23320	80.4	4.79e-292	827
Bra013685	AT4G23330	77.2	4.72e-46	150
Bra013687	AT4G23370	64.5	3.9e-189	529
Bra013690	AT4G23430	91.3	2.14e-209	574
Bra013691	AT4G23440	83.7	0	1537
Bra013694	AT4G23490	89.1	0	949
Bra013695	AT4G23493	79.3	3.35e-43	134
Bra013698	AT4G23510	52.4	3.97e-194	561
Bra013705	AT4G23520	67	7.37e-166	465
Bra013706	AT4G23530	80.5	4.2e-207	574
Bra013707	AT4G23540	82.5	0	1688
Bra013709	AT4G23560	85.7	3.22e-306	832
Bra013714	AT4G23600	80	1.06e-255	699
Bra013715	AT4G23610	68.6	3.67e-89	262
Bra013717	AT4G23630	93.5	1.51e-160	446
Bra013718	AT4G23640	97.2	0	1488
Bra013720	AT4G23660	78.7	1.33e-240	661
Bra013721	AT4G23680	88	1.08e-101	287
Bra013724	AT4G23700	88.1	0	1372
Bra013726	AT4G23710	90.2	2.36e-53	162
Bra013728	AT4G23740	83.1	2.33e-307	860
Bra013730	AT4G23750	69	2.47e-136	389
Bra013731	AT4G23800	84.1	2.74e-217	605
Bra013734	AT4G23820	90.1	9.26e-304	823
Bra013735	AT4G23850	92.9	0	1181
Bra013737	AT4G23860	69.7	1.16e-232	641
Bra013740	AT4G23885	83.3	5.35e-40	125
Bra013741	AT4G23890	82.3	4.36e-136	382
Bra013742	AT4G23900	90.3	3.92e-153	424
Bra013743	AT4G23910	67.8	2.43e-76	227
Bra013745	AT4G23930	77	4.82e-94	271
Bra013747	AT4G23940	88.8	0	1592
Bra013750	AT4G24000	76.5	0	1141
Bra013751	AT4G24015	90.2	4.46e-107	303
Bra013754	AT4G24020	91.1	0	1729
Bra013755	AT4G24026	76.9	1.85e-34	112
Bra013756	AT4G24040	85.3	0	962
Bra013760	AT4G24080	68.6	4.07e-117	335
Bra013761	AT4G24090	82.3	1.04e-164	460
Bra013762	AT4G24100	82.7	0	1093
Bra013763	AT4G24110	73.3	1.56e-102	297
Bra013766	AT4G24140	86.9	0	878
Bra013770	AT4G24160	88.9	2.02e-275	748
Bra013771	AT4G24170	62.3	0	1226
Bra013772	AT4G24175	71.4	6.06e-131	374
Bra013773	AT4G24180	87.1	1.7e-150	422
Bra013774	AT4G24190	93.7	0	1413
Bra013775	AT4G24204	70.5	5.22e-79	231
Bra013776	AT4G24210	78.2	6.2e-77	224
Bra013782	AT4G24265	70.9	4.43e-57	174
Bra013784	AT4G24270	80.5	0	1194
Bra013786	AT4G24280	92.2	0	1206
Bra013790	AT4G24310	86.4	3.5e-130	365
Bra013791	AT4G24320	83.2	7.77e-229	629
Bra013793	AT4G24340	83.1	4.08e-198	547
Bra013794	AT4G24350	81	6.47e-195	539
Bra013796	AT4G24370	68.9	4.85e-49	155
Bra013797	AT4G24380	78	2.65e-141	395
Bra013798	AT4G24390	77.2	0	965
Bra013799	AT4G24400	89.4	7.64e-287	779
Bra013800	AT4G24430	88.5	0	1202
Bra013803	AT4G24450	85.8	0	2209
Bra013804	AT4G24460	81.9	1.23e-232	642
Bra013805	AT4G24470	80.4	2.33e-149	419
Bra013806	AT4G24480	80.9	0	1447
Bra013807	AT4G24490	83.9	0	956
Bra013808	AT4G24500	73.7	3.84e-155	437
Bra013809	AT4G24510	73.8	6.61e-222	613
Bra013811	AT4G24520	88.9	0	1231
Bra013812	AT4G24530	89.8	0	937
Bra013814	AT4G24560	76.3	0	1390
Bra013815	AT4G24570	86.8	3.96e-189	522
Bra013818	AT4G24610	85.6	0	1891
Bra013820	AT4G24630	79.8	3.47e-244	669
Bra013821	AT4G24640	79.1	2.16e-90	261
Bra013822	AT4G24660	84.7	6.94e-131	367
Bra013823	AT4G24670	82.8	7.48e-261	714
Bra013825	AT4G24690	77.4	0	993
Bra013826	AT4G24700	72.2	1.98e-55	169
Bra013827	AT4G24710	87.1	7.92e-305	829
Bra013829	AT4G24740	95	1.31e-282	780
Bra013830	AT4G24750	88	8.18e-187	514
Bra013831	AT4G24760	94.5	2.52e-259	704
Bra013836	AT4G24800	88	0	1207
Bra013837	AT4G24805	86.1	1.04e-147	411
Bra013838	AT4G24820	95.6	1.34e-258	704
Bra013839	AT4G24830	90.8	0	870
Bra013843	AT4G24890	86	0	1130
Bra013844	AT4G24900	62.1	5.89e-169	479
Bra013847	AT4G24930	81.6	2.23e-121	344
Bra013848	AT4G24940	90.1	1.25e-212	582
Bra013851	AT4G24970	78.3	0	1036
Bra013852	AT4G24972	79	1.06e-96	276
Bra013860	AT4G25070	57.2	8.65e-239	681
Bra013863	AT4G25100	93.8	2.17e-149	413
Bra013864	AT4G25110	78.3	2.02e-225	624
Bra013865	AT4G25130	85.2	3.09e-153	426
Bra013868	AT4G25160	87.5	0	1296
Bra013869	AT4G25170	79.8	1.56e-194	539
Bra013871	AT4G25180	65.7	1.69e-106	318
Bra013872	AT4G25200	83.6	1.74e-116	330
Bra013874	AT4G25220	91.1	0	912
Bra013877	AT4G25240	90.2	0	1084
Bra013881	AT4G25260	81.7	1.51e-112	319
Bra013882	AT4G25270	90.1	2.07e-249	686
Bra013883	AT4G25280	82.2	1.34e-131	372
Bra013888	AT4G25360	81.3	2.38e-318	867
Bra013889	AT4G25410	80.6	1.28e-117	333
Bra013890	AT4G25420	84.9	2.68e-239	654
Bra013892	AT4G25433	73.6	7.1e-52	158
Bra013893	AT4G25434	79.6	8.58e-170	471
Bra013894	AT4G25440	85	7.61e-230	634
Bra013901	AT4G25590	93.4	3.7e-88	253
Bra013902	AT4G25600	75.6	2.68e-143	404
Bra013903	AT4G25610	79.5	1.92e-279	773
Bra013904	AT4G25620	71.5	1.03e-184	521
Bra013907	AT4G25650	78.4	0	906
Bra013909	AT4G25670	83.2	9.61e-103	293
Bra013913	AT4G25720	78.8	2.52e-177	493
Bra013915	AT4G25740	89	2.29e-105	299
Bra013916	AT4G25750	86.5	0	920
Bra013917	AT4G25760	84.4	9.88e-74	215
Bra013918	AT4G25770	80.4	7.62e-235	646
Bra013920	AT4G25790	76.9	4.06e-114	323
Bra013923	AT4G25820	84	4.24e-188	517
Bra013924	AT4G25830	82.9	1.03e-97	279
Bra013925	AT4G25835	82.3	9.17e-292	798
Bra013927	AT4G25870	86.6	1.53e-259	705
Bra013929	AT4G38120	80.2	0	1786
Bra013932	AT4G25900	78.2	1.06e-183	508
Bra013933	AT4G25910	87.5	2.89e-139	389
Bra013934	AT4G25940	87.6	0	894
Bra013936	AT4G25960	91.6	0	2169
Bra013937	AT4G25970	93.2	0	1165
Bra013938	AT4G25980	86.8	2.21e-208	572
Bra013939	AT4G25990	63.1	1.21e-130	380
Bra013943	AT4G26010	87.1	1.05e-196	542
Bra013945	AT4G26080	83.7	1.1e-260	712
Bra013947	AT4G26090	82.9	0	1448
Bra013948	AT5G57020	91.5	4.74e-301	815
Bra013949	AT4G26100	89.2	1.61e-289	788
Bra013952	AT4G26120	72.2	3.43e-284	786
Bra013955	AT4G26130	72.8	1.83e-97	287
Bra013956	AT4G26140	85.9	0	1337
Bra013957	AT5G17700	85.1	2.63e-307	836
Bra013958	AT5G17690	67.1	1.52e-160	460
Bra013959	AT5G17680	74.7	0	1764
Bra013960	AT5G17660	79.7	7.13e-163	455
Bra013961	AT5G17640	92.8	5.14e-302	817
Bra013962	AT5G17630	81.1	1.3e-230	635
Bra013965	AT5G17590	51.7	1.92e-58	181
Bra013966	AT5G17580	70.1	9.24e-260	720
Bra013967	AT5G17570	86.7	1.55e-200	553
Bra013969	AT5G17550	90.7	6.69e-154	427
Bra013971	AT5G17510	93.5	3e-184	514
Bra013972	AT5G17500	87.3	0	967
Bra013973	AT5G17490	82.2	1.1e-301	824
Bra013976	AT5G17450	94	1.67e-104	294
Bra013977	AT5G17440	94.8	2.38e-213	590
Bra013978	AT5G17430	78.9	0	885
Bra013981	AT5G17400	92.2	1.17e-209	575
Bra013982	AT5G17390	81.7	3.12e-133	378
Bra013983	AT5G17380	91.3	0	1041
Bra013984	AT5G17360	76.4	4.46e-83	242
Bra013985	AT5G17350	84	4.35e-94	271
Bra013997	AT4G13850	82.7	3.24e-71	210
Bra014003	AT4G13950	77	1.52e-55	167
Bra014005	AT1G43670	94.7	9.47e-237	644
Bra014008	AT1G43650	90.9	3.76e-119	342
Bra014010	AT1G43630	83.6	1.35e-221	611
Bra014011	AT1G43190	94.7	2.56e-304	823
Bra014012	AT1G43130	90.8	6.15e-164	454
Bra014013	AT1G43040	83	2.33e-56	169
Bra014016	AT1G43020	71.6	3.2e-167	497
Bra014019	AT1G44090	85.7	2.19e-235	644
Bra014022	AT1G44170	88.3	2.79e-311	845
Bra014023	AT1G44191	67.4	1.16e-33	124
Bra014024	AT1G44575	95.1	5.59e-176	484
Bra014029	AT1G44800	88.7	1.7e-227	624
Bra014034	AT1G45010	88.3	3.77e-148	411
Bra014037	AT1G45145	83.9	2.94e-72	210
Bra014040	AT1G45150	91.2	0	1215
Bra014042	AT1G45160	81	0	1663
Bra014043	AT1G45180	54.8	1.03e-197	567
Bra014045	AT1G45207	73.8	3.18e-245	682
Bra014046	AT1G45230	79.2	3.67e-117	332
Bra014048	AT1G45474	86.9	2.15e-160	444
Bra014049	AT1G45545	74.2	2.05e-306	855
Bra014051	AT1G45976	75.3	8.01e-163	456
Bra014054	AT1G46264	80.6	5.99e-186	516
Bra014055	AT1G46480	82.3	2.01e-136	384
Bra014056	AT1G46768	78.7	4.09e-71	210
Bra014060	AT5G50380	87.5	0	1114
Bra014061	AT5G50390	88.1	0	934
Bra014062	AT5G50443	67.9	1.27e-15	64.7
Bra014066	AT5G50560	89.6	9.67e-41	127
Bra014068	AT1G47250	91.7	6.68e-179	493
Bra014075	AT1G47340	62.5	3.34e-185	524
Bra014076	AT1G47380	96.5	9.68e-307	829
Bra014078	AT1G47395	63.6	8.96e-13	55.5
Bra014080	AT1G47480	83.4	3.98e-205	562
Bra014081	AT1G47580	68.3	9.78e-99	286
Bra014087	AT4G31980	67.7	8.72e-190	540
Bra014089	AT1G47720	59.4	7.49e-107	316
Bra014092	AT1G47750	77.6	1.35e-133	376
Bra014093	AT5G22100	80.1	5.98e-222	610
Bra014096	AT1G47870	73.1	1.7e-172	485
Bra014097	AT1G47900	70.3	0	1088
Bra014099	AT1G48020	88	5.61e-105	298
Bra014100	AT1G48050	84.6	0	1144
Bra014103	AT1G48140	95.5	5.27e-57	169
Bra014105	AT1G48175	88.3	2.71e-108	306
Bra014106	AT2G47450	73.8	4.75e-158	448
Bra014110	AT1G48210	87.4	6.28e-233	637
Bra014116	AT1G48230	94.6	4.37e-243	663
Bra014124	AT1G48260	81.2	3.54e-250	686
Bra014125	AT1G48300	75.9	1.68e-151	430
Bra014126	AT3G44780	52.4	1.74e-55	174
Bra014127	AT1G48320	81.4	8.27e-90	258
Bra014130	AT1G48330	93.5	1.98e-44	137
Bra014131	AT1G48350	94.2	1.65e-110	311
Bra014132	AT1G48360	76.8	0	1338
Bra014133	AT1G48370	90.1	0	1284
Bra014134	AT1G48380	73.6	4.36e-173	486
Bra014135	AT1G48405	69.5	4.77e-125	358
Bra014137	AT1G48430	87.2	0	967
Bra014139	AT1G48460	82	2.06e-187	519
Bra014140	AT1G48480	87.7	0	922
Bra014141	AT1G48490	75.4	0	1607
Bra014145	AT1G48590	87.1	1.68e-105	300
Bra014152	AT1G48745	74.4	5.22e-61	182
Bra014158	AT1G48850	95	5.32e-298	808
Bra014160	AT1G48880	87.7	2.64e-300	814
Bra014163	AT1G48950	82.9	0	950
Bra014165	AT1G48970	82.1	0	1020
Bra014171	AT1G49180	85.1	1.37e-152	430
Bra014177	AT1G49230	79.7	1.9e-120	340
Bra014178	AT1G49245	76.5	8.15e-28	95.1
Bra014179	AT1G49300	94.8	3.12e-147	407
Bra014180	AT1G49320	77.7	1.46e-163	454
Bra014182	AT1G49330	55	8.5e-96	293
Bra014184	AT1G49380	86.9	0	892
Bra014186	AT1G49405	93.4	4.7e-94	268
Bra014187	AT1G49410	85.2	1.59e-29	97.8
Bra014189	AT1G49450	84	1.95e-260	715
Bra014190	AT1G49470	86.1	3.51e-183	506
Bra014191	AT1G49475	62.1	1.38e-68	207
Bra014193	AT1G49490	75.2	2.2e-100	327
Bra014195	AT1G49500	77.8	6.91e-28	94.4
Bra014200	AT1G49570	90.9	1.88e-203	562
Bra014201	AT1G49580	86.1	0	1034
Bra014205	AT1G49800	72	6.44e-42	133
Bra014206	AT1G49780	88.9	4.36e-268	731
Bra014217	AT5G49420	58.6	9.2e-55	179
Bra014219	AT1G49840	80.3	6.92e-279	764
Bra014222	AT1G49870	80	0	909
Bra014223	AT1G49880	89.5	2.35e-124	348
Bra014225	AT1G50580	78.6	5.74e-257	705
Bra014226	AT1G49910	93.2	1.08e-242	659
Bra014228	AT1G49960	94.8	0	974
Bra014229	AT1G49970	94.6	6.48e-264	717
Bra014232	AT1G04820	100	0	903
Bra014233	AT1G50020	86.9	3.61e-123	347
Bra014235	AT1G50090	86.2	7.8e-230	629
Bra014238	AT1G50120	75.9	8.38e-314	859
Bra014239	AT1G50140	85.4	0	1611
Bra014240	AT1G50170	77.8	2.49e-121	343
Bra014241	AT1G50180	80.1	0	1424
Bra014242	AT1G50200	91.7	0	1804
Bra014243	AT1G50240	87.5	0	2135
Bra014244	AT1G50280	77.4	5.47e-282	775
Bra014245	AT1G50300	86.8	4.29e-187	522
Bra014251	AT1G50420	85.3	1.07e-291	794
Bra014252	AT1G50430	94.4	0	873
Bra014258	AT1G50940	89.3	1.41e-218	600
Bra014263	AT1G51410	96	1.15e-230	628
Bra014264	AT1G51405	66.1	1.57e-163	469
Bra014265	AT5G01990	89.2	3.71e-269	734
Bra014266	AT5G01980	64.2	2.35e-186	527
Bra014267	AT1G51380	93.6	6.88e-269	731
Bra014272	AT1G51340	90.9	0	872
Bra014273	AT1G51310	86.6	1.01e-315	857
Bra014277	AT4G12750	75.1	0	1340
Bra014278	AT1G51200	87.6	2.14e-104	296
Bra014282	AT1G51120	76.1	9.91e-180	501
Bra014283	AT1G51090	82	9.77e-58	177
Bra014285	AT1G51060	94.7	1.5e-81	235
Bra014288	AT1G51510	81.8	1.19e-111	317
Bra014290	AT1G51580	76.7	0	889
Bra014292	AT1G51600	84.4	1.01e-151	424
Bra014294	AT1G51650	85.7	6.12e-43	132
Bra014297	AT1G51700	68	5.19e-76	226
Bra014298	AT1G51710	91.3	6.88001e-319	864
Bra014303	AT1G51950	79.9	2.5e-144	405
Bra014304	AT1G51960	57.4	2.36e-89	269
Bra014305	AT1G51980	89.2	0	870
Bra014308	AT1G52030	64.1	2.27e-252	712
Bra014310	AT1G52080	80.1	2.79e-292	805
Bra014316	AT1G52191	66.7	2.18e-54	167
Bra014317	AT1G52230	95.2	8.67e-96	272
Bra014318	AT1G52245	94.7	1.46e-63	186
Bra014321	AT1G52290	84.8	1.09e-251	697
Bra014322	AT1G52310	84.1	0	913
Bra014324	AT1G52342	74.7	1.24e-36	117
Bra014326	AT2G01320	88.2	0	1244
Bra014328	AT2G01290	90.6	7.23e-168	464
Bra014329	AT2G01275	86.6	5.79e-166	460
Bra014330	AT2G01270	82.5	8.68e-310	843
Bra014331	AT2G01260	74.9	4.07e-183	510
Bra014334	AT2G01250	96.3	4.29e-164	452
Bra014335	AT2G01240	71	1.14e-43	139
Bra014340	AT2G01140	94.9	2.01e-266	724
Bra014343	AT2G01100	83.8	5.23e-12	63.2
Bra014346	AT2G01080	88.5	2.7e-103	299
Bra014348	AT2G01060	90.6	5.91e-164	457
Bra014349	AT5G47780	81.5	0	1005
Bra014354	AT1G55210	95.7	4.3e-128	357
Bra014355	AT1G55190	80.4	1.17e-103	295
Bra014362	AT1G55080	68.8	3.3e-48	159
Bra014364	AT1G54280	93.1	0	2286
Bra014370	AT1G54060	66.9	6.9e-106	314
Bra014371	AT1G54030	81.4	3.8e-236	648
Bra014374	AT1G54010	82.8	5.96e-236	646
Bra014380	AT3G62950	99	3.28e-71	206
Bra014381	AT3G62940	89.1	1.95e-181	503
Bra014384	AT3G62910	92.3	5.35e-261	712
Bra014385	AT1G21150	55.4	1.83e-134	392
Bra014386	AT3G62880	78.5	3.82e-70	206
Bra014389	AT3G62840	98.1	8.72e-71	206
Bra014390	AT3G62830	91.2	4.9e-302	818
Bra014391	AT3G62810	90.6	1.54e-57	172
Bra014392	AT3G62780	65.4	4.05e-96	284
Bra014393	AT3G62770	95.8	9.5e-251	686
Bra014394	AT3G62760	89.5	8.72e-148	409
Bra014397	AT3G62710	82.3	0	1076
Bra014404	AT3G62270	95.5	0	1325
Bra014409	AT3G62180	82.5	3.83e-125	353
Bra014412	AT3G62060	84.7	4.85e-294	800
Bra014419	AT3G61830	80.8	0	923
Bra014420	AT3G61820	87	1.56e-301	820
Bra014423	AT3G61730	73	7.87e-184	512
Bra014425	AT3G61680	80.7	0	991
Bra014429	AT3G61590	83.4	1.13e-262	718
Bra014433	AT3G61470	96.1	2.07e-185	508
Bra014436	AT3G61440	90.8	4.86e-240	655
Bra014437	AT3G61430	97.6	3.92e-207	565
Bra014438	AT3G61410	54.2	6.67e-104	305
Bra014443	AT3G61320	90.2	3.12e-260	712
Bra014446	AT3G61250	79.1	5.45e-157	439
Bra014447	AT3G61230	84	1.33e-111	317
Bra014449	AT3G61200	69.8	7.85e-78	229
Bra014454	AT3G61120	66.5	4.2e-99	288
Bra014456	AT3G61060	84.9	4.87e-184	507
Bra014465	AT3G60880	91.5	1.83e-254	691
Bra014466	AT3G60860	90.2	0	3085
Bra014467	AT3G60840	80.4	0	916
Bra014473	AT3G60750	94.9	0	1388
Bra014474	AT3G60740	79.8	0	1985
Bra014476	AT3G60690	85.3	1.25e-107	304
Bra014478	AT3G60670	83	3.37e-145	405
Bra014487	AT3G60450	85	6.02e-169	469
Bra014490	AT3G60415	71.5	7.35e-136	383
Bra014493	AT3G60370	84.4	6.05e-141	395
Bra014494	AT3G60360	86	1.62e-136	382
Bra014497	AT3G60320	76.7	0	1055
Bra014498	AT3G60310	70.2	0	887
Bra014499	AT3G60300	73.1	3.14e-138	397
Bra014500	AT3G60290	87	3.36e-230	629
Bra014501	AT3G60280	76.4	1.54e-63	196
Bra014503	AT3G60245	100	6.26e-64	187
Bra014504	AT5G42520	73.9	2.28e-124	358
Bra014505	AT3G60240	72.8	0	2184
Bra014507	AT3G60190	94.2	0	1158
Bra014509	AT3G60150	91.4	1.05e-104	296
Bra014510	AT3G60140	84.3	0	1025
Bra014511	AT3G60120	93.1	0	1019
Bra014513	AT3G60100	90.3	9.53e-315	853
Bra014515	AT3G60070	94.1	1.85e-315	853
Bra014516	AT3G60050	70.8	4.77e-122	363
Bra014522	AT3G59950	76.2	8.25e-251	689
Bra014523	AT3G59920	95.5	2.11e-318	860
Bra014526	AT3G59800	88.7	2.51e-75	223
Bra014529	AT3G59760	88.1	1.36e-253	694
Bra014532	AT3G59700	82.6	0	1071
Bra014536	AT3G59530	89.1	1.55e-284	771
Bra014539	AT3G59490	84.3	4.51e-172	477
Bra014542	AT3G59350	94.2	4.7e-273	743
Bra014543	AT3G59340	84	8.46e-184	511
Bra014544	AT3G60470	51.1	2.66e-164	472
Bra014546	AT3G59280	87.1	1.64e-63	188
Bra014547	AT3G59220	82.7	7.61e-172	476
Bra014551	AT3G58850	76.5	3.8e-47	147
Bra014552	AT3G58780	81.5	5.96e-152	424
Bra014553	AT3G58760	89.4	2.27e-263	725
Bra014556	AT3G58710	87.5	3.02e-146	410
Bra014560	AT3G58670	92.1	4.52e-175	480
Bra014562	AT3G58610	93.2	0	1062
Bra014563	AT3G58600	81.8	1.2e-152	428
Bra014564	AT3G58590	74.4	0	1081
Bra014566	AT3G58580	92.7	0	1135
Bra014567	AT3G58550	86.8	2.04e-85	246
Bra014570	AT3G58480	82.8	0	917
Bra014572	AT3G58410	64.7	8.68e-133	385
Bra014575	AT3G58360	68.7	5.23e-142	401
Bra014576	AT3G58300	76.2	1.42e-86	251
Bra014582	AT3G58160	85.1	0	1675
Bra014583	AT3G58150	65.7	1.21e-80	238
Bra014587	AT1G65870	75.4	6.06e-96	276
Bra014588	AT3G58060	88.1	9.15e-256	698
Bra014589	AT3G58040	88.1	1.87e-205	562
Bra014593	AT3G58010	83.2	7.8e-172	477
Bra014595	AT3G57990	78.5	2.13e-184	513
Bra014600	AT3G57890	85.8	0	1021
Bra014602	AT3G57870	95.6	5.26e-120	334
Bra014604	AT3G57780	64.1	8.91e-260	726
Bra014610	AT3G57700	78.8	4.55e-189	524
Bra014611	AT3G57690	93.4	1.08e-30	101
Bra014612	AT3G57670	79.3	1.69e-180	505
Bra014633	AT3G57290	93.9	3.04e-312	844
Bra014647	AT3G57060	90	0	2255
Bra014648	AT3G57050	89.7	6.48e-303	822
Bra014655	AT3G57010	80.5	3.73e-231	634
Bra014659	AT3G56970	82.4	7.6e-139	390
Bra014660	AT3G56960	92.6	0	1092
Bra014672	AT3G56770	69	3.58e-95	277
Bra014678	AT3G56680	69.2	2.75e-158	446
Bra014681	AT3G56650	85.9	1.29e-153	427
Bra014682	AT3G56620	85.9	2.17e-214	591
Bra014688	AT3G56500	80	2.56e-51	157
Bra014689	AT3G56490	99.2	8.6e-90	256
Bra014692	AT3G56400	67.2	2.2e-115	333
Bra014696	AT3G56360	75.3	2.51e-113	323
Bra014707	AT3G57100	59.4	9.6e-127	367
Bra014710	AT3G56080	83.4	0	1069
Bra014712	AT3G56010	73.3	5.34e-90	262
Bra014716	AT3G55970	88	7.36e-247	672
Bra014719	AT3G55850	90	0	1023
Bra014721	AT3G55770	80.2	5.67e-127	361
Bra014722	AT3G55740	94.1	2.01e-300	814
Bra014733	AT3G55605	76.5	2.78e-122	348
Bra014734	AT3G55570	79.1	1.23e-46	144
Bra014735	AT3G55560	83.9	8.9e-167	465
Bra014736	AT3G55550	85.2	0	1149
Bra014737	AT3G55515	69	3.56e-28	96.7
Bra014741	AT3G55460	78	1e-91	272
Bra014743	AT3G55440	95.7	2.4e-176	484
Bra014747	AT3G55430	88.3	1.8e-304	825
Bra014748	AT3G55420	92.5	1.16e-129	363
Bra014752	AT3G55370	60	2.85e-138	397
Bra014753	AT1G43080	83.7	7.94e-257	701
Bra014755	AT3G55330	84.1	5.2e-136	380
Bra014756	AT3G55320	93	0	2503
Bra014757	AT3G55290	84.9	8e-172	475
Bra014763	AT3G55280	92.2	4.79e-86	248
Bra014765	AT3G55260	89	0	998
Bra014768	AT3G55230	86.9	1.6e-181	502
Bra014771	AT3G55150	86.3	0	1034
Bra014772	AT3G55140	93.7	1.17e-242	659
Bra014773	AT3G55130	84.9	0	1150
Bra014776	AT3G55090	87.5	0	1197
Bra014777	AT3G55070	85.2	3.99e-254	695
Bra014779	AT3G55030	91.4	5.44e-140	391
Bra014785	AT3G54840	92.6	1.19e-129	362
Bra014786	AT3G54800	88	0	1320
Bra014787	AT3G54790	83.8	0	954
Bra014788	AT3G54760	57.8	2.51e-230	662
Bra014797	AT3G54710	61.8	1.54e-165	475
Bra014798	AT3G54700	94.2	0	978
Bra014803	AT3G54610	77.4	2.62e-303	831
Bra014807	AT3G28550	72.3	1.93e-17	87
Bra014808	AT3G54560	97.1	8.89e-87	248
Bra014812	AT3G54490	78.7	7.11e-127	358
Bra014813	AT3G54480	85.5	4.48e-166	461
Bra014815	AT3G54460	82.4	0	2058
Bra014816	AT3G54440	90.2	0	2152
Bra014819	AT3G54400	88.4	6.42e-268	731
Bra014820	AT3G54350	71.1	0	887
Bra014826	AT3G54260	85.3	3.64e-239	670
Bra014828	AT3G54250	95.2	1.11e-296	803
Bra014829	AT3G54240	89.4	2.38e-247	672
Bra014834	AT2G38630	87.7	1.19e-298	812
Bra014835	AT3G54180	90	2.58e-204	560
Bra014837	AT3G54150	83.5	9.43e-189	521
Bra014838	AT3G54140	94	0	1075
Bra014842	AT3G54040	87	1.32e-105	302
Bra014847	AT3G54030	92.2	0	922
Bra014848	AT3G54020	91.8	1.51e-206	565
Bra014849	AT3G54010	86.6	0	1085
Bra014853	AT3G53980	89.9	2.34e-71	208
Bra014855	AT3G53940	81.6	2.32e-207	572
Bra014856	AT3G53930	84.6	0	1132
Bra014857	AT3G53920	75.4	8.51e-272	751
Bra014860	AT3G53830	70.6	2.33e-239	660
Bra014861	AT3G53820	78.6	1.06e-71	211
Bra014862	AT3G53780	78.5	1.23e-240	660
Bra014864	AT3G53770	71.3	1.03e-35	118
Bra014865	AT2G37620	99.7	2.83e-280	758
Bra014866	AT4G10230	68.5	1.03e-113	327
Bra014867	AT4G11790	69.9	1.19e-154	443
Bra014869	AT4G11810	89.7	0	1188
Bra014870	AT4G11820	94.6	0	887
Bra014871	AT4G11850	93.5	0	1623
Bra014875	AT1G30270	93.9	3.31e-304	827
Bra014876	AT1G30280	76.1	2.18e-221	614
Bra014879	AT1G30410	91.5	0	2688
Bra014880	AT1G30450	94.4	0	1816
Bra014882	AT1G30470	92.3	0	1207
Bra014885	AT1G30710	88.1	0	950
Bra014886	AT1G30720	84.4	0	900
Bra014895	AT1G30870	84.3	7.45e-219	600
Bra014898	AT1G30972	65.2	3.14e-17	72
Bra014904	AT1G31160	87.7	4.64e-108	306
Bra014905	AT1G31300	96.4	3.6e-199	544
Bra014906	AT1G31310	76.4	1.81e-159	452
Bra014907	AT1G31320	97.1	1.31e-119	334
Bra014910	AT1G31410	78.7	6.27e-292	799
Bra014911	AT1G31660	80.3	4.2e-235	660
Bra014914	AT3G23160	79.9	5.13e-287	786
Bra014917	AT3G23175	80.6	2.28e-91	263
Bra014918	AT2G40955	52.9	1.93e-07	53.9
Bra014923	AT3G23210	62.5	6.99e-102	300
Bra014924	AT3G23220	77.6	3.14e-63	189
Bra014933	AT3G23255	80.3	2.41e-108	309
Bra014934	AT3G23280	82.7	1.3e-281	768
Bra014935	AT3G23290	87.8	3.87e-106	302
Bra014938	AT3G23325	96.6	4.91e-61	179
Bra014939	AT3G23330	88.5	0	1250
Bra014941	AT3G23350	77.3	1.51e-146	411
Bra014942	AT3G23360	73.6	1.55e-124	355
Bra014943	AT3G23370	54	4.93e-166	489
Bra014946	AT3G23400	77.9	1.56e-146	411
Bra014947	AT3G23410	83.3	0	1233
Bra014955	AT2G26230	89.4	1.17e-200	550
Bra014956	AT3G23490	91.7	1.26e-106	301
Bra014958	AT3G23530	88.6	0	1543
Bra014960	AT3G23540	84.9	0	915
Bra014961	AT3G23570	80.3	5.68e-147	409
Bra014962	AT3G23580	93.3	1.71e-236	644
Bra014963	AT3G23590	89.8	0	2320
Bra014964	AT3G24180	92.2	0	1810
Bra014965	AT3G23600	87	6.31e-160	442
Bra014966	AT3G23610	88.8	7.18e-107	305
Bra014968	AT3G23630	85	1.18e-196	542
Bra014969	AT3G23670	81.7	0	1991
Bra014973	AT3G23700	86.3	9.95e-231	633
Bra014975	AT3G23730	94.2	3.95e-214	583
Bra014976	AT3G23740	52.4	7.64e-173	503
Bra014978	AT3G23760	85.9	7.87e-127	354
Bra014981	AT3G23800	89.3	0	914
Bra014982	AT2G20605	64.7	1.64e-22	81.3
Bra014983	AT3G23805	83.9	2.5e-66	195
Bra014988	AT3G23840	71.9	8.19e-225	621
Bra014989	AT3G23900	77.7	4.57e-269	773
Bra014991	AT3G23880	83.1	6.16e-215	592
Bra014998	AT3G24240	93.8	5.8e-271	793
Bra015000	AT3G24230	76.2	7.32e-253	694
Bra015001	AT1G64810	83.1	7.55e-274	747
Bra015002	AT3G24220	82.6	0	977
Bra015003	AT3G24210	81.9	0	939
Bra015008	AT3G24150	81.8	4.43e-186	516
Bra015009	AT3G24110	92	1.25e-146	407
Bra015010	AT4G38430	83.4	0	895
Bra015012	AT3G24090	94.8	0	1253
Bra015013	AT3G24080	50.6	4.5e-132	401
Bra015014	AT3G24030	87.5	2.64e-165	458
Bra015016	AT3G24010	83.1	3.93e-126	356
Bra015021	AT3G23950	59.1	9.82e-187	525
Bra015024	AT3G23930	70.5	8.18e-84	248
Bra015025	AT3G23920	89.4	0	1054
Bra015029	AT3G24310	84.3	1.06e-155	434
Bra015032	AT3G24315	90.5	1.21e-173	481
Bra015033	AT3G24320	90.9	0	2030
Bra015034	AT3G24330	86.8	0	884
Bra015036	AT3G24350	72.5	2.97e-149	424
Bra015038	AT3G24420	91.9	5.35e-178	490
Bra015039	AT3G24440	77.4	6.7e-315	864
Bra015041	AT3G24463	63.2	9.84e-52	160
Bra015048	AT3G24500	95.1	3.85e-87	252
Bra015049	AT3G47740	78.5	0	1430
Bra015050	AT3G24520	76.1	6.21e-156	438
Bra015052	AT3G24530	94.2	4.38e-305	829
Bra015053	AT3G24550	94.9	1.69e-278	776
Bra015054	AT3G24560	80.2	0	1033
Bra015058	AT3G50280	66.5	1.66e-208	582
Bra015061	AT3G24590	83.4	3.13e-161	450
Bra015062	AT3G24600	88.6	7.79e-190	523
Bra015063	AT3G24605	80.9	1.93e-167	466
Bra015068	AT3G24620	92	0	920
Bra015069	AT3G24630	67.3	8.03e-265	747
Bra015070	AT3G24670	90.3	1.64e-297	809
Bra015073	AT3G25530	94.1	3.29e-196	538
Bra015074	AT3G24740	76.6	1.74e-183	511
Bra015075	AT3G24750	65.4	2.97e-91	271
Bra015076	AT3G24760	73.5	1.85e-194	541
Bra015087	AT3G24820	69.5	1.35e-70	211
Bra015089	AT3G24840	68.9	2.64e-260	722
Bra015090	AT3G24860	73.5	2.66e-123	354
Bra015091	AT3G24880	74.5	0	2604
Bra015092	AT3G25030	73.4	8.38e-92	268
Bra015093	AT3G25050	83	4.75e-178	499
Bra015099	AT3G25110	88.8	5.17e-232	634
Bra015100	AT3G25120	75.1	2.48e-96	277
Bra015102	AT3G25130	67.1	6.49e-117	343
Bra015105	AT3G25150	76.4	5.01e-212	597
Bra015107	AT1G32660	54.5	1.61e-131	386
Bra015112	AT3G25170	64.4	1.87e-28	96.7
Bra015118	AT1G17450	82.2	0	2891
Bra015120	AT3G25250	82.6	1.18e-235	648
Bra015122	AT3G25400	85.1	2.74e-77	224
Bra015123	AT3G25410	76.4	2.81e-215	598
Bra015124	AT3G25420	76.6	1.68e-292	798
Bra015126	AT3G25430	87.1	0	1014
Bra015127	AT3G25440	77.8	3.52e-213	593
Bra015128	AT3G25470	84.3	8.95e-181	500
Bra015132	AT2G04039	79.3	2.18e-67	204
Bra015133	AT2G04100	84.7	8.62e-299	813
Bra015134	AT2G06020	59.1	3.97e-103	303
Bra015139	AT2G04220	88.9	4.99e-201	551
Bra015141	AT2G04235	59.9	0	1274
Bra015144	AT2G04270	83.7	0	1648
Bra015145	AT2G04280	87.3	0	1005
Bra015146	AT2G04305	87.6	3.74e-281	765
Bra015149	AT2G04360	70.8	1.7e-177	495
Bra015150	AT2G04480	69.8	1.05e-77	231
Bra015154	AT2G04550	80.8	3.97e-145	406
Bra015155	AT2G04560	78.2	1.61e-264	726
Bra015156	AT2G04890	87.7	3.15e-206	569
Bra015157	AT2G04900	98.2	3.58e-80	230
Bra015160	AT2G05170	91.4	0	1716
Bra015163	AT2G05160	84.2	0	897
Bra015164	AT2G05310	88	3.88e-71	208
Bra015166	AT2G05790	90.1	4.52e-314	851
Bra015169	AT2G05830	92.2	2.04e-239	654
Bra015170	AT2G05840	96.7	1.39e-171	472
Bra015171	AT2G05910	84.9	2.1e-113	322
Bra015172	AT2G05920	89.9	0	1306
Bra015174	AT2G05940	87	1.86e-281	768
Bra015179	AT2G06000	77.8	1.58e-12	67.4
Bra015180	AT2G06005	80.6	1.14e-191	532
Bra015181	AT2G06010	94.1	5.03e-132	367
Bra015182	AT2G06025	84.3	3.67e-167	464
Bra015183	AT2G06040	64.4	9.03e-280	786
Bra015184	AT2G06200	70.1	7.78e-113	331
Bra015186	AT3G01710	64.4	1.08e-108	321
Bra015191	AT5G51400	88	1.41e-162	459
Bra015192	AT5G51390	64.1	9.37e-41	130
Bra015194	AT5G51340	88	0	1228
Bra015200	AT5G51230	91.1	0	1113
Bra015204	AT3G47570	73.8	9.15e-262	761
Bra015208	AT1G66760	85.7	4.4e-296	806
Bra015209	AT2G17970	73.1	6.54e-249	689
Bra015213	AT4G38495	70.2	1.56e-51	158
Bra015217	AT2G15370	76.4	8.88e-309	843
Bra015218	AT2G15430	94.6	3.17e-209	573
Bra015219	AT2G15480	84.8	2.08e-309	841
Bra015221	AT2G15530	63.5	3.48e-265	745
Bra015222	AT2G15560	69.4	2.84e-234	650
Bra015223	AT2G15570	84.6	4.49e-93	267
Bra015225	AT2G15580	85.1	5.22e-119	335
Bra015227	AT2G15620	93.2	0	1094
Bra015229	AT2G15630	80.1	2.81e-110	344
Bra015235	AT2G15770	81.5	6e-70	218
Bra015237	AT2G15790	92.5	1.15e-255	694
Bra015239	AT2G20810	89.8	0	977
Bra015241	AT2G15820	75.7	0	1191
Bra015243	AT2G15860	80.7	4.81e-273	751
Bra015246	AT2G15900	82.3	0	1610
Bra015256	AT1G03700	89.7	1.17e-96	276
Bra015258	AT1G03710	57.8	5.45e-70	212
Bra015259	AT1G03720	58.1	8.79e-43	142
Bra015260	AT1G03740	78.6	0	1083
Bra015263	AT1G03780	77.8	0	1053
Bra015264	AT1G03790	72.9	8.23e-195	543
Bra015268	AT1G03810	75.9	1.89e-70	207
Bra015269	AT1G03820	67	3.22e-86	254
Bra015271	AT1G03840	78.4	1.03e-251	695
Bra015274	AT1G03870	84.4	3.92e-145	405
Bra015275	AT1G03880	84.3	8.43e-285	776
Bra015276	AT1G65660	88.4	0	927
Bra015279	AT1G03920	84.5	0	937
Bra015280	AT1G03950	92.9	5.18e-99	285
Bra015281	AT1G03970	70.5	7.21e-104	302
Bra015282	AT1G03982	78.8	1.2e-40	135
Bra015283	AT1G03990	79.6	0	1222
Bra015286	AT1G04070	69.8	2.07e-41	130
Bra015287	AT1G04080	76.7	0	1110
Bra015288	AT1G04090	82.2	0	981
Bra015289	AT1G04100	62.9	1.16e-91	271
Bra015290	AT1G04110	85.7	0	1339
Bra015291	AT1G04120	91.8	0	2677
Bra015295	AT1G04210	81.6	0	1503
Bra015296	AT1G04220	92.1	0	947
Bra015297	AT1G04240	84.7	1.74e-113	324
Bra015300	AT1G04280	81.6	5.11e-308	841
Bra015301	AT1G04290	80.6	3.06e-80	233
Bra015302	AT1G04300	71.4	0	1310
Bra015303	AT1G04310	79.7	0	908
Bra015304	AT1G04330	89	4.39e-61	181
Bra015305	AT1G04340	89.5	3.63e-91	261
Bra015308	AT1G04360	76.6	7.3e-195	541
Bra015310	AT1G04370	88.2	1e-75	220
Bra015311	AT1G04380	76.2	5.77e-200	552
Bra015312	AT1G04390	73.8	0	1413
Bra015315	AT1G04420	86.8	4.83e-232	639
Bra015318	AT1G04470	86	0	1691
Bra015321	AT1G04500	84.5	7.03e-219	603
Bra015322	AT1G04510	91.2	0	952
Bra015323	AT1G04520	87.9	4.64e-167	466
Bra015324	AT1G04530	59.5	2e-121	350
Bra015326	AT1G04550	79	3.09e-120	341
Bra015327	AT1G04555	79.7	2.01e-69	206
Bra015328	AT1G04560	88.6	7.85e-114	321
Bra015329	AT1G04570	83.7	3.03e-307	840
Bra015330	AT1G04580	86.6	0	2330
Bra015331	AT1G04590	76.5	5.24e-187	522
Bra015334	AT1G04610	92.7	7.99e-308	832
Bra015335	AT1G04620	94.6	0	884
Bra015337	AT1G04640	90.6	1.21e-150	424
Bra015341	AT1G04680	92.1	9.21e-286	776
Bra015342	AT1G04690	97.9	6.52e-243	659
Bra015344	AT1G04730	85.1	0	1546
Bra015345	AT1G04750	99.1	6.67e-150	415
Bra015346	AT1G04770	89.1	3.84e-189	521
Bra015348	AT1G04780	83.4	0	1048
Bra015349	AT1G04790	60.5	1.77e-214	610
Bra015350	AT1G04800	72.5	6.05e-22	88.2
Bra015357	AT1G04840	82.1	0	937
Bra015360	AT1G04890	75.5	2.47e-179	509
Bra015362	AT1G04900	91.7	2.56e-303	822
Bra015363	AT1G04910	86	6.53e-310	842
Bra015364	AT1G04920	92.3	0	1584
Bra015367	AT1G04940	87.7	2.72e-172	476
Bra015368	AT1G04950	81.1	4.92e-313	855
Bra015369	AT1G04960	78.5	3.35e-165	462
Bra015370	AT5G42130	89.1	3.21e-189	526
Bra015371	AT1G04970	87.9	6.11e-310	843
Bra015375	AT1G04980	89.8	1.18e-283	771
Bra015376	AT1G04990	74.3	1.39e-123	363
Bra015380	AT1G05010	93.8	7.15e-228	620
Bra015381	AT1G05020	73.9	0	927
Bra015385	AT1G05065	73.7	5.88e-34	110
Bra015388	AT1G05100	81.9	2.02e-210	578
Bra015389	AT1G05120	82.8	0	1212
Bra015391	AT1G05140	82.6	1.48e-249	685
Bra015393	AT1G05150	92.1	0	1232
Bra015394	AT1G05160	91.6	0	931
Bra015396	AT1G05180	85.3	1.84e-318	866
Bra015398	AT1G05200	87.5	0	1674
Bra015400	AT1G05210	84.5	9.09e-100	284
Bra015404	AT1G05260	91.7	8.6e-222	605
Bra015418	AT1G05330	50.4	2.37e-35	120
Bra015419	AT1G05340	77.8	4.61e-32	105
Bra015422	AT1G05410	78.4	1.56e-262	721
Bra015423	AT1G05430	62.1	8.59e-96	282
Bra015424	AT1G05440	59.5	6.3e-109	323
Bra015426	AT1G05450	64.6	8.33e-66	201
Bra015427	AT1G05460	88.7	0	1562
Bra015430	AT1G05490	63.1	0	1300
Bra015431	AT1G05500	92.9	0	1036
Bra015432	AT1G05510	93.8	5.95e-175	480
Bra015433	AT1G05540	73.6	1.17e-203	563
Bra015434	AT1G05550	65.6	2.97e-159	450
Bra015436	AT1G05570	94.2	0	3620
Bra015442	AT1G05580	91.1	0	1457
Bra015443	AT1G05600	83.7	9.68e-215	602
Bra015444	AT1G05610	84.3	8.46e-294	801
Bra015449	AT1G05700	84.3	0	1373
Bra015451	AT1G05760	81.6	9.15e-105	298
Bra015452	AT1G05785	86.3	9.3e-88	254
Bra015454	AT1G05800	81	1.63e-279	764
Bra015456	AT1G05805	83.6	5.59e-187	520
Bra015458	AT1G05860	78.2	1e-149	419
Bra015465	AT1G05920	51.2	1.05e-48	161
Bra015467	AT1G05970	70.7	3.57e-96	280
Bra015469	AT1G06040	83.7	2.26e-147	410
Bra015470	AT1G06050	86	3.14e-191	527
Bra015472	AT1G06080	93.4	2.21e-222	605
Bra015480	AT1G06170	79	5.98e-239	657
Bra015481	AT1G06180	73.7	1.32e-113	325
Bra015482	AT1G06190	65	2.7e-139	402
Bra015483	AT1G06200	86.2	2.07e-120	340
Bra015485	AT1G06230	74.1	2.93e-303	847
Bra015486	AT1G06250	82.8	3.36e-253	699
Bra015488	AT1G06270	91.3	1.62e-186	518
Bra015491	AT1G06290	91.7	0	1271
Bra015499	AT1G06430	93.8	0	1204
Bra015500	AT1G06440	89.1	1.48e-253	691
Bra015503	AT1G06475	71	1.82e-37	120
Bra015504	AT1G06490	89.4	0	3419
Bra015505	AT1G06515	94.3	1.79e-34	110
Bra015506	AT1G06510	75.3	8.41e-125	356
Bra015507	AT1G06520	83.4	0	935
Bra015509	AT1G06540	72.6	2.11e-50	155
Bra015510	AT1G06560	84.4	0	984
Bra015511	AT1G06570	89.3	2.47e-292	794
Bra015512	AT1G06590	90.4	0	1545
Bra015513	AT1G06620	88.2	2.62e-242	660
Bra015521	AT1G06700	87.7	2.88e-230	630
Bra015522	AT1G06720	78.7	0	1632
Bra015523	AT1G06730	88	3.16e-303	825
Bra015529	AT1G06780	79.3	0	959
Bra015531	AT1G06800	86.8	0	898
Bra015533	AT1G06840	86	0	1204
Bra015534	AT1G06870	79.6	7.24e-201	556
Bra015536	AT1G06900	85.7	0	1693
Bra015537	AT1G06930	66.9	8.45e-57	175
Bra015540	AT1G06980	88.9	3.99e-99	282
Bra015543	AT1G07000	87.5	0	1025
Bra015544	AT1G07010	80	2.76e-232	639
Bra015545	AT1G07030	89.7	3.48e-217	594
Bra015547	AT1G07040	83.1	1.88e-206	570
Bra015548	AT1G07050	71.4	3.74e-87	254
Bra015549	AT1G07060	78.5	1.12e-126	360
Bra015554	AT1G07140	87	7.13e-108	309
Bra015560	AT1G07180	90.8	0	917
Bra015562	AT1G07210	68	4.12e-111	321
Bra015564	AT1G07230	92.5	0	1002
Bra015567	AT1G07240	85.6	1.56e-301	820
Bra015568	AT1G07260	79.8	2.57e-278	761
Bra015569	AT1G07270	77.7	7.05e-248	686
Bra015570	AT1G07280	77.2	9.98e-192	546
Bra015571	AT1G07290	70.9	1.43e-173	487
Bra015573	AT1G07310	64	9.3e-130	373
Bra015574	AT1G07320	87.9	3.77e-169	469
Bra015576	AT1G07350	81.4	2.26e-94	285
Bra015578	AT1G07410	95.8	1.7e-143	398
Bra015580	AT1G07440	84.5	1.14e-164	456
Bra015581	AT1G07473	72.4	6.33e-51	157
Bra015583	AT1G07500	70.8	1.94e-34	112
Bra015585	AT1G07540	73.8	2.33e-292	808
Bra015587	AT2G14510	68.8	0	1146
Bra015595	AT1G07620	68	3.32e-247	689
Bra015597	AT1G12280	70	0	1184
Bra015599	AT1G47840	84.2	5.12e-297	810
Bra015600	AT1G47830	98.6	7.38e-95	270
Bra015601	AT1G47820	73.2	1.16e-37	121
Bra015607	AT1G47710	89.8	5.06e-249	681
Bra015608	AT1G47310	78.9	1.57e-205	570
Bra015609	AT1G47655	75.3	8.8e-67	204
Bra015610	AT1G47640	97.4	9.48e-161	443
Bra015611	AT1G47610	77.6	7.25e-174	487
Bra015612	AT1G47550	96.1	0	1599
Bra015613	AT1G47530	94.4	0	885
Bra015615	AT1G47510	82.2	7.62e-198	545
Bra015621	AT1G47290	82.8	5.51e-264	721
Bra015623	AT1G47271	85.6	2.33e-106	302
Bra015624	AT1G47270	82.9	8.5e-238	653
Bra015628	AT1G78120	82.3	2.04e-259	717
Bra015630	AT1G78100	76.5	9.89e-164	459
Bra015634	AT1G78080	74.6	7.48e-163	457
Bra015635	AT1G78070	84.5	4.88e-275	750
Bra015636	AT1G78060	85.9	0	1353
Bra015638	AT1G78040	79.3	1.3e-92	266
Bra015640	AT1G78010	82.4	1.86e-273	752
Bra015641	AT1G78000	94	0	1202
Bra015642	AT1G77990	85.3	0	1063
Bra015643	AT1G77980	81.3	3.42e-182	506
Bra015645	AT1G77950	84.7	9.01e-102	294
Bra015646	AT1G77920	80.1	2.5e-193	536
Bra015647	AT1G77890	80.2	1.5e-259	712
Bra015649	AT1G77860	86.8	1.26e-237	650
Bra015650	AT1G77855	77.6	5.72e-168	469
Bra015654	AT1G77810	88.6	3.65e-255	695
Bra015655	AT1G77800	75.6	0	1981
Bra015657	AT1G77750	92.9	4.53e-100	283
Bra015660	AT1G77640	80.8	3.93e-89	263
Bra015661	AT1G77620	66.6	0	1363
Bra015663	AT1G77580	59.9	2.18e-136	421
Bra015665	AT1G77510	84	2.33e-309	842
Bra015666	AT5G64870	93	1.58e-275	754
Bra015667	AT1G77500	64.6	0	954
Bra015668	AT1G77490	82	1.84e-247	679
Bra015669	AT1G77480	79.3	3.61e-273	747
Bra015670	AT1G77400	76.4	1.19e-108	321
Bra015671	AT1G77390	68.3	2.34e-193	541
Bra015673	AT1G77380	92.6	0	886
Bra015676	AT1G77320	70.4	0	1385
Bra015677	AT1G77310	65	4.38e-252	711
Bra015678	AT1G77300	67.4	0	2097
Bra015679	AT1G77290	93.6	5.96e-182	503
Bra015681	AT1G77260	87	0	1177
Bra015684	AT1G77220	90.2	0	880
Bra015685	AT1G77210	89.3	0	886
Bra015686	AT1G77200	70.7	2.23e-88	261
Bra015687	AT1G77180	83.6	0	908
Bra015688	AT1G77170	79.9	5.92e-226	624
Bra015689	AT1G77145	69.2	4.8e-123	350
Bra015692	AT1G77122	76.9	2.26e-120	348
Bra015693	AT1G77120	95.3	1.24e-275	746
Bra015694	AT1G77110	87.3	0	954
Bra015696	AT1G77090	85.4	1.23e-159	443
Bra015697	AT1G77060	93.2	1.48e-222	608
Bra015698	AT1G77020	86.6	2.05e-213	588
Bra015701	AT1G76990	92.7	4.01e-315	852
Bra015706	AT1G76955	55.9	2.73e-14	60.5
Bra015709	AT1G76940	63.6	3.47e-93	272
Bra015715	AT1G76890	71.1	7.81e-230	646
Bra015718	AT1G76800	93.1	4.58e-113	320
Bra015719	AT1G76790	79.8	1.25e-217	598
Bra015721	AT1G76760	83	1.37e-96	276
Bra015723	AT1G76710	79.9	2.71e-275	754
Bra015724	AT1G76700	84.3	3.01e-234	643
Bra015725	AT1G76670	91.8	1.93e-224	614
Bra015728	AT1G76640	88.7	1.5e-84	244
Bra015729	AT1G76630	88.3	0	2025
Bra015730	AT1G76620	83	1.74e-280	771
Bra015731	AT1G76590	88.4	2.41e-156	433
Bra015732	AT1G76580	70.9	0	1365
Bra015733	AT1G76560	74.3	1.07e-59	180
Bra015734	AT1G76550	94	0	1167
Bra015735	AT1G76540	92.3	1.01e-218	597
Bra015736	AT1G76520	89.5	2.87e-252	688
Bra015737	AT1G76510	64.8	1.33e-187	526
Bra015738	AT1G76500	77.2	8.45e-130	370
Bra015740	AT1G76470	79.3	3.77e-183	508
Bra015741	AT1G76460	74.1	1.2e-143	405
Bra015742	AT1G76450	82.1	9.14e-143	399
Bra015750	AT1G76420	81.6	1.88e-188	522
Bra015752	AT1G76405	89.8	1.67e-115	323
Bra015753	AT1G76400	89.8	0	1053
Bra015754	AT1G76390	85.6	0	1306
Bra015756	AT1G76370	84.1	9.79e-231	633
Bra015758	AT1G76350	82.7	0	1268
Bra015762	AT1G76310	79	1.02e-252	694
Bra015770	AT1G76280	82.1	0	1295
Bra015771	AT1G76270	91	0	1046
Bra015772	AT1G76260	93.7	1.16e-238	650
Bra015773	AT1G76250	85.7	7.18e-270	736
Bra015774	AT1G76240	83.8	7.6e-174	483
Bra015776	AT1G76220	75.4	1.08e-119	341
Bra015777	AT1G76210	87.2	3.23e-130	365
Bra015778	AT1G76190	80.3	8.12e-63	187
Bra015781	AT1G76160	91.3	0	1026
Bra015782	AT1G76150	88.3	1.12e-199	548
Bra015783	AT1G76140	88.6	0	1457
Bra015784	AT1G76130	92.7	2.79e-312	842
Bra015785	AT1G64890	82.8	1.1e-237	655
Bra015786	AT1G76120	72.4	4.91e-229	634
Bra015787	AT1G76110	84.6	9.23e-198	546
Bra015789	AT1G76090	88.6	4.64e-250	680
Bra015790	AT1G76080	86.9	5.65e-184	508
Bra015791	AT1G76070	75.2	7.97e-115	330
Bra015793	AT3G59610	55	3.05e-196	556
Bra015795	AT1G76050	79.3	7.61e-230	634
Bra015796	AT1G76040	82.2	5.07e-282	776
Bra015797	AT1G76030	99.2	0	957
Bra015799	AT1G75990	90.8	5.3e-296	806
Bra015802	AT1G75900	85.2	4.99e-235	642
Bra015803	AT1G75890	82.1	2.36e-211	583
Bra015804	AT1G75880	86.6	3.7e-195	539
Bra015806	AT1G75850	93.1	0	1464
Bra015812	AT1G75820	93.8	4.08e-251	723
Bra015813	AT1G75810	80	1.29e-31	108
Bra015815	AT1G75780	98.7	0	898
Bra015816	AT1G75770	52.1	5.33e-51	164
Bra015817	AT5G11180	78.6	0	1364
Bra015821	AT1G75730	57.8	7.38e-149	436
Bra015822	AT1G75720	65	2.33e-77	230
Bra015823	AT1G75717	77.9	9.8e-45	139
Bra015824	AT1G75710	85	4.39e-263	721
Bra015825	AT1G75700	69.3	1.13e-95	276
Bra015826	AT1G75690	91.2	9.86e-78	227
Bra015828	AT1G75660	84	0	1608
Bra015829	AT1G75640	90	1.89e-288	838
Bra015830	AT1G75620	78.9	0	892
Bra015832	AT1G75580	94.4	1.59e-69	202
Bra015833	AT1G75560	82.9	5.47e-44	148
Bra015834	AT1G75550	70.7	2.69e-31	110
Bra015836	AT1G75530	55.2	8.1e-179	514
Bra015842	AT1G75450	93.6	0	995
Bra015843	AT1G75440	94.4	2.5e-114	320
Bra015844	AT1G75430	85.2	3.98e-179	494
Bra015845	AT1G75410	79.4	1.45e-258	715
Bra015846	AT1G75400	81.6	1.05e-237	658
Bra015850	AT1G75350	83.7	1.18e-82	239
Bra015851	AT1G75340	60.2	7.73e-132	385
Bra015852	AT1G75310	62.1	0	1404
Bra015853	AT1G75280	85.9	2.91e-189	522
Bra015855	AT1G75260	56.9	2.71e-108	332
Bra015856	AT1G75250	91.1	2.19e-54	164
Bra015857	AT1G75240	81.4	1.14e-98	292
Bra015860	AT1G75200	86.9	0	1137
Bra015861	AT1G75190	72.7	6.4e-13	61.2
Bra015863	AT1G75170	89.9	2.1e-193	535
Bra015864	AT1G75150	65.1	6.02e-258	736
Bra015865	AT1G75130	82.4	3.12e-205	572
Bra015866	AT1G75100	61.3	2.16e-235	666
Bra015867	AT1G75090	77.5	1.68e-158	444
Bra015869	AT1G75060	77	1.28e-125	355
Bra015870	AT1G75050	85	5.47e-153	425
Bra015875	AT1G75010	83.7	0	1006
Bra015876	AT1G75000	85.9	1.62e-163	454
Bra015877	AT1G74990	72.5	1.03e-66	197
Bra015878	AT1G74970	90.4	1.8e-124	350
Bra015879	AT1G74960	90.5	0	961
Bra015880	AT1G74950	71.2	1.4e-102	297
Bra015882	AT1G74930	71.1	3.64e-80	236
Bra015883	AT1G74910	93.5	3.53e-263	717
Bra015884	AT1G74900	78.4	3.16e-96	297
Bra015886	AT1G74880	87.8	9.58e-87	250
Bra015887	AT1G74870	55	3.14e-95	282
Bra015888	AT1G74860	61.8	2.42e-131	380
Bra015889	AT1G74850	95.6	1.36e-210	619
Bra015890	AT1G74840	70.9	1.2e-111	321
Bra015891	AT1G74830	76.1	3.95e-269	743
Bra015892	AT1G74800	89.2	0	1222
Bra015893	AT1G74790	88	0	1251
Bra015894	AT1G74770	79.6	0	2033
Bra015895	AT1G74750	75.3	1.07e-207	607
Bra015896	AT1G74740	91.2	0	996
Bra015898	AT1G74660	90.1	1.6e-46	144
Bra015899	AT1G74650	71.3	1.21e-152	431
Bra015900	AT1G74600	83.9	0	1309
Bra015901	AT1G74590	78.4	3.86e-130	366
Bra015902	AT1G74580	82.4	2.26e-64	228
Bra015903	AT1G74530	86.4	2.28e-189	522
Bra015907	AT1G74480	64.5	3.69e-114	330
Bra015910	AT1G74440	88.9	3.93e-127	356
Bra015911	AT1G74430	72	4.27e-120	344
Bra015913	AT1G74410	88.3	1.29e-105	303
Bra015914	AT1G74390	75.9	9.92e-253	699
Bra015915	AT1G74380	95.8	0	900
Bra015917	AT1G74360	80	0	1167
Bra015918	AT1G74350	87.4	0	1313
Bra015919	AT1G74340	96.3	1.62e-47	145
Bra015920	AT1G74330	86.1	0	1087
Bra015921	AT1G74320	89.8	6.09e-233	635
Bra015922	AT1G74310	95.2	0	1639
Bra015923	AT1G74300	80.8	1.12e-220	605
Bra015924	AT1G74260	91	0	2531
Bra015925	AT1G74240	89.1	6.85e-237	647
Bra015926	AT1G74230	75.7	5.2e-93	276
Bra015929	AT1G74180	58.2	1.35e-222	656
Bra015931	AT1G74150	75.3	3.69e-265	739
Bra015933	AT1G74120	73.3	7.12e-238	655
Bra015934	AT1G74110	87.7	0	933
Bra015938	AT1G74090	85.8	3.62e-229	626
Bra015940	AT1G74060	93.1	1.67e-152	422
Bra015941	AT1G74055	78.6	3.18e-75	220
Bra015942	AT1G74030	96	0	896
Bra015946	AT1G73990	88.2	0	1138
Bra015949	AT1G73970	83.8	0	1236
Bra015950	AT1G73965	67	9.24e-43	135
Bra015951	AT1G73960	85.3	0	2256
Bra015952	AT1G73950	89.1	4.91e-315	853
Bra015953	AT1G73940	87.1	6.99e-75	220
Bra015955	AT1G73890	74	6.99e-89	258
Bra015956	AT1G73875	71.8	1.19e-235	651
Bra015958	AT1G73850	73.7	1.02e-293	812
Bra015960	AT1G73830	82	9.9e-143	400
Bra015963	AT1G73810	73.7	1.9e-191	533
Bra015967	AT1G73760	70.2	2.97e-161	455
Bra015968	AT1G73750	79.7	1.21e-250	689
Bra015969	AT1G73740	84.3	3.39e-256	701
Bra015970	AT1G73730	83.1	0	925
Bra015971	AT1G73720	89.5	4.04e-272	748
Bra015972	AT1G73710	79.3	5.32e-128	395
Bra015973	AT1G73700	93.6	1.84e-314	852
Bra015974	AT1G73690	87.4	8.26e-256	697
Bra015976	AT1G73660	83	0	1494
Bra015978	AT1G73640	92.3	1.32e-151	420
Bra015979	AT1G73630	86.5	8.96e-69	205
Bra015980	AT1G73620	93.1	7.7e-173	476
Bra015981	AT1G58270	70.2	3.34e-195	543
Bra015984	AT1G73560	73	9.12e-55	167
Bra015989	AT1G73480	86.1	6.18e-251	688
Bra015991	AT1G73430	93.2	0	1387
Bra015992	AT1G73410	78.9	1.86e-134	377
Bra015993	AT1G73400	72.5	4.86e-181	522
Bra015994	AT1G73390	85.2	1.6e-275	751
Bra015995	AT1G73370	91.5	0	1700
Bra015996	AT1G73360	82.7	0	1115
Bra015998	AT1G73340	89.5	0	883
Bra015999	AT1G73325	81.3	2.06e-119	338
Bra016001	AT1G73300	75.1	1.05e-251	690
Bra016008	AT1G73250	91.9	1.98e-214	586
Bra016009	AT1G73240	83.6	3.79e-308	840
Bra016011	AT1G73220	89.2	0	928
Bra016012	AT1G73210	87.4	3.57e-208	570
Bra016013	AT1G73200	74.5	0	1070
Bra016015	AT1G73165	82.4	4.7e-35	113
Bra016016	AT1G73120	82.7	1.52e-61	182
Bra016017	AT1G73110	88.7	4.98e-267	728
Bra016018	AT1G73100	77.9	0	1053
Bra016019	AT1G73066	83.7	2.15e-47	175
Bra016020	AT1G73060	91.3	8.07e-238	649
Bra016021	AT1G73050	90.6	0	996
Bra016023	AT1G73020	89.4	0	1165
Bra016026	AT1G72960	91	0	1375
Bra016028	AT1G72950	69.4	5.54e-177	496
Bra016031	AT1G72830	78.3	5.11e-168	470
Bra016033	AT1G72790	57.3	3.17e-133	395
Bra016034	AT1G72770	80.3	1.92e-286	783
Bra016035	AT1G72760	71.6	1.53e-288	805
Bra016038	AT1G72720	68	9.18e-58	175
Bra016039	AT1G72710	92.5	2.57e-307	833
Bra016040	AT1G72700	92.7	0	2249
Bra016041	AT1G72680	88.2	2.59e-235	642
Bra016042	AT1G72670	87.2	1.98e-234	645
Bra016043	AT1G72660	94.8	4.93e-280	759
Bra016044	AT1G72650	67.2	1.43e-273	760
Bra016045	AT1G72640	62.1	8.19e-122	350
Bra016048	AT1G72600	64.7	6.2e-15	66.2
Bra016049	AT1G72560	84.2	0	1627
Bra016053	AT1G72500	87.3	0	1345
Bra016054	AT1G72490	79.5	3.65e-135	383
Bra016055	AT1G72480	87.4	0	877
Bra016056	AT1G72450	73.2	3.46e-127	362
Bra016057	AT1G72440	75.6	0	1202
Bra016059	AT1G72420	68.2	1.57e-117	333
Bra016060	AT1G72416	77.5	1.37e-85	249
Bra016061	AT1G72390	76.5	0	1751
Bra016063	AT1G72360	53.1	8.78e-79	238
Bra016064	ATCG00790	74.4	2.56e-66	204
Bra016065	AT1G72320	81.3	0	1134
Bra016067	AT1G72310	75.7	3.49e-126	362
Bra016073	AT1G72290	64.2	9.44e-85	250
Bra016074	AT1G72280	86.6	1.69e-310	842
Bra016076	AT1G72250	73.9	0	1560
Bra016081	AT1G72180	88.1	5.84e-284	815
Bra016082	AT1G72175	93	2.8e-125	350
Bra016083	AT1G72170	73	1.86e-47	146
Bra016086	AT1G72090	86.6	0	1023
Bra016087	AT1G72070	86.7	1.33e-33	116
Bra016088	AT1G72040	75.6	4.76e-303	832
Bra016092	AT1G71990	85.6	5.07e-263	716
Bra016093	AT1G71980	84.5	8.55e-259	709
Bra016094	AT1G71970	76.5	2.64e-102	295
Bra016095	AT1G71960	87.2	0	1122
Bra016098	AT1G71930	88.4	1.28e-208	572
Bra016100	AT1G71910	68.4	2.58e-62	189
Bra016102	AT1G71900	94.3	2.61e-208	573
Bra016106	AT1G71850	83.2	4.08e-235	652
Bra016108	AT1G71860	80.9	6.71e-197	544
Bra016109	AT1G71865	89.5	4.14e-58	173
Bra016110	AT1G71866	74.6	1.43e-33	112
Bra016113	AT1G71820	91.8	0	1344
Bra016114	AT1G71810	79.5	0	1012
Bra016116	AT1G71790	96.9	1.84e-181	498
Bra016118	AT1G71770	84.2	0	1084
Bra016119	AT1G71760	62.5	4.5e-105	305
Bra016120	AT1G71750	80.3	1.02e-110	313
Bra016121	AT1G71740	77.8	4.43e-69	203
Bra016122	AT1G71730	67.2	3.15e-61	186
Bra016123	AT1G71720	78.2	3.18e-267	734
Bra016124	AT1G71710	84.6	0	1061
Bra016126	AT1G71697	89.6	4.5e-234	638
Bra016127	AT1G71695	89.5	7.05e-229	626
Bra016131	AT1G71690	77.9	6.51e-158	441
Bra016132	AT1G71530	86.6	0	1090
Bra016133	AT1G71520	78.9	2.21e-71	210
Bra016134	AT1G71500	87.5	9.4e-170	482
Bra016135	AT1G71460	85.7	0	1163
Bra016137	AT1G71440	79.7	3.11e-288	790
Bra016139	AT1G71420	83.8	0	1199
Bra016143	AT1G71380	89.6	0	892
Bra016144	AT1G71360	71.4	1.48e-228	644
Bra016146	AT1G71350	86.5	0	1010
Bra016147	AT5G26780	89.5	0	932
Bra016148	AT1G71340	85.7	1.49e-182	505
Bra016149	AT1G71270	95.8	0	1305
Bra016150	AT1G71260	69.8	6.59e-109	313
Bra016151	AT1G71240	83.7	0	1328
Bra016153	AT3G63510	77.7	2.94e-226	622
Bra016154	AT1G71220	90.1	0	2845
Bra016155	AT1G71210	74.5	0	1086
Bra016157	AT1G71150	75	7.77e-178	496
Bra016158	AT1G71140	82.5	1.25e-284	778
Bra016159	AT1G71090	87.9	5.63e-273	746
Bra016160	AT1G71080	86.3	2.4e-158	445
Bra016162	AT1G71050	88.2	1.51e-92	264
Bra016163	AT1G71040	90.3	0	1017
Bra016164	AT1G71030	71.4	1.05e-93	271
Bra016166	AT1G71015	78.9	6.42e-97	279
Bra016169	AT1G71000	71.7	3.35e-76	224
Bra016170	AT1G70990	69.3	3.04e-43	139
Bra016171	AT1G70985	58.6	5.22e-29	102
Bra016172	AT1G70950	67.6	2.28e-193	546
Bra016174	AT1G70920	81.8	1.31e-109	312
Bra016176	AT1G70900	91.4	6.08e-165	455
Bra016177	AT1G70895	50.5	4.19e-23	84.7
Bra016184	AT1G70820	90.9	0	1107
Bra016185	AT1G70810	85.5	3.92e-104	295
Bra016186	AT1G70790	93	3.84e-132	367
Bra016190	AT1G70750	58.1	1.32e-291	822
Bra016191	AT1G70740	88	4.98e-274	746
Bra016194	AT1G70690	65.3	1.97e-133	380
Bra016196	AT1G70650	76.3	3.85e-196	557
Bra016197	AT1G70640	67.2	9.18e-66	198
Bra016198	AT1G70630	79.2	0	1049
Bra016199	AT1G16210	63.3	2.68e-52	170
Bra016200	AT1G70590	81.5	2.53e-141	404
Bra016202	AT1G70580	96.7	0	943
Bra016203	AT1G70560	88.7	2.88e-257	700
Bra016206	AT1G70530	84.6	0	1070
Bra016207	AT1G70520	85.8	0	1115
Bra016213	AT1G70500	83.8	3.22e-293	798
Bra016214	AT5G42140	80.5	0	1632
Bra016216	AT1G70480	84.5	1.3e-187	522
Bra016219	AT1G70440	65.2	8.29e-135	384
Bra016224	AT1G70370	88.2	1.26e-257	721
Bra016225	AT1G70300	87.9	0	1362
Bra016227	AT1G70280	78.1	3.15e-252	698
Bra016229	AT1G70230	84.2	5.85e-276	750
Bra016232	AT1G70150	80.7	5.42e-237	648
Bra016233	AT1G70140	71.8	1.65e-302	847
Bra016234	AT1G70130	83	0	1051
Bra016235	AT1G70110	76.3	0	1034
Bra016236	AT1G70100	62.7	3.58e-164	473
Bra016237	AT1G70090	87.9	2.31e-261	711
Bra016240	AT1G70070	90.6	0	1978
Bra016241	AT1G70060	79.2	0	1889
Bra016243	AT1G70040	69.3	8.78e-83	243
Bra016244	AT1G69990	81.5	1.01e-297	820
Bra016245	AT1G69980	63.5	1.41e-75	226
Bra016247	AT1G69960	96.4	1.51e-228	621
Bra016249	AT1G69935	74.2	5.72e-57	177
Bra016252	AT1G69920	84.7	6.89e-140	391
Bra016258	AT1G69880	80.8	6.71e-84	242
Bra016259	AT1G69870	85.4	0	1063
Bra016260	AT1G69860	84.3	0	902
Bra016261	AT1G69840	97.2	1.24e-194	533
Bra016262	AT1G69830	87.3	0	1592
Bra016265	AT1G69790	90.4	2.99e-250	683
Bra016266	AT1G69780	88.1	7.99e-145	408
Bra016268	AT1G69750	90.8	1.38e-63	187
Bra016270	AT1G69740	91.6	1.1e-280	763
Bra016275	AT1G26550	97.2	1.4e-95	271
Bra016279	AT1G26600	71.7	2.7e-52	161
Bra016280	AT1G26610	68.9	2.29e-182	515
Bra016282	AT1G26630	90.6	3.04e-105	297
Bra016284	AT1G35350	81.4	0	1218
Bra016285	AT1G26780	78.6	1.62e-202	559
Bra016286	AT1G26790	66.2	1.02e-125	364
Bra016288	AT1G26799	68.7	7.57e-77	224
Bra016292	AT1G26840	89.4	1.93e-181	500
Bra016297	AT1G26930	86.2	2.39e-275	749
Bra016299	AT1G26945	97.9	3.6e-55	165
Bra016300	AT1G26960	79.2	2.4e-121	345
Bra016301	AT1G26970	81.5	5.13e-229	631
Bra016302	AT1G27000	83	1.96e-165	461
Bra016304	AT1G27060	77.6	1.99e-209	578
Bra016305	AT1G27090	70.7	1.75e-159	455
Bra016307	AT1G27110	75.9	6.16e-261	718
Bra016319	AT1G24145	64.2	4.03e-19	76.3
Bra016326	AT1G23995	64.9	1.43e-24	87.8
Bra016328	AT1G23870	91.2	0	1632
Bra016330	AT1G23800	91.1	0	983
Bra016338	AT1G23600	57.2	5.82e-104	303
Bra016343	AT1G23530	64	1.18e-52	166
Bra016344	AT2G47170	99.4	9.49e-131	363
Bra016345	AT1G23460	88.5	2.29e-305	828
Bra016349	AT1G23360	84.5	6.31e-158	439
Bra016353	AT1G23310	95.6	0	930
Bra016355	AT1G23260	97.5	2.33e-113	317
Bra016357	AT1G23190	96.4	0	1119
Bra016358	AT1G23180	80.4	0	1267
Bra016359	AT1G23160	82.5	0	988
Bra016360	AT1G23150	77.3	1.72e-72	213
Bra016363	AT1G23120	84.5	2.36e-87	253
Bra016364	AT5G28010	79.6	2.37e-94	270
Bra016372	AT1G22740	86.6	3.31e-133	377
Bra016373	AT1G22620	92.8	0	1684
Bra016375	AT1G22570	85.4	0	939
Bra016376	AT1G22520	89.5	1.76e-39	130
Bra016377	AT1G22490	81.2	1.08e-139	397
Bra016382	AT1G22370	78.2	4.48e-290	791
Bra016383	AT1G22280	91.6	8.16e-187	513
Bra016388	AT1G22100	85	1.44e-268	739
Bra016391	AT1G22030	89.3	8.55e-197	543
Bra016393	AT1G22015	83.8	4.76e-244	667
Bra016396	AT1G21980	93.2	0	1007
Bra016400	AT1G21910	82.4	1.04e-100	290
Bra016401	AT1G21900	73.7	1.49e-119	339
Bra016403	AT1G21870	91.2	8.13e-235	640
Bra016404	AT1G21830	83.6	1.48e-113	322
Bra016405	AT1G21750	89.5	0	893
Bra016409	AT1G21700	80.8	0	1171
Bra016412	AT1G21650	92.1	0	1786
Bra016416	AT1G21580	52.5	0	1657
Bra016420	AT1G21480	92.2	0	873
Bra016422	AT1G21410	91.9	3.02e-134	386
Bra016423	AT1G21400	89.2	1.48e-306	834
Bra016428	AT1G21250	71.5	0	1055
Bra016435	AT1G21070	86.3	1.8e-220	605
Bra016436	AT1G21065	88.3	1.97e-113	321
Bra016443	AT1G20910	71.3	2.14e-183	514
Bra016444	AT1G20900	87.6	1.09e-160	450
Bra016446	AT1G20860	87.4	0	890
Bra016447	AT1G20850	93	1.53e-242	660
Bra016448	AT1G20840	90.8	0	1273
Bra016449	AT1G20823	85.3	1.18e-116	329
Bra016452	AT1G20790	54	1.38e-116	345
Bra016457	AT1G20650	93.7	2.5e-259	705
Bra016459	AT1G20620	98.6	0	1013
Bra016460	AT1G20610	80.1	1.92e-235	648
Bra016462	AT1G20520	83.1	7.92e-134	375
Bra016463	AT1G20510	89.3	0	964
Bra016464	AT5G38120	73	1.71e-286	788
Bra016468	AT1G20350	64.4	6.94e-91	265
Bra016470	AT1G20340	85	1.54e-90	260
Bra016471	AT1G20270	91.3	2.2e-187	515
Bra016476	AT1G20110	73.3	4.93e-256	713
Bra016477	AT1G20090	100	1.18e-138	384
Bra016478	AT1G20080	82.9	0	885
Bra016482	AT1G19980	64	8.66e-131	376
Bra016486	AT1G19950	73.3	4.15e-125	360
Bra016488	AT1G19910	99.4	1.35e-95	273
Bra016491	AT1G19860	79.4	3.63e-217	600
Bra016497	AT1G19700	69.8	1.46e-206	583
Bra016498	AT1G19640	85.2	2.64e-237	650
Bra016499	AT1G19630	84.9	1.82e-252	693
Bra016501	AT1G19610	89.7	9.08e-53	158
Bra016502	AT1G19580	91.5	5.01e-171	473
Bra016504	AT1G19500	81.3	6.35e-34	110
Bra016505	AT1G19485	79.1	0	1261
Bra016506	AT1G19380	78.2	7.13e-76	222
Bra016512	AT1G19300	92.3	3.21e-241	657
Bra016513	AT1G19290	73.9	2.68e-138	434
Bra016519	AT1G19190	66.7	1.34e-154	435
Bra016521	AT1G19170	90.2	0	885
Bra016522	AT1G19150	86	5.26e-171	472
Bra016524	AT1G19130	89.9	1.72e-126	353
Bra016529	AT1G19010	70.2	1.97e-121	350
Bra016530	AT1G19000	71.4	1.83e-118	340
Bra016531	AT1G18960	83.8	1.94e-115	331
Bra016535	AT1G18860	76.5	1.74e-227	634
Bra016539	AT1G18830	67.4	0	1202
Bra016540	AT1G18810	73.1	1.58e-164	464
Bra016541	AT1G18800	91.1	4.61e-128	362
Bra016542	AT1G18790	62.7	8.03e-88	261
Bra016547	AT1G18670	85.7	0	1159
Bra016549	AT4G26190	71.9	1.18e-99	332
Bra016552	AT1G18580	90.4	0	976
Bra016553	AT1G18570	73.1	9.07e-172	480
Bra016556	AT1G18520	89.3	3.92e-177	488
Bra016559	AT1G18335	82.3	5.64e-136	383
Bra016561	AT1G18300	84	8.68e-128	358
Bra016563	AT1G18280	67.2	2.81e-61	187
Bra016565	AT1G18200	86.5	8.98e-136	380
Bra016568	AT1G18140	89.9	0	1073
Bra016569	AT1G18090	81.8	0	879
Bra016572	AT1G18040	90.5	3.74e-263	716
Bra016574	AT1G17970	72.6	7.62e-167	469
Bra016575	AT1G17950	84.5	1.98e-157	436
Bra016584	AT1G17840	95.7	0	1309
Bra016585	AT1G17830	77.8	3.61e-188	521
Bra016586	AT1G17790	67	1.76e-174	497
Bra016587	AT1G17780	56.6	5.98e-88	260
Bra016588	AT1G17760	87.1	0	1241
Bra016589	AT1G17745	86.4	0	1030
Bra016592	AT1G17690	80.7	0	1124
Bra016593	AT1G17620	80.7	4.11e-126	358
Bra016596	AT1G17540	73.4	0	1021
Bra016598	AT1G17520	72	3.98e-136	386
Bra016601	AT1G17430	87.1	5.17e-208	571
Bra016607	AT1G17290	87	0	946
Bra016609	AT1G17270	76.8	2.68e-299	821
Bra016610	AT1G17260	92.2	0	1700
Bra016611	AT1G17250	73.7	2.58e-160	479
Bra016612	AT1G17220	85.6	0	1611
Bra016615	AT1G17190	88.4	2.48e-145	403
Bra016616	AT1G17147	82.8	3.12e-53	160
Bra016618	AT1G17110	80	0	1374
Bra016622	AT1G16960	90.4	5.38e-73	212
Bra016629	AT1G16860	86.6	2.15e-291	794
Bra016630	AT1G16770	86.1	6.36e-172	484
Bra016631	AT1G16760	88.3	0	1248
Bra016632	AT1G16750	84.4	1.99e-306	836
Bra016633	AT1G16730	54.1	3.46e-32	113
Bra016637	AT1G16480	88.5	0	1684
Bra016638	AT1G16390	85.9	0	874
Bra016640	AT1G16330	77.2	0	915
Bra016645	AT1G15970	76.4	1.88e-176	493
Bra016651	AT1G15780	68.9	0	1382
Bra016652	AT1G15700	81.5	5.65e-200	555
Bra016653	AT1G15690	95.2	0	1395
Bra016657	AT1G15440	88.2	0	1596
Bra016661	AT1G15385	81.4	1.21e-30	102
Bra016663	AT1G15360	78.4	5.69e-100	287
Bra016665	AT1G15340	57.7	6.99e-83	256
Bra016666	AT1G15280	64.8	8.89e-206	586
Bra016668	AT1G15220	88.1	7.37e-97	276
Bra016672	AT1G15140	84.7	8.61e-178	492
Bra016674	AT1G15060	86.4	0	947
Bra016677	AT1G14980	96.9	8.28e-65	190
Bra016678	AT1G14890	87.1	7.67e-119	335
Bra016683	AT1G14700	81.8	3.56e-212	583
Bra016687	AT1G14670	95.6	0	1110
Bra016688	AT1G14650	84.3	0	1016
Bra016690	AT5G13130	62.5	1.78e-270	764
Bra016697	AT1G14560	93.7	1.01e-227	621
Bra016698	AT1G14510	90.1	3.7e-158	438
Bra016702	AT1G14410	86	9.64e-157	436
Bra016706	AT1G14320	97.3	2.12e-132	369
Bra016708	AT1G14130	89.1	1.75e-195	549
Bra016711	AT1G14110	71.1	4.05e-260	716
Bra016712	AT1G14080	82.3	0	912
Bra016713	AT1G14060	65.3	2.83e-52	163
Bra016714	AT1G14020	92.1	0	925
Bra016717	AT1G13940	67.6	0	1169
Bra016719	AT1G13930	83.3	4.31e-62	187
Bra016720	AT1G13920	71.1	1.08e-135	390
Bra016722	AT1G13880	73.5	2.74e-217	602
Bra016723	AT1G13870	90	4.09e-196	538
Bra016727	AT1G13540	78.5	1.63e-221	610
Bra016728	AT1G13520	83.2	2.58e-242	662
Bra016730	AT1G13410	79.7	7.13e-189	536
Bra016731	AT1G13390	62.1	1.29e-65	197
Bra016733	AT1G13310	74.3	6.69e-177	510
Bra016734	AT1G13300	75.1	2.27e-171	479
Bra016735	AT1G13280	85	2.51e-147	411
Bra016736	AT5G44600	74.9	5.05e-175	488
Bra016737	AT1G13200	69.8	1.22e-208	581
Bra016742	AT2G19960	59.8	1.78e-34	116
Bra016745	AT1G13020	69.8	3.54e-188	538
Bra016746	AT1G12990	95.4	6.9e-300	808
Bra016747	AT1G12940	91.5	8.06e-253	702
Bra016748	AT1G12920	97.9	2.49e-310	838
Bra016749	AT1G12860	72	6.38e-198	555
Bra016750	AT1G12850	77.4	3.63e-206	572
Bra016751	AT1G12845	78.3	9.27e-49	150
Bra016753	AT1G12830	62.4	7.42e-40	134
Bra016754	AT1G12820	88.4	0	1047
Bra016755	AT1G12810	72.8	6.51e-06	42.7
Bra016756	AT1G12805	68	3.68e-30	100
Bra016757	AT1G12780	95.7	1.76e-254	690
Bra016758	AT1G12770	90.4	0	926
Bra016759	AT1G12760	86.1	3.22e-207	575
Bra016761	AT1G12630	83.1	2.82e-86	251
Bra016764	AT1G12600	89.9	1.24e-219	602
Bra016766	AT1G12570	92.1	0	1055
Bra016767	AT1G12560	90.5	4.02e-186	510
Bra016768	AT1G12520	88.4	5.98e-179	496
Bra016769	AT1G12500	96.7	8.11e-240	654
Bra016770	AT1G12470	90.6	0	1758
Bra016776	AT1G12370	76.2	1.12e-272	746
Bra016785	AT1G12220	76.8	0	1374
Bra016789	AT1G12110	92.4	0	1083
Bra016790	AT1G12100	79.5	3.87e-66	196
Bra016794	AT1G12064	73.5	3.41e-52	159
Bra016795	AT1G12060	81.8	2.41e-115	327
Bra016796	AT1G12040	80.4	2.32e-132	410
Bra016797	AT1G12030	78	1.14e-160	448
Bra016798	AT1G12020	75	1.78e-109	313
Bra016801	AT1G11950	71.1	0	1174
Bra016802	AT1G11940	85	7.87e-238	650
Bra016803	AT1G11930	93.3	2.55e-165	457
Bra016806	AT1G11890	98.2	1.65e-156	431
Bra016807	AT1G11880	82.8	3.02e-300	818
Bra016811	AT1G11840	94	1.83e-197	542
Bra016812	AT1G11820	88.1	0	902
Bra016813	AT1G11790	86.1	6.18e-239	654
Bra016814	AT1G11760	80.4	1.84e-74	218
Bra016815	AT1G11755	82.3	2.63e-147	411
Bra016818	AT1G11720	86	0	1841
Bra016819	AT1G11690	71.7	2.49e-105	306
Bra016826	AT4G13220	80.7	7.33e-77	228
Bra016829	AT5G28237	87.3	2.19e-294	801
Bra016833	AT1G11475	97.2	2.54e-49	149
Bra016834	AT1G11440	60.8	7.89e-130	374
Bra016835	AT1G11430	89.3	4.34e-143	399
Bra016837	AT1G11400	74.4	4.6e-94	273
Bra016848	AT1G11200	86.4	2.76e-191	526
Bra016856	AT2G42810	94.1	0	910
Bra016857	AT2G42770	86	3.69e-141	394
Bra016860	AT2G42760	60.6	9.89e-85	253
Bra016862	AT2G42690	89.7	9.11e-279	757
Bra016864	AT2G42620	85.1	0	1177
Bra016866	AT2G42600	97	0	1865
Bra016867	AT2G42570	87.6	1.1e-258	703
Bra016868	AT2G42560	55.8	4.74e-71	242
Bra016869	AT2G42520	89.8	0	991
Bra016876	AT2G42440	62.8	1.91e-94	277
Bra016877	AT2G42430	87	1.61e-147	411
Bra016879	AT2G42400	78.9	1.74e-253	697
Bra016883	AT2G42320	72.9	5.48e-309	852
Bra016885	AT2G42290	81.3	3.04e-294	815
Bra016886	AT2G42280	81.2	3.25e-180	503
Bra016888	AT2G42250	88.3	0	900
Bra016889	AT2G42220	88.7	1.12e-148	413
Bra016893	AT2G42150	58.4	6.72e-153	453
Bra016894	AT2G42120	83.7	1.06e-245	672
Bra016900	AT2G41940	77	3.06e-96	282
Bra016902	AT2G41905	95.1	1.86e-31	103
Bra016903	AT2G41900	80.4	0	1026
Bra016906	AT2G41890	74.1	0	1087
Bra016907	AT1G58260	75	7.29e-293	802
Bra016909	AT2G41860	85.5	0	905
Bra016911	AT2G41850	83.4	2.38e-266	727
Bra016914	AT2G41835	84.7	1.74e-154	430
Bra016915	AT2G41830	86.9	0	1752
Bra016916	AT2G41820	88.9	1.2e-270	775
Bra016917	AT2G41800	85.9	4.4e-245	668
Bra016918	AT2G41440	54.2	2.65e-36	125
Bra016920	AT2G41705	76.6	4.09e-230	636
Bra016922	AT2G41660	78.4	1.16e-165	461
Bra016924	AT2G41620	93.6	0	1560
Bra016925	AT2G41600	68.8	8.43e-99	285
Bra016926	AT2G41560	92.2	0	1823
Bra016929	AT2G41500	86.5	4.4e-204	579
Bra016930	AT2G41480	90.9	2e-216	592
Bra016932	AT2G41460	68.1	1.66e-229	640
Bra016933	AT2G41451	82.9	1.53e-265	728
Bra016934	AT2G41430	77.8	8.92e-87	250
Bra016935	AT2G41420	100	2.11e-06	42
Bra016937	AT2G41380	84.4	3.04e-168	465
Bra016938	AT2G41370	90	2.17e-288	788
Bra016940	AT2G41340	75.7	1.79e-111	318
Bra016945	AT2G41250	84.9	2.4e-168	467
Bra016946	AT2G41240	77.7	2.32e-128	362
Bra016947	AT2G41230	78.4	2.38e-23	84.7
Bra016948	AT2G41220	93.9	0	3016
Bra016951	AT2G41130	92.9	9.49e-160	442
Bra016952	AT2G41120	80	5.04e-140	393
Bra016954	AT2G41060	64	9.3e-183	516
Bra016955	AT2G41020	79.5	6.89e-219	623
Bra016956	AT2G41010	67.1	5.29e-91	267
Bra016957	AT2G41000	78.9	3.29e-79	234
Bra016959	AT2G40950	66.4	2.38e-285	795
Bra016960	AT2G40935	82.5	4.06e-119	335
Bra016961	AT2G40930	89.2	0	1620
Bra016962	AT5G42440	71.7	3.15e-170	478
Bra016965	AT2G40880	89.2	1.11e-55	167
Bra016967	AT2G40820	83.2	1.91e-301	823
Bra016968	AT2G40810	86.7	5.6e-251	686
Bra016971	AT2G40780	87.2	2.92e-102	290
Bra016972	AT2G40770	78.3	0	2474
Bra016973	AT2G40760	87.5	9.72e-249	682
Bra016977	AT2G40690	92.4	6.16e-268	730
Bra016980	AT2G40620	83.6	1.82e-184	513
Bra016983	AT2G40570	81.6	5.4e-317	863
Bra016985	AT2G40550	85.9	0	977
Bra016986	AT2G40540	90.3	0	1447
Bra016989	AT2G40490	94.2	1.3e-263	717
Bra016991	AT2G40475	79.7	6.25e-73	218
Bra016993	AT2G40460	91.8	0	1055
Bra017005	AT2G40420	87.1	2.76e-265	725
Bra017007	AT2G19660	52.4	9.54e-237	669
Bra017008	AT2G40400	83.6	0	1130
Bra017011	AT2G40340	57	1.35e-97	292
Bra017012	AT2G40330	83.7	1.55e-125	352
Bra017013	AT2G40320	92.5	1.33e-308	833
Bra017019	AT2G40270	72	3.21e-230	640
Bra017022	AT2G40250	83.7	4.3e-223	612
Bra017023	AT2G40230	89.6	1.84e-283	770
Bra017024	AT2G40200	80.5	1.82e-120	343
Bra017028	AT4G03170	55.2	5.17e-50	164
Bra017031	AT2G40113	78.7	6.22e-91	261
Bra017032	AT2G40110	93.8	2.14e-91	259
Bra017034	AT3G55490	88	5.58e-118	331
Bra017049	AT2G39810	80.6	0	1463
Bra017052	AT2G39770	95	4.67e-255	692
Bra017053	AT2G39760	86.2	4.4e-247	676
Bra017054	AT2G39740	74.1	4.31e-258	712
Bra017056	AT2G39725	86	3.26e-44	137
Bra017060	AT2G39690	88.6	0	897
Bra017062	AT2G39580	70.1	0	2059
Bra017063	AT2G39570	88.6	1.31e-269	733
Bra017065	AT2G39530	82.9	7.24e-81	237
Bra017066	AT2G39518	80.5	6.73e-87	251
Bra017068	AT2G39510	89.3	3.64e-236	646
Bra017070	AT2G39460	93.5	1.53e-82	239
Bra017071	AT2G39450	93.4	1.17e-267	727
Bra017076	AT2G39420	88.6	5.12e-214	585
Bra017077	AT2G39400	89.1	3.3e-207	567
Bra017079	AT2G39370	82.2	2.04e-171	478
Bra017081	AT2G39340	77.5	0	1450
Bra017085	AT2G39210	89	0	971
Bra017088	AT2G39130	85.7	0	887
Bra017089	AT2G39120	78	4.59e-220	606
Bra017091	AT2G39100	68.7	5.88e-135	383
Bra017092	AT2G39000	77.4	4.41e-164	457
Bra017093	AT2G38940	94.8	0	1007
Bra017097	AT2G38830	70.9	1.39e-150	426
Bra017098	AT2G38823	54.5	2.95e-79	239
Bra017101	AT2G26900	89.9	4.19e-253	692
Bra017102	AT2G38760	83.8	6.13e-196	540
Bra017106	AT2G38720	81.5	1.62e-295	811
Bra017108	AT2G38670	88.8	3.18e-271	738
Bra017109	AT2G38660	89.1	1.54e-228	625
Bra017110	AT2G38650	83.9	0	1011
Bra017111	AT2G38640	87.7	4.53e-125	350
Bra017112	AT2G38540	72.9	3.81e-59	177
Bra017114	AT2G38510	90.8	0	868
Bra017116	AT2G38480	81.7	3.76e-102	291
Bra017118	AT2G38430	70.3	1.9e-197	549
Bra017121	AT2G38380	86.6	9.13e-222	607
Bra017132	AT2G38240	84.3	8.21e-227	620
Bra017134	AT2G38170	89.5	1.2e-273	749
Bra017135	AT2G38160	60.5	6.87e-72	227
Bra017140	AT2G38070	60.9	5.12e-180	522
Bra017141	AT2G38060	86.3	6.69e-277	763
Bra017142	AT2G38050	85.5	2.14e-134	377
Bra017143	AT2G38010	84.8	0	1317
Bra017144	AT2G37990	85.8	4.19e-186	514
Bra017147	AT1G02050	92.2	6.9e-257	720
Bra017148	AT2G37940	94.8	1.14e-220	601
Bra017149	AT2G37930	52.7	2.47e-159	462
Bra017151	AT2G37890	76.1	8.87e-188	521
Bra017152	AT2G37880	81.8	2.8e-138	388
Bra017158	AT2G37740	76	2.86e-155	435
Bra017161	AT2G37690	89.9	0	1122
Bra017162	AT2G37680	95.8	3.2e-157	434
Bra017164	AT2G37670	76.7	0	1201
Bra017165	AT2G37660	86.6	8.32e-195	537
Bra017180	AT2G37540	85	2.42e-198	546
Bra017181	AT2G37520	78.8	0	1261
Bra017182	AT2G37500	91.7	4.66e-298	810
Bra017189	AT2G37420	85.4	0	1615
Bra017192	AT2G37370	83.4	0	977
Bra017193	AT2G37360	83	0	1172
Bra017195	AT2G37320	81.2	1.78e-299	816
Bra017196	AT2G37310	84.6	0	920
Bra017197	AT2G37300	77.1	1.36e-58	182
Bra017198	AT2G37280	85.9	0	2421
Bra017199	AT2G37270	97.1	4.19e-140	389
Bra017202	AT3G53450	92.3	7.05e-137	381
Bra017205	AT2G37150	75.7	7.07e-287	790
Bra017210	AT2G37040	94.9	0	1347
Bra017213	AT2G36990	84.8	6.02e-314	857
Bra017215	AT2G36950	75.7	8.61e-137	395
Bra017217	AT2G36895	69.8	2.53e-114	327
Bra017221	AT2G36840	89.8	9.87e-267	726
Bra017222	AT2G36830	93.2	8.92e-166	457
Bra017223	AT2G36810	76.3	0	2240
Bra017224	AT2G36750	84.5	7.46e-303	825
Bra017226	AT2G36720	72	0	1403
Bra017227	AT2G36690	89.6	1.76e-255	694
Bra017232	AT2G36500	76.8	4.06e-271	748
Bra017233	AT2G36480	76.9	0	1343
Bra017235	AT2G36450	77.2	1.57e-95	274
Bra017237	AT2G36420	69.6	3.62e-182	513
Bra017241	AT2G36380	90.5	0	2613
Bra017242	AT3G13680	59.6	9.92e-153	436
Bra017244	AT2G36340	52.9	3.58e-38	141
Bra017245	AT2G36370	75	0	1357
Bra017250	AT2G36295	67	5.87e-40	128
Bra017252	AT2G36250	87.1	2.86e-285	779
Bra017256	AT2G36200	87	0	1689
Bra017261	AT2G36090	81	2.09e-169	472
Bra017267	AT2G36020	88	1.1e-160	445
Bra017268	AT2G36010	67.8	7.63e-212	595
Bra017269	AT2G36000	79.4	4.02e-163	457
Bra017270	AT2G35990	95.8	8.77e-145	401
Bra017272	AT2G35980	84.5	4.92e-142	395
Bra017274	AT1G33530	58.6	1.78e-139	403
Bra017277	AT2G35940	88.5	0	1048
Bra017278	AT2G35930	90.5	9.17e-267	726
Bra017280	AT2G35910	86.7	1.8e-109	311
Bra017282	AT2G35900	74	2.24e-94	272
Bra017283	AT2G35890	84.7	6.52e-316	860
Bra017285	AT2G35860	88.8	2e-275	751
Bra017286	AT2G35850	72.2	8.14e-25	88.6
Bra017287	AT2G35840	91	4.48e-293	794
Bra017290	AT2G35810	73.4	4.54e-95	277
Bra017293	AT2G35780	90.4	1.38e-310	840
Bra017294	AT2G35770	89	3.84e-306	829
Bra017295	AT2G35765	75	7.62e-30	100
Bra017297	AT2G35740	84.5	0	978
Bra017298	AT2G35736	85.2	9.02e-30	98.6
Bra017299	AT2G35730	79.1	8.33e-54	163
Bra017300	AT2G35720	86.5	0	889
Bra017301	AT2G35710	91.5	0	924
Bra017302	AT2G35700	75.8	1.98e-81	239
Bra017303	AT2G35680	84.4	1.19e-203	560
Bra017304	AT2G35660	85.2	3e-276	753
Bra017307	AT2G35620	88.3	1.91e-316	867
Bra017309	AT2G35612	85.9	3.94e-53	159
Bra017310	AT2G35610	91.3	0	1223
Bra017317	AT2G35510	65.5	5.79e-248	690
Bra017318	AT2G35500	89.9	5.89e-244	667
Bra017321	AT2G35410	72.9	5e-132	377
Bra017323	AT2G35290	86.1	5.65e-74	215
Bra017324	AT2G35270	87.5	6.22e-137	387
Bra017330	AT2G35210	80.6	1.2e-193	540
Bra017333	AT3G26125	87.4	0	962
Bra017335	AT3G26100	88.6	0	969
Bra017337	AT3G26040	85.3	6.19e-271	740
Bra017340	AT3G25980	95.2	2.07e-141	392
Bra017341	AT3G25920	85	2.58e-158	441
Bra017343	AT3G25882	75	5.19e-54	164
Bra017346	AT3G25840	72.2	0	947
Bra017347	AT3G25805	81.7	5.27e-204	561
Bra017350	AT3G25780	87.5	5.78e-155	431
Bra017351	AT3G25770	82.7	1.82e-143	401
Bra017353	AT3G25680	75.7	3.07e-288	792
Bra017354	AT3G25660	94.9	4.88e-284	775
Bra017355	AT3G25600	91.9	4.43e-99	281
Bra017359	AT2G04038	66.3	1.46e-50	159
Bra017370	AT2G03760	85.3	1.06e-211	580
Bra017377	AT2G03680	84.3	1.01e-48	151
Bra017378	AT2G03670	89.2	0	1031
Bra017379	AT4G12960	67.8	9.27e-111	317
Bra017382	AT2G03520	86.3	5.91e-247	676
Bra017383	AT2G03510	92.9	9.76e-233	636
Bra017385	AT2G03430	80.2	1.61e-29	110
Bra017387	AT2G03410	89.1	7.05e-215	590
Bra017389	AT3G11810	69.7	1.11e-149	424
Bra017392	AT2G03270	93.2	0	1134
Bra017395	AT2G03240	83.3	0	1318
Bra017400	AT2G03150	71.2	0	1374
Bra017401	AT3G47140	64.4	1.37e-93	273
Bra017403	AT2G03070	72.8	2.11e-198	566
Bra017406	AT2G02950	69.3	1.77e-174	494
Bra017411	AT2G02750	85.4	0	957
Bra017413	AT2G02590	82.5	6.89e-178	494
Bra017414	AT2G02515	56.7	4.88e-20	76.3
Bra017415	AT2G02470	87.5	3.28e-149	416
Bra017420	AT2G02148	74.3	1.98e-216	602
Bra017421	AT2G02130	85.7	7.86e-49	148
Bra017422	AT2G02090	88.1	0	1219
Bra017428	AT1G62200	72.3	1.13e-309	851
Bra017430	AT2G01980	83.2	0	1817
Bra017432	AT2G01940	88.8	4.94e-174	494
Bra017433	AT2G01913	72.6	8.13e-65	193
Bra017434	AT2G01740	67.3	3.67e-67	227
Bra017435	AT1G64720	83.9	6.05e-230	631
Bra017438	AT1G14900	78	9.66e-47	150
Bra017448	AT2G01500	58.1	3.16e-90	268
Bra017453	AT1G79850	78.2	3.4e-70	207
Bra017454	AT2G01410	81.1	1.11e-226	623
Bra017456	AT2G01330	89.6	0	1075
Bra017464	AT2G01180	85.8	1.21e-201	553
Bra017465	AT2G01150	74.6	1.01e-62	190
Bra017467	AT5G47760	88.7	1.74e-201	551
Bra017468	AT5G47730	89.8	1.46e-223	611
Bra017469	AT5G47720	93.6	3.95e-258	706
Bra017470	AT5G47680	79.4	3.83e-148	421
Bra017473	AT5G47640	97.2	1.11e-93	270
Bra017475	AT5G47620	80.1	1.48e-247	680
Bra017482	AT5G47520	95.5	1.29e-148	412
Bra017485	AT5G47480	70.7	0	1782
Bra017486	AT5G47430	78.5	0	1153
Bra017488	AT5G47380	79.8	0	918
Bra017491	AT5G47330	80.1	6.88e-181	501
Bra017493	AT5G47230	68.3	3.8e-127	363
Bra017497	AT5G47200	98.5	1.42e-140	390
Bra017498	AT5G47190	80.6	1.05e-116	331
Bra017511	AT5G47050	60.5	8.52e-99	292
Bra017512	AT5G47030	90.6	1.48e-122	344
Bra017516	AT5G46910	81.2	0	1214
Bra017518	AT5G46890	73.8	2.34e-58	176
Bra017519	AT5G46880	84.5	0	1342
Bra017520	AT5G46830	57	2.36e-173	497
Bra017524	AT5G46800	94	8.37e-200	548
Bra017529	AT5G46730	76.3	7.53e-09	55.8
Bra017530	AT5G46720	79.8	2.23e-67	203
Bra017532	AT5G46700	87	1.2e-170	471
Bra017536	AT5G46640	62.8	3.37e-122	357
Bra017544	AT5G46470	64.6	0	1294
Bra017546	AT5G46390	86	2.2e-284	776
Bra017560	AT5G46370	76.2	5.92e-220	610
Bra017563	AT5G46330	82.5	2.9e-190	588
Bra017567	AT5G46240	82.4	0	1129
Bra017568	AT5G46230	83.9	3.67e-85	245
Bra017571	AT5G46160	92	2.59e-104	296
Bra017577	AT5G46150	90.5	2.58e-229	626
Bra017581	AT5G46070	81.3	0	1566
Bra017585	AT5G46050	87.6	0	992
Bra017589	AT5G45830	80.4	5.15e-148	417
Bra017592	AT5G45760	88.3	3.8e-217	614
Bra017593	AT5G45740	89.8	2.33e-78	226
Bra017594	AT5G45720	71.1	0	1197
Bra017595	AT5G45710	76.9	3.25e-179	499
Bra017596	AT5G45680	89.9	4.66e-135	376
Bra017598	AT5G45650	86.3	0	1365
Bra017599	AT5G45630	69.6	6.56e-49	151
Bra017600	AT5G45560	91.1	0	1313
Bra017601	AT5G45550	99.5	3.48e-161	443
Bra017602	AT5G45430	75.6	2.01e-262	726
Bra017610	AT4G33810	82	1.15e-257	712
Bra017614	AT4G33940	79	5.65e-135	379
Bra017615	AT4G33950	94.2	5.64e-252	685
Bra017616	AT4G33960	72.1	3.97e-26	90.1
Bra017620	AT4G33985	91	3.77e-97	276
Bra017624	AT4G34050	98.8	1.06e-174	482
Bra017625	AT4G34090	70.6	2.74e-175	491
Bra017628	AT4G34150	88.9	4.72e-100	291
Bra017629	AT4G34160	85.9	2.31e-189	527
Bra017630	AT2G17305	54.4	3.97e-102	300
Bra017633	AT4G34180	85.4	2.3e-155	432
Bra017637	AT4G34200	93.3	0	1037
Bra017638	AT3G57230	85.8	2.48e-116	332
Bra017639	AT4G34230	93.8	1.14e-253	689
Bra017641	AT4G34250	81.7	3.87e-288	787
Bra017645	AT4G34320	90.2	4.63e-226	620
Bra017656	AT4G34410	73.4	6.99e-121	345
Bra017661	AT4G34560	76.1	9.5e-105	301
Bra017666	AT4G34610	76.3	1.02e-260	721
Bra017671	AT4G34700	98.3	1.71e-84	241
Bra017672	AT4G34710	84.2	0	1162
Bra017684	AT4G34980	92.2	0	1410
Bra017686	AT4G35000	89.9	2.7e-194	533
Bra017701	AT4G35170	71.7	1.84e-143	404
Bra017706	AT4G35280	81.6	6.52e-138	390
Bra017712	AT4G35470	84.4	1.13e-145	430
Bra017715	AT4G35490	94.2	4.54e-103	291
Bra017718	AT4G35520	76.5	0	1811
Bra017719	AT4G35530	81.4	2e-109	310
Bra017722	AT4G35560	75.8	0	1476
Bra017723	AT2G17560	73.4	3.28e-60	184
Bra017724	AT4G35600	79.4	5.48e-237	652
Bra017726	AT4G35620	79.4	4.48e-219	606
Bra017727	AT4G35660	74.6	1.2e-131	374
Bra017734	AT4G35890	66.4	3.06e-173	497
Bra017735	AT4G35900	67	1.86e-100	294
Bra017736	AT4G35905	89.6	1.12e-46	142
Bra017738	AT4G35930	77.7	9.6e-153	429
Bra017739	AT4G35940	53.3	2.59e-90	278
Bra017740	AT2G17800	98.5	3.24e-139	386
Bra017741	AT4G35985	81.3	2.86e-230	637
Bra017742	AT4G36020	80.2	1.87e-47	159
Bra017743	AT4G36030	84.4	0	1044
Bra017745	AT4G36060	50.4	6.4e-43	146
Bra017746	AT4G36070	86.4	0	910
Bra017751	AT4G36195	84.2	0	889
Bra017752	AT4G36220	93.3	0	974
Bra017754	AT4G36260	89	1.62e-131	376
Bra017758	AT4G36400	85.1	0	909
Bra017760	AT4G36420	68.5	1.01e-62	191
Bra017761	AT4G36430	90.3	2.44e-219	600
Bra017762	AT4G36480	91.7	4.57999e-319	867
Bra017764	AT4G36500	92.6	4.45e-78	225
Bra017767	AT4G36630	91.2	0	1732
Bra017769	AT4G36650	88.3	1.03e-309	843
Bra017770	AT4G36660	80.5	5.12e-83	244
Bra017771	AT4G36670	91.2	0	870
Bra017780	AT4G36740	83	8.19e-120	338
Bra017781	AT4G36750	83	2.17e-152	425
Bra017786	AT4G36820	72.6	3.97e-170	476
Bra017788	AT4G36830	89.5	7.04e-166	462
Bra017792	AT4G37190	82.9	0	906
Bra017796	AT4G37160	91.5	0	1026
Bra017799	AT4G37050	83.6	1.25e-252	691
Bra017802	AT4G36960	89.1	7.93e-243	664
Bra017803	AT4G36945	82.6	4e-235	645
Bra017809	AT4G36920	86.7	8.85e-273	743
Bra017810	AT4G36910	84.3	5.39e-129	363
Bra017819	AT4G37370	88.5	0	882
Bra017823	AT4G37450	58.2	2.93e-17	77.4
Bra017839	AT4G37610	84.2	1.27e-231	634
Bra017840	AT4G37630	77.3	2.65e-166	466
Bra017841	AT4G37640	96.6	0	1912
Bra017843	AT4G37660	81	5.25e-84	244
Bra017847	AT4G37690	88.8	6.02e-300	812
Bra017848	AT4G37700	69.9	5.54e-57	174
Bra017852	AT4G37750	86.5	7.72e-311	850
Bra017855	AT4G37800	93.9	2.78e-217	591
Bra017857	AT4G00585	86.4	9.15e-55	164
Bra017859	AT4G37890	74	3.85e-310	859
Bra017870	AT4G39955	89.3	2.85e-218	597
Bra017871	AT4G39950	92.8	0	1019
Bra017873	AT4G39920	71.3	3.89e-150	426
Bra017875	AT4G39890	91.8	1.34e-121	345
Bra017877	AT4G39870	73.3	1.77e-166	469
Bra017881	AT5G42310	76.4	7.09e-146	441
Bra017889	AT1G59910	59.9	1.39e-271	775
Bra017899	AT1G59720	84.8	0	1086
Bra017906	AT1G21340	80.2	5.75e-144	403
Bra017907	AT1G21350	78.3	3.25e-142	399
Bra017908	AT1G21360	85.1	9.9e-122	345
Bra017909	AT1G21370	81.9	4.01e-206	567
Bra017910	AT1G21380	83.7	1.27e-286	784
Bra017911	AT1G21390	71.2	3.57e-83	248
Bra017913	AT1G21430	80.5	2.76e-222	612
Bra017916	AT1G21460	89.3	6.32e-150	417
Bra017917	ATMG00860	52.3	2e-38	140
Bra017919	AT1G77130	76	0	959
Bra017920	AT1G21500	75.6	1.39e-46	146
Bra017921	AT1G21510	67.4	1.02e-122	354
Bra017925	AT1G21540	92.7	0	1046
Bra017927	AT1G21550	78.9	2.02e-77	226
Bra017928	AT1G21560	52	4.3e-104	312
Bra017931	AT1G21590	77.4	0	1106
Bra017932	AT1G21600	87.1	9.65e-194	535
Bra017934	AT1G21640	86.9	0	1696
Bra017935	AT1G21651	73.9	0	1154
Bra017936	AT1G77350	85.2	6.03e-69	202
Bra017939	AT1G21670	77	0	1064
Bra017940	AT1G21680	86.8	0	1294
Bra017941	AT1G21690	93.9	2.74e-209	575
Bra017942	AT1G21695	50.9	7.77e-37	127
Bra017944	AT1G21710	86.5	4.39e-221	607
Bra017946	AT1G21730	87.2	0	1360
Bra017947	AT1G21740	81.6	0	1276
Bra017949	AT1G21760	89.9	4.7e-227	619
Bra017950	AT1G21770	80.4	7.63e-57	171
Bra017951	AT1G21780	94.5	8.75e-231	628
Bra017952	AT1G21790	90.5	9.41e-182	501
Bra017956	AT1G21880	87.1	2.34e-257	703
Bra017958	AT3G49730	72.8	2.18e-220	627
Bra017959	AT3G49725	70.7	5.32e-255	711
Bra017960	AT3G49720	96.2	1.63e-183	504
Bra017961	AT3G49710	88.9	0	1202
Bra017963	AT3G49690	79	7.89e-159	444
Bra017964	AT3G49680	86.3	1.08e-258	706
Bra017967	AT3G49640	91.5	9.71e-225	613
Bra017971	AT3G49601	61.8	1.46e-117	360
Bra017972	AT3G49600	81.5	0	1723
Bra017974	AT3G49580	80.2	1.32e-39	125
Bra017975	AT3G49570	90.7	6.1e-53	160
Bra017980	AT3G49530	68.8	4e-216	603
Bra017982	AT3G49450	55.8	2.01e-151	434
Bra017988	AT3G49380	70.9	7.71e-161	453
Bra017991	AT3G49330	75.6	4.58e-81	243
Bra017996	AT3G49290	89.9	9.13e-193	531
Bra017997	AT3G49260	83	7.48e-244	674
Bra017998	AT3G49250	72.1	5.27e-206	574
Bra018003	AT3G49170	89.5	0	1549
Bra018005	AT3G49140	82.9	6.43e-250	691
Bra018008	AT3G49100	96.1	2.6e-68	199
Bra018009	AT3G49080	66.7	1.35e-163	466
Bra018010	AT3G45670	62.5	2.44e-131	379
Bra018012	AT3G49070	86.4	2.09e-175	490
Bra018013	AT3G49060	85.7	0	1377
Bra018014	AT3G49055	70	3.72e-124	363
Bra018016	AT3G49050	88.2	1.64e-303	825
Bra018017	AT3G49010	93.7	1.98e-133	372
Bra018019	AT3G48990	94.7	0	946
Bra018021	AT3G48980	85.6	0	961
Bra018022	AT3G48970	97.1	5.28e-94	267
Bra018023	AT3G48950	86.4	2.32e-312	847
Bra018025	AT3G48940	85.3	3.25e-54	169
Bra018027	AT3G48920	70.6	1.15e-126	359
Bra018028	AT3G48890	79.5	6.44e-115	327
Bra018031	AT3G48860	86.2	6.52e-282	779
Bra018035	AT3G48760	81.3	8.24e-280	764
Bra018036	AT3G48750	96.3	7.93e-211	575
Bra018039	AT3G48740	90.3	3.08e-185	510
Bra018040	AT3G48720	85	3.89e-271	739
Bra018042	AT3G48680	95.3	1.45e-146	409
Bra018043	AT3G48670	82.1	0	998
Bra018044	AT3G48660	95.7	1.68e-41	129
Bra018046	AT3G48590	88.9	8.67e-113	322
Bra018047	AT3G48570	98.6	2.82e-43	133
Bra018054	AT3G15910	51.5	1.4e-93	284
Bra018055	AT3G48490	60.7	5.22e-34	114
Bra018058	AT3G48450	83.6	7.15e-30	102
Bra018059	AT3G48440	64.3	9.83e-144	417
Bra018060	AT3G48430	73.7	0	1761
Bra018061	AT3G48425	89	4.96e-250	680
Bra018062	AT3G48420	86.9	6.55e-191	527
Bra018063	AT3G48410	84.4	2.84e-225	620
Bra018064	AT3G48380	83.9	0	1080
Bra018065	AT3G48360	79.3	5.71e-206	569
Bra018066	AT3G48350	85.2	2.75e-229	628
Bra018067	AT3G48340	84.5	2.44e-229	627
Bra018071	AT3G48240	78.1	1.7e-90	261
Bra018078	AT3G48200	89.2	0	1898
Bra018079	AT3G48187	61.7	1.05e-290	824
Bra018080	AT3G48160	80.4	1.64e-209	580
Bra018081	AT3G48150	93.4	0	946
Bra018083	AT3G48120	70.5	6.82e-113	329
Bra018085	AT3G48080	63.8	6.76e-273	759
Bra018086	AT3G48070	76.8	1.94e-156	441
Bra018088	AT3G48020	67.6	3.31e-60	182
Bra018089	AT3G48010	94.2	0	1261
Bra018090	AT3G48000	91.9	0	986
Bra018091	AT3G47990	85	4.07e-229	627
Bra018092	AT3G47980	80.2	1.17e-111	319
Bra018096	AT3G47960	84.6	0	1019
Bra018100	AT3G47930	89.3	0	1051
Bra018101	AT3G47910	73.7	0	2200
Bra018102	AT3G47870	68	3.59e-116	338
Bra018103	AT5G62620	79.4	0	1085
Bra018104	AT3G47850	72.5	2.19e-141	403
Bra018106	AT3G47833	82.8	1.86e-43	135
Bra018110	AT3G47810	93.7	5.86e-134	372
Bra018111	AT3G43610	79.2	0	1889
Bra018112	AT3G47800	87.2	4.44e-233	637
Bra018113	AT3G47780	84.9	0	1593
Bra018115	AT3G47750	78.5	0	1447
Bra018116	AT3G47730	90.1	0	1755
Bra018117	AT3G47710	88.2	7.97e-47	144
Bra018119	AT3G47700	88.7	0	1373
Bra018121	AT4G10270	87.8	1.33e-50	153
Bra018122	AT3G47670	74.2	9.73e-112	321
Bra018125	AT3G47630	89.8	9.38e-214	585
Bra018126	AT3G47620	78.3	1.54e-152	442
Bra018127	AT3G47610	87.8	1.02e-252	690
Bra018129	AT3G47590	79.6	7.09e-175	486
Bra018133	AT5G51280	93.2	0	1072
Bra018134	AT2G26865	71.2	1.45e-30	102
Bra018136	AT3G47550	85.5	4.13e-166	461
Bra018137	AT3G47520	88	3.58e-241	661
Bra018138	AT3G47510	72.4	1.97e-37	120
Bra018141	AT3G47500	71.2	4.46e-196	550
Bra018142	AT3G47490	79.8	1.67e-107	308
Bra018143	AT3G47480	79.8	4.43e-89	258
Bra018144	AT3G47470	94.8	9.83e-177	485
Bra018145	AT3G47460	87.4	0	1732
Bra018147	AT3G47450	90.2	0	982
Bra018148	AT3G47440	92.5	7.26e-165	456
Bra018149	AT3G47430	89.9	3.39e-151	419
Bra018150	AT3G47420	92.6	0	935
Bra018152	AT3G47400	88.9	0	1040
Bra018153	AT3G47390	84.9	0	990
Bra018157	AT3G47380	84.6	4.25e-101	289
Bra018160	AT3G47340	92.8	0	1120
Bra018161	AT3G47295	81.7	9.41e-34	109
Bra018162	AT3G47160	87.2	5.82e-163	450
Bra018163	AT3G47120	60.4	2.56e-115	335
Bra018164	AT3G47110	78.7	9.04e-287	826
Bra018168	AT3G47080	70.3	6.69e-186	528
Bra018169	AT3G47070	78.8	6.01e-51	155
Bra018170	AT3G47060	87.9	0	1300
Bra018172	AT3G47010	87.4	0	1097
Bra018174	AT3G30520	64.4	5.06e-107	327
Bra018175	AT5G49650	84.2	0	937
Bra018177	AT3G47000	88.5	0	1092
Bra018178	AT3G46990	74	2.35e-240	670
Bra018179	AT3G46980	88.6	0	924
Bra018180	AT3G46970	95.1	0	1621
Bra018181	AT3G46960	90.6	0	2397
Bra018182	AT3G46950	74.2	2.41e-168	480
Bra018183	AT3G46930	63.7	5.65e-217	608
Bra018186	AT3G46880	79.8	4.27e-36	120
Bra018187	AT3G46870	88.8	3.37e-170	469
Bra018188	AT3G46840	77.4	0	1110
Bra018190	AT3G46830	96.8	1.02e-145	404
Bra018194	AT3G42630	77.5	3.27e-233	642
Bra018197	AT3G46740	93.2	0	1464
Bra018202	AT3G46720	79.5	2.41e-255	700
Bra018204	AT3G46640	80.5	3.32e-129	370
Bra018207	AT3G46550	82.4	2.87e-119	345
Bra018209	AT3G46540	81.3	1.46e-162	454
Bra018214	AT3G46290	83.8	0	1370
Bra018215	AT3G46240	71.1	4.61e-191	539
Bra018216	AT1G53540	87.9	3.28e-99	281
Bra018217	AT3G46220	89.5	0	1350
Bra018218	AT3G46210	80.3	7.03e-147	410
Bra018219	AT3G46200	82.6	1.11e-182	505
Bra018220	AT3G46160	53.8	5.25e-112	333
Bra018221	AT5G08730	52.1	4.32e-158	456
Bra018223	AT3G46130	83.8	8.02e-148	412
Bra018232	AT2G31570	95.9	3.5e-118	330
Bra018234	AT2G31540	79.6	3.31e-214	592
Bra018236	AT2G31500	89.1	0	957
Bra018237	AT2G31490	97.2	5.32e-51	153
Bra018248	AT2G31390	94.8	6.82e-223	608
Bra018249	AT2G31380	89.5	2.79e-157	435
Bra018250	AT2G31370	76.6	2.11e-156	445
Bra018251	AT2G31360	91.5	1.27e-218	596
Bra018254	AT2G31345	78.9	3.2e-32	105
Bra018257	AT2G31340	90.4	0	964
Bra018259	AT2G31320	85.7	0	1701
Bra018260	AT2G31310	68.2	5.46e-89	258
Bra018262	AT2G41920	62.8	5.14e-146	413
Bra018264	AT2G31170	93.3	0	916
Bra018265	AT5G22370	87.6	5.68e-183	505
Bra018268	AT2G31200	84.9	2.27e-87	251
Bra018272	AT2G31270	69.9	9.61e-226	636
Bra018277	AT2G31130	62.1	3.86e-159	452
Bra018279	AT2G31083	76.5	1.94e-37	120
Bra018280	AT2G31070	80.2	5.07e-132	380
Bra018288	AT2G30950	91.2	0	1176
Bra018289	AT2G30940	71	1.31e-203	567
Bra018299	AT1G06740	63.6	9.02e-276	770
Bra018304	AT2G30580	84.1	5.87e-252	690
Bra018309	AT2G30520	89.5	0	1020
Bra018310	AT2G30505	74.7	7.4e-143	404
Bra018311	AT2G30490	95.8	0	977
Bra018312	AT2G30480	62	4.86e-276	771
Bra018315	AT2G30410	92.9	1.87e-65	192
Bra018316	AT2G30400	71.9	1.42e-137	392
Bra018317	AT2G30395	80.3	2.49e-103	295
Bra018318	AT2G30380	75.1	1.71e-214	594
Bra018319	AT2G30360	84.6	6.35e-267	729
Bra018321	AT2G30300	77.2	1.23e-259	716
Bra018323	AT2G30280	75.6	3.97e-142	407
Bra018324	AT1G06960	74.3	2.6e-117	333
Bra018328	AT2G30210	85.3	0	1005
Bra018329	AT2G30200	87.6	9.24e-223	613
Bra018331	AT2G30170	87.1	3.57e-185	511
Bra018332	AT2G30160	83.7	1.05e-209	575
Bra018333	AT2G30150	78.2	2.39e-264	724
Bra018335	AT2G30130	95.7	8.67e-93	268
Bra018336	AT2G30120	69.6	6.07e-123	352
Bra018338	AT2G30110	91.6	0	1969
Bra018341	AT2G30080	89.8	1.66e-210	578
Bra018347	AT2G30010	89.8	2.66e-277	754
Bra018348	AT2G29980	92.7	8.05e-277	749
Bra018351	AT2G29970	73.2	0	1334
Bra018353	AT2G29960	92	3.33e-134	374
Bra018354	AT2G29900	81.7	1.47e-201	560
Bra018356	AT2G29890	78.5	0	1414
Bra018357	AT2G29760	90.5	0	1212
Bra018363	AT2G29740	74.3	4.08e-254	700
Bra018364	AT2G29730	81.6	2.36e-283	773
Bra018365	AT2G29700	93.8	2.91e-103	291
Bra018368	AT2G29670	66	8.5e-151	439
Bra018369	AT2G29660	80.6	7.63e-206	569
Bra018370	AT2G29650	91.5	0	948
Bra018371	AT2G29640	54.6	5.92e-102	300
Bra018372	AT2G29630	96.6	0	1264
Bra018373	AT2G29620	69.4	2.04e-304	849
Bra018375	AT2G29590	81	5.26e-83	241
Bra018377	AT1G07370	98.9	5.45e-182	499
Bra018378	AT2G29560	93.9	0	894
Bra018379	AT2G29550	98	0	884
Bra018383	AT2G29500	89.7	2.08e-94	269
Bra018389	AT3G43250	64.6	2.98e-97	284
Bra018398	AT2G29380	78.8	8.2e-200	553
Bra018400	AT2G29330	83.1	2.19e-155	432
Bra018406	AT2G29220	78.4	0	959
Bra018407	AT2G29210	54.7	3.02e-102	336
Bra018408	AT2G29130	88.6	0	1065
Bra018409	AT2G29110	75.3	0	1375
Bra018411	AT5G40520	56.7	4.2e-226	643
Bra018413	AT1G11040	75.1	2.49e-210	584
Bra018415	AT1G10960	92.5	1.08e-95	272
Bra018416	AT1G10950	93	0	1078
Bra018417	AT1G10940	90.6	6.11e-231	632
Bra018418	AT1G10930	83.2	0	1934
Bra018420	AT1G10840	98.2	1.87e-242	659
Bra018421	AT1G10820	78.1	3.99e-132	372
Bra018423	AT1G10760	88.7	0	2419
Bra018425	AT1G10670	91.6	6.22e-294	797
Bra018428	AT1G10650	78.9	4.42e-175	488
Bra018433	AT1G10550	90	1.13e-213	584
Bra018434	AT1G10520	85.9	0	882
Bra018437	AT1G10490	91.2	0	1821
Bra018440	AT1G10400	84.8	3.63e-283	773
Bra018442	AT1G10385	94.3	0	1330
Bra018443	AT1G10350	81.1	1.45e-190	528
Bra018445	AT1G10340	76.6	3.82e-280	775
Bra018446	AT1G10320	75.3	7.6e-281	790
Bra018447	AT1G10310	91.7	8.88e-157	434
Bra018448	AT1G53350	74	0	1157
Bra018457	AT1G10180	87.3	0	1281
Bra018459	AT1G10150	68.4	5.76e-187	523
Bra018462	AT1G10090	85.2	0	1302
Bra018463	AT1G10070	88.9	4.32e-248	677
Bra018465	AT1G10040	78.9	1.66e-203	565
Bra018466	AT1G10030	93	6.17e-86	246
Bra018469	AT4G12290	86.3	0	1337
Bra018471	AT4G12320	84.9	0	879
Bra018473	AT4G12360	69.6	4.05e-71	211
Bra018474	AT4G12370	75.4	3.06e-176	488
Bra018477	AT4G12400	87.8	8.47e-301	825
Bra018479	AT4G12420	92.8	0	1125
Bra018483	AT4G12550	70.5	9.19e-50	153
Bra018485	AT4G12560	84.7	1.95e-259	708
Bra018486	AT4G12580	68.1	1.1e-20	78.6
Bra018490	AT5G48670	63.4	4.38e-113	328
Bra018498	AT4G04605	96.9	9.27e-39	127
Bra018504	AT4G04720	92.3	0	958
Bra018513	AT4G05150	81.7	8.34e-227	629
Bra018514	AT4G03220	83.1	5.26e-288	787
Bra018516	AT4G03180	60.9	5.21e-63	192
Bra018518	AT4G03110	87.4	1.91e-262	718
Bra018521	AT4G03050	59.5	7.48e-147	423
Bra018524	AT5G23010	78.1	1.75e-277	762
Bra018525	AT4G02880	64.7	9.31e-152	440
Bra018526	AT4G02860	85.3	8.42e-177	489
Bra018527	AT4G02830	78	7.59e-99	283
Bra018528	AT4G02820	75.1	6.87e-229	640
Bra018529	AT4G02730	72.4	6.58e-81	248
Bra018530	AT4G34400	51.8	3.59e-105	317
Bra018535	AT4G02670	81.1	4.95e-235	645
Bra018540	AT4G02560	77	0	1098
Bra018542	AT4G02550	79.5	4.02e-167	480
Bra018544	AT4G00165	76.7	5.99e-64	190
Bra018547	AT5G24220	64.4	1.72e-165	467
Bra018549	AT4G02460	83.8	0	1413
Bra018551	AT4G02425	81.8	2.01e-136	384
Bra018554	AT4G02400	75.1	0	1125
Bra018557	AT4G02370	82.2	6.35e-95	271
Bra018558	AT4G02350	86.9	0	1308
Bra018559	AT4G02290	91.6	0	961
Bra018560	AT4G02270	84.2	5.33e-102	289
Bra018563	AT4G02210	76.2	5.95e-239	657
Bra018565	AT1G09340	97.7	8.62e-253	688
Bra018568	AT1G09310	88.3	7.73e-87	252
Bra018569	AT1G09280	88.4	0	1052
Bra018570	AT1G09270	88.2	1.06e-286	788
Bra018571	AT1G09260	50.4	7.72e-34	115
Bra018572	AT1G09250	74.3	3.45e-83	245
Bra018573	AT1G09240	87	5.34e-200	550
Bra018574	AT1G09230	81.6	4.49e-245	674
Bra018575	AT1G09210	94.4	9.88e-219	606
Bra018577	AT1G09190	87.7	7.71e-225	622
Bra018581	AT1G09140	94.3	2.77e-129	365
Bra018583	AT1G09040	61.8	0	933
Bra018585	AT1G09030	84.9	1.01e-78	228
Bra018587	AT1G09010	87.5	0	1736
Bra018588	AT1G09000	78.6	0	992
Bra018589	AT1G54830	84.4	8.4e-116	328
Bra018590	AT1G08940	87.9	4.4e-183	504
Bra018594	AT1G08900	83.6	1.55e-274	750
Bra018595	AT1G08880	97.2	3.04e-90	258
Bra018596	AT1G08845	85.2	1.94e-127	365
Bra018597	AT1G08820	71.8	3.83e-177	497
Bra018598	AT1G08810	77.5	7.01e-148	415
Bra018599	AT1G08800	57.2	0	949
Bra018601	AT1G08780	84.5	1.89e-71	209
Bra018602	AT1G08770	77.5	1.27e-98	284
Bra018603	AT1G08760	79.7	0	1052
Bra018604	AT1G08750	91.5	4.43e-253	690
Bra018605	AT1G08730	87.4	0	2377
Bra018606	AT1G08700	80.6	1.41e-219	609
Bra018607	AT1G08680	75.7	0	899
Bra018610	AT1G08640	84.7	5.09e-164	456
Bra018612	AT1G08600	85.8	0	2244
Bra018614	AT1G08570	78.5	2.2e-147	413
Bra018615	AT1G08560	83	3.28e-162	453
Bra018616	AT1G08550	85.3	2.17e-280	765
Bra018618	AT1G08530	83.8	5.01e-85	249
Bra018619	AT1G08520	92.5	0	1216
Bra018621	AT1G08490	89.2	1.57e-298	811
Bra018622	AT1G08480	87.3	1.49e-89	256
Bra018623	AT1G08470	90.3	7.1e-243	662
Bra018625	AT1G08440	86.1	1.84e-297	812
Bra018627	AT1G08400	77.3	0	1174
Bra018628	AT1G08390	80.8	1.08e-53	164
Bra018630	AT1G08370	77.5	5.65e-191	531
Bra018632	AT1G08350	84.9	0	991
Bra018634	AT1G08320	90.8	3.74e-295	804
Bra018635	AT1G08315	87.2	8.51e-182	504
Bra018636	AT1G08310	84.5	6.54e-202	555
Bra018637	AT1G08300	67.5	1.23e-302	843
Bra018639	AT1G08280	81.3	1.28e-177	496
Bra018641	AT1G08260	86.8	0	3733
Bra018642	AT3G50685	86.7	9.39e-65	194
Bra018644	AT1G08190	91	0	1709
Bra018647	AT1G08170	54.1	5.41e-53	171
Bra018649	AT1G08160	81.4	3e-118	334
Bra018650	AT1G08140	71.7	0	1184
Bra018652	AT1G08130	86	0	1218
Bra018653	AT1G08125	85.3	1.95e-191	528
Bra018654	AT1G08110	89.9	3.97e-157	434
Bra018657	AT1G08080	83.3	6.15e-163	460
Bra018658	AT1G08070	85.2	0	1086
Bra018660	AT1G08065	76.9	8.67e-160	444
Bra018662	AT1G08060	56.9	0	1674
Bra018664	AT1G08030	81.7	3.83e-287	785
Bra018665	AT1G08010	68.8	2.22e-133	379
Bra018667	AT1G07985	82.8	3.4e-62	187
Bra018671	AT1G62350	90.3	1.69e-126	356
Bra018672	AT1G07960	87	2.45e-86	248
Bra018673	AT1G07970	87.9	0	1161
Bra018678	AT1G07870	90.1	2.1e-270	741
Bra018679	AT1G07850	96	2.61e-314	852
Bra018680	AT1G07840	79.2	3.58e-158	443
Bra018681	AT1G07830	91.7	6.55e-86	247
Bra018683	AT1G07710	94.3	1.82e-191	546
Bra018684	AT1G07720	88.2	2.15e-310	844
Bra018685	AT1G07725	73.2	3.47e-297	819
Bra018688	AT1G07750	90.7	9.96e-243	661
Bra018693	AT1G07650	82.9	0	1348
Bra018694	AT4G29120	87.1	1.05e-198	548
Bra018695	AT1G47960	87.4	3.93e-84	245
Bra018696	AT1G47970	87.7	3.9e-26	99
Bra018697	AT1G47980	87.7	1.4e-197	543
Bra018700	AT1G48030	94.9	0	941
Bra018701	AT1G48040	84.2	1.41e-226	622
Bra018705	AT1G48090	89.1	0	7403
Bra018707	AT1G48100	88.9	1.89e-311	845
Bra018708	AT1G48110	68.6	8.48e-276	767
Bra018709	AT1G48120	53.2	0	1251
Bra018710	AT1G65500	67.4	1.12e-34	113
Bra018712	AT1G48170	82.4	4.23e-83	240
Bra018715	AT1G63770	87.4	0	1701
Bra018719	AT1G48270	94.5	3.3e-229	624
Bra018720	AT1G48280	81.4	2.36e-268	742
Bra018721	AT1G31740	77.1	0	1120
Bra018722	AT2G47800	88.9	0	2608
Bra018726	AT1G48420	72.5	1.84e-186	519
Bra018729	AT1G48470	95.4	1.84e-259	703
Bra018731	AT1G48540	75	0	1525
Bra018732	AT1G48550	93.9	1.54e-220	602
Bra018735	AT1G48560	63.8	2.92e-263	737
Bra018736	AT1G48570	74.5	2.05e-169	482
Bra018738	AT1G48580	65.6	3.65e-190	536
Bra018739	AT2G25310	89.9	4.78e-131	366
Bra018740	AT1G48600	94.5	0	917
Bra018742	AT4G02750	91.4	2.11e-253	722
Bra018746	AT1G48635	75.7	1.31e-203	564
Bra018747	AT1G48650	90.2	0	2106
Bra018753	AT1G48780	69.5	3.12e-89	263
Bra018754	AT1G48790	87.8	0	878
Bra018758	AT1G48870	67	4.61e-258	717
Bra018760	AT1G48900	95.2	0	920
Bra018763	AT1G48910	79.6	2.07e-145	411
Bra018764	AT1G48920	65.9	1.24e-103	320
Bra018765	AT1G48930	90.3	0	1163
Bra018768	AT1G48960	83.3	6.6e-117	331
Bra018769	AT1G48980	76.3	1.05e-172	481
Bra018770	AT1G48990	80.2	3.67e-86	249
Bra018772	AT1G49010	78.9	1.55e-156	439
Bra018774	AT1G49030	76.4	8.52e-126	354
Bra018775	AT1G49040	91.1	0	2136
Bra018777	AT1G49200	85.8	4.2e-140	390
Bra018782	AT1G49270	91.1	4.14e-268	753
Bra018784	AT1G49310	79.7	4.06e-44	136
Bra018786	AT1G49340	92.2	0	3676
Bra018787	AT3G03410	63.1	9.51e-55	167
Bra018788	AT1G49420	50.2	4.45e-36	124
Bra018791	AT1G49540	89.7	0	1531
Bra018795	AT1G49820	92.1	3.24e-289	784
Bra018797	AT1G49760	88.3	0	1052
Bra018798	AT1G49740	86.9	4.7e-240	654
Bra018799	AT1G49730	81.2	0	1042
Bra018800	AT1G49720	70.3	8.35e-146	418
Bra018801	AT1G49710	85.9	0	879
Bra018802	AT1G49670	85.4	0	1093
Bra018808	AT1G49650	74.5	4.35e-211	583
Bra018809	AT1G49640	74	1.01e-171	478
Bra018811	AT1G49630	88.6	0	1863
Bra018812	AT1G49620	52	2.76e-40	134
Bra018813	AT1G49600	93.1	1.29e-200	560
Bra018814	AT1G49590	83.7	1.36e-129	365
Bra018815	AT1G42440	85.3	0	1296
Bra018816	AT1G49890	81.3	5.03e-300	829
Bra018817	AT1G49900	70.5	9.52e-34	132
Bra018818	AT1G49950	77.3	6.51e-138	393
Bra018819	AT1G49975	76.2	2.77e-55	168
Bra018821	AT1G49980	83.3	0	1077
Bra018823	AT1G49990	56.6	1.16e-155	446
Bra018824	AT1G50000	87.8	3.85e-182	503
Bra018825	AT4G14960	99.8	0	902
Bra018830	AT1G50060	71	4.33e-88	254
Bra018831	AT1G50110	89.3	3.15e-233	637
Bra018833	AT1G43171	63.2	1.03e-37	123
Bra018840	AT1G64255	77.2	2.19e-120	358
Bra018841	AT1G50310	93.2	0	956
Bra018842	AT1G50320	79	7.83e-94	270
Bra018844	AT1G50360	89.4	0	2003
Bra018845	AT1G50380	92.1	0	1345
Bra018847	AT1G50410	74.7	0	1368
Bra018849	AT1G50450	88.5	1.99e-262	724
Bra018850	AT1G50460	92.8	0	890
Bra018851	AT1G50480	96	0	1215
Bra018852	AT1G50490	95.6	1.99e-125	350
Bra018853	AT1G02020	77.6	0	893
Bra018856	AT1G50520	80.2	2.73e-300	821
Bra018857	AT1G50570	76.5	5.89e-202	561
Bra018858	AT1G50575	80.7	6.44e-171	475
Bra018859	AT1G50590	89.1	4.52e-207	567
Bra018860	AT1G50600	89.2	0	893
Bra018861	AT1G50630	90.7	1.27e-294	800
Bra018865	AT1G50650	77.4	1.68e-53	167
Bra018866	AT1G50660	76.2	0	930
Bra018867	AT1G50670	94.2	3.46e-144	399
Bra018870	AT1G50710	93.6	3.53e-278	756
Bra018871	AT1G50720	86.8	9.73e-36	120
Bra018872	AT1G50730	77.5	0	1314
Bra018873	AT1G50740	79.3	8.67e-62	184
Bra018875	AT1G50870	51.7	1.94e-125	367
Bra018876	AT1G50900	89.5	2.21e-106	301
Bra018877	AT1G50910	76.9	9.62e-246	680
Bra018879	AT1G50820	51.4	8.02e-238	681
Bra018884	AT1G50980	50	1.26e-96	292
Bra018891	AT1G51080	73.7	8.21e-122	349
Bra018892	AT1G51100	82.9	2.39e-109	311
Bra018893	AT1G51110	86.2	1.77e-253	692
Bra018895	AT1G51130	77.4	1.1e-208	578
Bra018896	AT1G51140	79.6	2.4e-190	530
Bra018897	AT1G51160	98.8	2.37e-125	348
Bra018901	AT1G51210	79.7	6.58e-255	699
Bra018902	AT1G51220	84.9	4.41e-209	574
Bra018903	AT1G51350	89.3	0	1089
Bra018904	AT1G51355	76.2	2.79e-44	139
Bra018906	AT1G51390	81	5.44e-149	417
Bra018907	AT1G51400	60.7	2.26e-28	98.6
Bra018909	AT1G51440	79.8	4.73e-316	860
Bra018910	AT1G51450	75.9	7.42e-174	495
Bra018911	AT1G51460	88	0	1108
Bra018913	AT1G51538	60.4	5.2e-203	608
Bra018917	AT1G51590	91.4	0	1037
Bra018919	AT1G51620	74.1	1.1e-123	355
Bra018922	AT5G44582	51.6	7.58e-09	47
Bra018923	AT1G35660	76.9	0	1963
Bra018927	AT1G51720	96.2	0	1219
Bra018931	AT1G51745	66.8	6.25e-239	684
Bra018936	AT1G51910	70.2	0	1214
Bra018937	AT1G51940	85.9	0	1045
Bra018947	AT1G58160	61.4	7.93e-60	181
Bra018948	AT1G52150	96.5	0	1596
Bra018949	AT1G52155	94.4	1e-220	602
Bra018950	AT1G52160	80.9	0	1290
Bra018952	AT1G52190	92.4	0	1092
Bra018953	AT1G52200	74.2	8.16e-104	296
Bra018954	AT1G52220	80.8	6.04e-78	227
Bra018958	AT1G52260	82.6	1.25e-293	805
Bra018959	AT1G52280	98.5	1.66e-150	415
Bra018962	AT1G52315	72.8	6.3e-146	416
Bra018963	AT1G52320	87.4	8.22e-294	825
Bra018964	AT1G52340	85.2	9.22e-171	473
Bra018965	AT1G52343	80	8.91e-115	328
Bra018972	AT1G52560	81.7	1.65e-111	317
Bra018973	AT1G52565	86.2	3.59e-54	165
Bra018974	AT1G52580	87	5.7e-204	559
Bra018977	AT1G52620	81.8	5.98e-192	567
Bra018978	AT1G52630	92.5	2.04e-307	832
Bra018979	AT1G52640	79	4.19e-128	383
Bra018980	AT1G52660	87.6	1.35e-234	642
Bra018983	AT1G52730	93	9.12e-240	652
Bra018984	AT1G52740	97.8	4.62e-86	246
Bra018985	AT1G52750	82.5	0	1004
Bra018986	AT1G52760	88.8	2.35e-221	605
Bra018987	AT1G52770	80.2	2.92e-249	686
Bra018988	AT1G52780	77.7	0	1623
Bra018989	AT1G52790	91.3	1.96e-219	598
Bra018990	AT1G52800	88.5	9.95e-213	582
Bra018991	AT1G52810	78.8	6.07e-182	503
Bra018992	AT1G52820	90.9	4.79e-219	598
Bra018993	AT1G52830	74.7	1.18e-95	276
Bra018994	AT1G52855	94.1	8.11e-47	142
Bra018995	AT1G52870	88.3	6.25e-230	630
Bra018997	AT1G52880	68.8	1.86e-138	394
Bra018998	AT1G52890	83	3.97e-189	525
Bra018999	AT1G52900	89.9	9.8e-124	347
Bra019000	AT1G52910	89.7	3.28e-110	311
Bra019001	AT1G52920	79.5	1.21e-239	657
Bra019003	AT1G52980	91.3	0	934
Bra019006	AT1G53010	80.4	5.64e-96	275
Bra019007	AT1G53025	63.7	1.13e-219	617
Bra019008	AT1G53030	90.3	5.13e-45	138
Bra019009	AT1G53035	94	6.53e-102	288
Bra019012	AT1G53070	78.9	1.33e-155	434
Bra019014	AT1G53080	87.6	1.41e-182	503
Bra019016	AT1G53110	52.9	4.48e-129	378
Bra019017	AT1G53130	83.2	1.95e-73	217
Bra019022	AT5G01830	82.6	0	1043
Bra019024	AT4G27840	70.7	4.03e-120	342
Bra019026	AT4G27800	85.8	9.35e-242	661
Bra019030	AT4G27680	92.5	4.47e-261	711
Bra019032	AT4G27660	75.8	6.38e-71	211
Bra019036	AT4G27652	75.7	4.51e-31	102
Bra019037	AT4G27650	93.9	6.38e-257	699
Bra019039	AT4G27640	89.5	0	1650
Bra019042	AT4G27580	58.7	9.8e-20	76.6
Bra019043	AT4G27550	86	0	1387
Bra019051	AT4G27420	82.3	0	1038
Bra019052	AT4G27410	82.1	6.77e-191	526
Bra019053	AT4G27400	76	1.4e-193	534
Bra019054	AT4G27390	81.7	6.73e-134	376
Bra019058	AT4G27310	68	4.07e-66	202
Bra019060	AT4G27260	96.2	0	1195
Bra019062	AT4G27250	83.6	2.04e-218	599
Bra019064	AT4G27160	63.9	2.82e-72	214
Bra019067	AT4G27170	61.8	1.2e-68	205
Bra019070	AT4G27090	97	8.95e-86	246
Bra019071	AT4G27080	89.7	2.5e-311	847
Bra019075	AT4G27070	94.3	0	882
Bra019076	AT4G27040	94.8	1.89e-171	472
Bra019077	AT2G22890	76.2	5.47e-161	448
Bra019078	AT4G27000	84.6	2.16e-215	597
Bra019079	AT4G26980	79.2	2.2e-140	410
Bra019080	AT4G26950	64	5.78e-54	166
Bra019084	AT4G26830	75.1	8.49e-261	717
Bra019087	AT2G20350	70.4	3.62e-69	205
Bra019089	AT4G26720	96.1	2.6e-226	615
Bra019090	AT2G16030	84	1.57e-140	392
Bra019094	AT4G26650	78.6	1.95e-234	649
Bra019104	AT4G26450	73.8	0	922
Bra019107	AT4G26415	78.9	3.2e-146	410
Bra019112	AT4G26330	83.6	0	1208
Bra019116	AT4G26240	88.5	7.9e-132	367
Bra019118	AT4G26150	61	1.02e-134	389
Bra019122	AT4G26070	87.3	1.79e-226	620
Bra019125	AT4G26055	77	7.84e-29	96.7
Bra019126	AT4G26050	84.3	1.75e-132	384
Bra019130	AT4G26020	71.8	5.15e-110	318
Bra019133	AT4G26000	84	7.64e-234	646
Bra019136	AT4G25950	90.7	1.46e-56	170
Bra019137	AT4G25880	74	1.5e-314	882
Bra019139	AT4G25840	91.4	1.17e-161	449
Bra019144	AT4G25730	80.1	0	1133
Bra019145	AT4G25700	87.5	2.77e-189	521
Bra019147	AT4G25640	88.8	1.27e-309	842
Bra019148	AT4G25630	94.7	8.55e-165	460
Bra019152	AT4G25580	55.7	9.93e-189	543
Bra019153	AT4G25570	87.2	1.5e-132	374
Bra019154	AT4G25560	78	7.02e-134	387
Bra019155	AT4G25550	96.5	8.29e-148	408
Bra019156	AT4G25540	83.5	0	1717
Bra019159	AT4G25515	77.9	0	932
Bra019162	AT4G25470	78.2	1.16e-118	335
Bra019167	AT4G25400	68.7	3.48e-73	218
Bra019168	AT4G25390	74.1	4.28e-257	720
Bra019169	AT4G25380	72.9	3.21e-66	196
Bra019170	AT4G25370	80.2	4.9e-126	356
Bra019172	AT4G25340	65.1	7.2e-174	496
Bra019173	AT4G25330	65.9	4.36e-99	287
Bra019174	AT4G25320	79.5	2.1e-199	555
Bra019176	AT4G25315	83.3	2.32e-75	219
Bra019178	AT4G25290	82.1	0	1133
Bra019180	AT4G25250	78.4	1.05e-90	263
Bra019181	AT4G25230	91.2	0	1026
Bra019182	AT4G25225	80	1.07e-27	94.4
Bra019183	AT4G25210	61.5	6.73e-92	279
Bra019184	AT4G25190	74.1	5.71e-130	376
Bra019188	AT4G25120	78.6	0	1755
Bra019191	AT4G25090	73.5	0	1220
Bra019192	AT4G25080	94.1	1.6e-86	254
Bra019194	AT4G25040	81.8	2.77e-95	273
Bra019196	AT4G25030	84.9	5.6e-209	577
Bra019200	AT4G24960	82.2	5.09e-78	226
Bra019202	AT5G50460	100	1.99e-43	134
Bra019203	AT4G24910	79.5	2.74e-168	469
Bra019204	AT4G24880	86.7	1.27e-272	742
Bra019205	AT4G24840	86	0	1261
Bra019208	AT4G24790	81.1	0	1258
Bra019213	AT4G24680	71.9	0	1808
Bra019214	AT4G24620	90	0	1105
Bra019216	AT4G24590	75.8	5.1e-111	318
Bra019218	AT4G24580	72.3	0	1130
Bra019221	AT4G24540	85.6	2.78e-116	330
Bra019226	AT1G07700	76.3	8.12e-90	262
Bra019229	AT4G24330	78.3	8.64e-223	620
Bra019232	AT4G24275	76.3	2.1e-39	128
Bra019235	AT4G24200	74	0	953
Bra019238	AT4G24250	80.7	4.88e-266	731
Bra019239	AT4G24240	70.8	1.05e-160	453
Bra019240	AT4G24230	58.4	5.19e-98	295
Bra019244	AT4G24150	65.7	2.44e-178	504
Bra019245	AT4G24130	92.3	3.56e-103	291
Bra019247	AT4G24060	75.9	2.06e-161	454
Bra019248	AT4G24050	92.5	1.25e-217	595
Bra019255	AT4G23980	85.2	0	1040
Bra019257	AT4G23920	94.8	6.56e-249	676
Bra019261	AT4G23880	72.5	2.44e-94	273
Bra019262	AT4G23870	83.5	1.75e-56	170
Bra019263	AT4G23840	66.6	5.75e-163	478
Bra019265	AT4G23810	74.1	3.53e-162	454
Bra019266	AT4G23790	83.3	1.78e-283	770
Bra019267	AT4G23760	62.9	4.48e-29	100
Bra019272	AT4G23730	88	2.02e-202	555
Bra019274	AT4G23720	81.5	1.03e-182	506
Bra019277	AT4G23690	95.2	1.5e-130	363
Bra019281	AT4G23650	91.3	0	926
Bra019295	AT4G23570	82.1	1.23e-169	475
Bra019299	AT4G23500	93.5	0	946
Bra019301	AT4G23470	86.8	6.83e-145	405
Bra019306	AT4G23410	87.5	1.46e-195	535
Bra019307	AT4G23400	97.2	8.55e-207	564
Bra019308	AT2G20170	55.1	5.4e-149	425
Bra019309	AT4G23380	75.9	3.33e-220	624
Bra019314	AT4G23290	66.2	1.67e-310	860
Bra019315	AT4G23250	73.2	0	951
Bra019320	AT4G23230	72.4	0	890
Bra019329	AT4G23130	74.4	0	949
Bra019338	AT4G23050	82.6	0	1192
Bra019340	AT4G23010	84.9	3.42e-224	615
Bra019343	AT4G22950	86.2	5.75e-121	342
Bra019346	AT4G22920	81.3	2.18e-162	450
Bra019348	AT4G22900	80.9	2.07e-181	504
Bra019349	AT4G22890	91.7	1.19e-187	519
Bra019352	AT4G22840	86.9	8.76e-242	663
Bra019354	AT4G22820	80.5	4.54e-96	280
Bra019357	AT4G22780	90.7	1.3e-299	813
Bra019359	AT4G22770	81.3	4.49e-183	508
Bra019370	AT4G22590	89.2	4.01e-235	643
Bra019374	AT4G22570	96.5	6.02e-115	326
Bra019377	AT4G22490	78.3	3.81e-63	187
Bra019378	AT4G22360	80.8	2.25e-195	543
Bra019380	AT4G22330	96.9	7.29e-192	524
Bra019382	AT3G46620	78.9	1.48e-179	503
Bra019383	AT4G22320	59.3	7.82e-66	202
Bra019385	AT4G22305	83.2	1.19e-123	349
Bra019386	AT4G22300	85.9	3.02e-162	449
Bra019387	AT4G22290	86.4	5.32e-266	727
Bra019390	AT4G22270	85.6	1.54e-265	726
Bra019391	AT4G22250	75.2	8.88e-102	292
Bra019394	AT4G22180	52.5	5.54e-134	389
Bra019405	AT1G69090	57.6	2.8e-124	362
Bra019407	AT4G21980	94.2	2.37e-79	229
Bra019408	AT4G21970	83.1	8.49e-86	248
Bra019414	AT3G45020	89.6	5.61e-80	231
Bra019415	AT3G45010	90.6	0	959
Bra019416	AT3G44990	88.7	8.45e-203	555
Bra019420	AT3G44910	65.5	0	1006
Bra019421	AT3G44718	68.7	2.27e-33	108
Bra019422	AT3G44716	54	2.43e-47	150
Bra019424	AT3G44680	96	1.29999e-319	862
Bra019425	AT3G44620	77	1.5e-127	360
Bra019427	AT3G44610	92	4.65e-298	808
Bra019430	AT3G44600	91.8	0	1167
Bra019431	AT3G44550	87.5	0	872
Bra019432	AT3G44530	82.8	0	1660
Bra019436	AT3G44460	79.4	9.68e-179	497
Bra019437	AT3G44380	92.3	1.07e-115	325
Bra019438	AT3G44370	76.1	1.13e-281	774
Bra019442	AT3G44350	75.6	6.68e-144	403
Bra019444	AT3G43210	83.8	0	1453
Bra019445	AT3G43230	73.3	3.37e-240	672
Bra019446	AT3G43300	91.5	0	3103
Bra019447	AT3G43520	75.1	5.3e-84	249
Bra019448	AT3G43600	80.8	0	2104
Bra019452	AT2G11000	80.9	0	1180
Bra019455	AT3G43860	87.7	0	877
Bra019456	AT3G43920	72.8	0	2148
Bra019457	AT3G44330	92	0	998
Bra019463	AT3G44930	79.1	0	1043
Bra019464	AT3G44540	85.4	2.21e-313	851
Bra019466	AT3G44450	76.5	2.77e-62	186
Bra019469	AT3G45440	78.2	0	1030
Bra019474	AT3G45780	89.3	0	1698
Bra019475	AT3G46060	98.6	1.03e-149	414
Bra019477	AT3G46090	61.4	3.7e-60	184
Bra019480	AT3G46410	83.2	4.23e-182	503
Bra019484	AT3G46450	81.5	7.97e-285	778
Bra019485	AT3G46490	80.4	7.02e-204	561
Bra019486	AT3G46520	99.7	1.64e-279	756
Bra019491	AT3G46630	79.8	9.58e-115	324
Bra019492	AT3G46890	86.2	2.83e-98	293
Bra019499	AT3G47180	85.9	1.27e-82	242
Bra019505	AT3G47530	86	0	1016
Bra019509	AT3G47640	82.3	2.24e-101	293
Bra019511	AT3G47660	76.9	0	1441
Bra019513	AT3G47790	85.7	0	1530
Bra019518	AT3G47860	80.5	6.02e-197	545
Bra019519	AT3G47940	78.9	2.43e-194	537
Bra019527	AT3G48140	94.3	1.07e-60	179
Bra019528	AT3G48170	93.8	0	978
Bra019530	AT3G48190	84.4	0	5026
Bra019533	AT3G48210	74.4	1.92e-146	415
Bra019536	AT3G48250	73.9	3.32e-253	709
Bra019537	AT3G48260	89.4	0	903
Bra019538	AT3G48270	78.8	2.84e-271	744
Bra019545	AT3G48460	83.2	7.27e-235	643
Bra019546	AT3G48470	82.2	0	1598
Bra019547	AT3G48480	67.8	1.84e-137	389
Bra019548	AT4G14170	82.2	4.67e-281	768
Bra019551	AT3G48520	87.4	3.81e-315	857
Bra019552	AT3G48580	69.5	1.19e-143	405
Bra019559	AT3G48710	65	2.45e-121	360
Bra019569	AT3G48820	87.9	1.46e-302	821
Bra019570	AT3G48850	82.4	3.92e-225	619
Bra019573	AT3G49000	75.6	7.34e-272	748
Bra019591	AT3G49320	88.4	1.92e-239	652
Bra019592	AT2G27420	75.4	4.44e-188	522
Bra019593	AT3G49370	89.1	0	1052
Bra019594	AT3G49390	78.4	9.68e-177	493
Bra019595	AT3G49430	85.1	7.7e-127	362
Bra019598	AT3G49490	60	4.13e-316	892
Bra019600	AT3G49540	75	3.09e-21	83.6
Bra019601	AT3G49550	89.3	1.21e-91	261
Bra019602	AT3G49590	78	1.04e-309	850
Bra019605	AT3G49645	69.6	7.1e-94	273
Bra019606	AT3G49650	90.2	0	1377
Bra019608	AT3G46340	71.1	0	1120
Bra019610	AT3G49660	86.8	4.84e-38	137
Bra019611	AT5G61770	89.7	1.24e-198	548
Bra019614	AT5G61800	80.7	3.95e-246	681
Bra019615	AT5G61810	83.7	2.96e-294	801
Bra019616	AT5G61820	78.9	5.97e-275	752
Bra019617	AT5G61830	88.3	1.42e-199	548
Bra019618	AT5G61840	96.9	7.13e-312	841
Bra019619	AT5G61850	82.5	6.96e-219	606
Bra019621	AT5G61865	78.3	7.68e-215	600
Bra019628	AT3G53040	71	3.42e-34	133
Bra019636	AT3G52970	88.8	0	934
Bra019637	AT3G52960	87.6	2.84e-134	376
Bra019638	AT3G52940	87.1	2.4e-230	630
Bra019644	AT3G52840	85	0	1314
Bra019648	AT3G52790	82.2	1.47e-58	175
Bra019652	AT3G52730	88.2	2.3e-30	101
Bra019653	AT1G14380	57.4	5.7e-137	414
Bra019657	AT1G14360	98.2	2.02e-243	660
Bra019658	AT1G14350	87.4	4.66e-259	709
Bra019659	AT1G14345	87.2	8.21e-112	317
Bra019660	AT1G14340	86.1	6.51e-144	402
Bra019663	AT1G14310	87.6	2.76e-163	452
Bra019664	AT1G14300	82.5	1.68e-205	567
Bra019665	AT1G14290	93.4	2.41e-179	493
Bra019666	AT1G14280	73.8	2.35e-201	563
Bra019667	AT1G14270	86.2	3.73e-205	565
Bra019669	AT1G14250	71.9	1.97e-242	671
Bra019670	AT1G14230	73.3	4.02e-244	676
Bra019672	AT1G14200	67.6	2.77e-79	234
Bra019675	AT1G14150	88.4	5.05e-114	322
Bra019678	AT1G14120	70.9	1.82e-163	456
Bra019690	AT1G14040	86	0	1352
Bra019693	AT1G13990	69.9	7.18e-111	322
Bra019694	AT1G13980	95.4	0	2726
Bra019696	AT1G13970	89.7	0	892
Bra019697	AT1G13960	80.5	1.94e-261	721
Bra019701	AT1G13820	87.4	1.84e-221	605
Bra019704	AT1G13770	82.7	1.19e-254	697
Bra019707	AT1G13730	73.2	2.47e-167	475
Bra019708	AT1G66470	79.1	4.67e-138	392
Bra019710	AT1G66650	62.3	1.17e-123	358
Bra019712	AT1G13610	82.2	1.41e-150	424
Bra019717	AT1G13570	90.2	2.61e-135	385
Bra019719	AT1G13530	81.9	9.29e-241	658
Bra019720	AT1G13460	85.8	3.14e-292	798
Bra019721	AT1G13450	83	1.59e-235	647
Bra019724	AT1G11900	70.8	1.69e-111	329
Bra019727	AT1G62390	73.7	0	980
Bra019730	AT1G11920	90.7	2e-261	711
Bra019731	AT1G11960	90.9	0	1383
Bra019732	AT1G11990	81.6	0	971
Bra019733	AT1G12000	96.3	0	1072
Bra019734	AT1G12010	91.3	1.81e-220	602
Bra019738	AT1G12050	92.6	1.44e-289	785
Bra019741	AT1G12080	63.6	3.48e-14	64.7
Bra019742	AT1G12090	94.2	3.45e-80	232
Bra019746	AT1G12120	62.9	4.03e-171	487
Bra019748	AT1G12230	85.4	3.37e-256	700
Bra019749	AT1G12240	87.7	0	1193
Bra019750	AT1G12260	88.1	7.34e-255	695
Bra019756	AT1G12310	95.9	9.67e-99	280
Bra019759	AT1G12330	87.5	8.25e-286	783
Bra019762	AT1G12390	93.4	2.18e-92	263
Bra019763	AT1G12400	85.5	4.51e-35	113
Bra019764	AT1G12410	94.3	1.02e-194	533
Bra019765	AT1G12420	93	5.27e-297	805
Bra019766	AT1G12430	80.9	0	1117
Bra019767	AT1G12450	88.9	1.13e-183	507
Bra019768	AT1G12460	84.2	2.88e-283	806
Bra019770	AT1G12480	88	0	964
Bra019773	AT1G12540	71.1	2.02e-104	302
Bra019774	AT1G12550	70.7	1.03e-171	479
Bra019778	AT1G12640	92.7	0	865
Bra019781	AT1G12710	72.9	9.17e-174	483
Bra019782	AT1G12740	89.7	0	872
Bra019783	AT1G12750	75	3.7e-169	471
Bra019786	AT1G12790	68.4	2.46e-125	357
Bra019788	AT1G12800	77.9	0	1055
Bra019792	AT1G12840	96.3	2.85e-263	714
Bra019796	AT1G12880	77.3	6.99e-115	325
Bra019797	AT1G12900	97.2	5.63e-281	763
Bra019801	AT1G12980	57.5	1.42e-107	316
Bra019803	AT1G13000	88.7	1.98e-275	748
Bra019804	AT1G13030	68.4	7e-236	664
Bra019805	AT1G13040	96.5	1.81e-35	138
Bra019806	AT1G13050	78.6	1.1e-159	447
Bra019807	AT3G26340	93.4	5.91e-189	518
Bra019811	AT1G13130	85.2	0	920
Bra019812	AT1G13140	86.8	0	939
Bra019814	AT1G13170	87.9	0	1450
Bra019815	AT1G13180	94.4	1.22e-304	823
Bra019816	AT1G13190	79.5	1.18e-150	437
Bra019817	AT1G13195	90.3	9.76e-174	479
Bra019819	AT1G13220	74.7	2.55e-294	866
Bra019820	AT1G13250	92.3	8.31e-231	630
Bra019821	AT1G13260	89	1.19e-218	599
Bra019822	AT1G13290	84.8	9.51e-188	518
Bra019825	AT1G13330	87.2	7.57e-118	334
Bra019827	AT1G13360	81.4	5.14e-84	246
Bra019828	AT1G13380	89.8	2.37e-121	340
Bra019831	AT1G11770	83.9	0	910
Bra019833	AT1G11740	74	6.63e-281	778
Bra019835	AT1G11730	85.2	4.18e-244	667
Bra019837	AT1G11700	86.4	1.28e-86	253
Bra019839	AT1G11680	93	0	925
Bra019840	AT1G11660	89.7	0	1313
Bra019845	AT2G05710	93.2	0	1842
Bra019846	AT1G11545	93.2	5.61e-224	609
Bra019848	AT1G11500	83.2	1.4e-101	290
Bra019849	AT1G11490	73.6	2.58e-183	511
Bra019850	AT1G11480	69.5	5.59e-254	710
Bra019854	AT1G11410	81.9	0	1384
Bra019857	AT1G80740	58	2.44e-318	885
Bra019859	AT1G11390	86.7	0	1069
Bra019860	AT1G11380	82.9	1.35e-150	419
Bra019861	AT1G11360	92.2	4.82e-157	435
Bra019862	AT1G11350	73	0	1213
Bra019863	AT1G11340	78.7	0	1277
Bra019864	AT1G11330	78.8	0	1278
Bra019868	AT1G11320	74.5	3.52e-216	599
Bra019869	AT1G11310	84	0	944
Bra019872	AT1G11250	95	1.48e-192	529
Bra019873	AT1G11240	75.1	5.21e-72	216
Bra019874	AT1G11220	51.1	8.9e-72	223
Bra019875	AT1G11210	58.2	5.85e-97	287
Bra019876	AT1G11180	84.5	5.14e-168	467
Bra019877	AT1G11170	81	6.81e-258	706
Bra019878	AT1G11130	79.3	0	1023
Bra019879	AT1G11125	67.5	4.2e-71	219
Bra019880	AT1G11120	75.4	8.05e-76	225
Bra019881	AT1G11112	78.8	3.45e-32	106
Bra019885	AT1G11060	81.5	0	1260
Bra019891	AT1G10910	85.9	3.97e-268	751
Bra019893	AT1G10890	75.3	1.13e-50	168
Bra019894	AT1G10880	87	1.7e-249	680
Bra019896	AT1G10870	88	0	1326
Bra019897	AT1G10850	86.4	0	971
Bra019899	AT1G10830	86.4	3.84e-229	627
Bra019901	AT1G10800	81.1	2.83e-124	351
Bra019902	AT1G10790	55.4	4.49e-100	298
Bra019905	AT1G10700	86.8	9.35e-185	522
Bra019906	AT1G10690	78	5.03e-58	174
Bra019907	AT1G10680	88.9	0	2080
Bra019908	AT1G10660	81.9	1.76e-196	541
Bra019909	AT1G10657	71.4	3.27e-54	164
Bra019912	AT1G10640	88.6	0	936
Bra019913	AT1G10620	73.2	4.89e-276	775
Bra019914	AT1G10610	65.4	4.15e-185	521
Bra019915	AT1G10600	91.1	7.44e-149	412
Bra019919	AT1G10580	87.2	0	1030
Bra019923	AT1G10570	67.4	1.54e-250	697
Bra019924	AT1G10560	70.5	0	946
Bra019925	AT1G10522	83.5	9.08e-99	282
Bra019926	AT1G10510	91	1.46e-114	353
Bra019928	AT1G10500	86.7	2.73e-104	296
Bra019933	AT1G10450	68.6	0	1377
Bra019935	AT1G59640	68.1	7.02e-86	259
Bra019936	AT1G10417	50.7	1.35e-109	326
Bra019938	AT1G10390	73.8	0	936
Bra019939	AT1G10380	90.6	6.63e-202	553
Bra019940	AT1G10370	84.6	2.09e-143	399
Bra019943	AT1G10330	68.1	3.4e-219	610
Bra019951	AT1G10280	87.8	4.3e-275	748
Bra019954	AT1G10220	70.2	1.89e-84	249
Bra019955	AT1G10210	96.7	3.93e-249	678
Bra019956	AT1G10200	99.5	3.29e-149	410
Bra019958	AT1G10170	78.1	0	1779
Bra019959	AT1G10155	86.4	1.39e-121	340
Bra019964	AT1G10060	88.3	3.64e-230	635
Bra019966	AT1G10020	86.6	2.2e-285	777
Bra019971	AT1G09970	89	1.36e-309	880
Bra019972	AT1G09960	90.2	0	906
Bra019973	AT1G09950	83.9	2.86e-131	369
Bra019974	AT1G09935	90.3	5.69e-156	431
Bra019976	AT1G09910	90.8	0	1314
Bra019977	AT1G09900	85.2	2.63e-65	224
Bra019978	AT1G09890	90	0	1249
Bra019979	AT1G09880	85	0	1245
Bra019980	AT1G09870	88.1	2.62e-317	860
Bra019981	AT1G09860	75.6	4.78e-191	533
Bra019982	AT1G09850	89.1	8.44e-282	767
Bra019984	AT1G09830	86.3	6.76e-309	843
Bra019985	AT1G09820	72.7	3.84e-123	376
Bra019986	AT1G09815	83.9	2.87e-75	218
Bra019987	AT1G09812	81.7	4.87e-72	211
Bra019988	AT1G09810	69.7	5.12e-222	619
Bra019990	AT4G38225	75.3	3.1e-173	496
Bra019991	AT1G09795	86.5	1.53e-247	677
Bra019993	AT1G09770	89.5	0	1413
Bra019995	AT1G09740	88.2	1.84e-105	298
Bra019997	AT1G09720	69.9	0	1100
Bra019998	AT1G09710	55.5	2.8e-191	551
Bra020001	AT1G09680	73.1	2.29e-128	389
Bra020002	AT1G09665	88.2	1.38e-88	256
Bra020004	AT1G09645	87.8	1.64e-53	162
Bra020006	AT1G09630	96.3	1.02e-145	404
Bra020009	AT1G09690	96.3	5.21e-113	317
Bra020011	AT1G09575	84.8	2.13e-167	465
Bra020013	AT1G09570	94.8	0	2113
Bra020014	AT1G09560	86.5	1.13e-135	379
Bra020018	AT1G09520	66.8	5.9e-86	255
Bra020021	AT1G09480	78.9	5.4e-186	516
Bra020022	AT1G09470	69.1	3.25e-127	366
Bra020023	AT1G09460	75.6	1.67e-128	368
Bra020024	AT1G09440	87.8	8.11e-291	791
Bra020025	AT1G09390	88.9	1.66e-246	672
Bra020026	AT1G09380	83.1	3.74e-220	606
Bra020028	AT1G09370	60.7	6.06e-70	209
Bra020029	AT1G09360	54.5	4.14e-59	183
Bra020032	AT5G19290	89.9	1.03e-230	629
Bra020035	AT5G19360	94.6	0	981
Bra020037	AT5G19380	69.8	1.98e-228	634
Bra020038	AT5G19390	83.7	0	1390
Bra020040	AT5G19450	94.9	0	991
Bra020041	AT5G19485	84.5	1.74e-227	640
Bra020042	AT5G19500	86	4.37e-292	798
Bra020046	AT5G19540	83.3	2.68e-266	729
Bra020047	AT5G19550	93.3	5.92e-278	754
Bra020048	AT5G19560	84.7	1.86e-296	809
Bra020049	AT5G19570	81.6	3.31e-75	219
Bra020050	AT5G19580	78.2	0	962
Bra020051	AT5G19590	83.4	3.7e-88	253
Bra020064	AT5G19800	65	6.7e-06	41.6
Bra020070	AT5G19870	91.7	1.74e-189	521
Bra020072	AT5G19890	84.3	7.56e-193	532
Bra020076	AT5G19960	70.6	1.07e-140	400
Bra020077	AT5G19970	86.5	1.54e-231	635
Bra020080	AT5G20030	76.9	3.47e-167	467
Bra020081	AT5G20040	80.9	4.57e-274	749
Bra020082	AT5G20050	82.6	4.25e-233	654
Bra020083	AT5G20070	84.2	6.05e-253	692
Bra020086	AT5G20120	91.5	2.37e-123	345
Bra020087	AT5G20130	82.3	1.77e-89	262
Bra020088	AT5G20150	85.7	2.76e-151	422
Bra020091	AT5G20200	72.7	0	961
Bra020100	AT5G20330	82.7	6.84e-205	564
Bra020101	AT5G20350	84.9	5.44e-296	816
Bra020103	AT5G20380	83.1	5.93e-307	838
Bra020104	AT5G20410	90.5	1.51e-311	845
Bra020106	AT5G20500	83.3	2.32e-72	212
Bra020112	AT5G20610	73.9	0	1474
Bra020113	AT5G20630	92.9	2.7e-138	385
Bra020117	AT5G20635	97	8.44e-16	67.8
Bra020118	AT5G20640	76.6	9.42e-114	323
Bra020125	AT5G20730	81.5	0	1537
Bra020131	AT5G20860	83.5	1.02998e-319	871
Bra020132	AT5G20870	86.1	4.11e-314	853
Bra020137	AT5G20930	81.3	0	1047
Bra020139	AT5G20950	91.1	0	1157
Bra020144	AT5G21070	96.4	1.75e-150	417
Bra020145	AT5G21105	85.1	0	1023
Bra020148	AT5G21130	59.4	8.03e-105	306
Bra020152	AT5G21150	80.2	0	1431
Bra020161	AT5G21950	85.9	8.68e-192	530
Bra020168	AT5G22010	81.1	0	1348
Bra020169	AT5G22060	84.9	8.79e-256	699
Bra020172	AT4G33990	82	0	1201
Bra020174	AT5G22130	80	5.48e-266	728
Bra020175	AT5G37460	54.7	2e-209	597
Bra020176	AT5G22140	89.3	4.66e-237	647
Bra020178	AT5G22240	84.5	1.81e-90	261
Bra020181	AT3G44280	76.6	6.37e-51	155
Bra020182	AT5G22290	79	8.19e-198	546
Bra020184	AT5G22300	89	1.48e-228	625
Bra020186	AT5G22350	89.2	1.87e-289	785
Bra020187	AT5G22360	93.7	1.97e-145	404
Bra020188	AT5G22380	87.2	2.03e-154	427
Bra020189	AT5G22390	75	6.45e-80	236
Bra020190	AT5G22400	80.3	8.34e-240	662
Bra020191	AT5G22410	66.2	9.19e-148	419
Bra020192	AT5G22430	83.7	6.62e-104	295
Bra020199	AT5G44490	51	7.78e-126	380
Bra020200	AT5G22620	80.2	3.46e-251	690
Bra020209	AT5G22650	67.3	1.04e-35	130
Bra020210	AT5G22730	61	3.81e-177	504
Bra020212	AT5G22740	97.2	0	1051
Bra020213	AT5G22760	79.3	0	2454
Bra020215	AT5G22800	87.1	0	1552
Bra020216	AT5G22810	90.9	5.68e-237	647
Bra020217	AT5G22820	74.1	2.27e-215	605
Bra020220	AT5G22860	80.4	1.42e-308	840
Bra020222	AT5G22870	81.1	1.74e-73	217
Bra020225	AT5G22900	83	0	1368
Bra020227	AT5G22980	78.8	4.39e-293	801
Bra020228	AT5G23000	81	1.38e-171	479
Bra020229	AT5G60800	75.6	7.56e-104	304
Bra020232	AT5G60750	91.1	6.78e-227	620
Bra020233	AT5G60730	82.7	7.79e-212	585
Bra020234	AT5G60710	82.7	0	1086
Bra020254	AT5G60370	80	7.04e-223	616
Bra020257	AT3G45320	54.2	1.31e-42	138
Bra020260	AT5G60210	76.2	4.49e-219	618
Bra020265	AT5G60090	50	1.67e-126	369
Bra020266	AT5G60050	85.4	2.07e-297	811
Bra020267	AT5G60040	84.4	0	2333
Bra020270	AT5G60010	91.1	0	1619
Bra020272	AT5G59980	64.1	1.97e-258	731
Bra020274	AT5G59920	54.5	8.71e-249	702
Bra020276	AT5G59890	97.1	4.66e-94	268
Bra020277	AT5G59880	87.7	5.57e-85	244
Bra020279	AT3G46020	78.9	9.5e-50	152
Bra020283	AT5G59830	93.5	4.9e-83	248
Bra020285	AT5G59810	81.2	0	1257
Bra020287	AT5G59790	86.6	6.36e-246	674
Bra020290	AT5G59770	86.4	3.76e-137	383
Bra020293	AT5G59750	82.5	2.48e-310	846
Bra020299	AT5G59680	79.6	0	1307
Bra020303	AT5G59670	69.7	0	1088
Bra020309	AT5G59610	83	2.49e-151	423
Bra020310	AT5G59580	84.4	1.87e-279	762
Bra020311	AT5G59560	81.9	3.81e-148	415
Bra020313	AT5G59550	79.9	2.97e-209	584
Bra020314	AT5G59520	82.6	1.8e-189	526
Bra020316	AT5G59470	79.5	2.47e-130	367
Bra020317	AT5G59460	75.8	5.92e-74	219
Bra020318	AT5G59380	62.6	4.7e-84	249
Bra020320	AT5G59350	76.3	3.69e-112	324
Bra020324	AT5G59300	92.4	1.01e-112	317
Bra020327	AT3G46565	54.1	1.01e-19	81.6
Bra020329	AT5G59040	74.5	8.58e-79	229
Bra020331	AT5G59070	85.6	2.09e-310	845
Bra020332	AT5G59080	83.7	3.43e-74	216
Bra020335	AT5G59160	97.4	1.3e-234	637
Bra020336	AT5G59180	96.6	1.47e-125	350
Bra020338	AT5G59270	74.8	0	944
Bra020341	AT5G58990	86.8	6.81e-93	265
Bra020342	AT5G58970	93.1	4.33e-206	564
Bra020348	AT5G58830	79.9	0	1090
Bra020352	AT5G58800	93.7	1.88e-143	399
Bra020353	AT5G58782	84.1	1.25e-163	456
Bra020354	AT5G58770	85.2	1.6e-185	512
Bra020355	AT5G58760	86	2.98e-278	767
Bra020357	AT5G58720	80.7	1.36e-263	728
Bra020359	AT5G58700	85.9	0	1055
Bra020362	AT5G58660	79.5	5.98e-195	540
Bra020363	AT5G58530	70.7	5.93e-135	380
Bra020365	AT5G58500	88.1	9.23e-111	313
Bra020370	AT5G58390	77.8	3.82e-181	502
Bra020376	AT5G58310	82.2	2.13e-161	447
Bra020378	AT5G58290	97.8	1.34e-279	758
Bra020380	AT5G58220	78.1	7.71e-177	491
Bra020381	AT5G58200	78.9	3.34e-117	335
Bra020382	AT5G58190	73.6	2.25e-279	769
Bra020388	AT5G58140	87	0	1534
Bra020390	AT5G58080	71.5	2.33e-283	786
Bra020393	AT5G58070	87.6	1.89e-126	353
Bra020395	AT5G58050	85.5	0	1239
Bra020397	AT5G58020	84.7	2.89e-208	573
Bra020398	AT5G58010	80.1	1.02e-148	417
Bra020401	AT5G57960	86.1	0	877
Bra020402	AT5G57940	90.7	0	1283
Bra020403	AT5G57930	85.7	7.26e-275	749
Bra020404	AT5G57910	68	2.87e-84	248
Bra020405	AT5G57887	66.7	4.68e-24	86.3
Bra020407	AT5G57870	86.4	0	1286
Bra020412	AT5G57800	90.6	0	1191
Bra020413	AT5G57770	88.1	7.24e-233	640
Bra020417	AT5G57720	54.2	3.88e-99	292
Bra020425	AT5G57660	82.6	1.43e-171	480
Bra020431	AT5G55440	57.6	1.7e-129	375
Bra020434	AT5G57550	89.7	1.71e-198	543
Bra020438	AT5G57510	84	1.53e-66	197
Bra020442	AT5G57400	72.1	1.89e-66	200
Bra020444	AT5G57390	85.5	2.05e-305	837
Bra020445	AT5G57380	68.3	2.65e-288	796
Bra020446	AT5G57370	78.8	4.64e-42	140
Bra020448	AT5G57345	78.4	2.38e-75	224
Bra020449	AT5G57340	72.8	8.13e-90	265
Bra020454	AT5G57290	94.2	2.71e-39	127
Bra020459	AT5G57220	89.5	0	895
Bra020461	AT5G57180	64	3.43e-142	411
Bra020464	AT5G24610	85.1	8.59e-88	252
Bra020468	AT5G24750	85	1.55e-260	714
Bra020469	AT5G24760	93.4	2.26e-265	720
Bra020470	AT5G24770	68.7	1.45e-128	365
Bra020471	AT5G24800	82.4	2.74e-153	429
Bra020472	AT5G24810	81.7	0	1672
Bra020479	AT5G24940	72.6	1.8e-202	565
Bra020480	AT5G24970	86.9	0	1156
Bra020481	AT5G25050	90.4	0	896
Bra020486	AT5G25160	77.3	8.88e-106	305
Bra020493	AT5G25250	91.9	2.38e-268	735
Bra020495	AT5G25265	91.6	6.41e-256	695
Bra020497	AT5G25370	85.6	0	1494
Bra020498	AT5G25400	94.8	6.84e-232	633
Bra020499	AT5G25450	92.6	6.59e-78	225
Bra020505	AT5G25530	86.2	2.99e-206	567
Bra020507	AT5G25560	77	1.7e-177	492
Bra020510	AT5G25640	62.1	1.01e-110	322
Bra020512	AT5G25770	78	3.18e-206	571
Bra020519	AT5G25940	87.2	3.82e-56	169
Bra020527	AT5G26690	59.3	2.84e-44	139
Bra020531	AT5G26730	61	2.62e-97	286
Bra020532	AT5G26740	95	9.03e-293	793
Bra020536	AT5G26667	91.8	1.33e-129	363
Bra020539	AT5G26330	78.5	3.53e-95	274
Bra020544	AT5G26180	85.4	5.81e-282	775
Bra020546	AT5G26170	73.3	1.38e-79	233
Bra020547	AT5G26150	84.5	0	1125
Bra020548	AT5G26100	79	6.34e-106	300
Bra020555	AT5G26630	61	8.74e-82	242
Bra020557	AT5G26760	52.8	6.08e-250	714
Bra020558	AT5G26805	53.5	1.06e-49	156
Bra020559	AT5G26820	89.8	0	1006
Bra020560	AT5G39130	91.1	7.7e-146	405
Bra020561	AT3G52530	81.9	1.98e-198	549
Bra020562	AT5G26860	88.5	0	1640
Bra020567	AT5G27030	84.1	0	1889
Bra020571	AT5G27880	69.7	1.46e-101	295
Bra020578	AT5G27730	87.6	1.41e-316	857
Bra020580	AT5G27690	69.6	7.81e-76	237
Bra020582	AT5G27630	84.1	0	1099
Bra020583	AT5G27620	91.3	1.2e-196	544
Bra020587	AT5G27470	90.9	3.22e-303	822
Bra020588	AT5G27460	76.2	1.21e-265	730
Bra020590	AT5G27430	97.6	4.44e-120	335
Bra020591	AT5G27420	73.3	4.26e-165	466
Bra020592	AT5G27360	81.9	1.29e-283	776
Bra020603	AT5G27970	89.5	0	2797
Bra020611	AT5G28530	74.2	0	1008
Bra020619	AT5G28740	90.1	0	1588
Bra020624	AT5G49620	68.5	1.91e-150	424
Bra020625	AT5G49610	85.8	3.54e-234	640
Bra020626	AT5G49600	87.4	1.27e-96	276
Bra020637	AT5G49410	89.7	1.32e-89	256
Bra020648	AT5G49320	92.6	8.9e-169	466
Bra020650	AT5G49300	75.7	4.36e-52	161
Bra020651	AT5G49280	80.7	3.72e-35	120
Bra020653	AT1G05380	72.4	2.19e-287	814
Bra020654	AT1G05385	77.6	3.65e-97	280
Bra020658	AT5G49180	69.4	4.1e-290	799
Bra020659	AT5G49170	70.1	1.17e-70	211
Bra020660	AT5G49150	79.8	0	1692
Bra020661	AT5G49110	83.5	0	2159
Bra020663	AT5G49100	61.8	1.21e-109	325
Bra020664	AT5G49070	84.4	1.11e-272	745
Bra020665	AT5G49050	85.6	1.61e-68	204
Bra020666	AT5G49030	93.7	0	2065
Bra020668	AT5G48960	92.9	0	1113
Bra020672	AT5G48900	95	6.78e-306	826
Bra020673	AT5G48880	90.6	7.59e-291	791
Bra020674	AT5G48870	93.1	5.76e-54	162
Bra020686	AT5G48630	93	6.26e-170	468
Bra020695	AT5G48500	82.7	2.5e-98	280
Bra020696	AT5G48490	69.5	2.82e-47	146
Bra020700	AT5G48450	87.4	0	1044
Bra020705	AT5G48380	80.8	1.68e-263	733
Bra020709	AT5G48250	76.1	8.83e-163	459
Bra020714	AT5G48170	94.8	6.67e-110	308
Bra020715	AT5G48150	87.6	3.45e-315	856
Bra020719	AT5G48120	77.2	0	1671
Bra020720	AT5G48100	81.8	0	964
Bra020721	AT5G48030	84.2	6.13e-276	753
Bra020723	AT5G47920	81.2	2.27e-93	269
Bra020727	AT4G03500	71.9	2.67e-281	781
Bra020731	AT3G30775	90.4	0	895
Bra020732	AT3G30725	70.4	3.14e-44	139
Bra020739	AT3G30350	63.5	2.27e-63	192
Bra020747	AT3G30180	92	0	876
Bra020748	AT3G06430	88.6	1.29e-216	606
Bra020752	AT3G06390	86.3	1.25e-109	311
Bra020754	AT3G06380	76	4.03e-201	556
Bra020755	AT3G06370	85.1	0	884
Bra020757	AT3G06340	53.4	2.74e-212	608
Bra020758	AT3G06330	79.6	4.18e-226	625
Bra020760	AT3G06300	91.4	5.29e-203	556
Bra020763	AT3G06170	92.9	2.32e-279	758
Bra020765	AT3G06200	87.2	5.71e-137	385
Bra020768	AT3G06210	87.4	0	1412
Bra020769	AT3G06230	70.5	7.77e-136	386
Bra020770	AT3G06150	81.5	0	1038
Bra020772	AT3G06145	91.1	2.49e-111	313
Bra020773	AT3G06140	82.7	1.25e-183	512
Bra020774	AT3G06130	82	3.59e-154	446
Bra020776	AT3G06110	88.4	1.55e-103	294
Bra020777	AT3G06100	86.9	4.05e-164	455
Bra020780	AT3G06070	80.3	1.12e-78	229
Bra020781	AT3G06060	85.7	2.1e-177	494
Bra020782	AT3G06050	95	2.44e-136	379
Bra020783	AT3G06040	82.4	6.75e-100	286
Bra020784	AT3G06035	82.7	3.71e-112	318
Bra020785	AT3G06030	89.9	0	1112
Bra020788	AT3G06000	67.3	8.52e-76	228
Bra020791	AT3G05980	76.9	8.66e-103	297
Bra020792	AT3G05975	75.8	1.57e-99	285
Bra020794	AT3G05960	92.5	0	924
Bra020796	AT3G05940	93.6	2.61e-279	759
Bra020799	AT3G05920	83.1	1.17e-57	174
Bra020803	AT4G35190	91.2	5.41e-151	418
Bra020804	AT4G35200	78.1	4.82e-133	375
Bra020805	AT4G35210	80.7	7.18e-133	374
Bra020809	AT4G35250	94	3.11e-268	729
Bra020814	AT4G23550	84.2	4.72e-183	506
Bra020817	AT4G23496	81	3.75e-48	148
Bra020820	AT4G23260	72.3	0	924
Bra020823	AT4G22980	75.6	5.14e-279	769
Bra020830	AT4G22860	74.9	3.09e-248	687
Bra020833	AT4G22740	59.5	3.64e-112	328
Bra020839	AT4G22666	73.3	1.54e-55	169
Bra020842	AT4G22560	77	1.48e-139	392
Bra020845	AT4G22517	50.8	7.24e-28	98.2
Bra020852	AT1G53360	53.7	5.37e-116	343
Bra020855	AT4G22220	92.2	1.31e-109	308
Bra020860	AT4G22060	58.6	6.96e-158	449
Bra020862	AT4G21910	86.4	2.49e-307	837
Bra020866	AT4G21865	61.6	1.09e-32	110
Bra020868	AT4G21850	82.5	1.49e-84	243
Bra020870	AT4G21810	95.9	3.83e-168	463
Bra020872	AT4G21750	87	0	1283
Bra020875	AT4G20930	89.5	1.78e-221	607
Bra020877	AT4G20960	80.5	2.21e-237	653
Bra020883	AT4G21070	68.1	0	1154
Bra020885	AT4G21105	95.6	5.32e-43	132
Bra020886	AT4G21110	96.6	3.28e-109	306
Bra020888	AT4G21192	93.8	1.23e-51	155
Bra020895	AT4G21534	74.3	1.09e-258	711
Bra020898	AT4G21570	84.9	3.98e-193	531
Bra020899	AT4G21590	78.5	2.73e-179	497
Bra020902	AT4G21610	81.2	1.72e-27	99.4
Bra020903	AT4G21620	80.9	6.19e-55	167
Bra020909	AT4G21690	86	1.73e-226	619
Bra020912	AT4G20890	98.2	0	880
Bra020913	AT4G12770	71.2	3.11e-273	779
Bra020917	AT4G20460	95.6	1.34e-293	794
Bra020918	AT4G20450	78.5	0	913
Bra020919	AT4G20440	90.6	2.31e-102	297
Bra020925	AT5G44560	92.4	8.8e-106	303
Bra020927	AT4G20300	68	5.1e-134	389
Bra020932	AT4G20190	80.4	4.27e-214	591
Bra020933	AT4G20170	84.2	1.22e-304	830
Bra020935	AT4G20130	88	3.85e-316	865
Bra020946	AT4G19900	80.6	0	1008
Bra020948	AT4G19870	56.7	1.85e-150	431
Bra020950	AT4G19830	78.2	4.26e-116	329
Bra020951	AT4G19810	86.9	3.82e-229	629
Bra020953	AT4G20200	63.7	9.9e-274	760
Bra020954	AT4G19600	81.5	3.3e-294	806
Bra020960	AT4G19540	92	5.23e-205	562
Bra020966	AT4G19210	97.5	0	1167
Bra020967	AT4G19200	67	5.96e-15	68.9
Bra020968	AT4G19191	80.9	0	1048
Bra020969	AT4G19185	89.4	8.99e-258	702
Bra020970	AT4G19170	83.4	0	962
Bra020977	AT4G19110	88.6	1.87e-294	801
Bra020978	AT4G19100	82.2	3.85e-92	268
Bra020983	AT4G18940	83.7	8.65e-118	332
Bra020985	AT4G18900	67.7	3.22e-178	507
Bra020993	AT4G18760	82.7	2.03e-147	426
Bra020994	AT4G18710	98.2	3.89e-284	768
Bra020997	AT4G18690	74.2	3.02e-132	375
Bra021000	AT4G18610	91.2	1.13e-123	346
Bra021007	AT4G18510	73.4	8.11e-31	102
Bra021011	AT4G18395	80.7	2.26e-61	182
Bra021015	AT4G18280	64.3	6.6e-45	143
Bra021017	AT4G18240	86.4	0	1497
Bra021023	AT4G18100	98.5	6.33e-90	256
Bra021025	AT4G18070	56.3	6.63e-43	145
Bra021026	AT4G18040	87.7	2.77e-154	427
Bra021027	AT4G17950	73.9	4.77e-132	386
Bra021028	AT4G17940	71.1	2.77e-62	196
Bra021035	AT4G17710	66.5	1.43e-307	855
Bra021039	AT4G17660	79.1	3.92e-212	587
Bra021040	AT4G17650	76.9	2.55e-134	378
Bra021041	AT4G17570	81.2	2.29e-262	724
Bra021042	AT4G17560	79.6	4.21e-109	312
Bra021048	AT4G17500	81.1	2.8e-137	386
Bra021052	AT4G17380	93.4	0	1457
Bra021053	AT3G43790	83.7	1.13e-288	788
Bra021057	AT4G17330	75.8	6.86e-212	640
Bra021058	AT3G42670	80	0	2004
Bra021059	AT4G17300	91	0	1026
Bra021061	AT4G17245	76.2	5.31e-78	228
Bra021066	AT4G17150	76	1.48e-252	697
Bra021067	AT4G17140	88.5	0	7346
Bra021068	AT4G17085	91.2	2.97e-33	107
Bra021069	AT4G17080	77.4	1.38e-119	358
Bra021078	AT4G16845	74.4	1.05e-201	563
Bra021079	AT4G16800	89.7	1.28e-182	523
Bra021081	AT4G16765	91	1.24e-166	462
Bra021082	AT4G16740	81.2	0	891
Bra021090	AT1G65960	89.3	0	887
Bra021102	AT3G15351	77.6	1.8e-87	253
Bra021105	AT3G15355	60.1	8.46e-234	659
Bra021111	AT1G52930	88.6	5.89e-208	570
Bra021117	AT3G15540	90.4	4.07e-133	370
Bra021119	AT1G28030	72.8	3.41e-176	490
Bra021122	AT3G15620	80	2.55e-192	540
Bra021123	AT3G15640	90.3	1.02e-111	315
Bra021124	AT3G15650	88	2.02e-173	478
Bra021127	AT3G15680	89.2	5.65e-113	317
Bra021130	AT3G15700	88	5.94e-229	629
Bra021136	AT3G15790	69.5	8.89e-76	229
Bra021137	AT3G15800	84.1	1.01e-228	629
Bra021141	AT3G15860	90	8.47e-114	319
Bra021142	AT3G15880	93.7	0	2137
Bra021143	AT3G15890	75.7	6.02e-186	517
Bra021144	AT3G15900	78	7.32e-56	171
Bra021145	AT3G15920	71.4	0	959
Bra021146	AT3G15930	81.4	0	1004
Bra021148	AT3G15950	75.6	1.7e-171	511
Bra021154	AT3G16740	57.1	4.71e-146	418
Bra021157	AT3G16050	87.5	1.7e-185	512
Bra021158	AT3G16060	92.6	0	1198
Bra021165	AT3G16160	63	6.87e-123	357
Bra021167	AT3G16175	72.2	6.71e-74	218
Bra021170	AT3G16220	66.1	2.13e-99	302
Bra021172	AT3G16250	91	2.82e-132	369
Bra021173	AT3G16340	89.4	0	2494
Bra021181	AT3G16490	87.1	4.86e-209	578
Bra021184	AT3G16500	84	1.2e-156	436
Bra021185	AT3G16010	75	4.99e-17	81.6
Bra021186	AT3G16630	88.8	0	1303
Bra021190	AT3G16690	85.3	7.46e-140	392
Bra021191	AT3G16700	93.7	2.06e-151	419
Bra021199	AT3G16760	68.8	1.42e-196	553
Bra021200	AT3G16770	78.6	7.04e-128	361
Bra021202	AT3G16800	90.9	2.52e-238	649
Bra021203	AT3G16830	93.3	0	2093
Bra021205	AT3G16840	80.1	0	949
Bra021208	AT3G16860	73.6	0	993
Bra021209	AT3G16870	71.4	9.06e-78	229
Bra021210	AT3G16890	66	1.42e-133	406
Bra021211	AT3G16900	85.5	4.76e-115	324
Bra021213	AT3G17000	86.3	5.82e-186	513
Bra021214	AT3G17020	88.3	8.28e-105	296
Bra021215	AT3G17030	85.5	0	1144
Bra021218	AT3G17090	89.8	1.41e-250	683
Bra021219	AT3G17100	79.2	4.47e-84	248
Bra021226	AT3G17140	85	6.44e-59	177
Bra021229	AT3G17170	87	6.43e-137	389
Bra021230	AT3G17180	89.5	0	882
Bra021232	AT3G17210	90.7	7.79e-70	203
Bra021233	AT3G17220	58.3	9.45e-61	186
Bra021239	AT4G39830	86.1	0	1061
Bra021241	AT3G17390	98	4.09e-288	779
Bra021245	AT3G17420	87	5.06e-288	785
Bra021246	AT3G17430	96.5	4.79e-252	686
Bra021249	AT3G17460	51.3	1.56e-40	135
Bra021254	AT3G17465	80.9	3.27e-178	494
Bra021259	AT3G17611	83.7	2.67e-200	561
Bra021262	AT3G17650	92.2	0	1298
Bra021263	AT3G17660	89.1	2.07e-118	338
Bra021266	AT3G17700	88.2	0	1317
Bra021273	AT3G17780	89.9	2.23e-79	229
Bra021277	AT3G17840	80.2	1.02e-294	816
Bra021281	AT3G17860	82.5	2.82e-192	533
Bra021285	AT3G17940	91.8	1.08e-241	657
Bra021286	AT3G17950	81.4	1.56e-84	249
Bra021288	AT3G18035	56.5	1.12e-114	345
Bra021291	AT3G18070	85.1	0	899
Bra021292	AT3G18080	88.1	0	950
Bra021294	AT3G18130	92	1.41e-181	504
Bra021295	AT3G45680	81.7	0	892
Bra021296	AT3G18160	83.5	9.36e-206	572
Bra021297	AT3G18165	90.9	4.23e-165	456
Bra021298	AT3G18170	78.9	2.7e-305	835
Bra021300	AT3G18190	95.5	0	954
Bra021302	AT3G18215	85.2	1.01e-147	411
Bra021305	AT1G61950	78.1	1.08e-292	803
Bra021308	AT1G61860	91.3	2.23e-260	708
Bra021311	AT1G61760	76.8	3.37e-129	363
Bra021318	AT1G61720	83.8	3.2e-207	570
Bra021322	AT1G55020	92.4	0	1615
Bra021323	AT1G54990	74.4	3.71e-244	674
Bra021324	AT1G54870	94.1	1.57e-194	535
Bra021325	AT1G54850	76.8	1.15e-110	314
Bra021326	AT1G54840	62.6	3.17e-146	416
Bra021327	AT1G54780	89.2	2.52e-168	467
Bra021328	AT1G54730	64.9	8.78e-187	524
Bra021329	AT1G54710	79.4	0	1359
Bra021330	AT1G54680	77.3	1e-140	397
Bra021334	AT1G54650	80.3	3.14e-185	512
Bra021337	AT3G57620	81.9	0	930
Bra021339	AT1G54440	66.6	1.82e-265	740
Bra021340	AT1G54450	95.7	0	1035
Bra021344	AT2G20410	89.5	5.82e-55	172
Bra021349	AT3G43720	75	1.91e-94	272
Bra021355	AT3G03530	88	0	969
Bra021356	AT3G03500	88.5	1.85e-176	486
Bra021358	AT3G03440	88.5	2.05e-224	619
Bra021360	AT3G03420	95.9	2.3e-142	394
Bra021362	AT3G03341	97.2	1.99e-51	154
Bra021364	AT3G03230	81.4	1.31e-213	586
Bra021365	AT3G03220	93.6	1.32e-173	479
Bra021366	AT3G03200	88	3.53e-310	842
Bra021367	AT3G03180	88.5	1.35e-85	248
Bra021371	AT3G03120	96.4	1.82e-138	384
Bra021372	AT3G03110	87.1	0	1849
Bra021373	AT3G03100	94.3	2.32e-118	330
Bra021376	AT3G03060	86.8	0	938
Bra021378	AT3G03010	82.8	1.56e-88	256
Bra021379	AT3G03000	89.7	6.01e-100	284
Bra021384	AT3G02920	82.7	2.86e-166	461
Bra021385	AT3G02910	86.8	7.26e-115	323
Bra021388	AT2G47180	88.1	5.4e-229	625
Bra021390	AT2G47200	73.6	6.21e-40	126
Bra021392	AT2G47240	92	0	1252
Bra021393	AT2G47260	71.4	7.78e-136	388
Bra021401	AT2G47520	53	4.23e-61	188
Bra021402	AT2G47530	73.2	6.08e-91	263
Bra021406	AT3G02890	53.1	0	937
Bra021407	AT3G02885	83	1.75e-54	164
Bra021410	AT3G02800	88.9	1.02e-131	367
Bra021412	AT5G16450	95.8	1.55e-115	323
Bra021414	AT3G02750	77.7	2.66e-274	753
Bra021417	AT3G02730	91.1	1.57e-115	325
Bra021418	AT3G02710	87.3	2.93e-316	860
Bra021419	AT3G02700	87.7	5.26e-167	461
Bra021420	AT3G02690	80	3.46e-230	634
Bra021421	AT3G02660	87.7	1.73e-318	865
Bra021422	AT3G02650	77.5	2.43e-195	558
Bra021423	AT3G02645	81.5	7.51e-291	797
Bra021428	AT3G02590	86.6	1.04e-180	498
Bra021432	AT3G02555	68.2	3.04e-70	209
Bra021433	AT3G02550	76.9	5.44e-141	396
Bra021435	AT3G02510	91.6	1.26e-252	689
Bra021442	AT2G47770	87.3	3.81e-117	330
Bra021443	AT2G47790	79.2	3.18e-220	606
Bra021444	AT2G47880	96.1	3.32e-69	201
Bra021446	AT2G47900	89	1.59e-268	730
Bra021447	AT2G47910	80.1	1.38e-136	384
Bra021448	AT2G47930	77.5	1.08e-49	155
Bra021450	AT2G47940	87.9	0	1038
Bra021453	AT2G48090	65.5	3.32e-56	175
Bra021454	AT2G48130	75.6	1.07e-81	247
Bra021455	AT2G48140	81.2	5.82e-98	281
Bra021457	AT3G02480	82.1	5.84e-29	97.4
Bra021459	AT3G02440	77	3.21e-271	744
Bra021460	AT3G02430	86	2.55e-136	380
Bra021462	AT3G02420	84	5.78e-179	499
Bra021464	AT3G02380	67	6.12e-120	348
Bra021466	AT3G02350	91.8	0	1025
Bra021467	AT3G02340	60.8	1.7e-157	449
Bra021468	AT3G02330	86.5	0	1466
Bra021469	AT3G02320	88.6	0	999
Bra021470	AT3G02310	93.7	3.97e-169	466
Bra021471	AT3G44290	86.1	1.58e-204	563
Bra021474	AT3G02130	86.1	0	1499
Bra021480	AT3G01060	90.8	1.73e-304	825
Bra021481	AT3G01070	76.3	2.65e-87	253
Bra021485	AT3G01175	65.7	1.61e-152	442
Bra021489	AT3G01200	82.6	3.28e-211	583
Bra021494	AT3G13640	86.9	0	1059
Bra021500	AT3G13682	85.1	0	1239
Bra021501	AT3G13690	91.9	0	1361
Bra021505	AT3G13730	90	1.02e-315	857
Bra021508	AT3G13790	93.2	0	1130
Bra021510	AT3G13810	77.1	2.61e-206	582
Bra021513	AT3G13850	74.9	5.85e-136	383
Bra021514	AT3G13880	77.6	0	1081
Bra021515	AT3G13890	75.3	2e-180	504
Bra021519	AT3G13940	53.2	3.04e-151	436
Bra021523	AT3G13980	61.9	6.35e-122	355
Bra021525	AT3G14000	78.3	1.6e-185	517
Bra021526	AT3G14010	64.4	5.74e-209	597
Bra021527	AT3G14020	65.3	6.8e-114	331
Bra021528	AT3G14060	76	1.42e-60	181
Bra021530	AT3G14075	83	0	984
Bra021531	AT3G14080	96.9	1.64e-85	244
Bra021535	AT3G14130	88.2	1.67e-233	638
Bra021542	AT3G14220	80.4	1.09e-221	608
Bra021544	AT3G14260	82.7	4.21e-125	352
Bra021550	AT3G14330	86.9	2.94e-284	783
Bra021556	AT3G14420	97.5	1.29e-255	694
Bra021557	AT3G14430	89.5	4.79e-45	138
Bra021558	AT3G14440	91.3	0	1105
Bra021564	AT3G29410	71.7	0	882
Bra021569	AT3G14590	82.1	0	1149
Bra021573	AT3G14720	90.7	0	1062
Bra021574	AT3G14730	77.3	0	961
Bra021576	AT3G14760	83.5	1e-91	263
Bra021577	AT3G14770	84.3	2.39e-142	397
Bra021579	AT3G14840	76.8	0	1246
Bra021582	AT3G14920	79.5	0	943
Bra021588	AT3G15050	80.8	1.35e-140	395
Bra021591	AT3G15115	77.2	5.12e-162	458
Bra021598	AT2G29940	91.7	0	2595
Bra021600	AT2G29995	82.5	2.92e-18	70.1
Bra021601	AT1G07170	99.1	1.75e-85	243
Bra021603	AT2G30040	73.7	2.54e-192	551
Bra021604	AT2G30090	76	4.81e-213	588
Bra021605	AT2G30100	78.4	1.23e-286	785
Bra021606	AT2G30105	87.7	1.66e-149	426
Bra021613	AT2G31050	73	1.57e-102	293
Bra021621	AT2G30230	84.1	8.18e-101	287
Bra021622	AT2G30240	82.7	0	1370
Bra021626	AT2G30310	87.6	8.1e-239	651
Bra021638	AT2G30500	52.1	2.42e-117	355
Bra021641	AT2G30540	96.1	6.15e-71	206
Bra021642	AT2G30550	82.8	1.78e-315	859
Bra021643	AT2G30560	90.3	9.75e-13	59.7
Bra021649	AT2G30570	91.7	3.5e-78	226
Bra021650	AT2G30575	79	0	949
Bra021653	AT2G30600	83.3	0	1432
Bra021654	AT2G30620	64.7	4.01e-45	152
Bra021655	AT2G30630	89.4	0	976
Bra021657	AT2G30690	60.9	3.25e-238	681
Bra021658	AT2G30695	64.8	1.85e-76	226
Bra021659	AT2G30700	89.9	1.89e-311	845
Bra021660	AT2G30710	92.7	9.18e-300	812
Bra021661	AT2G30720	84	9.99e-269	736
Bra021664	AT2G30780	84.7	3.34e-227	630
Bra021665	AT2G30800	87.3	0	2206
Bra021670	AT2G25450	73.9	4.27e-193	535
Bra021672	AT2G30840	81.5	7.28e-218	598
Bra021674	AT2G30880	88.7	2.17e-300	819
Bra021675	AT2G05530	65.4	7.93e-32	108
Bra021677	AT2G30920	79.6	3.78e-181	503
Bra021678	AT2G30930	57	1.33e-45	147
Bra021679	AT2G30933	68.9	2.31e-108	313
Bra021680	AT2G30942	96.2	7.25e-35	111
Bra021682	AT2G30970	91.4	1.83e-295	800
Bra021685	AT2G30980	93.4	3.91e-286	775
Bra021686	AT2G30990	65.8	2.1e-231	649
Bra021688	AT2G31040	88.2	7.4e-209	574
Bra021694	AT2G31060	88	0	1115
Bra021695	AT2G31081	86.6	5.46e-42	131
Bra021696	AT2G31085	77.8	7.09e-38	120
Bra021698	AT2G31090	89.3	6.34e-45	138
Bra021707	AT2G31160	84.6	4.62e-115	327
Bra021708	AT2G31180	85.2	8.16e-159	440
Bra021709	AT2G31190	90.8	1.84e-284	773
Bra021710	AT2G31210	78.8	6.84e-219	607
Bra021711	AT2G31220	76.6	4.57e-228	632
Bra021712	AT2G31230	83.8	4.86e-121	345
Bra021713	AT2G31240	89.8	0	883
Bra021714	AT2G31260	85.6	0	1451
Bra021715	AT2G31280	74.2	0	1001
Bra021716	AT2G31305	90.8	1.82e-31	106
Bra021719	AT2G31710	92.4	5.84e-66	193
Bra021721	AT2G31650	72.6	0	1497
Bra021724	AT3G53870	94	9.97e-162	447
Bra021728	AT2G31480	73.2	6.82e-202	566
Bra021733	AT2G31400	85.7	3.65e-196	592
Bra021740	AT2G31750	90.8	6.14e-312	846
Bra021742	AT2G31770	66.4	6.8e-230	642
Bra021743	AT2G31790	82.7	2.99e-281	767
Bra021745	AT2G31810	87	3.17e-295	805
Bra021750	AT2G32680	63	8.91e-242	699
Bra021752	AT2G31820	85.1	1.99e-224	639
Bra021755	AT2G31865	74.7	4.04e-293	802
Bra021756	AT2G31870	80.3	0	886
Bra021761	AT2G31910	70.1	0	1150
Bra021762	AT2G31980	75.9	3.17e-68	202
Bra021765	AT2G31985	91.7	2.5e-167	461
Bra021766	AT2G32010	87.5	0	989
Bra021770	AT2G32020	88	1.01e-115	325
Bra021771	AT2G32030	88	4.93e-112	317
Bra021772	AT2G31470	53.6	7.64e-126	367
Bra021773	AT1G15930	88.8	2.04e-89	256
Bra021774	AT2G32170	73.3	3.87e-293	803
Bra021790	AT2G32415	76.4	0	1324
Bra021794	AT2G32510	79.9	3.52e-208	574
Bra021797	AT2G32530	77.9	0	1170
Bra021803	AT2G32660	75.7	3.05e-236	677
Bra021807	AT2G32690	93.8	1.42e-26	100
Bra021809	AT2G32720	94.8	4.99e-92	261
Bra021810	AT2G32730	92.1	0	1756
Bra021811	AT2G32740	78.3	2.26e-266	744
Bra021814	AT2G32810	90.7	0	1704
Bra021815	AT2G32860	75.9	0	917
Bra021819	AT2G32960	81.3	1.14e-138	389
Bra021827	AT2G33100	93.8	0	1968
Bra021831	AT2G33170	89.9	1.33e-258	761
Bra021832	AT2G33180	89.7	7.82e-69	203
Bra021835	AT2G33205	81.3	2.02e-251	694
Bra021838	AT2G33270	79	4.95e-153	427
Bra021839	AT2G33280	75.9	3.42e-280	771
Bra021840	AT2G33290	60.2	3.79e-280	780
Bra021841	AT2G21450	74	0	1118
Bra021843	AT2G33320	76.8	6.15e-265	738
Bra021846	AT2G33350	76	1.32e-195	546
Bra021851	AT2G33420	90.2	0	1793
Bra021853	AT2G33450	87.7	7.01e-78	226
Bra021855	AT2G33470	92.1	7.33e-139	387
Bra021856	AT2G33480	76	2.83e-114	328
Bra021858	AT2G33490	80.2	0	898
Bra021861	AT2G33580	76.3	8.9e-147	432
Bra021863	AT2G33590	80.4	1.17e-189	524
Bra021864	AT2G33610	76.3	4.61e-240	663
Bra021865	AT2G33620	69.3	2.63e-149	424
Bra021866	AT2G33640	78.4	2.6e-289	796
Bra021867	AT2G33670	89.3	1.35e-279	764
Bra021870	AT2G33700	88.3	3.77e-244	667
Bra021872	AT2G33730	83.5	0	1015
Bra021873	AT2G33760	70.6	1.15e-285	788
Bra021874	AT2G33770	80.9	0	1436
Bra021876	AT2G33790	69.5	6.27e-73	221
Bra021878	AT2G33793	62.7	5.22e-66	204
Bra021879	AT2G33800	85.3	1.04e-162	454
Bra021880	AT2G33810	72.9	2.88e-51	159
Bra021881	AT2G33820	92.3	6.31e-212	579
Bra021882	AT2G33845	87	6.02e-80	235
Bra021884	AT2G33855	79.6	7.09e-84	242
Bra021887	AT5G03490	72.5	2.99e-244	674
Bra021891	AT2G34050	87.1	1.27e-149	416
Bra021894	AT5G56430	52.3	1.77e-122	358
Bra021895	AT2G34140	75.1	7.46e-88	254
Bra021896	AT3G18430	93.1	1.45e-113	319
Bra021897	AT2G34180	84.1	1.58e-297	812
Bra021901	AT2G34260	91.3	3.88e-203	560
Bra021904	AT2G34350	89.1	0	915
Bra021905	AT2G34355	88	0	884
Bra021906	AT2G34380	62	3.66e-163	468
Bra021907	AT2G34400	80.2	0	988
Bra021908	AT2G34410	95.4	0	1050
Bra021910	AT2G34440	72	2.42e-81	238
Bra021911	AT2G34450	79.3	6.49e-69	204
Bra021912	AT2G34460	82.7	7.93e-149	417
Bra021914	AT2G34470	96.3	4.89e-151	421
Bra021919	AT2G34530	74.5	1.36e-129	370
Bra021922	AT2G34585	77.6	3.4e-37	119
Bra021923	AT2G34600	65.9	6.63e-45	142
Bra021924	AT2G34610	61.9	2.31e-93	277
Bra021928	AT2G34750	73.1	5.38e-294	811
Bra021931	AT2G04800	52.6	3.87e-21	79.7
Bra021933	AT2G34820	71.7	1.22e-141	400
Bra021936	AT2G34860	83.5	1.32e-92	267
Bra021938	AT2G34910	76.6	5.94e-144	405
Bra021940	AT2G34940	78.5	0	1014
Bra021941	AT2G34960	90.5	0	1018
Bra021942	AT2G35010	73.3	3.45e-89	259
Bra021949	AT5G45110	81	0	885
Bra021956	AT5G45230	65.1	0	1350
Bra021958	AT5G45275	95.3	0	1053
Bra021961	AT5G45280	91	3.38e-270	733
Bra021962	AT5G45300	91	0	1118
Bra021963	AT5G45320	77.4	2.44e-112	318
Bra021970	AT5G45400	65.7	0	1043
Bra021971	AT5G45410	81.3	2.84e-197	545
Bra021978	AT5G45470	79.1	0	1362
Bra021979	AT5G45480	74.1	0	1244
Bra021980	AT5G45490	66.8	3.25e-138	397
Bra021982	AT5G45510	53.9	0	1008
Bra021983	AT5G45590	80.9	7.11e-92	264
Bra021984	AT5G45750	96.3	4.88e-148	410
Bra021990	AT2G42740	99.5	3.43e-129	359
Bra021992	AT5G45820	90.5	1.08e-287	781
Bra021993	AT5G45840	77.6	0	994
Bra021994	AT5G45850	62.4	3.38e-159	455
Bra021996	AT5G45880	95.4	2.43e-116	326
Bra021998	AT5G45890	85.8	6.25e-225	615
Bra021999	AT5G45900	90.6	0	1244
Bra022001	AT5G45940	83.4	1.95e-127	358
Bra022002	AT5G45950	90.7	7.59e-233	635
Bra022003	AT5G45960	81.6	8.76e-220	605
Bra022008	AT5G45980	65.6	5.16e-144	408
Bra022011	AT5G46030	87.7	1.15e-53	164
Bra022012	AT5G46040	81	0	942
Bra022017	AT5G46060	86.3	2.38e-153	426
Bra022023	AT5G46210	89.2	0	1350
Bra022027	AT5G46280	88.3	0	1286
Bra022030	AT5G46295	87.3	3.27e-36	115
Bra022033	AT5G46350	71.3	1.46e-148	420
Bra022040	AT5G46530	91.7	1.1e-97	278
Bra022043	AT3G30730	62.5	5.47e-25	95.9
Bra022046	AT5G46590	84.1	1.15e-182	504
Bra022048	AT5G46600	75.7	5.54e-277	763
Bra022049	AT5G46620	79.3	3.88e-73	215
Bra022052	AT5G46630	99.3	2.42e-299	811
Bra022053	AT5G46680	84.6	1.68e-130	385
Bra022060	AT5G46740	57.8	1.55e-247	701
Bra022062	AT5G46770	73.3	1.88e-62	187
Bra022064	AT5G46795	75.4	7.38e-91	263
Bra022067	AT3G01780	94.3	0	2119
Bra022076	AT5G46970	67.7	1.04e-63	192
Bra022087	AT5G46930	60.5	3.97e-63	192
Bra022090	AT5G47000	88.8	1.92e-219	600
Bra022091	AT5G47010	88.6	0	2137
Bra022094	AT2G04045	61.3	2.79e-44	139
Bra022095	AT4G04540	75.5	0	983
Bra022102	AT5G47090	82.8	5.31e-151	424
Bra022103	AT3G50150	67	2.77e-234	651
Bra022104	AT5G47100	97.7	9.53e-149	411
Bra022105	AT3G01910	91.4	2.89e-270	734
Bra022106	AT5G47120	92.3	2.86e-160	443
Bra022107	AT5G47140	77.4	1.08e-239	663
Bra022110	AT5G47180	93.6	2.56e-140	390
Bra022115	AT5G47220	69.4	2.25e-98	286
Bra022127	AT5G47390	83.2	8.39e-199	550
Bra022128	AT4G34880	79.9	4.06e-273	750
Bra022133	AT5G47460	82.3	4.46e-288	795
Bra022134	AT5G47470	83.5	6.09e-197	546
Bra022135	AT5G47500	91.3	1.27e-248	676
Bra022138	AT5G47530	81	9.92e-214	591
Bra022139	AT5G47540	95	2.4e-232	634
Bra022142	AT5G47560	89	0	962
Bra022144	AT5G47610	84.9	1.79e-85	248
Bra022146	AT5G47630	72.5	6.77e-58	175
Bra022148	AT5G47650	72.1	8.43e-188	522
Bra022149	AT5G47660	66.7	7.57e-148	424
Bra022151	AT5G47690	80.9	0	2336
Bra022154	AT5G47740	77.6	1.12e-114	333
Bra022156	AT5G47770	94.4	2.55e-239	653
Bra022160	AT3G16460	71.2	1.13e-270	759
Bra022161	AT3G16470	80.9	1.28e-272	744
Bra022166	AT3G16560	94.8	8.79e-152	431
Bra022167	AT3G16565	61.5	2.7e-111	320
Bra022169	AT1G47390	53.8	5e-137	395
Bra022170	AT3G16620	69.1	0	1253
Bra022172	AT3G16640	95.2	3.78e-117	328
Bra022174	AT3G16720	66.6	1.11e-118	342
Bra022175	AT3G16730	81.6	0	1002
Bra022178	AT3G16785	86.1	0	1982
Bra022180	AT3G16810	78	0	902
Bra022182	AT3G16850	86.6	8.34e-296	803
Bra022183	AT3G16857	82.6	0	958
Bra022186	AT3G16910	91.9	0	1093
Bra022188	AT3G16940	80.8	0	1340
Bra022191	AT3G17040	85.1	4.25e-170	499
Bra022192	AT2G18790	90.9	0	2101
Bra022194	AT3G17060	92.7	7.58e-241	655
Bra022195	AT3G17070	86.4	4.64e-214	587
Bra022198	AT3G17120	81.5	3.91e-62	192
Bra022199	AT3G17130	84.1	1.83e-104	297
Bra022201	AT3G17205	90.4	0	1857
Bra022202	AT3G17227	60	4.12e-70	210
Bra022204	AT3G17240	95.1	0	933
Bra022208	AT3G17310	77.5	0	1095
Bra022209	AT3G17340	83.1	0	1637
Bra022210	AT3G17350	73.1	1.44e-164	459
Bra022212	AT3G17360	70.4	0	2499
Bra022213	AT3G17410	94	3.19e-253	691
Bra022219	AT3G17510	91.9	6.6e-293	795
Bra022221	AT3G17520	74.3	3.15e-62	198
Bra022222	AT3G17580	92.6	3.55e-47	144
Bra022223	AT3G17590	92.3	5.25e-152	422
Bra022224	AT3G17600	86	5.28e-85	246
Bra022229	AT3G17670	86.4	2.41e-132	375
Bra022230	AT3G17675	81	1.97e-73	214
Bra022231	AT3G17680	83.2	1.33e-161	453
Bra022232	AT3G17690	81.9	0	1159
Bra022236	AT3G17730	92.7	1.9e-171	471
Bra022238	AT3G17740	82.2	0	1803
Bra022240	AT3G17750	76.6	0	1615
Bra022241	AT3G17760	93.5	0	939
Bra022242	AT3G17770	85.9	0	1034
Bra022244	AT3G17790	87	5.72e-219	599
Bra022245	AT3G17800	85	7.98e-238	654
Bra022246	AT3G17810	91.7	3.38e-287	780
Bra022247	AT3G17820	94.1	2.95e-259	702
Bra022249	AT3G17830	83.5	1.06e-259	715
Bra022251	AT3G17850	86	0	2117
Bra022255	AT3G17880	84.4	2.16e-214	591
Bra022259	AT3G17910	78	5.48e-194	537
Bra022261	AT3G17920	82.3	0	1600
Bra022262	AT3G17930	74.5	9.17e-80	235
Bra022266	AT3G18000	94	0	944
Bra022268	AT3G18020	86.4	4.57e-17	82
Bra022276	AT3G18040	82.9	0	974
Bra022278	AT3G18060	90.6	0	1094
Bra022279	AT3G23780	85.8	0	2030
Bra022280	AT3G18100	65.7	0	908
Bra022281	AT3G18110	92.8	0	1236
Bra022283	AT3G18140	73.4	3.56e-125	357
Bra022293	AT3G18210	82.3	2.18e-233	640
Bra022295	AT3G18220	84.4	3.6e-195	536
Bra022298	AT3G18240	81.9	3.61e-239	657
Bra022307	AT3G18270	86.3	1.9e-228	628
Bra022308	AT3G18280	89.6	2.52e-54	164
Bra022310	AT3G18290	90.8	0	2272
Bra022313	AT3G18310	64.7	0	1051
Bra022315	AT3G18370	88.7	0	1400
Bra022318	AT2G02030	53.5	4.03e-104	311
Bra022319	AT3G18400	86.7	2.57e-190	525
Bra022320	AT3G18410	98.1	1.87e-76	220
Bra022321	AT3G18420	71.5	5.78e-108	313
Bra022322	AT3G18460	72.8	3.59e-88	255
Bra022323	AT3G18470	83.3	3.42e-74	218
Bra022324	AT3G18480	91.7	0	1134
Bra022326	AT3G18500	80.3	2.79e-246	678
Bra022327	AT3G18510	84.8	4.14e-33	107
Bra022329	AT3G18520	85.6	0	879
Bra022333	AT3G18570	80.1	8.59e-90	258
Bra022337	AT3G18610	50.5	8.27e-72	242
Bra022340	AT3G18630	84.5	1.28e-200	552
Bra022341	AT3G18650	60	2.87e-84	260
Bra022343	AT3G18670	79.4	0	992
Bra022344	AT3G18680	82	3.22e-200	553
Bra022347	AT3G18710	75.6	1.52e-204	570
Bra022350	AT3G18730	82.3	0	2109
Bra022352	AT3G18760	82	1e-76	223
Bra022357	AT3G18790	82.7	5.15e-161	449
Bra022358	AT3G18800	92.1	4.09e-132	368
Bra022360	AT3G18820	98.1	3.36e-150	414
Bra022363	AT3G18840	73.4	0	1001
Bra022365	AT3G18850	87.5	3.46e-229	627
Bra022366	AT3G18860	90.5	0	1270
Bra022367	AT3G18870	84.7	6.84e-168	465
Bra022368	AT1G49400	92	6.51e-53	161
Bra022369	AT3G18890	72.3	8.47e-300	829
Bra022370	AT3G18930	82.5	1.95e-204	569
Bra022371	AT3G18940	90.7	1.63e-192	528
Bra022374	AT3G18960	67.1	7.93e-92	267
Bra022375	AT3G18970	86.5	1.16e-304	827
Bra022377	AT3G19000	86.4	1.11e-237	648
Bra022378	AT3G19010	90.3	1.27e-246	670
Bra022380	AT3G19030	88.3	7.1e-31	101
Bra022381	AT3G19050	76.7	0	3632
Bra022384	AT3G19080	74.6	4.06e-202	566
Bra022392	AT3G19180	83.4	0	1307
Bra022393	AT3G19190	81.6	0	2983
Bra022394	AT3G19200	81.9	4.42e-78	227
Bra022395	AT3G19210	89	0	1585
Bra022396	AT3G19220	87.8	7.59e-119	333
Bra022397	AT3G19230	82.7	3.23e-290	795
Bra022398	AT3G19240	83.1	0	1035
Bra022407	AT3G19270	90.8	1.63e-303	823
Bra022408	AT3G19280	81.6	1.69e-304	830
Bra022410	AT3G19300	76.8	0	957
Bra022411	AT3G19310	82.9	3.01e-262	715
Bra022412	AT3G19320	79.6	3.47e-188	533
Bra022416	AT3G19370	74.9	0	907
Bra022417	AT3G19380	86.1	2.49e-253	693
Bra022418	AT3G19390	82.1	9.02e-264	722
Bra022421	AT3G19420	86.8	0	1023
Bra022423	AT3G19430	83.8	5.37e-237	664
Bra022424	AT3G19440	82.3	5.52e-275	753
Bra022425	AT3G19450	94.5	1.91e-256	696
Bra022427	AT3G19490	90.7	0	997
Bra022428	AT3G19500	79.9	1.49e-136	385
Bra022429	AT3G19510	66.9	2.33e-248	706
Bra022430	AT3G19540	86.6	9.8e-295	803
Bra022432	AT3G19550	76.4	2.14e-59	177
Bra022434	AT5G60440	54.3	1.35e-97	288
Bra022436	AT3G19580	68.7	1.45e-101	296
Bra022440	AT3G19620	89.9	0	1425
Bra022441	AT3G19640	79.5	2.18e-244	674
Bra022442	AT3G19650	65.5	2.46e-103	303
Bra022443	AT3G19660	84.4	1.56e-27	93.6
Bra022445	AT3G19670	77.2	0	1312
Bra022448	AT3G19710	80.9	1.22e-216	595
Bra022449	AT3G19760	96.8	3.95e-289	783
Bra022453	AT3G19780	75	0	1547
Bra022454	AT4G10190	52.3	1.23e-114	338
Bra022457	AT4G27990	75.9	8.19e-104	298
Bra022458	AT3G19810	83.1	2.98e-189	523
Bra022460	AT3G19830	85.3	0	1097
Bra022461	AT3G19840	74.6	0	1100
Bra022462	AT5G50960	90.3	9.27e-230	627
Bra022466	AT3G19910	77.1	4.57e-162	455
Bra022467	AT3G19920	87.5	1.69e-275	752
Bra022470	AT1G65610	87.8	0	1149
Bra022471	AT1G65560	87.2	1.53e-225	617
Bra022473	AT1G65520	81.3	5.81e-131	369
Bra022474	AT1G65510	71.6	9.49e-32	105
Bra022475	AT1G65480	86.2	3.34e-113	320
Bra022476	AT1G65450	84.3	1.27e-279	762
Bra022479	AT1G65430	85.7	0	1013
Bra022480	AT1G65420	70.4	1.84e-84	247
Bra022481	AT1G65410	94.8	1.4e-191	530
Bra022482	AT1G65380	87.2	3.29e-144	438
Bra022483	AT1G65295	80.2	1.16e-63	188
Bra022484	AT1G65290	80.8	2.08e-68	201
Bra022485	AT1G65270	80.5	1.75e-163	454
Bra022486	AT1G65260	91.2	5.88e-200	550
Bra022487	AT1G65230	85.9	6.48e-170	471
Bra022488	AT1G65220	93	5.74e-270	734
Bra022489	AT1G65200	53.3	0	1107
Bra022490	AT1G65140	51.6	4.19e-93	279
Bra022493	AT2G44870	78.2	9.13e-133	374
Bra022495	AT1G65090	55	2.42e-104	310
Bra022496	AT1G65080	84.6	1.41e-312	852
Bra022497	AT1G65070	78.1	0	1274
Bra022498	AT1G65040	87.9	2.64e-271	742
Bra022499	AT1G65020	85.9	4.59e-202	555
Bra022502	AT1G64980	86.9	3.54e-173	477
Bra022504	AT5G49810	91.8	0	1932
Bra022505	AT5G49820	91.1	1.29e-316	860
Bra022507	AT5G49890	93.8	0	1437
Bra022508	AT5G49920	72.4	6.18e-132	375
Bra022510	AT5G49960	84.3	0	1312
Bra022512	AT5G50360	67.6	4.02e-128	365
Bra022514	AT5G50410	62.9	6.48e-95	276
Bra022515	AT5G50420	81.3	4.67e-317	865
Bra022516	AT5G50450	83.4	7.13e-202	556
Bra022521	AT5G50520	77.1	1.34e-269	744
Bra022523	AT5G50600	88.3	5.19e-230	628
Bra022524	AT5G50610	56	1.86e-51	162
Bra022525	AT5G50770	82.7	1.19e-189	524
Bra022531	AT5G50900	75.8	6.71e-271	748
Bra022533	AT5G50990	84.8	2.91e-253	697
Bra022537	AT5G51130	84	3.63e-158	449
Bra022538	AT5G51140	92.4	3.85e-252	687
Bra022542	AT5G51260	82.8	5.67e-159	441
Bra022543	AT5G51270	68.8	0	968
Bra022544	AT5G51310	88	1.98e-212	582
Bra022545	AT5G51330	60.3	1.46e-248	697
Bra022547	AT5G51430	94.1	0	1489
Bra022549	AT5G51460	91.2	1.07e-250	683
Bra022550	AT5G51470	85.9	0	1021
Bra022553	AT5G51550	93.8	2.65e-242	658
Bra022556	AT5G51640	78.5	1.05e-297	811
Bra022557	AT5G51660	89.9	0	2583
Bra022558	AT5G51670	84.9	4.35e-258	709
Bra022560	AT5G51690	89.2	0	879
Bra022561	AT5G51700	86	2.2e-147	409
Bra022562	AT5G51780	78.2	8.61e-96	276
Bra022563	AT5G51800	79.7	0	1486
Bra022565	AT5G51810	90.2	4.32e-257	699
Bra022567	AT5G51890	93.2	1.48e-220	602
Bra022568	AT5G51910	68.6	4.1e-128	366
Bra022569	AT5G51920	86.6	0	976
Bra022572	AT5G51960	89.4	1.7e-56	169
Bra022574	AT5G52030	76.7	8.2e-205	567
Bra022576	AT5G52050	77.8	6.18e-276	758
Bra022580	AT5G52155	50.3	3.61e-38	129
Bra022582	AT5G60610	56.2	3.75e-131	381
Bra022583	AT5G52280	80.4	0	1170
Bra022584	AT5G52300	62.2	7.83e-228	643
Bra022586	AT5G52340	95.7	0	1189
Bra022587	AT5G52390	83.8	1.37e-110	322
Bra022589	AT5G52410	73	9.62e-295	825
Bra022592	AT5G52420	79.1	1.54e-133	375
Bra022593	AT5G52440	77.5	1.92e-109	315
Bra022596	AT5G52510	64.8	2e-252	706
Bra022597	AT5G52520	93.7	0	1015
Bra022598	AT5G52540	83.8	6.8e-250	687
Bra022599	AT5G52545	87.7	8.75e-87	251
Bra022600	AT5G52550	59.2	1.35e-81	248
Bra022601	AT5G52580	78.3	0	1113
Bra022604	AT5G52740	61.4	1.33e-27	106
Bra022605	AT5G52760	67.2	6.39e-47	147
Bra022608	AT5G52780	79.9	1.67e-93	268
Bra022610	AT5G52800	80.1	0	943
Bra022611	AT5G52820	95.1	1.17e-212	595
Bra022612	AT5G52830	75.6	1.07e-160	452
Bra022614	AT5G52860	90.8	0	1006
Bra022616	AT5G52890	61.1	4.4e-123	358
Bra022620	AT5G53030	71.1	1.31e-111	320
Bra022623	AT4G08620	86	0	1082
Bra022625	AT5G53070	92.3	3.34e-141	394
Bra022627	AT5G53080	81.9	6.9e-185	530
Bra022628	AT5G53090	87.8	2.79e-224	617
Bra022630	AT5G53110	81.5	1.31e-235	645
Bra022631	AT5G53120	86	1.39e-240	657
Bra022632	AT5G53130	87.9	0	1248
Bra022635	AT5G53170	89	0	1326
Bra022636	AT5G53190	77.8	1.42e-130	369
Bra022637	AT5G53200	85.3	7.25e-41	129
Bra022643	AT5G53290	71.3	5.49e-150	426
Bra022646	AT5G53310	83.8	1.24e-121	342
Bra022648	AT5G53370	86.6	0	1011
Bra022652	AT5G28720	55.4	5.63e-15	70.1
Bra022656	AT5G53470	87.4	1.11e-166	467
Bra022657	AT5G53500	78.2	0	950
Bra022658	AT5G53520	90.6	0	1361
Bra022660	AT5G53560	92.5	7.97e-89	253
Bra022663	AT5G53590	73.6	2.72e-55	169
Bra022667	AT5G53660	70.5	3.87e-168	472
Bra022668	AT5G53730	86.9	4.99e-135	377
Bra022669	AT5G53790	59.3	4.34e-139	400
Bra022671	AT5G53780	63.1	3.68e-161	456
Bra022674	AT5G53820	70.1	2.69e-20	75.5
Bra022675	AT5G53830	85.2	2.84e-130	367
Bra022678	AT5G53880	80	2.75e-12	55.1
Bra022680	AT5G53900	90.3	6.14e-244	665
Bra022682	AT5G53920	64.1	6.93e-109	317
Bra022683	AT5G53930	54.9	3.04e-92	289
Bra022685	AT5G53950	82.8	9.9e-223	612
Bra022686	AT5G53970	89	1.97e-267	728
Bra022687	AT5G53980	84.6	1.05e-90	260
Bra022688	AT5G53990	81.8	1.16e-287	782
Bra022692	AT5G54080	91.3	0	879
Bra022693	AT5G54090	83.9	0	1238
Bra022697	AT5G54110	85	9.35e-152	423
Bra022699	AT5G54145	87.3	3.15e-33	107
Bra022701	AT5G54240	92.2	3.14e-190	522
Bra022702	AT5G54250	93.1	0	1250
Bra022708	AT5G54280	88.6	0	2042
Bra022709	AT5G54290	90	2.2e-217	597
Bra022716	AT1G04870	88	9.06e-246	671
Bra022717	AT5G54390	89.6	3.26e-238	651
Bra022719	AT5G54400	92.2	1.08e-189	521
Bra022720	AT5G54440	93.3	0	2360
Bra022721	AT5G54430	80.4	2.24e-125	355
Bra022722	AT5G54470	58	9.16e-52	165
Bra022723	AT5G54490	87.9	2.17e-77	224
Bra022725	AT5G54510	95.4	0	1187
Bra022735	AT5G54630	84.4	4.65e-270	740
Bra022738	AT5G54680	90.6	1.34e-129	365
Bra022746	AT5G51030	92.4	4.7e-212	580
Bra022747	AT5G51020	92.6	6.44e-191	523
Bra022748	AT5G51010	84.7	2.68e-86	249
Bra022749	AT5G50970	78.9	6.81e-296	810
Bra022750	AT5G50930	89.1	4.32e-74	220
Bra022751	AT5G50920	97.2	0	1711
Bra022752	AT5G42660	82.8	1.64e-261	717
Bra022753	AT5G50915	65	1.6e-116	336
Bra022755	AT5G50870	88.1	1.32e-129	362
Bra022757	AT5G50850	95.4	6.29e-246	670
Bra022758	AT5G50840	80.3	1.26e-200	559
Bra022760	AT5G50810	71.4	2.45e-36	116
Bra022761	AT5G50790	82.7	4.39e-162	451
Bra022762	AT5G50780	68	0	976
Bra022763	AT5G50760	63.5	2.91e-71	213
Bra022764	AT5G50740	76.2	1.49e-105	308
Bra022765	AT5G50720	91.2	1.18e-72	211
Bra022766	AT5G50670	75.1	5.48e-170	476
Bra022768	AT2G29990	90.8	0	919
Bra022770	AT4G25490	80.6	7.36e-119	336
Bra022772	AT2G30020	79.3	1.47e-215	595
Bra022774	AT3G01340	91.7	9.19e-161	449
Bra022775	AT2G30060	92.6	2.75e-119	337
Bra022776	AT2G30070	82.6	0	1110
Bra022781	AT2G30140	79.3	4.2e-243	673
Bra022786	AT2G30250	80.3	1.34e-211	585
Bra022787	AT2G30270	88	1.67e-110	312
Bra022789	AT2G30320	76.7	3.63e-280	768
Bra022792	AT2G30330	88	3.17e-92	263
Bra022793	AT2G30350	66.5	4.84e-152	432
Bra022795	AT2G30370	51.2	6.49e-61	187
Bra022801	AT2G30470	72.3	0	1089
Bra022806	AT2G30530	77.6	3.46e-141	404
Bra022808	AT2G30590	70.7	2.62e-160	452
Bra022812	AT2G30740	91	9.09e-241	657
Bra022813	AT2G30770	85.7	7.45e-290	791
Bra022815	AT2G30860	96.7	1.26e-154	426
Bra022816	AT2G30870	95.8	2.24e-148	410
Bra022818	AT2G30910	93.2	5.56e-265	719
Bra022819	AT5G28540	95.7	0	1224
Bra022820	AT2G31010	90.6	0	1362
Bra022821	AT2G31035	73.5	1.03e-40	128
Bra022827	AT2G31110	89.3	1.38e-251	684
Bra022829	AT2G31140	90.7	2.33e-134	374
Bra022836	AT2G31350	90.2	2.97e-215	589
Bra022840	AT2G31410	82.7	1.09e-76	232
Bra022841	AT2G31440	93.1	1.17e-163	452
Bra022842	AT2G31450	80.5	9.16e-207	572
Bra022845	AT2G31510	91.8	0	1049
Bra022846	AT2G31530	86.6	0	956
Bra022847	AT2G25735	76.4	1.07e-52	161
Bra022850	AT5G18360	77.7	0	1264
Bra022852	AT2G31560	68.3	3.06e-83	244
Bra022856	AT2G31580	88	0	936
Bra022857	AT2G31600	75.1	8.53e-141	398
Bra022858	AT1G66620	64.6	1.6e-129	370
Bra022862	AT2G31690	75	2.27e-257	708
Bra022866	AT2G31800	83.2	2.65e-235	651
Bra022868	AT2G31840	80.2	7.63e-181	503
Bra022870	AT2G31880	84.4	1.28e-275	768
Bra022871	AT2G31900	89.6	0	2517
Bra022872	AT2G31955	86.2	2.55e-244	667
Bra022873	AT2G31970	84.5	0	1998
Bra022874	AT2G31990	81.3	1.14e-243	688
Bra022875	AT2G32000	95	0	1667
Bra022878	AT2G32060	89	1.82e-88	253
Bra022881	AT2G32260	89.7	8.22e-187	517
Bra022884	AT2G32295	86	1.09e-297	808
Bra022886	AT2G32360	70.3	5.36e-43	140
Bra022889	AT2G32500	82.9	2.14e-159	444
Bra022891	AT2G32630	67.6	4.42e-76	254
Bra022892	AT2G32640	87.2	1.38e-296	812
Bra022893	AT2G32670	94.5	3.21e-145	405
Bra022896	AT2G32700	76.5	0	1099
Bra022897	AT2G32710	58.7	8.38e-67	208
Bra022901	AT2G32760	88.9	6.19e-212	583
Bra022903	AT2G32770	81.1	8.82e-298	815
Bra022904	AT2G32790	58.5	2.31e-63	192
Bra022905	AT2G32800	88.8	0	1446
Bra022906	AT2G32820	55.6	1.71e-43	144
Bra022908	AT2G33040	96.9	2e-215	589
Bra022909	AT1G47790	53.6	4.11e-135	391
Bra022910	AT1G64700	70.6	6.06e-36	120
Bra022916	AT2G32980	83.8	1.87e-168	468
Bra022918	AT2G32940	84.6	0	1471
Bra022921	AT2G32900	85.1	0	1241
Bra022922	AT2G32890	83.1	3.91e-35	113
Bra022924	AT2G32850	77.9	0	905
Bra022925	AT2G32830	92.3	0	994
Bra022928	AT2G33160	80.6	9.81e-242	673
Bra022930	AT2G33200	61.7	4.37e-165	466
Bra022931	AT2G33210	88.4	0	936
Bra022933	AT2G33255	92.4	2.17e-153	425
Bra022934	AT2G33310	88.3	5.01e-139	389
Bra022938	AT2G33410	86.9	7.86e-162	460
Bra022940	AT1G20940	55	2.51e-136	395
Bra022941	AT2G33435	60.8	0	1320
Bra022944	AT2G33570	82.5	2.84e-289	790
Bra022945	AT2G33585	81.3	4.26e-54	166
Bra022947	AT2G33630	88.7	0	890
Bra022950	AT2G33690	85.9	2.68e-36	116
Bra022956	AT2G33830	92.6	1.03e-74	216
Bra022963	AT2G34020	81.1	0	1011
Bra022964	AT2G34040	91.9	0	946
Bra022965	AT2G34070	85.7	7.03e-252	686
Bra022967	AT2G34200	73.7	2.24e-88	258
Bra022968	AT2G34210	69.2	0	1226
Bra022969	AT2G34250	100	0	911
Bra022972	AT2G34330	85	1.62e-49	155
Bra022973	AT2G34357	86.2	0	2057
Bra022976	AT2G34430	95.9	1.64e-189	519
Bra022980	AT2G34570	78.6	1.67e-130	371
Bra022982	AT2G34630	81.1	6.02e-228	628
Bra022983	AT2G34670	84.4	0	1068
Bra022984	AT2G34680	86.7	0	2781
Bra022985	AT2G34690	82.4	1.86e-86	251
Bra022986	AT4G14590	80.7	5.15e-267	733
Bra022987	AT2G34730	63.6	2.68001e-319	893
Bra022988	AT2G34740	73	2.93e-159	447
Bra022994	AT2G34840	90.1	5e-193	530
Bra022999	AT2G35050	80.1	0	1947
Bra023002	AT2G35155	90.2	0	1015
Bra023003	AT2G35190	95.8	8.78e-170	469
Bra023006	AT2G35260	90	8.83e-237	648
Bra023008	AT2G35320	85.4	3.14e-198	545
Bra023013	AT2G35550	68.7	6.69e-122	348
Bra023019	AT1G61840	56.5	1.11e-242	690
Bra023020	AT2G35650	85.8	0	942
Bra023021	AT2G35658	77	7.02e-40	127
Bra023022	AT1G72110	65.8	6.28e-216	602
Bra023025	AT2G35690	89.3	0	1214
Bra023027	AT2G35760	82.6	3.84e-112	318
Bra023029	AT2G35790	82.9	6.51e-138	386
Bra023030	AT2G35795	94.6	1.06e-72	211
Bra023031	AT2G35800	86.4	0	1311
Bra023032	AT1G11300	82.4	0	1350
Bra023036	AT2G35880	71.2	1.19e-144	417
Bra023043	AT2G35920	91.8	0	1734
Bra023049	AT2G36100	76.7	6.77e-102	292
Bra023050	AT2G36120	73.8	1.11e-11	62.4
Bra023053	AT2G36190	85.3	0	1061
Bra023055	AT2G36210	83.7	4.65e-75	218
Bra023056	AT2G36230	91.7	9e-198	543
Bra023057	AT2G36305	81.2	9.88e-182	503
Bra023060	AT2G36310	91.6	1.43e-226	618
Bra023062	AT2G36325	69.4	4.07e-183	510
Bra023063	AT2G48010	83.6	0	1002
Bra023068	AT2G36410	93.7	4.66e-82	245
Bra023071	AT2G36470	81.1	2.56e-162	455
Bra023072	AT2G36530	96.4	8.47e-316	853
Bra023073	AT2G36560	54.7	1.06e-52	179
Bra023075	AT2G36570	86.7	0	1008
Bra023081	AT2G36800	81.3	8.67e-303	825
Bra023084	AT2G36880	99	2.89e-291	786
Bra023085	AT2G36890	80.7	2.61e-154	434
Bra023087	AT2G36910	96.4	0	2347
Bra023088	AT2G36930	90.6	4.45e-75	220
Bra023091	AT2G37020	83	2.03e-178	494
Bra023092	AT2G37025	64.3	4.46e-144	413
Bra023093	AT2G37030	80.6	1.31e-71	209
Bra023094	AT2G37050	83.5	0	1474
Bra023095	AT2G37060	78.4	5.22e-97	278
Bra023096	AT2G37080	67.4	5.52e-195	556
Bra023098	AT2G37110	89.7	1.01e-164	454
Bra023099	AT2G37130	94.5	1.85e-231	630
Bra023103	AT2G37170	94	4.98e-197	541
Bra023106	AT2G37195	87.4	1.26e-78	228
Bra023108	AT2G37220	79.7	1.68e-148	417
Bra023109	AT2G37230	75.9	2.45e-265	751
Bra023111	AT2G37250	92.6	9.65e-188	516
Bra023112	AT2G37260	71.5	3.7e-198	554
Bra023114	AT2G37340	89.5	3.94e-149	420
Bra023116	AT2G37400	76.5	4.76e-165	462
Bra023117	AT1G30680	83.1	0	1196
Bra023122	AT1G30700	87.8	0	941
Bra023126	AT1G30730	79.4	6.76e-316	860
Bra023127	AT1G30740	84.8	3.3e-256	704
Bra023128	AT3G12230	76.4	7.54e-262	716
Bra023129	AT1G30750	51.8	9.5e-32	113
Bra023130	AT1G30755	81.5	0	919
Bra023131	AT1G30760	91.6	0	994
Bra023136	AT1G30810	84.2	0	1345
Bra023137	AT1G30820	93.2	0	1142
Bra023140	AT1G30825	94	2.85e-212	581
Bra023143	AT1G30845	86.4	3.43e-64	194
Bra023144	AT1G30840	78.5	1.5e-204	567
Bra023145	AT1G12663	51.3	5.71e-40	129
Bra023146	AT1G30850	78.8	4.32e-165	460
Bra023148	AT1G30860	60.4	2.01e-245	697
Bra023151	AT1G30900	93.8	0	1233
Bra023152	AT1G30960	84.7	1.55e-249	685
Bra023153	AT1G30970	69.8	7.38e-159	449
Bra023154	AT1G31010	63.3	4.28e-159	449
Bra023158	AT1G31050	91.4	8.57e-76	231
Bra023161	AT1G31130	91.3	1.26e-200	551
Bra023162	AT1G31140	69.4	6.81e-32	110
Bra023164	AT1G31175	90.5	9.83e-52	157
Bra023165	AT1G31190	88.2	6.99e-232	635
Bra023167	AT3G02120	60.3	7.5e-42	134
Bra023168	AT1G31220	81.2	1.82e-160	447
Bra023169	AT1G31230	93.2	0	1645
Bra023170	AT1G31240	62.8	5.96e-102	298
Bra023171	AT1G31260	80.2	2.08e-214	591
Bra023172	AT1G31280	82.7	0	1604
Bra023176	AT1G31330	92.8	6.31e-144	400
Bra023177	AT1G31335	91.7	3.72e-40	125
Bra023179	AT5G22540	76.6	1.43e-228	631
Bra023181	AT1G31350	80	2.25e-210	583
Bra023187	AT1G31450	75.6	6.27e-243	669
Bra023188	AT1G31460	62.7	4.86e-95	281
Bra023189	AT1G31470	85.5	0	958
Bra023190	AT1G31480	85.2	0	1564
Bra023191	AT1G31490	85.2	9.89e-275	749
Bra023198	AT1G31650	85.3	0	913
Bra023199	AT1G31730	93.4	0	1663
Bra023201	AT1G31760	73	2.24e-49	152
Bra023202	AT1G31770	94	0	1216
Bra023203	AT1G31780	94.4	0	1244
Bra023204	AT1G31810	77.9	0	1513
Bra023207	AT1G31814	62.5	5.05e-181	514
Bra023208	AT1G31817	68.6	2.57e-144	408
Bra023209	AT1G31820	81.7	1.77e-278	761
Bra023210	AT1G31830	91.2	0	890
Bra023211	AT5G01900	75	3.54e-126	358
Bra023213	AT1G31850	92.5	0	1199
Bra023220	AT1G31930	87.9	0	1462
Bra023224	AT3G10800	66.2	2.26e-261	731
Bra023227	AT1G31970	87.8	5.86e-305	834
Bra023233	AT1G33540	78.3	3.39e-268	734
Bra023235	AT1G32060	90.6	6.93e-261	710
Bra023239	AT5G50160	79.9	0	1160
Bra023240	AT1G32120	58.5	0	941
Bra023241	AT1G32127	93.9	2.14e-184	506
Bra023242	AT1G32130	88.3	8.33e-296	807
Bra023243	AT1G32150	70.2	1.56e-167	472
Bra023247	AT1G32190	80.4	4.22e-226	624
Bra023250	AT1G32220	88.2	2.05e-183	506
Bra023254	AT1G32240	82	2.58e-200	555
Bra023255	AT1G32260	77.8	2.07e-105	300
Bra023257	AT1G32320	78	1.64e-168	469
Bra023258	AT1G32330	75.3	1.21e-220	616
Bra023260	AT1G32360	81.3	2.24e-201	558
Bra023262	AT1G32370	91.8	2.13e-66	196
Bra023263	AT1G32380	94.5	1.78e-266	724
Bra023265	AT1G32410	90.7	2.51e-88	253
Bra023266	AT1G32415	84.6	0	956
Bra023270	AT1G32470	93.4	4.59e-108	305
Bra023271	AT1G05060	87	4.11e-155	431
Bra023272	AT3G51530	62.5	1.7e-151	434
Bra023273	AT1G32520	89.1	1.37e-160	443
Bra023274	AT1G32530	73.3	0	919
Bra023277	AT1G32550	80.7	3.87e-112	317
Bra023280	AT1G32700	90.8	2.85e-143	400
Bra023282	AT1G32740	70.4	4.37e-56	178
Bra023283	AT2G26550	58.4	1.25e-123	357
Bra023284	AT1G32760	68.4	4.17e-136	387
Bra023288	AT1G32770	84.4	2.33e-223	612
Bra023290	AT1G32780	91.1	1.81e-271	737
Bra023291	AT1G32790	82.9	5.25e-158	447
Bra023293	AT1G32860	80.8	7.7e-247	677
Bra023295	AT1G32928	69.8	1.03e-26	92.8
Bra023296	AT1G32930	91.2	1.03e-266	725
Bra023297	AT1G32940	88.8	0	1354
Bra023302	AT1G32990	95	2.86e-140	390
Bra023305	AT1G33055	83.1	1.91e-33	108
Bra023306	AT3G27890	85.2	4.15e-119	335
Bra023310	AT5G11160	96.3	1.05e-132	369
Bra023311	AT5G11170	96	3.34e-302	817
Bra023317	AT5G11260	79.6	3.48e-62	189
Bra023324	AT5G11420	94.7	1.08e-242	660
Bra023327	AT5G11530	61.1	0	1107
Bra023328	AT5G11540	88.5	0	1050
Bra023331	AT5G11580	82.9	0	934
Bra023332	AT5G11590	73.3	3.26e-107	308
Bra023333	AT5G11600	64.2	7.5e-66	202
Bra023337	AT5G11710	87.1	0	884
Bra023341	AT5G11770	95.9	2.52e-153	423
Bra023346	AT5G11830	75.4	4.85e-94	270
Bra023349	AT5G11940	74.1	0	1133
Bra023351	AT5G11950	95.8	4.35e-149	412
Bra023354	AT5G11980	94.2	0	1032
Bra023357	AT5G11990	66.3	7.02e-22	87
Bra023359	AT5G12010	89.6	6.37e-240	661
Bra023360	AT5G12020	91.6	1.06e-96	275
Bra023361	AT5G12050	68.3	6.98e-141	402
Bra023362	AT5G12080	85.7	0	1152
Bra023365	AT5G12140	89.1	5.52e-60	178
Bra023366	AT5G12170	89.3	1.34e-215	596
Bra023370	AT5G12270	83.2	1.43e-220	605
Bra023371	AT5G12290	88.5	0	1042
Bra023372	AT5G12330	73.8	6e-167	472
Bra023373	AT5G12340	78.9	5.11e-124	350
Bra023374	AT5G12350	89.8	0	1919
Bra023375	AT5G12390	85.8	5.65e-94	269
Bra023376	AT5G12400	72.4	0	2132
Bra023377	AT5G12420	80.5	6.91e-282	771
Bra023385	AT5G12990	60.5	1.48e-26	92.4
Bra023386	AT5G13000	96.4	0	3692
Bra023387	AT5G13010	87.1	0	2074
Bra023392	AT5G13140	80.4	3.52e-151	422
Bra023394	AT5G13170	80.8	1.11e-153	431
Bra023395	AT5G13180	84.9	1.49e-154	429
Bra023396	AT5G13190	92.6	6.74e-78	226
Bra023398	AT5G13200	85.8	1.87e-176	486
Bra023403	AT5G13320	84.3	0	989
Bra023405	AT5G13380	79.3	0	983
Bra023408	AT5G13400	94.1	0	1157
Bra023409	AT5G13410	82.9	1.34e-149	417
Bra023413	AT5G13450	85.7	1.43e-140	393
Bra023424	AT5G13620	58.6	2.08e-105	308
Bra023428	AT5G13670	82.5	2.11e-216	596
Bra023429	AT5G13690	87.2	0	1456
Bra023432	AT5G13740	75.3	3.67e-245	674
Bra023433	AT5G13760	84.7	4.72e-311	851
Bra023434	AT5G13770	82.4	1.08e-223	634
Bra023435	AT5G13780	95.8	1.45e-115	326
Bra023438	AT5G13825	52.9	2.04e-32	110
Bra023439	AT5G13860	72.8	1.94e-196	546
Bra023442	AT5G13940	90.3	1.16e-302	843
Bra023448	AT5G14070	89.4	5.03e-85	244
Bra023449	AT5G14130	75.6	2.51e-154	438
Bra023450	AT5G14200	91	3.7e-264	719
Bra023453	AT5G14250	79.1	5.98e-243	667
Bra023454	AT5G14260	89	0	896
Bra023471	AT4G17700	51.5	6e-42	142
Bra023473	AT5G14530	95.8	3.23e-240	652
Bra023474	AT5G14540	71.2	4.32e-190	543
Bra023475	AT5G14570	82.4	3.8e-284	777
Bra023478	AT5G14610	75.3	0	936
Bra023481	AT5G14700	88.3	1.59e-231	634
Bra023485	AT5G14740	91.1	2.78e-174	483
Bra023489	AT5G14850	78	2.34e-312	853
Bra023490	AT5G14880	94	0	1428
Bra023491	AT5G14895	83.9	4.93e-100	284
Bra023492	AT5G14910	80.8	1.84e-88	256
Bra023494	AT5G14940	85.8	2.89e-316	863
Bra023496	AT5G14950	89.1	0	2139
Bra023497	AT5G14960	66.2	1.92e-140	405
Bra023498	AT5G14970	85.2	9.53e-196	542
Bra023499	AT5G14990	58.2	2.6e-273	784
Bra023500	AT5G15010	56.1	8.95e-214	607
Bra023502	AT5G15050	92.4	2.22e-294	798
Bra023506	AT5G15150	89.4	2.23e-177	491
Bra023509	AT5G15180	83	1.55e-196	542
Bra023510	AT5G15190	72.6	1.7e-46	145
Bra023513	AT5G15230	82.1	1.09e-66	195
Bra023514	AT5G15280	62.6	0	1307
Bra023516	AT5G15400	91.5	0	1838
Bra023518	AT5G15450	95.4	0	1716
Bra023521	AT5G15510	73	2.13e-198	561
Bra023522	AT5G15540	86.4	0	3051
Bra023524	AT5G15550	85	5.86e-268	731
Bra023525	AT5G15570	70.3	2.55e-173	487
Bra023527	AT5G15600	65.9	3.76e-43	138
Bra023528	AT5G15630	91.9	1.71e-316	854
Bra023532	AT5G15680	94.3	0	4024
Bra023533	AT5G15700	85.6	0	1648
Bra023540	AT5G15830	82	3.58e-97	279
Bra023541	AT5G15850	66.1	1.53e-100	299
Bra023542	AT5G15860	88.5	6.05e-274	746
Bra023543	AT5G01150	61.3	1.01e-202	572
Bra023545	AT5G15910	90.3	3.82e-165	457
Bra023546	AT5G15930	90.4	5.93e-239	651
Bra023547	AT5G15940	72.1	1.42e-181	507
Bra023553	AT5G16120	83.4	9.78e-207	579
Bra023554	AT5G16160	72	2.35e-46	146
Bra023555	AT5G16180	75.2	0	981
Bra023556	AT5G16210	90.3	0	1873
Bra023559	AT5G16290	90.4	8.68e-300	815
Bra023560	AT5G16360	65	2.91e-119	343
Bra023561	AT5G16330	70	6.24e-111	319
Bra023564	AT5G16400	83.4	5.54e-112	316
Bra023565	AT5G16410	76.7	3.1e-256	704
Bra023566	AT5G16460	81.2	9.34e-191	530
Bra023567	AT5G16470	96.2	1.82e-66	194
Bra023568	AT3G15420	78	4.61e-50	153
Bra023570	AT5G16560	80.2	4.7e-133	387
Bra023572	AT5G16550	74.2	2.45e-109	315
Bra023574	AT5G16590	85.5	1.51e-300	829
Bra023575	AT5G60790	94.5	0	1083
Bra023578	AT5G16630	64	0	987
Bra023579	AT5G16710	85.2	2.78e-116	330
Bra023580	AT5G16700	77.5	1.22e-305	833
Bra023581	AT5G16740	61.8	7.74e-167	470
Bra023582	AT5G16750	89	0	1186
Bra023583	AT5G16810	86.2	2.24e-256	701
Bra023584	AT5G16820	71.1	1.09e-208	583
Bra023587	AT5G16890	86.9	0	885
Bra023588	AT5G16910	89.4	0	2088
Bra023589	AT5G16920	70.3	2.33e-109	316
Bra023591	AT5G16960	85	3.54e-216	593
Bra023592	AT5G17010	86.4	3.33e-315	858
Bra023593	AT5G17020	93.8	0	1997
Bra023594	AT5G17050	79.9	5.45e-267	731
Bra023595	AT5G17070	79.8	1.5e-114	330
Bra023596	AT5G17160	50.4	8.77e-142	424
Bra023597	AT5G17170	91.5	3.3e-171	473
Bra023599	AT5G17190	96.2	1.57e-84	247
Bra023600	AT5G17200	71.5	3.71e-217	602
Bra023601	AT5G17210	78.3	3.11e-114	324
Bra023602	AT5G17220	85	5.37e-133	372
Bra023603	AT5G17230	86.5	4.76e-258	706
Bra023607	AT5G17240	81.6	4.75e-290	791
Bra023609	AT5G17290	85.4	4.36e-217	595
Bra023610	AT5G17300	80.5	2.02e-198	551
Bra023613	AT5G17340	71.9	9.67e-81	235
Bra023615	AT5G17370	68.1	1.39e-226	633
Bra023620	AT5G17460	84.7	1.76e-170	474
Bra023622	AT5G17520	80.7	9.61e-232	637
Bra023623	AT5G17530	89.1	0	953
Bra023627	AT5G17610	84.3	7.71e-74	214
Bra023628	AT5G17620	97.9	6.84e-225	613
Bra023634	AT5G17710	86	1.04e-168	470
Bra023637	AT5G17800	73.1	1.14e-161	453
Bra023638	AT5G17810	72.8	4.25e-128	364
Bra023639	AT5G17820	92.9	1.19e-206	568
Bra023643	AT5G17860	85.1	0	949
Bra023646	AT5G17930	77.6	0	1036
Bra023647	AT5G17970	76.4	0	1109
Bra023653	AT5G18060	80.8	1.04e-50	154
Bra023664	AT5G18110	89.6	2.82e-148	411
Bra023669	AT5G18270	89.3	2.66e-223	610
Bra023673	AT5G18430	89.1	5.83e-231	632
Bra023675	AT5G18460	90.7	7.76e-294	796
Bra023676	AT5G18470	77.1	8.71e-220	607
Bra023677	AT5G18475	80.1	8.8e-159	460
Bra023682	AT5G18540	81.7	2.97e-66	199
Bra023683	AT5G18550	76.9	1.89e-141	412
Bra023684	AT5G18560	77.2	8.39e-164	459
Bra023685	AT5G18570	84	0	1112
Bra023686	AT5G18580	95.2	0	900
Bra023691	AT5G18760	79.7	3.29e-194	542
Bra023692	AT3G06320	98.3	1.98e-36	115
Bra023694	AT5G18820	92.7	0	997
Bra023695	AT5G18830	78.8	0	1271
Bra023698	AT5G18910	81.3	9.11e-278	762
Bra023702	AT5G19090	75.2	5.29e-149	442
Bra023703	AT5G19100	68.1	1.98e-182	512
Bra023705	AT5G19110	70.5	3.19e-188	528
Bra023709	AT5G19151	77.6	8.49e-32	105
Bra023712	AT5G19210	86.7	8.3e-286	780
Bra023713	AT5G19220	92.9	0	942
Bra023715	AT5G19250	74.5	6.36e-96	276
Bra023717	AT5G19260	70.5	4.54e-111	322
Bra023722	AT3G23470	83	5.02e-277	758
Bra023724	AT3G23450	80.4	1.81e-14	74.3
Bra023727	AT3G23430	88.9	0	1350
Bra023729	AT3G23380	71.4	2.37e-73	218
Bra023732	AT3G23340	87.6	5.61e-281	764
Bra023735	AT5G51250	53.1	2.55e-115	339
Bra023740	AT3G23270	85.5	0	1679
Bra023746	AT3G23240	83.3	1.11e-120	340
Bra023748	AT3G23230	87.8	1.75e-76	223
Bra023752	AT3G23200	91.4	5.32e-98	278
Bra023754	AT3G23180	74.7	7.82e-118	333
Bra023756	AT3G23150	85.5	0	1258
Bra023759	AT3G23130	77.1	4.69e-85	249
Bra023761	AT3G23260	52.1	1.67e-106	317
Bra023763	AT3G23100	86.1	2.98e-124	353
Bra023766	AT3G23080	72.2	1.65e-247	681
Bra023777	AT3G23000	85.3	1.1e-249	684
Bra023783	AT3G55760	85.3	6.39e-271	748
Bra023786	AT3G22930	93.9	1.1e-68	205
Bra023790	AT3G22910	90.5	0	1771
Bra023791	AT3G22900	70.3	7.94e-88	254
Bra023796	AT3G22880	91.5	1.6e-216	593
Bra023802	AT3G22820	71.8	2.53e-50	154
Bra023810	AT3G22760	63.3	5.24e-241	677
Bra023811	AT3G22750	93.2	1.27e-268	728
Bra023813	AT3G22640	68	5.09e-234	650
Bra023824	AT3G22450	71.4	1.34e-144	409
Bra023825	AT3G22440	88.9	5.62e-311	848
Bra023826	AT3G22425	87.1	5.83e-154	429
Bra023834	AT5G42300	98.6	5.06e-50	150
Bra023835	AT3G22360	87.2	3.18e-214	586
Bra023836	AT3G22330	87.7	3.72e-314	863
Bra023840	AT3G22260	70.3	1.03e-99	288
Bra023841	AT3G22250	80.5	1.48e-273	747
Bra023842	AT3G22240	72.1	1.12e-24	90.9
Bra023843	AT4G15000	96.3	8.59e-89	253
Bra023849	AT3G22160	84.2	9.39e-80	235
Bra023851	AT3G22110	96.4	1.97e-173	477
Bra023857	AT3G21890	78.6	1.23e-66	196
Bra023858	AT3G21880	69.6	1.79e-153	437
Bra023860	AT3G21810	59.3	6.98e-149	428
Bra023862	AT3G21770	88.1	6.83e-209	573
Bra023871	AT3G21570	79	2.4e-71	209
Bra023872	AT3G21560	84.4	6.59e-303	825
Bra023874	AT3G21550	90.2	6.36e-124	346
Bra023875	AT3G21520	88	9.49e-122	342
Bra023876	AT3G21510	94.8	9.52e-102	288
Bra023885	AT3G21380	73.2	7.31e-272	747
Bra023886	AT3G21370	89.5	0	992
Bra023895	AT3G21215	87.3	3.27e-171	477
Bra023897	AT3G21200	87.8	2.04e-203	558
Bra023899	AT3G21180	93.9	0	1953
Bra023903	AT1G51540	86.4	2.89e-275	748
Bra023904	AT3G21110	92	2.29e-275	748
Bra023908	AT3G21060	88.4	0	955
Bra023919	AT3G20865	84.6	2.18e-22	80.5
Bra023920	AT3G20850	73.2	2.31e-21	82.8
Bra023933	AT3G20740	93.5	6.79e-268	726
Bra023934	AT3G20730	73.9	4.22e-298	819
Bra023935	AT3G20720	90.2	0	2112
Bra023936	AT3G20680	80.9	1.21e-188	523
Bra023937	AT3G20670	95.5	2.69e-82	237
Bra023941	AT3G20580	87.2	0	1243
Bra023942	AT3G20570	76.6	2.7e-95	275
Bra023943	AT3G20557	82.3	7.59e-67	197
Bra023952	AT4G32410	93.5	0	2076
Bra023953	AT4G32330	68.8	1.29e-170	483
Bra023954	AT4G32320	76.6	7.19e-175	486
Bra023955	AT4G32300	82.8	0	1346
Bra023956	AT4G32295	79.2	7.4e-139	389
Bra023957	AT4G32290	84.1	7.14e-243	664
Bra023958	AT4G32280	64.1	2.2e-106	307
Bra023964	AT4G32070	74.6	0	1046
Bra023967	AT4G32020	61	1.92e-63	193
Bra023968	AT4G32010	85.8	0	1272
Bra023969	AT4G31990	95.6	0	865
Bra023971	AT4G31930	78.5	9.64e-134	376
Bra023972	AT4G31920	71.1	5.69e-253	702
Bra023973	AT4G31910	83.4	2.98e-280	764
Bra023975	AT4G31880	57.8	3.04e-223	656
Bra023979	AT4G31860	85	2.36e-237	648
Bra023980	AT4G31850	80.8	9.91e-99	337
Bra023982	AT4G31805	58.9	4.09e-108	316
Bra023984	AT4G31780	83.6	0	906
Bra023985	AT4G31770	85.7	6.62e-265	722
Bra023989	AT5G27100	75.4	0	1276
Bra023995	AT4G31570	72.6	0	2953
Bra023997	AT4G31560	81.2	5.74e-65	193
Bra024000	AT4G31530	81.1	1.47e-180	502
Bra024004	AT4G31510	68.6	7.67e-62	191
Bra024005	AT4G31480	96.8	0	1750
Bra024006	AT4G31470	81.6	1.14e-107	305
Bra024007	AT4G31450	74.3	2.26e-223	622
Bra024013	AT4G31320	81	8.54e-104	296
Bra024014	AT4G31310	81.3	1.08e-99	284
Bra024016	AT4G31230	81.6	0	1171
Bra024017	AT4G31210	74.7	0	1743
Bra024023	AT4G31120	91.4	0	1211
Bra024024	AT4G31115	90.7	8.21e-105	304
Bra024025	AT4G31070	73.5	8.53e-311	853
Bra024029	AT4G30990	72.4	0	3555
Bra024036	AT4G30930	84.4	5.82e-136	384
Bra024039	AT4G30845	72.6	5.99e-56	169
Bra024040	AT4G30840	87.7	9.52e-230	628
Bra024045	AT4G30770	85.4	4.96e-91	261
Bra024046	AT4G30720	90	0	1234
Bra024047	AT4G30710	81.3	2.35e-304	840
Bra024049	AT4G30690	86.9	1.8e-150	421
Bra024051	AT2G24050	68.4	0	940
Bra024052	AT4G30670	65.4	2.74e-19	75.5
Bra024053	AT4G30660	86.1	3.44e-42	131
Bra024059	AT4G30610	86.2	7.21e-248	679
Bra024060	AT4G30600	83.3	0	954
Bra024062	AT4G30580	75.2	1.47e-196	545
Bra024067	AT4G30560	90.3	0	1256
Bra024069	AT4G30520	92.8	0	973
Bra024070	AT4G30510	91.7	7.03e-232	634
Bra024072	AT4G30490	92.9	2.65e-273	746
Bra024073	AT4G30470	94.7	2.87e-213	582
Bra024085	AT4G30320	82.8	1.69e-102	290
Bra024086	AT4G30310	90.7	0	1068
Bra024088	AT4G30280	89.7	1.31e-203	556
Bra024091	AT4G30230	67.9	7.6e-112	322
Bra024098	AT4G12950	62.1	1.32e-59	182
Bra024102	AT4G30170	88.6	5.49e-213	583
Bra024108	AT4G30100	60.6	0	1341
Bra024112	AT4G30020	94.4	0	1560
Bra024114	AT4G29980	69.8	2.89e-75	222
Bra024115	AT4G29930	81.2	1.59e-123	351
Bra024116	AT4G29905	92.5	1.85e-47	144
Bra024117	AT4G29900	92.5	0	1900
Bra024118	AT4G29890	75.1	9.68e-228	628
Bra024119	AT4G29880	73.7	1.97e-116	342
Bra024121	AT4G29850	96.1	2.7e-70	204
Bra024130	AT4G29750	82	0	1003
Bra024134	AT2G25150	82.3	2.7e-276	754
Bra024135	AT4G29740	84	0	884
Bra024142	AT4G29590	85.4	5.4e-193	531
Bra024146	AT4G29370	51.2	8.26e-130	378
Bra024150	AT4G29260	80.5	3.04e-156	434
Bra024151	AT4G29240	78.5	2.97e-107	322
Bra024152	AT4G29230	87.6	6.72e-282	772
Bra024153	AT4G29210	78.9	0	982
Bra024158	AT4G29180	85.1	0	1465
Bra024159	AT4G29170	91.2	9.62e-138	384
Bra024161	AT4G29150	80.5	4.69e-195	543
Bra024162	AT4G29140	88	0	916
Bra024163	AT4G29110	77.9	4.58e-104	298
Bra024167	AT4G29035	75.5	4.67e-87	250
Bra024168	AT4G29030	76	1.31e-30	104
Bra024180	AT4G28830	94.7	8.15e-143	396
Bra024181	AT3G24430	91.5	3.25e-313	866
Bra024182	AT4G28740	81.7	4.15e-190	526
Bra024186	AT4G28700	90.3	0	883
Bra024190	AT4G28570	82.9	0	1200
Bra024192	AT2G18760	77	0	1727
Bra024198	AT4G28485	82	2.91e-123	346
Bra024200	AT4G28470	91.8	0	1470
Bra024202	AT4G28450	87.6	1.68e-294	800
Bra024204	AT4G28410	80.4	2.66e-268	733
Bra024207	AT4G28395	70.4	1.2e-65	197
Bra024209	AT4G32480	81.4	8.46e-168	466
Bra024217	AT4G28220	89	0	989
Bra024218	AT4G28210	80.2	3.62e-186	517
Bra024220	AT4G28160	58.5	4.22e-38	124
Bra024221	AT4G28150	87.7	2.04e-190	523
Bra024230	AT4G28080	81.7	0	2466
Bra024233	AT4G28030	83.3	2.48e-158	440
Bra024235	AT4G28000	87.9	0	1377
Bra024236	AT4G27980	64.4	1.44e-117	353
Bra024238	AT5G63810	89.7	0	1406
Bra024239	AT5G63830	79.5	3.45e-225	621
Bra024240	AT5G63840	94.2	0	1818
Bra024244	AT5G63880	79.8	4.02e-115	328
Bra024245	AT5G63890	93.1	1.27e-306	832
Bra024247	AT5G63910	86.3	3.83e-313	852
Bra024250	AT5G63950	73.9	0	1583
Bra024253	AT5G63960	85.1	0	1939
Bra024254	AT5G63970	90.7	1.27e-248	677
Bra024255	AT5G63980	84.2	1.22e-196	544
Bra024256	AT5G63990	87.5	6.98e-205	565
Bra024257	AT5G64000	85.5	5.75e-209	575
Bra024258	AT5G64010	83.1	6.53e-129	363
Bra024259	AT5G64020	84.8	1.04e-275	750
Bra024260	AT5G64030	75.2	0	1192
Bra024261	AT5G64040	89.4	1.59e-78	231
Bra024262	AT5G64050	87.3	0	1000
Bra024263	AT5G64060	66.4	5.45e-158	446
Bra024264	AT5G64070	89.8	0	1719
Bra024265	AT5G64080	68.4	5.82e-75	222
Bra024267	AT5G64100	85.6	3.88e-203	559
Bra024268	AT5G64110	81.7	9.4e-199	548
Bra024269	AT5G64120	87.5	1.14e-211	580
Bra024271	AT5G64150	80.5	1.22e-203	566
Bra024272	AT5G64160	84.2	6.12e-124	350
Bra024273	AT5G64170	74	1.86e-309	851
Bra024274	AT5G64180	82.3	2.79e-80	234
Bra024275	AT5G64190	88.2	0	900
Bra024276	AT5G64200	87.2	7.35e-95	281
Bra024277	AT5G64240	79	8.85e-207	572
Bra024278	AT5G64250	92.1	1.02e-228	624
Bra024280	AT5G64260	91.1	9.89e-208	568
Bra024282	AT5G64290	92.2	0	937
Bra024283	AT5G64300	91.1	0	925
Bra024285	AT5G64330	86.3	0	1181
Bra024286	AT5G64340	73.6	8.62e-138	393
Bra024289	AT5G64360	66.3	3.98e-197	554
Bra024290	AT5G64370	92.9	5.85e-291	787
Bra024291	AT5G64380	89.2	2.8e-260	709
Bra024292	AT5G64390	67.2	0	986
Bra024294	AT5G64420	79.4	0	1845
Bra024299	AT1G06140	82.2	0	902
Bra024300	AT5G64460	90.8	8.92e-198	541
Bra024301	AT5G64470	84	7.65e-261	711
Bra024302	AT5G64480	77.5	4.59e-94	272
Bra024303	AT5G64500	91.5	0	882
Bra024304	AT5G64510	85.5	1.51e-255	699
Bra024307	AT5G64540	57.7	1.84e-56	193
Bra024308	AT5G64550	86.1	3.66e-169	495
Bra024311	AT5G64570	88.8	0	1410
Bra024312	AT5G64580	95.1	0	1572
Bra024316	AT5G64630	82	1.43e-273	750
Bra024318	AT5G64660	89.8	1.55e-262	716
Bra024319	AT5G64667	83.1	6.76e-42	131
Bra024320	AT5G64670	91.1	4.89e-178	491
Bra024323	AT5G64730	97	4.93e-168	467
Bra024324	AT5G64740	95.2	0	2131
Bra024326	AT5G64770	72.2	3.43e-33	108
Bra024327	AT5G64780	79.7	3.91e-88	255
Bra024328	AT5G64810	79.5	3.31e-104	298
Bra024329	AT5G64813	86.2	7.82e-225	616
Bra024330	AT5G64816	94.5	3.41e-83	239
Bra024331	AT5G64830	76.6	7.8e-171	485
Bra024334	AT5G64880	61.7	8.48e-47	149
Bra024336	AT5G64905	66.7	2.07e-08	47
Bra024337	AT5G64930	66.9	2.04e-215	607
Bra024339	AT5G64940	85.5	0	1228
Bra024340	AT1G69770	60.1	0	962
Bra024342	AT5G64970	85.7	8.26e-255	697
Bra024345	AT5G65010	95.9	0	1118
Bra024346	AT5G65020	94	1.04e-215	589
Bra024347	AT5G65030	77.8	3.67e-101	290
Bra024350	AT5G65060	71.4	1.33e-87	255
Bra024352	AT5G64980	58.5	4.52e-108	318
Bra024353	AT5G65090	87.9	0	931
Bra024355	AT5G65110	91.9	0	1279
Bra024358	AT5G65130	69.1	1.81e-124	355
Bra024360	AT5G65160	87.8	0	989
Bra024362	AT5G65170	65.4	2.88e-130	377
Bra024364	AT5G65207	72.6	4.74e-30	100
Bra024365	AT2G24395	66.7	7.26e-57	172
Bra024366	AT5G65210	91.9	5.34e-246	670
Bra024367	AT5G65220	84.4	2.73e-84	245
Bra024368	AT5G65230	82.3	2.63e-173	481
Bra024369	AT5G65240	85	0	908
Bra024370	AT5G65250	74.3	6.48e-130	370
Bra024372	AT5G65260	93.6	5.22e-145	402
Bra024373	AT4G01710	96.9	1.83e-87	250
Bra024374	AT5G65280	86.5	4.4e-275	749
Bra024381	AT5G65380	88.7	4.35e-316	857
Bra024382	AT5G65410	93.2	3.18e-111	322
Bra024383	AT5G65420	79.8	1.58e-169	472
Bra024384	AT5G65430	96.7	1.66e-160	444
Bra024385	AT5G65440	81.4	0	1759
Bra024386	AT5G65450	76.5	0	1059
Bra024387	AT5G65460	90.9	0	2137
Bra024388	AT5G65470	92.1	0	931
Bra024389	AT5G65480	74.5	7.04e-72	212
Bra024390	AT5G65490	80.8	0	968
Bra024392	AT5G65495	85.7	1.06e-42	134
Bra024393	AT5G65500	84.8	0	1302
Bra024394	AT5G65510	66.2	1.25e-201	566
Bra024396	AT5G65540	80.7	0	893
Bra024397	AT5G65560	78.7	6.36e-145	454
Bra024398	AT5G65570	85	0	1238
Bra024400	AT5G65600	75.2	0	966
Bra024401	AT5G65620	93.3	0	1310
Bra024402	AT5G65630	76.9	2.06e-250	698
Bra024404	AT5G65640	79.1	2.96e-186	518
Bra024407	AT1G12660	67.8	8.53e-50	154
Bra024410	AT5G65690	89.4	0	1233
Bra024411	AT5G65687	87.1	1.06e-312	850
Bra024412	AT5G65685	78.2	2.65e-254	706
Bra024413	AT5G65700	93.7	4.1e-300	858
Bra024415	AT5G65730	92.4	1.84e-204	558
Bra024416	AT5G65740	84.6	5.76e-191	525
Bra024417	AT5G65750	94.6	0	1983
Bra024418	AT5G65760	86.2	0	914
Bra024419	AT5G65790	85.1	3.8e-227	623
Bra024421	AT5G65810	90.8	1.79e-167	462
Bra024422	AT5G65820	83.2	3.2e-198	570
Bra024423	AT5G65860	82.2	2.22e-199	550
Bra024426	AT5G65880	81	3.96e-27	92
Bra024427	AT5G65890	88.4	6.93e-302	821
Bra024428	AT5G65900	85.5	6.71e-298	822
Bra024429	AT5G65910	72.5	1.75e-189	532
Bra024432	AT5G67640	61.3	3.23e-52	165
Bra024433	AT5G67630	96.2	4.33e-314	851
Bra024435	AT5G67610	80.5	1.32e-276	758
Bra024436	AT5G67600	96.3	1.39e-26	92.4
Bra024437	AT5G67590	89.9	3.43e-97	276
Bra024438	AT5G67580	75.7	6.56e-126	360
Bra024439	AT5G67570	80.4	0	1145
Bra024440	AT5G67560	96.7	1.15e-128	358
Bra024441	AT5G67540	87	2.71e-310	842
Bra024442	AT5G67530	91.6	0	1053
Bra024443	AT5G67520	76.3	6.13e-157	439
Bra024445	AT5G67490	81.7	6.79e-46	143
Bra024446	AT5G67480	86.2	7.45e-244	666
Bra024447	AT5G67470	78.4	0	1189
Bra024451	AT2G19050	72.7	2.99e-180	502
Bra024454	AT2G18940	80.8	3.57e-152	465
Bra024455	AT2G18910	88.7	2.74e-68	207
Bra024458	AT2G18740	100	6.41e-57	169
Bra024462	AT2G18540	65.6	2.07e-190	554
Bra024466	AT2G18450	92.9	0	1180
Bra024467	AT1G64030	78.2	2.6e-207	573
Bra024469	AT2G18400	96.1	9.85e-68	197
Bra024475	AT2G18290	92.2	9.31e-132	367
Bra024477	AT2G18193	82.6	1.82e-292	799
Bra024480	AT2G18040	95	2.51e-78	226
Bra024484	AT2G17980	88.1	0	1069
Bra024486	AT2G17930	94.8	0	7141
Bra024487	AT2G17890	90.4	0	1006
Bra024490	AT2G17760	88.3	0	908
Bra024495	AT2G17720	92.8	8.03e-194	532
Bra024497	AT2G17700	92.5	0	999
Bra024498	AT2G17695	88.1	1.18e-137	383
Bra024499	AT2G17660	92.8	6.92e-44	135
Bra024500	AT2G17640	91.5	1.4e-199	549
Bra024503	AT3G58930	55.2	3.39e-111	331
Bra024504	AT2G17620	80.9	1.93e-228	630
Bra024506	AT2G17580	70.1	0	962
Bra024508	AT2G17570	79.3	7.18e-158	440
Bra024510	AT2G17540	57.6	1.42e-60	192
Bra024511	AT2G17520	71	0	1104
Bra024519	AT1G22540	87.7	0	963
Bra024520	AT1G22550	85.7	0	953
Bra024521	AT1G22590	76.3	3.32e-81	236
Bra024523	AT1G22610	90.2	0	1828
Bra024527	AT1G22650	93.8	0	1035
Bra024528	AT1G22660	79.7	0	932
Bra024529	AT1G22670	58.9	3.4e-142	412
Bra024530	AT1G22690	70.2	3.55e-51	157
Bra024531	AT1G22700	86.8	1.18e-174	484
Bra024534	AT1G22730	84.3	0	1105
Bra024535	AT1G22750	85.4	6.07e-143	404
Bra024536	AT1G22770	92	0	2046
Bra024537	AT1G22790	69.8	9.64e-70	211
Bra024538	AT1G22800	87.2	2.15e-223	612
Bra024540	AT1G22830	69.4	0	931
Bra024541	AT1G22840	96.4	1.37e-79	228
Bra024542	AT1G22850	82.4	7.67e-141	401
Bra024543	AT1G22860	87.2	0	1652
Bra024544	AT1G22870	88.4	0	1514
Bra024545	AT1G22882	72.9	1.85e-187	534
Bra024546	AT5G42500	78.9	1.05e-104	298
Bra024547	AT1G22910	85.3	6.32e-139	393
Bra024548	AT1G22920	92.1	1.1e-237	648
Bra024549	AT1G22930	82.4	0	1642
Bra024550	AT1G22940	90.3	0	901
Bra024551	AT1G22950	77	8.28e-218	601
Bra024554	AT1G22960	75	2e-12	67.8
Bra024555	AT1G22970	81.2	1.06e-203	562
Bra024556	AT1G22990	92.1	1.77e-97	276
Bra024557	AT1G23000	67.5	2.75e-122	358
Bra024558	AT1G23010	88.3	0	1073
Bra024560	AT1G23040	73.5	2.7e-43	139
Bra024561	AT1G23050	63.7	7.02e-47	149
Bra024563	AT1G23100	92.9	1.3e-49	151
Bra024565	AT1G23140	78.6	7.92e-89	256
Bra024567	AT1G23170	82.2	0	923
Bra024569	AT1G23200	80.2	0	884
Bra024571	AT1G23210	90.7	0	909
Bra024573	AT1G23230	83.4	0	2619
Bra024582	AT1G23320	75.8	6.72e-211	583
Bra024588	AT1G23330	89.4	7.03999e-319	863
Bra024591	AT1G23380	88.5	1.14e-209	575
Bra024596	AT1G23390	75.8	2.78e-196	546
Bra024597	AT1G23400	82.2	0	901
Bra024603	AT1G23480	93.5	0	1044
Bra024605	AT1G23500	77.3	3.35e-185	514
Bra024608	AT1G23540	85.5	1.13e-292	816
Bra024610	AT1G23670	55.1	4.92e-99	290
Bra024611	AT1G23710	73.4	6.33e-115	333
Bra024614	AT1G23720	89.5	2.29e-23	105
Bra024616	AT1G23740	90.2	7.61e-239	654
Bra024617	AT1G23750	92.7	1.93e-88	253
Bra024618	AT1G23790	75.8	4.32e-246	683
Bra024620	AT1G23820	92.2	2.09e-231	631
Bra024624	AT1G23860	78.2	3.67e-83	244
Bra024625	AT1G23880	76.3	2.61e-254	704
Bra024626	AT1G23890	78.7	1.22e-198	552
Bra024627	AT1G23900	91.8	0	1533
Bra024628	AT1G23980	67.9	8.99e-149	424
Bra024631	AT1G24030	94.7	2.45e-264	717
Bra024632	AT1G24040	74.1	1.13e-158	446
Bra024633	AT1G24095	79.1	5.61e-113	335
Bra024634	AT1G24100	84.1	3.09e-289	788
Bra024635	AT1G24110	82.2	8.74e-198	545
Bra024636	AT1G24120	90	1.01e-249	685
Bra024637	AT1G24130	80	1.44e-226	625
Bra024638	AT1G24140	79.4	3.32e-216	596
Bra024641	AT1G24160	66.2	1.56e-195	555
Bra024644	AT1G27240	50.8	1.42e-46	155
Bra024645	AT1G27220	76.1	2.66e-44	140
Bra024646	AT1G27210	77.3	6.27e-292	808
Bra024647	AT5G10340	59.1	3e-132	385
Bra024649	AT1G27200	86.4	0	990
Bra024650	AT1G27190	92.8	0	967
Bra024652	AT1G27170	75.3	0	1342
Bra024653	AT1G24148	54.5	4.25e-16	67.8
Bra024659	AT1G27130	82.4	3.87e-139	388
Bra024660	AT1G27120	82.3	0	1094
Bra024662	AT1G27100	82.9	3.38e-166	471
Bra024663	AT1G27070	76.3	5e-253	716
Bra024665	AT1G27045	72.5	1.07e-89	262
Bra024666	AT1G27020	83.2	8.53e-190	524
Bra024674	AT1G26940	91.4	2.74e-142	396
Bra024675	AT1G26920	67.8	5.47e-57	176
Bra024677	AT1G26870	83.1	6.2e-247	677
Bra024680	AT1G26830	96.2	0	1380
Bra024681	AT1G22000	63.3	2.16e-177	503
Bra024686	AT1G26770	93.2	9.99e-178	488
Bra024687	AT1G26761	79.9	1.96e-251	692
Bra024688	AT1G26760	81.8	5.07e-319	870
Bra024693	AT1G26700	87.1	0	951
Bra024694	AT1G26690	86.9	1.8e-133	373
Bra024700	AT1G26650	87.5	1.14e-201	555
Bra024701	AT1G26640	90.4	2.23e-215	590
Bra024707	AT1G26580	57.5	6.97e-170	486
Bra024708	AT1G26570	94	0	913
Bra024709	AT1G26560	94.3	0	972
Bra024711	AT1G26520	92	2.12e-241	659
Bra024712	AT1G26500	83.2	1.23e-303	828
Bra024713	AT1G26480	95.5	1.59e-174	481
Bra024714	AT1G26470	81.6	9.6e-71	208
Bra024715	AT1G26460	80.6	0	996
Bra024716	AT1G26440	86.2	8.2e-248	678
Bra024717	AT1G26420	82.9	0	892
Bra024720	AT1G26370	84	0	1163
Bra024721	AT1G26340	87.3	5.35e-83	239
Bra024722	AT1G26330	67.3	0	1618
Bra024723	AT1G26320	89.2	3.14e-232	634
Bra024724	AT1G26270	85.4	0	1034
Bra024725	AT1G26150	75	1.58e-227	657
Bra024732	AT1G25682	91.1	2.36e-196	540
Bra024733	AT1G25580	78.2	7.3e-251	689
Bra024734	AT1G25570	90.4	0	1066
Bra024735	AT1G25560	81.7	8.6e-201	556
Bra024740	AT1G68650	88.7	1.44e-135	379
Bra024743	AT1G25470	51.6	2.85e-64	204
Bra024744	AT1G25460	82.9	3.08e-193	535
Bra024751	AT1G25425	75.8	2.29e-41	130
Bra024756	AT1G25380	82.6	1.47e-208	575
Bra024757	AT1G25375	80.7	1.17e-316	862
Bra024758	AT1G25370	51	8.58e-69	213
Bra024759	AT1G25350	80	0	1243
Bra024761	AT1G25320	87.4	0	906
Bra024767	AT1G25270	78.3	4.14e-200	553
Bra024772	AT1G25240	89.9	2.32e-231	634
Bra024774	AT4G07950	85.8	1.08e-63	187
Bra024775	AT2G03440	73.4	6.93e-76	224
Bra024776	AT2G03390	86.4	6.19e-203	558
Bra024777	AT2G03380	81.7	0	1134
Bra024778	AT2G03360	76.8	3.98e-249	686
Bra024782	AT2G03260	81.4	0	1285
Bra024785	AT2G03220	84.2	0	989
Bra024786	AT2G03210	84.1	0	980
Bra024787	AT2G03200	87.4	5.34e-291	792
Bra024788	AT2G03120	91.6	8.58e-231	629
Bra024792	AT2G03060	81.7	1.1e-215	595
Bra024793	AT2G03050	90.8	4.21e-169	469
Bra024796	AT2G02970	79.4	0	912
Bra024801	AT2G02870	85.6	3.55e-270	739
Bra024802	AT2G02860	87.4	0	1012
Bra024807	AT2G02780	79.8	0	915
Bra024808	AT2G02760	100	6.02e-113	316
Bra024809	AT2G02740	82	1.47e-150	420
Bra024812	AT2G02710	81.5	4.74e-233	640
Bra024816	AT2G02480	86	0	1944
Bra024818	AT2G02450	88.3	5.44e-219	605
Bra024819	AT2G02410	79.6	9.31e-183	507
Bra024820	AT2G02390	86.3	3.1e-137	383
Bra024821	AT2G02370	87.9	2.28e-190	526
Bra024823	AT2G02240	75.8	4.82e-154	432
Bra024828	AT2G02170	77.5	1.63e-167	479
Bra024830	AT1G25150	53.6	7.55e-125	369
Bra024831	AT2G02150	80.4	1.51e-145	443
Bra024833	AT2G02080	82.7	5.88e-292	799
Bra024835	AT1G14590	75.9	2.57e-220	607
Bra024837	AT2G02050	89.3	2.6e-61	181
Bra024838	AT2G02040	95.7	0	1123
Bra024840	AT2G01950	92.8	0	1165
Bra024843	AT2G01910	91.1	0	1031
Bra024844	AT2G01905	83	3.56e-104	298
Bra024846	AT2G01870	65.9	1.73e-68	204
Bra024847	AT2G01860	87.8	4.33e-178	499
Bra024849	AT2G01830	87.3	0	1763
Bra024853	AT2G01735	86.9	2.08e-227	622
Bra024854	AT2G01750	88.2	0	882
Bra024855	AT2G01755	70.7	3.1e-71	212
Bra024857	AT2G01810	68.2	0	929
Bra024858	AT2G01820	78.8	0	1258
Bra024863	AT2G01680	92.3	5.24e-243	676
Bra024864	AT2G01670	94.5	1.15e-127	355
Bra024865	AT2G01660	88.8	3.04e-152	425
Bra024866	AT2G01650	80.2	1.58e-239	661
Bra024871	AT2G01600	87.3	0	969
Bra024872	AT2G01580	82.2	1.17e-96	278
Bra024875	AT2G01570	79.4	0	880
Bra024877	AT2G01540	93.9	1.4e-127	355
Bra024880	AT2G01510	85.2	0	996
Bra024881	AT2G01505	56.4	6.32e-31	105
Bra024882	AT2G01480	92.9	0	1075
Bra024886	AT2G01450	95.7	0	920
Bra024887	AT2G01440	83.4	0	1593
Bra024888	AT2G01430	85.4	2.62e-110	316
Bra024889	AT2G01390	79.9	5.75e-229	644
Bra024891	AT2G01300	74.1	2.36e-74	219
Bra024896	AT2G01220	86.5	4.51e-243	665
Bra024897	AT2G01210	88.3	0	976
Bra024898	AT2G01200	76.7	5.92e-87	252
Bra024899	AT2G01190	74.9	0	941
Bra024901	AT2G01170	92.2	0	937
Bra024903	AT2G01130	83.3	0	1837
Bra024904	AT2G01120	81.1	2.94e-247	678
Bra024905	AT2G01110	85.8	2.11e-200	553
Bra024908	AT2G01070	86.3	4.94e-309	840
Bra024912	AT1G03370	88	0	1752
Bra024914	AT5G47810	87.8	7.76e-296	803
Bra024915	AT5G47800	86.8	0	974
Bra024916	AT5G47790	81.4	6.79e-197	546
Bra024918	AT5G47750	86.1	0	944
Bra024924	AT5G47670	83.8	4.29e-141	394
Bra024927	AT5G47635	80.2	4.14e-90	259
Bra024930	AT5G47590	63.7	1.08e-104	304
Bra024931	AT5G47600	68.5	5.05e-54	166
Bra024933	AT5G47570	93.6	1.8e-83	239
Bra024935	AT5G47550	66.1	6.15e-48	149
Bra024938	AT5G47510	81.6	2.99e-215	594
Bra024940	AT5G47490	76.4	0	1916
Bra024942	AT5G47455	81.8	7.22e-42	132
Bra024943	AT5G47450	90.8	4.18e-157	436
Bra024944	AT5G47440	81.3	1.77e-224	619
Bra024945	AT5G47435	91.7	6.3e-219	598
Bra024946	AT5G47400	84.6	0	1145
Bra024948	AT5G47370	88.1	5.96e-169	468
Bra024949	AT5G47360	78.1	6.48e-129	377
Bra024951	AT5G47310	90.7	3.08e-158	438
Bra024952	AT5G47240	77.9	4.19e-217	598
Bra024955	AT5G47210	56.1	6.72e-68	216
Bra024960	AT5G47150	56.1	6.45e-113	330
Bra024964	AT5G47110	82.8	2.53e-144	411
Bra024965	AT5G47070	82.3	1.71e-235	647
Bra024966	AT5G47060	75.3	1.92e-87	253
Bra024968	AT5G47040	97.6	0	1664
Bra024970	AT4G38150	73.4	1.81e-74	229
Bra024971	AT5G47020	87.6	0	2284
Bra024975	AT1G54620	55.4	3.6e-62	191
Bra024979	AT5G46920	88.3	0	1250
Bra024988	AT5G46870	75.5	2.03e-133	381
Bra024989	AT5G46860	89.3	2.99e-122	349
Bra024990	AT5G46850	70.1	5.86e-135	384
Bra024991	AT5G46840	89	6.71e-197	550
Bra024995	AT5G46790	79.4	6.2e-114	323
Bra024996	AT5G46780	84.1	1.09e-120	342
Bra024998	AT5G46760	76.7	8.13e-267	741
Bra024999	AT5G46750	74	1.73e-168	475
Bra025007	AT5G46690	84.9	7.95e-135	383
Bra025008	AT5G46650	79	1.5e-157	440
Bra025011	AT5G46610	77.6	1.09e-306	840
Bra025013	AT5G46580	87.4	2.98e-311	864
Bra025014	AT5G46570	94.7	0	933
Bra025015	AT3G48770	77.5	0	2656
Bra025016	AT5G46560	76	4.11e-206	571
Bra025017	AT5G46420	84.7	0	1068
Bra025018	AT5G46410	83.9	5.31e-269	736
Bra025019	AT5G46400	73.8	0	1312
Bra025022	AT5G46340	90.2	0	979
Bra025023	AT5G41480	86.8	0	879
Bra025025	AT5G46290	93	0	878
Bra025027	AT5G46250	67	8.8e-166	470
Bra025030	AT5G46220	88.7	1.69e-309	839
Bra025032	AT5G46190	73.1	1.68e-307	851
Bra025033	AT5G46180	91	0	867
Bra025034	AT5G46170	82.9	1.5e-219	605
Bra025037	AT5G46110	90.1	3.61e-259	707
Bra025038	AT5G46100	93.9	1.4e-135	395
Bra025039	AT5G46090	70.3	5.01e-111	316
Bra025041	AT5G46080	81.8	7.32e-186	515
Bra025044	AT5G46020	92.7	7.92e-76	223
Bra025045	AT5G45970	98	1.13e-141	392
Bra025048	AT5G45860	85.4	6.51e-92	264
Bra025052	AT5G45810	89.5	4.97e-309	839
Bra025053	AT5G45800	85.8	0	1073
Bra025054	AT5G45790	82.4	4.62e-243	668
Bra025056	AT5G45780	90.8	0	926
Bra025057	AT2G20142	83.6	5.34e-198	544
Bra025059	AT4G32105	54.2	7.65e-42	134
Bra025062	AT5G45700	82	3.32e-159	443
Bra025063	AT5G45690	86.6	3.49e-163	451
Bra025064	AT5G45670	89.4	6.18e-243	662
Bra025065	AT5G45660	85.9	4.77e-119	337
Bra025066	AT5G45620	94.8	4.05e-264	717
Bra025067	AT5G45610	67.1	9.59e-279	778
Bra025069	AT5G45600	93.8	4.55e-177	487
Bra025071	AT5G45580	87.9	4.03e-165	458
Bra025072	AT5G45540	76.6	0	1178
Bra025073	AT5G45530	76.3	0	1192
Bra025076	AT5G45500	62.7	1.46e-265	751
Bra025078	AT5G45420	67.6	3.2e-122	352
Bra025079	AT5G45390	95.9	5.48e-184	507
Bra025081	AT5G42250	89.7	1.31e-264	719
Bra025085	AT5G45290	70.9	3.24e-238	663
Bra025087	AT5G45190	83.8	6.49e-312	855
Bra025088	AT5G45170	86.5	7.5e-219	602
Bra025089	AT5G45160	88.2	0	1420
Bra025090	AT5G45140	86.1	0	2014
Bra025096	AT5G44990	83.9	1.77e-205	565
Bra025097	AT5G44950	57.4	1.3e-159	457
Bra025098	AT5G44860	88.8	4.93e-189	522
Bra025099	AT5G44840	75	9.8e-217	598
Bra025100	AT5G44820	88.9	9.14e-215	590
Bra025102	AT5G44790	91.3	0	1748
Bra025104	AT5G44785	60.3	8.17e-193	546
Bra025105	AT5G44780	51.4	5.71e-168	500
Bra025106	AT5G44750	78.6	0	1623
Bra025107	AT5G44740	82.6	0	1085
Bra025111	AT5G44720	89.6	1.92e-209	573
Bra025113	AT5G44700	85.1	1.62e-255	761
Bra025114	AT2G03480	91.1	0	1160
Bra025116	AT2G03505	78.2	7.16e-86	248
Bra025117	AT2G03550	69	1.34e-156	439
Bra025121	AT2G03620	93.3	3.39e-276	751
Bra025122	AT2G03640	54	2.12e-131	384
Bra025123	AT2G03667	84.4	0	1008
Bra025125	AT2G03690	95.1	4.19e-163	449
Bra025126	AT2G03710	80.7	8.99e-137	385
Bra025127	AT2G03720	83.2	2.17e-134	376
Bra025130	AT2G03850	65.9	4.59e-41	137
Bra025135	AT2G03800	88	5.31e-207	569
Bra025137	AT2G03810	58.5	2.4e-137	399
Bra025138	AT2G03870	92.8	1.71e-57	177
Bra025139	AT2G03880	87.6	0	1125
Bra025140	AT2G03890	91.9	0	1037
Bra025141	AT2G03980	73.6	4e-199	551
Bra025142	AT2G04030	93.1	0	1416
Bra025145	AT3G25560	68.8	2.63e-296	816
Bra025147	AT3G25585	86.7	1.33e-258	704
Bra025148	AT3G25590	64	1.01e-133	389
Bra025154	AT3G25670	84.8	2.84e-184	523
Bra025156	AT3G25690	87.6	0	1497
Bra025159	AT3G25740	81.5	2.79e-190	546
Bra025161	AT3G25790	68	3.16e-166	468
Bra025162	AT3G25800	95.5	1.12e-120	374
Bra025164	AT3G25830	77.1	0	905
Bra025166	AT3G25855	74.6	7.26e-52	158
Bra025167	AT3G25860	87.7	1.8e-256	706
Bra025168	AT3G25870	64.8	2.53e-62	189
Bra025170	AT3G25890	75.7	2.34e-163	457
Bra025171	AT3G25900	86.6	4.51e-219	600
Bra025173	AT3G25910	65.3	1.13e-137	394
Bra025175	AT3G25950	83.7	3.12e-153	426
Bra025177	AT3G26000	65.3	2.89e-206	576
Bra025179	AT3G26030	90.2	3e-309	839
Bra025180	AT3G26070	88.1	2.43e-152	423
Bra025181	AT3G26090	88.5	5.24e-298	822
Bra025184	AT3G26115	78.3	6.62e-233	641
Bra025185	AT3G26120	75.9	9.87998e-319	875
Bra025186	AT3G26130	84.1	0	962
Bra025187	AT3G26140	80.5	2.68e-312	853
Bra025188	AT3G26160	81.4	1.75e-314	855
Bra025189	AT3G26170	83.8	3.99e-316	859
Bra025191	AT3G26190	91.8	0	915
Bra025193	AT3G26210	80.2	2.96e-299	816
Bra025194	AT3G26220	78.4	3.01e-294	803
Bra025200	AT3G26350	72.8	8.37e-164	461
Bra025202	AT3G26370	95.2	0	1073
Bra025205	AT3G26420	78.5	9.18e-92	269
Bra025206	AT3G26430	83.4	3.68e-241	659
Bra025207	AT3G26440	81.9	1.08e-257	704
Bra025208	AT3G26490	82.5	0	887
Bra025211	AT3G26560	90.3	0	1974
Bra025212	AT3G26570	91.2	0	1014
Bra025213	AT3G26580	89	6.77e-195	540
Bra025214	AT3G26590	90.5	3.85e-257	706
Bra025216	AT3G26610	88.1	2.35e-317	859
Bra025218	AT3G26630	81.7	1.33e-167	474
Bra025220	AT3G26670	96.1	2.51e-294	799
Bra025221	AT3G26680	86.1	6.33e-257	704
Bra025222	AT3G26690	88.1	8.03e-128	357
Bra025223	AT3G26700	93.1	4.35e-246	671
Bra025225	AT3G26720	91.6	0	1874
Bra025226	AT3G26744	84.4	6.93e-279	764
Bra025227	AT3G26750	75	3.46e-265	731
Bra025228	AT3G26760	87	1.13e-181	502
Bra025232	AT3G26840	79.1	0	1097
Bra025233	AT3G26890	80.4	0	963
Bra025234	AT3G26900	78.2	1.43e-130	371
Bra025235	AT3G26910	73.3	7.28e-295	814
Bra025238	AT3G26940	60.5	4.67e-142	412
Bra025239	AT3G26950	84.3	0	958
Bra025240	AT3G26990	81.3	6.05e-275	755
Bra025242	AT3G26960	80.8	5.98e-98	280
Bra025244	AT3G27010	69.8	8.94e-123	353
Bra025245	AT3G27025	60.2	4.86e-102	299
Bra025246	AT3G27030	88.4	3.87e-39	125
Bra025250	AT3G27110	89.8	7.16e-218	597
Bra025251	AT3G27150	76.4	8.57e-227	627
Bra025253	AT3G27170	92.7	0	1444
Bra025254	AT3G27180	89	0	927
Bra025255	AT5G42120	81.9	0	1108
Bra025258	AT3G27210	68.6	1.73e-88	259
Bra025259	AT3G27220	89.8	1.93e-284	772
Bra025261	AT3G27250	80.6	1.29e-164	457
Bra025265	AT3G27310	76.7	5.22e-132	372
Bra025266	AT3G27325	89.7	0	1919
Bra025268	AT3G27330	84.7	0	990
Bra025270	AT3G27350	64	2.38e-87	261
Bra025271	AT3G27355	54.9	2.58e-44	143
Bra025272	AT5G40650	89.7	3.69e-191	524
Bra025273	AT3G27390	85.6	0	993
Bra025274	AT3G27400	91	4.05e-285	773
Bra025277	AT2G46290	81.7	5.27e-214	588
Bra025278	AT3G27460	94.1	4.57e-178	490
Bra025281	AT4G27710	75.2	7.82e-295	806
Bra025282	AT3G27520	61.7	2.28e-68	206
Bra025283	AT3G27530	89.8	0	1525
Bra025284	AT3G27540	88.9	2.11e-270	734
Bra025285	AT3G27550	81.7	2.87e-274	756
Bra025286	AT3G27560	93.8	5.15e-245	667
Bra025287	AT3G27570	84.3	1.12e-213	587
Bra025288	AT3G27580	79.2	4.21e-308	845
Bra025295	AT3G27670	84.5	0	3023
Bra025297	AT3G27690	97.4	5.17e-196	536
Bra025298	AT3G27700	82.1	5.79e-312	872
Bra025303	AT3G27820	91.6	0	891
Bra025304	AT3G27850	79.6	3.8e-86	251
Bra025307	AT3G27870	88.2	0	2051
Bra025308	AT3G27880	72.5	4.95e-92	271
Bra025311	AT3G27920	72.2	2.74e-111	318
Bra025312	AT3G27925	88.5	3.63e-266	727
Bra025313	AT3G27930	81.2	4.65e-255	698
Bra025315	AT3G27960	83.8	0	1046
Bra025317	AT3G28007	89.6	1.23e-153	427
Bra025318	AT3G28030	69.7	0	1750
Bra025319	AT3G28040	85.9	0	979
Bra025320	AT5G40210	55	2.14e-133	387
Bra025321	AT3G28100	81.5	2.18e-195	542
Bra025322	AT3G28150	83.1	2.03e-273	743
Bra025324	AT3G28210	87.2	1.69e-127	355
Bra025325	AT3G28340	85.9	6.57e-236	644
Bra025326	AT3G28345	91.5	0	2175
Bra025327	AT3G28370	83.6	1.75e-83	253
Bra025332	AT3G28420	78.2	4.89e-108	308
Bra025334	AT3G28450	81.1	2.89e-307	845
Bra025336	AT3G28460	82.1	5.35e-177	491
Bra025337	AT3G28470	79.6	2.74e-176	490
Bra025338	AT3G28480	78.5	1.28e-186	516
Bra025339	AT3G28500	84.1	1.07e-33	112
Bra025342	AT3G28570	73.1	2.17e-241	667
Bra025345	AT3G28640	78.6	7.23e-291	798
Bra025346	AT3G28670	81.7	8.97e-280	768
Bra025347	AT3G28700	86.2	4.33e-299	813
Bra025349	AT3G28720	87.9	3.74e-195	553
Bra025350	AT3G28730	84.4	0	971
Bra025352	AT3G28750	52.2	1.49e-65	214
Bra025353	AT3G28760	79.5	4.43e-244	671
Bra025355	AT3G28830	50.6	9.35e-74	245
Bra025356	AT3G28840	58.5	2.25e-66	213
Bra025358	AT3G28857	90.2	9.68e-50	151
Bra025359	AT3G28860	96.9	0	2295
Bra025360	AT3G55160	85	0	3556
Bra025362	AT3G28917	97	3.47e-67	196
Bra025363	AT3G28920	72.6	2.34e-107	316
Bra025364	AT5G48600	83.7	0	1785
Bra025365	AT3G28930	83.9	7.46e-104	294
Bra025368	AT3G28950	81.9	7.49e-97	276
Bra025369	AT3G28960	89.9	1.19e-261	713
Bra025370	AT3G28970	77.4	6.9e-154	431
Bra025371	AT3G29010	88.8	4.99e-170	477
Bra025373	AT3G29034	83.7	1.49e-39	125
Bra025376	AT3G29090	94.6	1.53e-240	652
Bra025377	AT3G29130	60.3	3.5e-59	181
Bra025379	AT3G29160	94.1	0	984
Bra025381	AT3G29180	85.6	1.84e-317	864
Bra025382	AT3G29185	84.6	3.46e-239	655
Bra025383	AT3G29200	87.1	8.36e-205	563
Bra025384	AT3G29230	84.7	9.72e-296	815
Bra025385	AT3G29240	90.6	4.12e-207	567
Bra025388	AT3G29290	61.4	1.66e-155	455
Bra025389	AT3G29300	66.1	1.34e-58	184
Bra025392	AT3G29320	90.1	0	1718
Bra025394	AT3G29350	90.4	1.76e-98	280
Bra025398	AT3G29380	62.8	1.13e-138	396
Bra025400	AT3G29575	70.2	6.65e-100	291
Bra025402	AT3G29635	77	1.17e-255	702
Bra025403	AT3G29670	71.9	3.64e-227	630
Bra025404	AT3G29770	86.3	4.73e-229	629
Bra025406	AT3G29810	87.8	9.51e-301	815
Bra025407	AT3G29970	92	1.53e-55	166
Bra025412	AT5G38880	80.4	0	1179
Bra025413	AT3G30300	89.1	0	1183
Bra025415	AT3G30380	84.4	8.03e-206	570
Bra025416	AT3G30390	91.7	8.41e-299	811
Bra025417	AT3G30460	73.2	1.88e-66	199
Bra025418	AT3G30530	76.9	3.09e-77	227
Bra025419	AT3G30580	73.5	1.31e-51	159
Bra025423	AT3G30841	91.1	0	913
Bra025424	AT3G30842	81.9	0	2303
Bra025426	AT1G17040	79.7	3.36e-179	513
Bra025427	AT5G38970	90.5	1.19001e-319	864
Bra025428	AT5G38940	80.8	3.26e-121	345
Bra025434	AT5G37890	61.9	4.56e-127	362
Bra025437	AT5G37810	87.6	1.23e-177	490
Bra025439	AT5G37770	75.9	1.23e-61	187
Bra025442	AT5G37490	77.6	1.85e-237	654
Bra025443	AT5G37478	95	2.89e-64	191
Bra025446	AT5G37475	80.7	1.29e-107	309
Bra025447	AT3G12340	60.2	1.44e-157	455
Bra025450	AT5G42050	70.8	9.84e-147	417
Bra025451	AT5G42030	84.3	1.56e-124	357
Bra025453	AT5G41980	81.3	1.1e-182	508
Bra025454	AT5G41950	83.9	7.84e-253	725
Bra025455	AT5G41940	79.1	4.77e-314	859
Bra025456	AT5G41920	84.7	1.71e-149	422
Bra025457	AT5G41900	85.2	5.34e-304	826
Bra025458	AT5G41880	86.9	2.15e-296	805
Bra025459	AT4G10320	87.5	0	2112
Bra025460	AT5G41800	92	1.56e-300	815
Bra025466	AT5G41760	94.1	1e-216	593
Bra025479	AT5G41685	73.8	1.91e-31	103
Bra025480	AT5G41670	97.7	0	940
Bra025481	AT2G38860	87.9	5.08e-262	713
Bra025484	AT5G41620	70.2	1.84e-255	714
Bra025485	AT5G41610	90.6	0	1366
Bra025487	AT5G41590	83.8	2.33e-133	373
Bra025488	AT5G39030	67.9	0	970
Bra025490	AT5G41570	80.2	9.32e-97	277
Bra025491	AT5G41560	89.5	4.89e-58	173
Bra025495	AT5G41460	89	0	918
Bra025497	AT5G41410	81.4	5.3e-278	771
Bra025501	AT5G41390	82.3	1.67e-147	413
Bra025502	AT5G41380	70.3	1.2e-133	381
Bra025503	AT5G41370	92.8	0	1387
Bra025504	AT5G41350	79.6	1.69e-97	283
Bra025506	AT5G41330	83.5	4.06e-270	739
Bra025507	AT5G41320	51.3	2e-125	372
Bra025508	AT5G41315	84.6	0	1049
Bra025509	AT5G41310	75.8	0	1303
Bra025510	AT5G41270	62	3.56e-92	272
Bra025512	AT5G41210	84.1	3.79e-146	407
Bra025513	AT5G41190	77.6	0	888
Bra025516	AT5G41170	72.1	1.95e-52	184
Bra025517	AT5G41150	89.9	0	1628
Bra025518	AT5G41140	65.7	0	931
Bra025519	AT5G41120	77.3	0	1071
Bra025520	AT5G41100	79.9	7.88e-294	829
Bra025522	AT5G41080	88.8	1.27e-236	647
Bra025523	AT5G41070	67.6	3.72e-163	461
Bra025524	AT5G41060	84.5	4.52e-254	694
Bra025526	AT5G41050	80.8	4.75e-94	270
Bra025527	AT5G41040	94.1	1.39e-311	843
Bra025528	AT5G41030	59.3	3.21e-62	194
Bra025529	AT5G41020	75.7	2.13e-178	520
Bra025533	AT5G40960	100	3.74e-43	133
Bra025534	AT5G40950	92.9	1.64e-128	359
Bra025535	AT5G40940	61.9	1.12e-146	421
Bra025537	AT5G40870	92.8	0	892
Bra025540	AT5G39880	50.3	2.86e-85	261
Bra025541	AT5G40850	88.2	3.33e-230	630
Bra025542	AT5G40840	63.5	0	897
Bra025543	AT5G38260	63.1	7.9e-273	758
Bra025545	AT5G40800	82.4	4.24e-162	450
Bra025546	AT5G40790	65.8	2.55e-125	360
Bra025547	AT5G40780	93	4.99e-308	833
Bra025548	AT5G40770	96.8	4.58e-181	498
Bra025550	AT5G40740	93.1	0	1294
Bra025551	AT5G40730	61.8	3.67e-16	65.1
Bra025553	AT5G40690	72.6	1.06e-90	265
Bra025554	AT5G40670	91.9	1.69e-184	506
Bra025555	AT5G40660	89	9.27e-205	562
Bra025558	AT5G40630	87.9	2.06e-73	217
Bra025562	AT3G62440	50.9	1.18e-67	216
Bra025563	AT5G40540	90.1	2.68e-233	637
Bra025565	AT5G40530	75.8	3.47e-152	427
Bra025567	AT5G40510	84.8	3.55e-214	588
Bra025568	AT5G40490	90.6	4.1e-146	426
Bra025572	AT5G40470	71	6.38e-227	632
Bra025573	AT5G40460	82.1	5.32e-57	171
Bra025576	AT5G40440	92.9	0	971
Bra025578	AT5G40400	62.7	1.74e-151	452
Bra025579	AT5G40390	87.6	0	1447
Bra025580	AT5G40382	87.7	1.4e-39	124
Bra025584	AT5G40370	77.8	1.04e-51	159
Bra025585	AT3G09120	55.1	8.56e-110	327
Bra025586	AT5G40880	74.4	3.09e-212	592
Bra025589	AT5G40330	75.7	1.57e-125	355
Bra025591	AT5G40320	80.5	0	1032
Bra025592	AT5G40300	83	4.41e-135	382
Bra025593	AT5G40280	78	7.29e-263	722
Bra025594	AT5G40270	86	6.15e-309	839
Bra025595	AT5G40260	72.6	3.31e-118	336
Bra025597	AT5G40250	83.9	8.26e-209	576
Bra025599	AT4G38440	69	0	1852
Bra025600	AT5G40200	89.2	0	994
Bra025602	AT5G40160	77.6	6.94e-109	319
Bra025604	AT5G40150	86.2	1.05e-196	542
Bra025605	AT5G40140	81	9.06e-227	637
Bra025610	AT2G04700	93.2	1.49e-98	279
Bra025612	AT2G04690	69.1	3.27e-97	281
Bra025613	AT5G35410	89.4	1.08e-298	810
Bra025617	AT5G51940	93.1	4.65e-95	270
Bra025618	AT2G04620	81.3	0	996
Bra025620	AT5G40020	84.8	3.51e-172	474
Bra025621	AT5G40030	87.9	3.67e-295	805
Bra025626	AT5G40000	78.6	3.66e-268	735
Bra025627	AT5G39990	85	4.04e-269	734
Bra025629	AT5G39960	79.4	0	922
Bra025630	AT5G39940	86.1	1.13e-298	813
Bra025631	AT5G39910	64.6	1.24e-197	550
Bra025636	AT5G39890	81.6	6.99e-163	452
Bra025637	AT5G39870	61.4	2.97e-74	229
Bra025638	AT5G39865	62.4	5.09e-179	503
Bra025640	AT3G10450	80.2	3.41e-265	727
Bra025642	AT5G39790	79.1	2.76e-141	398
Bra025643	AT5G39785	65.3	1.79e-272	763
Bra025644	AT5G39760	76.9	7.24e-89	268
Bra025651	AT5G39710	89.8	3.64e-150	455
Bra025655	AT5G39660	70.4	5.22e-197	553
Bra025657	AT5G39650	92.6	2.27e-160	443
Bra025659	AT5G39600	95.3	1.86e-84	242
Bra025660	AT5G39590	81.3	0	877
Bra025664	AT5G39530	85.7	1.37e-142	398
Bra025665	AT5G39520	82.9	6.3e-128	359
Bra025668	AT1G18590	88.7	1.14e-236	644
Bra025671	AT1G18600	85.2	8.08e-204	561
Bra025672	AT1G18610	76.8	3.12e-272	751
Bra025674	AT1G18630	75	3.79e-67	200
Bra025675	AT1G18640	90.2	2.6e-191	532
Bra025676	AT1G18660	91.5	1.8e-318	864
Bra025678	AT1G18710	68.5	4.75e-120	343
Bra025682	AT1G18730	90.9	1.77e-114	322
Bra025688	AT1G18835	90.9	6.71e-55	164
Bra025690	AT1G18840	68.4	3.52e-215	608
Bra025691	AT1G18850	76.7	4.1e-211	584
Bra025697	AT1G18900	81.9	2.82e-251	723
Bra025701	AT1G64105	58.3	1.01e-48	154
Bra025702	AT1G18940	86.7	3.15001e-319	870
Bra025705	AT1G18990	82.5	8.7e-295	806
Bra025708	AT1G19050	80.3	2.39e-113	322
Bra025710	AT1G19110	88.2	0	1288
Bra025711	AT1G19140	83.3	4.33e-173	481
Bra025715	AT1G19200	56.4	2.76e-72	219
Bra025720	AT1G19220	83.9	0	1578
Bra025721	AT1G19230	80.7	0	1574
Bra025722	AT1G19240	63	1.76e-33	111
Bra025723	AT1G19250	88.6	0	971
Bra025725	AT1G19270	85	3.88e-307	838
Bra025727	AT1G19310	88.2	5.88e-152	421
Bra025728	AT1G19320	70.4	1.47e-125	355
Bra025731	AT1G19330	88.7	8.26e-150	417
Bra025732	AT1G19340	78.1	4.43e-240	659
Bra025733	AT1G19350	82.8	1.34e-162	457
Bra025734	AT1G19360	91.1	1.57e-281	765
Bra025735	AT1G19370	83.3	0	942
Bra025736	AT1G19390	68.6	0	951
Bra025737	AT1G19430	89.6	0	1241
Bra025740	AT1G19450	95.3	0	894
Bra025741	AT1G19480	72.9	3.59e-176	493
Bra025743	AT1G19490	77	6.41e-232	643
Bra025745	AT1G19510	94	5.75e-61	180
Bra025746	AT1G19520	81.1	0	922
Bra025747	AT1G19530	75	7.96e-59	176
Bra025748	AT1G19540	82.3	3.33e-183	506
Bra025749	AT1G19570	84.5	1.95e-132	370
Bra025751	AT1G19600	91.6	4.17e-237	647
Bra025754	AT1G19650	81.3	0	944
Bra025755	AT1G19660	87.5	1.27e-208	572
Bra025756	AT1G19670	84.3	8.58e-205	562
Bra025757	AT1G19690	82.1	6.27e-206	567
Bra025759	AT1G19710	88.4	7.77e-302	821
Bra025760	AT1G19715	81.2	0	1026
Bra025761	AT1G19720	85.5	0	1279
Bra025762	AT1G19730	85.7	5.26e-71	207
Bra025763	AT1G19740	85.4	1.02e-160	447
Bra025764	AT1G19770	82.1	3.85e-228	627
Bra025768	AT1G19790	79.9	1.56e-162	457
Bra025769	AT1G19800	91.2	1.1e-220	605
Bra025770	AT1G19830	87.5	7.4e-60	179
Bra025772	AT1G19835	76.1	0	1251
Bra025774	AT1G19840	90.2	3.72e-98	278
Bra025777	AT1G19870	66.6	3.22e-273	772
Bra025780	AT1G19900	80.5	0	917
Bra025782	AT1G19920	88.3	5.52e-314	852
Bra025786	AT1G19970	89.7	8.57e-179	492
Bra025787	AT1G19990	80.9	3.42e-45	152
Bra025792	AT1G20100	61	1.15e-92	275
Bra025794	AT1G20132	77.7	3.21e-179	521
Bra025795	AT1G20140	81.8	2.31e-90	259
Bra025798	AT1G20160	87.9	0	1316
Bra025799	AT1G20180	78.4	3.3e-203	564
Bra025801	AT1G20220	70.9	5.25e-94	281
Bra025802	AT1G20225	83.3	2.71e-142	397
Bra025803	AT1G20230	84.2	0	1263
Bra025806	AT1G20300	89.4	1.27e-154	452
Bra025807	AT1G20310	61.6	1.22e-89	265
Bra025811	AT1G20330	91.9	8.61e-252	684
Bra025814	AT1G20370	75.3	4.07e-286	786
Bra025816	AT1G20380	90.2	0	1383
Bra025817	AT1G20410	82.5	1.26e-301	822
Bra025818	AT1G21860	79.8	0	892
Bra025820	AT1G20460	96.2	3.36e-61	181
Bra025821	AT1G20470	79.2	2.88e-76	222
Bra025822	AT1G20480	85.6	0	910
Bra025825	AT1G20540	94.6	1.92e-258	700
Bra025826	AT1G20550	89.3	0	1014
Bra025827	AT1G20560	87.7	0	998
Bra025830	AT1G20580	92.4	2.12e-80	232
Bra025834	AT1G20640	85.3	0	1398
Bra025837	AT1G20670	78.3	5.59e-318	876
Bra025838	AT1G20693	78.2	4.34e-57	174
Bra025839	AT1G20700	82.3	3.35e-107	306
Bra025840	AT1G20720	78.8	0	1978
Bra025844	AT1G20810	85.8	7.74e-141	393
Bra025845	AT1G20816	82	1.3e-103	293
Bra025847	AT1G20830	77.2	3.84e-190	528
Bra025853	AT1G20890	71.2	2.62e-97	282
Bra025856	AT1G20920	84.9	0	1452
Bra025858	AT1G20950	94.8	0	1169
Bra025862	AT1G20970	68.5	0	1431
Bra025863	AT1G20980	81.4	0	1589
Bra025865	AT1G21000	93.9	3.29e-174	478
Bra025866	AT1G21010	81.1	1.46e-110	315
Bra025868	AT1G21050	85.3	3.1e-136	384
Bra025869	AT1G21060	79.6	2.12e-258	712
Bra025872	AT1G21080	81.6	1.61e-242	665
Bra025873	AT1G21090	88.1	2.3e-134	377
Bra025875	AT1G21130	93.8	6.42e-259	703
Bra025881	AT1G21200	72.7	5.68e-167	474
Bra025885	AT1G21280	53.6	3.67e-83	247
Bra025889	AT1G21310	97.6	7.46e-16	78.6
Bra025892	AT1G21326	66.8	1.28e-94	276
Bra025894	AT1G18550	77.8	0	978
Bra025896	AT1G18530	86	5.25e-59	180
Bra025898	AT1G18510	80.6	1.34e-154	429
Bra025900	AT1G18490	85.1	1.51e-180	497
Bra025901	AT4G02655	66.7	2.14e-49	153
Bra025902	AT1G18485	81.2	0	1406
Bra025903	AT1G18480	82.7	2.26e-247	676
Bra025905	AT1G18440	83.2	3.38e-164	457
Bra025906	AT1G18420	80.9	0	893
Bra025908	AT1G18410	74.9	0	1203
Bra025910	AT1G18400	77.5	4.33e-119	340
Bra025911	AT1G18390	80.1	0	1030
Bra025912	AT1G18370	92.1	0	1666
Bra025913	AT1G18340	76.6	3.45e-154	431
Bra025914	AT1G18330	72.6	7.79e-152	431
Bra025920	AT1G18270	91.7	0	2374
Bra025921	AT1G18265	60.1	3.5e-82	247
Bra025922	AT1G18260	91.9	0	966
Bra025923	AT1G18250	89.7	5.22e-168	462
Bra025924	AT1G18210	82	6.44e-91	261
Bra025925	AT1G18190	80.8	3.14e-310	857
Bra025926	AT1G18180	88.4	1.35e-195	537
Bra025927	AT1G18160	86.4	0	1538
Bra025929	AT1G18150	88.5	0	1001
Bra025933	AT1G18030	78.5	8.39e-199	551
Bra025936	AT1G17940	93.8	4.17e-278	754
Bra025937	AT1G17930	93.8	0	888
Bra025938	AT1G17920	82.5	0	1107
Bra025939	AT1G17890	90.9	2.96e-221	604
Bra025940	AT1G17880	89.8	1.28e-91	263
Bra025941	AT1G17870	90.9	0	947
Bra025942	AT1G17860	74.4	5.01e-105	299
Bra025943	AT1G17850	76.9	5.11e-244	671
Bra025946	AT1G17820	76	0	1063
Bra025951	AT1G17750	81.3	4.08e-207	645
Bra025953	AT1G17710	87.7	4.08e-181	499
Bra025955	AT1G17680	78.4	0	1180
Bra025957	AT1G17665	76	1.47e-127	367
Bra025958	AT1G17650	93.9	1.37e-221	607
Bra025960	AT1G17630	78.9	0	1140
Bra025962	AT1G17615	82.5	3.41e-220	606
Bra025964	AT1G17550	86.8	2.26e-312	850
Bra025968	AT1G17510	61.7	2.28e-32	110
Bra025969	AT1G17490	76.5	7.26e-27	92.8
Bra025971	AT1G17480	80.3	2.8e-193	537
Bra025972	AT1G17470	97.2	1.06e-282	765
Bra025973	AT1G17460	61.7	6.87e-238	671
Bra025974	AT1G17455	96.5	5.38e-73	212
Bra025975	AT1G17440	71.4	1.84e-249	703
Bra025976	AT1G17400	85.2	1.31e-166	463
Bra025979	AT1G17360	68.6	0	1176
Bra025980	AT1G17350	76.2	8.6e-118	333
Bra025981	AT1G17345	79.1	9.62e-69	202
Bra025983	AT1G17330	87.7	4.16e-125	352
Bra025986	AT1G17280	90.1	7.43e-152	421
Bra025988	AT1G17230	90	1.09e-249	738
Bra025990	AT1G17210	86.8	0	1574
Bra025991	AT1G17200	85.3	1.18e-124	350
Bra025995	AT1G17170	83.5	1.3e-134	376
Bra025996	AT1G17160	82.8	2.55e-208	576
Bra025999	AT1G17145	75.2	3.94e-161	452
Bra026004	AT1G17100	84.6	6.91e-142	395
Bra026005	AT1G17060	91.4	2.1e-196	549
Bra026006	AT1G17050	89.2	8e-261	712
Bra026007	AT1G17030	85.9	0	927
Bra026011	AT1G16980	78.1	0	1342
Bra026012	AT1G16970	88.7	0	1014
Bra026013	AT1G16950	72.3	1.85e-41	130
Bra026014	AT1G16930	73.5	7.11e-227	629
Bra026016	AT1G16920	97.2	1.52e-151	419
Bra026017	AT1G16900	91.2	0	1058
Bra026018	AT1G78870	98.7	1.21e-108	305
Bra026019	AT1G16880	90.3	5.41e-180	496
Bra026020	AT1G16870	86	7.37e-279	763
Bra026022	AT1G16850	69.7	2.32e-59	180
Bra026025	AT1G16810	78.6	4.02e-66	196
Bra026026	AT1G16790	82.8	1.16e-74	219
Bra026028	AT1G16740	97.6	4.06e-85	243
Bra026029	AT1G16720	84	0	988
Bra026032	AT1G16670	86.9	3.36e-239	655
Bra026033	AT1G16650	82.8	4.21e-309	842
Bra026034	AT1G16640	73.2	7.14e-34	112
Bra026035	AT1G16630	59.2	7.23e-242	697
Bra026041	AT1G16540	85.2	0	1444
Bra026043	AT1G16520	82.2	2.36e-174	486
Bra026044	AT1G16510	85	2.16e-85	246
Bra026045	AT4G12640	74.3	0	1120
Bra026056	AT1G16440	86.3	1.92e-270	741
Bra026057	AT1G07950	90.7	2.73e-76	224
Bra026058	AT1G16410	84.2	0	932
Bra026059	AT1G16380	85.9	0	1321
Bra026062	AT1G16370	85.7	6.55e-317	862
Bra026064	AT1G16350	95.4	0	935
Bra026066	AT1G16320	79.9	1.49e-156	436
Bra026067	AT1G16310	94.7	1.23e-272	741
Bra026068	AT1G16300	91.7	1.43e-273	744
Bra026069	AT1G16290	87.9	1.8e-290	789
Bra026072	AT1G16270	78.7	0	1586
Bra026075	AT1G16220	84.4	1.03e-287	786
Bra026076	AT1G16190	83.7	1.89e-205	568
Bra026081	AT1G16070	86.9	5.13e-243	665
Bra026082	AT1G16060	85.1	3.2e-202	557
Bra026084	AT1G16030	93.5	0	1180
Bra026085	AT1G16010	94.6	2.43e-285	776
Bra026086	AT1G15990	93.3	0	1298
Bra026087	AT1G15980	89.5	7.4e-309	837
Bra026090	AT1G15950	93.9	1.45e-235	642
Bra026094	AT1G15890	66.9	0	1082
Bra026096	AT1G15870	81.5	1.26e-140	393
Bra026098	AT1G15825	67.7	1.83e-29	113
Bra026099	AT1G15820	94.6	1.39e-177	488
Bra026100	AT1G15810	61.7	2.03e-149	430
Bra026101	AT1G15800	77.5	6.24e-80	237
Bra026107	AT1G44414	87.1	2.57e-67	198
Bra026110	AT1G15760	79.8	3.02e-110	313
Bra026113	AT1G15740	96.2	2.36e-146	434
Bra026114	AT1G15730	83.6	2.42e-241	665
Bra026117	AT1G15660	57.3	4.91e-199	578
Bra026119	AT1G15600	59.3	2.03e-71	221
Bra026120	AT1G15570	81.6	1.66e-251	692
Bra026122	AT1G15550	88.9	6.7e-240	654
Bra026123	AT1G15540	86.2	5.43e-211	578
Bra026124	AT1G15520	94	0	2654
Bra026125	AT1G15510	90.1	0	1592
Bra026126	AT1G15500	92.2	0	1095
Bra026127	AT1G15490	86.8	0	1059
Bra026128	AT1G15480	72.6	1.52e-295	828
Bra026131	AT1G15420	78.4	1.47e-122	350
Bra026132	AT1G15415	76.4	1.52e-46	144
Bra026133	AT1G15410	83.5	5.36e-196	540
Bra026138	AT1G15380	88.5	1.35e-113	319
Bra026139	AT1G15370	95.9	1.89e-100	284
Bra026142	AT1G15350	78.4	3.5e-84	243
Bra026143	AT1G15330	72.8	4.02e-179	499
Bra026144	AT1G15320	81.4	3.19e-149	420
Bra026147	AT1G15290	77	0	2034
Bra026151	AT1G15260	73.4	8.43e-88	254
Bra026153	AT1G15230	72	2.7e-68	203
Bra026155	AT1G15215	75	2.65e-131	371
Bra026156	AT1G15210	89.4	0	2589
Bra026158	AT1G15200	70.8	5.98e-193	542
Bra026159	AT1G15190	69.2	3.79e-104	301
Bra026160	AT1G15170	84.8	1.46e-293	800
Bra026162	AT1G15130	85.4	0	1340
Bra026163	AT1G15125	81.9	1.24e-206	571
Bra026164	AT1G15120	62.1	1.64e-42	136
Bra026165	AT1G15100	77.7	1.32e-67	201
Bra026166	AT1G15050	63.2	1.14e-63	193
Bra026168	AT1G15030	72.9	1.56e-169	474
Bra026170	AT1G15010	72.5	2.48e-67	200
Bra026171	AT1G15000	87.4	4.7e-283	771
Bra026176	AT1G14960	83	1.35e-96	275
Bra026179	AT1G14910	81.9	3.98998e-319	885
Bra026182	AT1G14860	89.1	7.76e-112	315
Bra026186	AT1G14810	93.9	2.8e-254	692
Bra026187	AT1G14790	86.8	0	1927
Bra026189	AT1G14770	60.4	1.59e-165	470
Bra026190	AT1G14760	77.3	1.94e-46	147
Bra026191	AT1G14750	70.2	8.82e-245	684
Bra026192	AT1G14740	82.6	0	1081
Bra026194	AT1G14710	65.4	5.18e-261	728
Bra026195	AT1G14686	80.5	7.35e-155	438
Bra026197	AT1G14660	86.9	0	1254
Bra026199	AT1G14630	79.7	1.41e-117	333
Bra026200	AT1G14610	88.4	0	1968
Bra026205	AT1G14570	83.6	2.27e-251	692
Bra026207	AT1G14540	90.9	2.46e-200	550
Bra026208	AT1G14530	93	3.34e-190	523
Bra026209	AT1G14520	88.2	2.65e-196	541
Bra026215	AT1G14480	70.7	1.59e-176	499
Bra026217	AT1G14460	69.9	0	1349
Bra026218	AT1G14450	93.2	1.41e-45	140
Bra026223	AT1G14390	87.1	0	1023
Bra026228	AT1G30650	75.2	2.68e-206	573
Bra026229	AT1G30690	69.6	1.47e-227	637
Bra026231	AT4G17170	99.1	5.13e-152	419
Bra026232	AT4G17180	89.4	0	870
Bra026233	AT4G17210	73.7	2.06e-221	621
Bra026234	AT4G06599	84.2	6.09e-203	559
Bra026236	AT4G17220	84.2	7.62e-262	722
Bra026237	AT4G17230	87.1	0	919
Bra026238	AT4G17240	84.8	6.31e-186	516
Bra026239	AT2G31290	85.3	9.94e-256	699
Bra026242	AT4G17280	91.8	6.6e-254	692
Bra026245	AT4G17340	96.8	8.62e-168	462
Bra026246	AT4G17350	87.6	1.71e-242	664
Bra026247	AT4G17360	94.5	8.39e-230	626
Bra026248	AT4G17410	71.3	0	988
Bra026250	AT4G17420	94.4	1.56e-192	528
Bra026251	AT4G17430	81	3.17e-307	837
Bra026255	AT4G17460	89.4	2.4e-165	459
Bra026257	AT4G17480	70.2	6.01e-149	419
Bra026260	AT4G28380	88.9	5.83e-144	414
Bra026265	AT4G28330	89.9	2.57e-90	264
Bra026266	AT4G28320	87	1.34e-294	798
Bra026268	AT4G28300	75.4	3.43e-203	572
Bra026270	AT4G28280	85.6	2.1e-94	270
Bra026271	AT4G28270	81.6	1.4e-118	333
Bra026272	AT4G28250	92.7	2.14e-182	501
Bra026274	AT4G28230	72.5	4.76e-170	480
Bra026276	AT4G28190	79.1	3e-159	441
Bra026277	AT4G28180	52.5	1.93e-40	139
Bra026278	AT4G28170	62	3.03e-28	99.4
Bra026281	AT4G28110	84	1.87e-168	467
Bra026282	AT4G28100	87.5	4.37e-192	528
Bra026283	AT4G28088	96.1	1.71e-52	157
Bra026284	AT4G28085	75	2.19e-30	102
Bra026286	AT4G28070	91.2	4.97e-307	833
Bra026287	AT5G57815	96.2	5.86e-58	171
Bra026288	AT4G28050	89.4	1.45e-184	506
Bra026289	AT4G28040	86.4	4.65e-222	609
Bra026290	AT4G28025	78.8	2.99e-72	219
Bra026298	AT4G27940	80	1.98e-241	663
Bra026299	AT4G27920	80.4	5.71e-106	301
Bra026302	AT4G27870	61.5	2.06e-282	796
Bra026303	AT4G27860	55.7	9.28e-195	560
Bra026305	AT4G27810	84.3	2.53e-110	313
Bra026306	AT4G27790	86.2	1.5e-216	594
Bra026307	AT4G27780	83.7	2.27e-171	481
Bra026308	AT4G27760	89.9	7.04e-250	681
Bra026309	AT4G27750	94.8	1.71e-206	565
Bra026310	AT4G27745	95.3	2.59e-71	214
Bra026311	AT4G27730	96.1	0	1434
Bra026313	AT4G27720	93.9	9.61002e-319	862
Bra026314	AT4G27700	86	5.64e-131	367
Bra026315	AT4G27690	94.7	7.36e-216	588
Bra026317	AT4G27670	89.4	7.28e-111	317
Bra026323	AT4G27657	87.1	1.77e-34	110
Bra026325	AT1G54520	75.8	1.25e-186	521
Bra026330	AT4G27630	91.7	9.84e-310	841
Bra026331	AT4G27620	78.5	4.67e-171	477
Bra026332	AT1G77405	90.5	8.65e-243	669
Bra026334	AT4G27610	79.9	3.35e-179	498
Bra026335	AT4G27600	83.4	1.48e-267	733
Bra026336	AT4G27590	84.5	5.53e-78	234
Bra026340	AT4G27540	90.9	5.34e-131	369
Bra026341	AT4G27520	66.1	4.47e-65	208
Bra026342	AT4G27510	64.4	1.1e-307	856
Bra026343	AT4G27500	67	9.41e-251	703
Bra026344	AT4G27490	92.6	1.04e-169	468
Bra026346	AT4G27470	81.4	1.16e-139	391
Bra026347	AT4G27460	80.5	1.53e-212	587
Bra026349	AT4G27440	94.4	4.26e-261	711
Bra026350	AT4G27435	96	2.74e-117	328
Bra026351	AT4G27430	73.3	0	1252
Bra026355	AT4G27370	64.2	0	1467
Bra026356	AT4G27360	90.6	6.11e-62	183
Bra026357	AT4G27350	89	4.56e-178	491
Bra026358	AT4G27340	88.5	0	1055
Bra026359	AT4G27330	65.2	5.4e-119	345
Bra026362	AT4G27300	83.8	1.52e-290	805
Bra026363	AT4G27290	84.5	0	1429
Bra026366	AT4G27240	80.1	2.12e-225	623
Bra026367	AT4G27230	97.7	8.37e-83	238
Bra026368	AT4G27190	65.5	0	1201
Bra026371	AT4G27180	82.1	0	1102
Bra026376	AT4G27130	99.1	5.4e-77	222
Bra026377	AT4G27120	84.5	1.91e-97	288
Bra026379	AT4G27100	89.8	1.5e-295	801
Bra026382	AT4G27060	75.9	0	1385
Bra026385	AT4G27020	92.4	0	945
Bra026386	AT4G27010	70.8	0	3369
Bra026388	AT4G26990	67.8	1.04e-199	561
Bra026391	AT5G62370	80.1	2.53e-318	901
Bra026395	AT4G26890	75.8	4.76e-224	622
Bra026396	AT4G26860	88.6	1.89e-159	441
Bra026398	AT4G26850	90.5	1.19e-296	804
Bra026400	AT4G26810	92.2	1.03e-63	187
Bra026401	AT4G26800	59.4	2.27e-46	169
Bra026402	AT4G26790	88.6	1.7e-236	645
Bra026404	AT4G26770	78.3	2.5e-251	690
Bra026406	AT4G26750	77	3.65e-203	566
Bra026407	AT4G26740	92.7	2.83e-175	481
Bra026408	AT4G26700	90.8	0	1160
Bra026409	AT4G26690	79.4	0	1166
Bra026412	AT4G26670	83.4	6.99e-113	320
Bra026415	AT4G26630	60.7	7.65e-111	356
Bra026416	AT4G26620	87.9	1.61e-193	538
Bra026417	AT4G26610	85	7.68e-304	828
Bra026418	AT4G26600	69.9	6.9e-270	756
Bra026419	AT4G26590	87.7	0	1374
Bra026420	AT4G26580	83.4	1.66e-205	565
Bra026423	AT4G26550	92	7.79e-136	380
Bra026425	AT4G26540	85.9	1.98e-272	788
Bra026426	AT4G26530	94.7	2.45e-244	665
Bra026427	AT4G26510	93.2	0	894
Bra026428	AT4G26500	80.3	1.24e-194	540
Bra026429	AT4G26490	76.6	5.13e-133	376
Bra026430	AT4G26485	82.2	6.46e-123	346
Bra026431	AT4G26480	94.4	1.04e-194	536
Bra026432	AT4G26470	90.5	3.45e-141	396
Bra026434	AT4G26455	60.6	7.33e-161	464
Bra026438	AT4G26440	68.6	5.49e-247	688
Bra026439	AT4G26430	86.5	1.12e-199	549
Bra026440	AT4G26420	77.5	9.41e-203	561
Bra026443	AT4G26410	85.2	1.07e-144	405
Bra026444	AT4G26400	72.9	9.81e-161	454
Bra026445	AT4G26370	91.4	1.07e-192	530
Bra026446	AT4G26340	64.5	1.23e-176	499
Bra026448	AT4G26320	86.4	2.95e-25	87.4
Bra026449	AT4G26300	86.5	0	1061
Bra026450	AT4G26280	79.8	3.19e-192	530
Bra026452	AT4G26270	97.1	0	960
Bra026453	AT4G26220	86.5	1.37e-141	401
Bra026456	AT4G26200	95.1	2.84e-318	860
Bra026457	AT4G26180	92.4	3.75e-217	594
Bra026460	AT4G26160	77.8	1.59e-106	305
Bra026463	AT5G24260	87.3	0	1334
Bra026465	AT5G24150	84.3	2.47e-315	858
Bra026468	AT5G24100	78.2	1.03e-266	743
Bra026469	AT5G24090	85.1	1.89e-199	547
Bra026472	AT5G23970	78	3.71e-233	643
Bra026474	AT5G23950	80.7	3.71e-81	243
Bra026475	AT5G23920	87.9	8.5e-144	400
Bra026481	AT5G23810	82.8	1.9e-287	783
Bra026485	AT5G23730	97	3.06e-147	413
Bra026490	AT5G23575	91.9	0	1106
Bra026493	AT5G23535	99.4	1.11e-116	326
Bra026494	AT5G23530	82.4	4.14e-213	584
Bra026498	AT5G23420	75.4	1.4e-76	231
Bra026501	AT5G23380	55.7	4.58e-102	300
Bra026504	AT5G23300	93.7	1.51e-312	846
Bra026509	AT3G25730	77.7	7.4e-167	467
Bra026510	AT3G25710	82.2	7.01e-184	511
Bra026511	AT3G25700	87.4	5.16e-291	791
Bra026513	AT3G25640	87.7	1.09e-145	409
Bra026514	AT3G25620	90.9	0	1185
Bra026515	AT3G25610	94.8	0	2232
Bra026516	AT3G25597	79.9	2.08e-80	234
Bra026521	AT3G25545	82.2	2.19e-149	417
Bra026522	AT3G25540	83.3	4.42e-187	516
Bra026526	AT2G04025	59.3	2.49e-26	92.8
Bra026531	AT2G03840	79.8	3.6e-144	403
Bra026532	AT2G03830	55.9	2.72e-25	91.7
Bra026541	AT2G03740	68.8	9.99e-43	141
Bra026542	AT2G03730	91.7	1.33e-297	808
Bra026547	AT2G03590	94.1	6.03e-268	728
Bra026548	AT2G03500	83.8	3.06e-210	585
Bra026550	AT2G03450	81.8	0	1107
Bra026552	AT2G03420	85.6	6.98e-106	300
Bra026553	AT2G03350	96.1	1.7e-123	345
Bra026554	AT2G03340	75.6	1.01e-251	695
Bra026555	AT2G03030	70.1	2.16e-83	246
Bra026558	AT2G03300	79.7	1.45e-83	245
Bra026561	AT5G67090	80.6	0	1180
Bra026569	AT2G03090	95.3	2.82e-172	473
Bra026570	AT2G02990	87.8	1.02e-158	438
Bra026571	AT2G02980	80.9	0	980
Bra026573	AT2G02910	83.4	1.39e-301	820
Bra026574	AT2G02880	80.8	2.39e-171	477
Bra026577	AT2G02850	84.5	1.83e-78	227
Bra026578	AT2G02820	81.6	6.99e-250	689
Bra026580	AT2G02800	83.4	9.02e-279	761
Bra026581	AT2G02790	73.7	4.64e-235	662
Bra026583	AT2G02720	84.1	8.02e-295	801
Bra026585	AT2G02570	85.6	3.06e-176	488
Bra026586	AT2G02560	95.4	0	2197
Bra026589	AT2G02540	63.5	3.14e-103	303
Bra026590	AT2G02510	98.6	6.69e-50	150
Bra026591	AT2G02500	90.3	6.57e-168	466
Bra026598	AT5G18020	84.7	7.52e-53	159
Bra026600	AT2G02400	88.8	2.54e-213	583
Bra026607	AT1G79890	81.7	0	1302
Bra026609	AT2G02230	66.6	3.25e-147	417
Bra026610	AT2G02220	76.8	0	1007
Bra026611	AT2G02180	93.7	6.94e-205	561
Bra026613	AT2G02160	65.7	1.37e-216	618
Bra026618	AT2G02060	67.4	5.38e-89	264
Bra026620	AT2G02020	76.8	2.36e-314	857
Bra026621	AT2G02010	95.7	0	949
Bra026622	AT2G01990	79.6	1.17e-106	305
Bra026626	AT2G01900	82.7	5.27e-267	728
Bra026627	AT2G01880	87.7	3.94e-210	576
Bra026630	AT2G01850	88	3.11e-223	610
Bra026634	AT2G01770	91.6	1.63e-156	434
Bra026635	AT2G01760	66.5	1.3e-163	464
Bra026637	AT2G01730	90.7	0	1133
Bra026638	AT2G01720	90.3	1.42e-305	829
Bra026639	AT2G01710	78.3	4.62e-172	480
Bra026641	AT2G01690	91.1	0	1221
Bra026643	AT2G01640	78.3	6.25e-74	218
Bra026644	AT2G01630	93	0	910
Bra026645	AT2G01620	77	5.13e-148	416
Bra026649	AT2G01590	69.8	2.17e-71	212
Bra026653	AT2G01520	92.1	2.46e-107	301
Bra026659	AT2G01490	89	2.48e-190	522
Bra026663	AT5G50550	74.7	4.95e-191	533
Bra026664	AT2G01460	93.6	0	1728
Bra026669	AT2G01420	88.9	0	945
Bra026670	AT2G01400	78.9	2.2e-72	213
Bra026671	AT2G01350	90.1	4.03e-221	606
Bra026672	AT2G01340	82.4	1.18e-110	315
Bra026674	AT1G17310	69.3	1.06e-96	280
Bra026676	AT1G17285	72.2	3.88e-35	117
Bra026684	AT1G17180	85.4	1e-142	397
Bra026686	AT1G17140	76.9	1.12e-131	379
Bra026687	AT1G17130	87.6	3.8e-192	531
Bra026688	AT1G17120	93.3	0	1055
Bra026689	AT1G17090	75.8	2.94e-38	122
Bra026691	AT1G17070	84.8	0	1358
Bra026693	AT1G17020	86	8.92e-231	631
Bra026697	AT1G16940	54.4	1.07e-148	429
Bra026699	AT1G16916	79.7	1.11e-30	102
Bra026702	AT1G16840	85.3	4.31e-76	223
Bra026706	AT1G16800	82.5	0	3459
Bra026708	AT1G16710	73.6	0	2269
Bra026712	AT1G16610	74	8.65e-61	202
Bra026713	AT1G16590	86.1	2.77e-122	344
Bra026714	AT1G16570	88.4	1.11002e-319	866
Bra026715	AT1G16560	85.8	1.7e-232	634
Bra026716	AT1G16530	80	3.87e-97	277
Bra026718	AT1G16500	63.9	1.73e-90	267
Bra026720	AT1G16490	78.3	1.44e-147	414
Bra026721	AT1G16445	75.7	1.07e-149	420
Bra026722	AT1G16360	93.4	1.04e-214	603
Bra026724	AT1G16280	86.8	9.32e-292	796
Bra026727	AT1G16240	89.1	3.96e-137	384
Bra026729	AT1G16180	94.9	7.14e-292	790
Bra026730	AT1G16170	82.8	8.29e-49	149
Bra026731	AT1G16160	75.3	0	1081
Bra026732	AT1G16150	80.2	0	1235
Bra026733	AT1G16080	89.8	1.17e-202	556
Bra026734	AT1G16040	69	2.88e-119	338
Bra026735	AT1G16020	83.4	7.57e-297	810
Bra026738	AT1G15940	59.9	8.53e-240	702
Bra026741	AT1G15880	96	6.54e-143	397
Bra026742	AT1G15860	84.5	2.63e-137	384
Bra026750	AT1G15757	62.1	2.78e-26	92
Bra026751	AT1G15750	96.8	0	2174
Bra026752	AT1G15710	90	1.5e-224	615
Bra026753	AT1G15670	79.7	1.22e-219	603
Bra026755	AT1G15580	82.4	1.39e-92	265
Bra026758	AT1G15530	83.7	0	1086
Bra026761	AT1G15430	73	2.32e-132	373
Bra026765	AT1G15400	81.4	1.98e-69	205
Bra026766	AT1G15390	86.9	7.21e-160	444
Bra026774	AT1G15270	95.3	3.37e-33	107
Bra026776	AT1G15240	80.9	0	1539
Bra026780	AT1G15110	85.5	3.36e-43	147
Bra026782	AT1G15080	93.1	5.28e-206	563
Bra026784	AT1G15040	82.3	9.8e-220	605
Bra026786	AT1G15020	84.6	0	927
Bra026788	AT1G14990	89.3	1.86e-84	242
Bra026790	AT1G14970	88.1	0	996
Bra026796	AT1G14870	86.8	1.36e-102	290
Bra026798	AT1G14850	90	0	2537
Bra026800	AT1G14840	88.3	1.54e-301	830
Bra026801	AT1G14830	97.6	0	1170
Bra026803	AT1G14820	83.3	4.71e-146	408
Bra026804	AT1G14780	88.6	0	1142
Bra026808	AT1G14730	94.2	4.16e-153	423
Bra026809	AT1G14720	87.7	5.9e-215	588
Bra026811	AT1G14690	86.3	0	963
Bra026812	AT1G14687	83.7	2.45e-89	258
Bra026813	AT1G14685	84.8	2.19e-157	439
Bra026818	AT1G14600	64.1	1.55e-99	290
Bra026819	AT1G14580	82.6	3.59e-242	669
Bra026826	AT1G14500	80.8	1.02e-210	586
Bra026828	AT1G14453	74.2	3.08e-10	52.4
Bra026830	AT1G14440	84.9	1.54e-160	449
Bra026831	AT1G14430	88.3	0	1025
Bra026832	AT1G14420	83.4	1.24e-300	816
Bra026833	AT1G14400	100	1.21e-112	315
Bra026834	AT1G14370	86.7	6.47e-250	685
Bra026838	AT1G14330	75.1	7.58e-221	611
Bra026840	AT1G14260	74.8	3.21e-131	371
Bra026846	AT1G14220	74.2	5.21e-135	378
Bra026847	AT1G14210	85.7	3.66e-169	466
Bra026848	AT1G14205	89.1	9.74e-101	286
Bra026850	AT1G14190	88.1	0	898
Bra026851	AT1G14180	75.6	1.23e-182	507
Bra026852	AT1G14170	86.8	2.44e-293	800
Bra026853	AT1G14160	88.6	7.6e-106	302
Bra026855	AT1G14140	87	2.01e-192	530
Bra026859	AT1G14100	80.9	9.6e-305	831
Bra026865	AT1G14030	86.2	4.04e-304	827
Bra026866	AT1G14010	84.4	6.03e-131	366
Bra026867	AT1G14000	91.7	7.56e-309	836
Bra026874	AT1G13900	84.8	0	1173
Bra026880	AT1G13830	70.8	1.05e-66	202
Bra026881	AT1G13810	66.3	7.09e-150	421
Bra026886	AT1G13780	58.7	7.21e-163	468
Bra026890	AT1G13750	87.5	0	1138
Bra026891	AT1G13740	72.8	1.58e-153	433
Bra026893	AT1G13700	90.3	1.55e-179	494
Bra026896	AT1G13600	80.5	4.45e-69	208
Bra026897	AT1G13590	78	2.02e-38	122
Bra026898	AT1G13580	95.5	9.3e-217	591
Bra026899	AT1G13560	90.2	1.04e-252	689
Bra026900	AT1G13550	83.7	7.85e-248	677
Bra026902	AT1G13470	76.8	2.48e-218	601
Bra026904	AT3G04120	96.2	2.75e-240	653
Bra026916	AT1G13270	87.9	2.19e-234	641
Bra026919	AT1G13210	92.2	0	2182
Bra026921	AT1G13160	76.5	0	1009
Bra026928	AT1G13120	78.1	1e-269	751
Bra026930	AT1G13110	85.7	0	876
Bra026932	AT1G13790	67.3	0	894
Bra026933	AT1G13100	80.2	2.26e-288	788
Bra026936	AT1G13090	79.5	5.56e-289	789
Bra026937	AT1G13080	83.3	1.38e-313	853
Bra026944	AT1G12970	84.2	1.43e-127	377
Bra026945	AT1G12950	80.7	1.22e-279	766
Bra026946	AT1G12930	90.8	0	1750
Bra026947	AT1G12910	98.3	1.07e-255	694
Bra026949	AT1G12890	63.2	1e-84	250
Bra026957	AT1G12700	69.4	1.26e-70	239
Bra026959	AT1G12680	90.5	6.03e-305	828
Bra026962	AT1G12650	65	4.56e-78	234
Bra026963	AT1G12610	76.2	2.91e-108	308
Bra026964	AT1G12580	86.3	0	887
Bra026970	AT1G12440	78	3.96e-86	249
Bra026973	AT1G12380	87.2	0	1281
Bra026974	AT1G12360	96.1	0	1246
Bra026975	AT1G12320	84.9	1.09e-130	366
Bra026977	AT1G12210	64.4	0	1082
Bra026979	AT1G12290	73.2	0	1287
Bra026982	AT1G12250	89.2	7.66e-116	333
Bra026983	AT1G12244	82.4	1.66e-133	375
Bra026986	AT1G12200	91.2	0	875
Bra026987	AT1G12150	88.1	2.47e-222	642
Bra026988	AT1G12140	81.6	4.37e-289	787
Bra026994	AT1G12070	87.1	1.41e-137	384
Bra026997	AT1G63120	88.7	9.82e-208	569
Bra026998	AT1G63110	88	7.05e-293	798
Bra027001	AT1G63050	93.4	0	875
Bra027005	AT1G63000	94	3.88e-209	571
Bra027007	AT1G62970	61.5	1.04e-146	448
Bra027008	AT1G62960	80.1	0	884
Bra027011	AT3G46560	95.7	1.53e-60	179
Bra027013	AT1G62850	85.1	4.02e-124	351
Bra027014	AT1G62830	86.7	0	1117
Bra027016	AT1G62790	69.4	4.8e-61	184
Bra027017	AT1G62780	89	1.75e-142	397
Bra027019	AT1G62770	86.3	6.68e-117	330
Bra027020	AT1G62760	75.7	8.53e-83	248
Bra027021	AT1G62750	95.3	0	1451
Bra027022	AT1G62740	87.4	4.79e-314	859
Bra027023	AT1G62730	89.5	1.68e-199	547
Bra027024	AT1G62700	76.6	8.85e-207	573
Bra027030	AT1G62660	86.1	0	1170
Bra027031	AT1G62640	92.8	2.9e-273	742
Bra027032	AT1G62600	77.7	9.04e-259	708
Bra027035	AT1G62540	78.8	1.78e-278	761
Bra027038	AT1G62520	79.5	6.63e-146	409
Bra027040	AT1G62500	76.4	4.99e-63	201
Bra027042	AT1G62480	61.7	2.27e-07	48.1
Bra027043	AT1G62450	88.8	2.55e-140	391
Bra027044	AT1G62440	89	1.79e-159	480
Bra027046	AT1G62430	93.8	8.93e-288	780
Bra027049	AT1G62380	91.6	3.12e-221	603
Bra027050	AT1G62360	85.8	8.78e-234	640
Bra027051	AT1G62330	89.8	0	1169
Bra027052	AT1G62320	88.3	0	1305
Bra027055	AT1G62310	75.8	0	1151
Bra027057	AT1G62300	81	7.84e-293	804
Bra027058	AT1G62280	83.6	5.51e-226	621
Bra027061	AT1G62060	52.6	1.58e-15	68.6
Bra027062	AT1G62260	83.7	2.44e-194	562
Bra027067	AT1G62045	83.8	4.64e-32	105
Bra027069	AT1G62120	66.8	4.92e-166	473
Bra027071	AT1G61930	77.8	5.44e-103	295
Bra027072	AT1G61900	87.1	6.25e-275	749
Bra027073	AT1G61890	94	0	914
Bra027074	AT1G61850	93.2	0	2268
Bra027076	AT1G61780	95.9	2.66e-70	204
Bra027078	AT1G61730	63.1	5.38e-105	313
Bra027081	AT1G61566	71.6	1.15e-30	102
Bra027083	AT1G61520	93.8	8.68e-188	515
Bra027088	AT1G61390	83	0	1374
Bra027089	AT1G61370	82.8	0	1357
Bra027090	AT1G61350	84.8	0	923
Bra027091	AT1G61260	67.7	1.57e-124	361
Bra027092	AT1G61255	61.7	4.84e-44	141
Bra027093	AT1G61250	88.7	2.71e-168	467
Bra027095	AT1G57570	73.7	0	898
Bra027098	AT1G61120	76.6	0	1163
Bra027101	AT1G61110	94.4	5.69e-213	583
Bra027102	AT1G61105	83.2	7.5e-109	309
Bra027106	AT1G60980	77.4	1.21e-214	592
Bra027107	AT1G60970	91.5	1.39e-112	317
Bra027121	AT1G60890	87.4	0	1030
Bra027122	AT4G11170	62.5	0	979
Bra027124	AT1G60860	85.8	0	1276
Bra027125	AT1G60850	80.7	4.66e-218	600
Bra027127	AT1G60810	96	6.71e-300	811
Bra027128	AT1G60790	83.3	0	916
Bra027129	AT1G60783	61.8	5.72e-38	123
Bra027131	AT1G60770	87.8	5.42e-262	721
Bra027132	AT1G60760	63.2	4.4e-68	204
Bra027140	AT1G60710	84.1	3.63e-216	592
Bra027143	AT1G60670	85.2	1.9e-135	381
Bra027148	AT1G60590	86.1	0	904
Bra027150	AT1G60550	89.6	5.74e-219	599
Bra027151	AT1G60500	82.9	0	1056
Bra027152	AT1G60490	92.8	0	1318
Bra027156	AT1G60470	92.5	1.3e-236	644
Bra027158	AT1G60440	87.4	4.14e-239	662
Bra027161	AT1G60390	89.3	3.21e-224	636
Bra027163	AT1G60230	88.7	9.06e-289	792
Bra027164	AT1G60220	64.6	6.53e-250	697
Bra027167	AT3G16380	58	1.3e-185	530
Bra027168	AT3G16370	88.7	1.73e-228	625
Bra027169	AT3G16360	89.7	5.49e-73	213
Bra027170	AT3G16350	79.8	1.63e-188	526
Bra027172	AT3G16330	82.2	1.99e-117	332
Bra027173	AT3G16320	78.1	0	982
Bra027174	AT3G16310	88.9	1.02e-209	575
Bra027175	AT3G16300	84.8	5.82e-119	336
Bra027176	AT3G16290	96.2	0	900
Bra027177	AT3G16280	70.9	1.12e-74	226
Bra027178	AT3G16270	87.9	0	1167
Bra027179	AT3G16260	85.4	0	1513
Bra027181	AT3G16240	96.4	1.47e-163	452
Bra027182	AT3G16210	71.2	2.15e-189	526
Bra027183	AT3G16200	90.7	0	875
Bra027184	AT3G16190	87.2	1.51e-123	346
Bra027185	AT3G16180	88.7	0	1015
Bra027186	AT3G16170	86.1	0	1032
Bra027187	AT3G16150	93.8	1.09e-221	605
Bra027188	AT3G16140	92.4	1.38e-92	264
Bra027189	AT3G16130	76.6	5.15e-277	763
Bra027190	AT3G16120	90.3	1.48e-58	174
Bra027193	AT3G16070	82.2	1.29e-84	244
Bra027195	AT3G16030	78.4	0	1337
Bra027197	AT3G15990	92.7	0	1174
Bra027199	AT4G14540	84.8	7.37e-82	238
Bra027204	AT3G15840	93.7	4.33e-188	515
Bra027205	AT3G15820	80.7	4.8e-165	459
Bra027208	AT3G15760	79.3	1.95e-66	197
Bra027209	AT3G15730	94.1	0	1599
Bra027217	AT3G15690	79	2.11e-131	372
Bra027219	AT3G15670	82.5	4.74e-16	73.9
Bra027220	AT3G15660	88.1	1.64e-103	293
Bra027226	AT3G15590	76.9	0	915
Bra027227	AT3G15580	94.8	1.48e-75	218
Bra027229	AT3G15550	76.8	0	1026
Bra027233	AT3G15534	94.1	1.15e-46	142
Bra027234	AT3G15530	96.9	1.57e-198	543
Bra027235	AT3G15520	85.9	1.06e-277	759
Bra027236	AT3G15518	87.7	5.17e-65	191
Bra027237	AT3G15510	84.7	3.98e-206	568
Bra027238	AT3G15500	81.7	3.93e-197	543
Bra027239	AT3G15490	62.2	7.3e-74	223
Bra027240	AT3G15480	90.3	2.51e-114	321
Bra027242	AT3G15470	80.2	0	1075
Bra027243	AT3G15450	88.9	1.88e-168	464
Bra027244	AT3G15430	91.2	0	876
Bra027245	AT3G15410	88.3	4.53e-185	533
Bra027246	AT3G15400	66.7	1.7e-15	76.6
Bra027247	AT3G15390	73.1	6.3e-228	634
Bra027248	AT3G15380	94.2	0	1324
Bra027250	AT3G15360	85.1	1.04e-110	313
Bra027251	AT3G15357	67	5.15e-35	118
Bra027254	AT3G15353	72.1	4.55e-26	90.1
Bra027256	AT3G15358	94.4	3.55e-99	280
Bra027257	AT3G16530	83.7	2.92e-172	476
Bra027259	AT3G15354	84.1	0	1276
Bra027260	AT3G15350	89	1.31e-284	773
Bra027262	AT3G15300	85.8	1.16e-110	316
Bra027263	AT3G15290	90.8	4.94e-189	520
Bra027264	AT3G15280	68.6	9.52e-50	156
Bra027265	AT3G15270	82.3	2.81e-102	291
Bra027266	AT3G15260	94.1	1.75e-193	531
Bra027267	AT3G15250	61.1	1.17e-62	193
Bra027268	AT3G15240	89.9	5.24e-220	603
Bra027269	AT3G15220	84.6	0	1092
Bra027272	AT3G15200	78.7	7.66e-220	617
Bra027273	AT3G15190	86	4e-102	293
Bra027274	AT3G15180	81.3	2.22e-304	832
Bra027275	AT3G15150	67.5	1.6e-129	367
Bra027276	AT3G15140	82.2	3.11e-201	554
Bra027278	AT3G15110	73.2	1.06e-124	355
Bra027279	AT3G15095	67.2	3.76e-201	580
Bra027280	AT3G15090	88.5	1.22e-234	641
Bra027281	AT3G15080	88.3	2.22e-159	443
Bra027282	AT3G15070	63.4	3.38e-195	550
Bra027283	AT3G15040	70	2.78e-100	290
Bra027284	AT3G15030	73.5	8.62e-172	486
Bra027285	AT3G15000	90.3	7.84e-141	406
Bra027286	AT3G14990	92.6	6.89e-259	705
Bra027290	AT3G14980	69.1	0	1474
Bra027292	AT3G14950	63.2	4.52e-287	804
Bra027294	AT3G14910	93.8	1.36e-305	848
Bra027295	AT3G14900	85.1	0	1006
Bra027296	AT3G14890	69.3	1.81e-289	803
Bra027297	AT3G14880	83.6	6.39e-140	391
Bra027298	AT3G14870	75.6	3.55e-238	657
Bra027308	AT3G14830	82.4	2.78e-280	765
Bra027310	AT3G14790	95.5	0	1298
Bra027313	AT3G14750	76.8	1.73e-125	362
Bra027316	AT3G14740	77.6	3.08e-191	529
Bra027318	AT3G14700	63.7	1.18e-72	218
Bra027320	AT3G14690	87.5	0	931
Bra027322	AT3G14630	84.4	0	894
Bra027323	AT3G14620	86.9	0	874
Bra027324	AT3G14610	87	0	913
Bra027325	AT1G29970	83.6	1.16e-140	398
Bra027327	AT3G14580	75.2	2.22e-109	327
Bra027328	AT3G14570	92.6	0	3621
Bra027329	AT3G14560	77.7	1.4e-78	229
Bra027330	AT3G14530	84.6	2.74e-207	572
Bra027332	AT3G14470	83.5	0	1649
Bra027333	AT3G14460	76.5	0	1993
Bra027340	AT3G14410	96.4	3.5e-223	610
Bra027341	AT3G14400	73.4	0	908
Bra027343	AT3G14380	66.3	3.29e-73	217
Bra027344	AT3G14370	93.9	0	881
Bra027346	AT3G14360	79.9	1.07e-311	849
Bra027347	AT3G14350	83.4	0	1070
Bra027350	AT3G14310	92.1	0	1053
Bra027351	AT3G14280	81.1	7.62e-75	219
Bra027352	AT3G14250	75.5	8.92e-163	454
Bra027355	AT3G14230	75	2.27e-188	525
Bra027357	AT3G14225	83	1.08e-235	645
Bra027358	AT3G14210	79.3	9.94e-221	608
Bra027362	AT3G14205	86.9	0	1372
Bra027367	AT3G14172	72.8	0	1539
Bra027368	AT3G14170	78.3	5.55e-265	730
Bra027369	AT3G14160	63.3	1.25e-187	530
Bra027371	AT3G14120	88.1	0	1939
Bra027372	AT3G14110	81.7	3.56e-175	486
Bra027373	AT3G14090	82.1	0	961
Bra027375	AT3G14070	84.7	0	1091
Bra027376	AT3G14067	92.7	0	1416
Bra027377	AT3G14050	85.2	0	1167
Bra027378	AT3G13840	76.8	4.87e-277	761
Bra027380	AT3G13990	71.1	0	1123
Bra027382	AT1G54210	94.3	7.94e-58	172
Bra027384	AT3G13960	72.8	6.29e-155	442
Bra027385	AT3G13950	77.7	1.01e-97	282
Bra027388	AT3G13910	68.7	7.93e-37	119
Bra027393	AT3G13845	82.9	2.41e-24	85.9
Bra027398	AT3G13784	82.3	4.48e-307	838
Bra027399	AT3G13782	81.6	2.6e-136	387
Bra027400	AT3G13780	69.4	3.43e-86	260
Bra027401	AT3G13772	98.6	0	1259
Bra027402	AT3G13770	84.8	0	1078
Bra027403	AT3G13750	96.7	0	1728
Bra027404	AT3G13740	88.5	1.62e-146	409
Bra027406	AT3G13720	74.3	6.55e-87	253
Bra027407	AT3G13700	68.5	2.79e-119	342
Bra027409	AT3G13670	89.2	0	1134
Bra027410	AT3G13650	83.5	5.47e-108	306
Bra027411	AT3G13620	90.3	1.64e-314	853
Bra027412	AT3G13610	89.2	3.6e-243	662
Bra027414	AT3G13600	83.7	0	959
Bra027421	AT3G13560	85.4	9.63e-313	850
Bra027422	AT3G13550	92.9	2.32e-125	350
Bra027423	AT3G13540	81.3	3.66e-138	388
Bra027425	AT3G13520	88.5	1.34e-24	85.9
Bra027426	AT3G13510	88.4	2.36e-285	774
Bra027427	AT3G13500	58.1	1.46e-21	80.9
Bra027429	AT3G13490	86.8	0	943
Bra027430	AT3G13480	66.7	2.18e-60	184
Bra027432	AT3G13460	79.1	0	936
Bra027434	AT3G13445	97.5	1.17e-138	385
Bra027436	AT3G13430	67	9.15e-138	392
Bra027437	AT3G13420	69.6	1.24e-108	315
Bra027438	AT3G13410	89.1	3.05e-198	545
Bra027442	AT5G42670	60.4	1.43e-113	328
Bra027444	AT5G42680	92.5	1.2e-154	428
Bra027445	AT5G42690	74.4	7e-225	627
Bra027446	AT1G47500	75.2	5.64e-170	478
Bra027450	AT5G42710	63.2	4.4e-303	851
Bra027452	AT5G42740	91.8	0	1022
Bra027454	AT5G42765	76	1.83e-109	313
Bra027455	AT5G42780	58.1	1.92e-82	248
Bra027457	AT5G42800	86.2	7.86e-247	674
Bra027458	AT5G42810	81.2	8.57e-253	694
Bra027459	AT5G42820	86.6	3.96e-171	474
Bra027460	AT5G42860	92.1	6.88e-184	509
Bra027461	AT5G42870	71	0	1191
Bra027462	AT5G42890	95.1	2.57e-82	236
Bra027464	AT5G54750	91	4.98e-127	355
Bra027468	AT5G42950	68.5	0	2027
Bra027470	AT5G42990	87.9	4.96e-113	317
Bra027471	AT5G43050	90.5	2.11e-95	272
Bra027473	AT5G43190	87	9.42e-239	653
Bra027474	AT5G43230	84.9	0	1367
Bra027478	AT5G43270	76.7	1.66e-219	606
Bra027479	AT5G43280	88.4	3.5e-169	468
Bra027480	AT5G43290	63.3	4.51e-109	318
Bra027485	AT1G04410	96.4	5.92e-232	632
Bra027486	AT5G43340	84.3	3.95e-317	862
Bra027496	AT5G43430	90	1.08e-155	439
Bra027498	AT5G43460	86.1	5.65e-88	253
Bra027501	AT5G43650	72.3	2.19e-108	312
Bra027504	AT5G43700	85.3	4.25e-115	324
Bra027506	AT5G43830	82.5	8.74e-157	435
Bra027509	AT5G43880	69.2	0	932
Bra027511	AT5G35870	52.2	7.92e-47	149
Bra027513	AT2G05210	53.5	2e-127	375
Bra027514	AT5G43920	85.1	0	911
Bra027517	AT5G43960	81.7	9.04e-241	664
Bra027520	AT5G44010	76.1	6.6e-226	623
Bra027521	AT5G44020	89	1.44e-186	512
Bra027524	AT5G44060	66.9	4.66e-57	174
Bra027527	AT5G44090	91.9	0	911
Bra027528	AT5G44100	86.4	4.38e-275	753
Bra027530	AT5G44110	95.2	2.28e-189	520
Bra027532	AT5G44150	56.5	5.2e-116	340
Bra027533	AT5G44170	83.2	6.27e-138	385
Bra027534	AT3G28415	80.2	0	1907
Bra027535	AT5G44230	84.6	0	976
Bra027536	AT5G44250	83.1	2.14e-238	654
Bra027537	AT5G44260	80.2	4.77e-218	600
Bra027539	AT3G20155	59	3.35e-64	198
Bra027540	AT5G44290	80.5	0	958
Bra027542	AT5G44310	83.3	1.23e-34	128
Bra027543	AT5G44320	92.5	0	1059
Bra027544	AT5G44340	99.3	0	889
Bra027546	AT5G44350	56.8	5.23e-88	267
Bra027547	AT5G44390	78.9	0	885
Bra027555	AT5G44410	80.8	0	881
Bra027557	AT5G44480	88.8	2.63e-279	759
Bra027558	AT5G44540	72.7	4.45e-49	152
Bra027566	AT1G80500	88.5	2.42e-87	250
Bra027569	AT5G44730	90.9	2.68e-175	482
Bra027570	AT4G20080	77.5	0	1210
Bra027574	AT5G44800	79	0	3238
Bra027577	AT5G35810	65.5	2.23e-147	429
Bra027581	AT4G00970	71.8	0	925
Bra027582	AT3G55410	96.2	0	1990
Bra027583	AT5G45000	83.4	1.22e-93	277
Bra027586	AT5G45080	53.7	3.58e-123	357
Bra027592	AT5G45120	87.8	7.94e-289	790
Bra027593	AT5G45130	96.8	3.71e-123	346
Bra027598	AT5G45050	64	0	1372
Bra027599	AT5G45250	71.9	0	1568
Bra027600	AT5G45310	81.1	2.08e-168	473
Bra027601	AT5G45330	70.8	8.69e-257	714
Bra027602	AT5G45340	93.1	0	872
Bra027603	AT5G45360	68.1	8.6e-151	425
Bra027604	AT5G45370	85.3	5.29e-233	639
Bra027607	AT5G45380	92.5	0	1276
Bra027611	AT1G63020	77.8	0	2252
Bra027612	AT1G63030	85.9	1.55e-112	317
Bra027617	AT1G63060	87.8	2.87e-91	261
Bra027618	AT1G63090	82.4	1.31e-184	508
Bra027620	AT1G63100	76	0	925
Bra027624	AT1G63160	92.8	3.78e-222	607
Bra027625	AT1G63170	76.1	8.83e-203	560
Bra027626	AT1G63180	93.7	4.84e-252	684
Bra027627	AT1G63190	59.3	3.16e-80	237
Bra027629	AT1G63245	62.4	6.26e-26	90.9
Bra027630	AT1G63260	94.5	5.54e-165	457
Bra027631	AT3G01850	91.1	3.82e-148	413
Bra027633	AT1G63295	67.9	3.37e-46	149
Bra027635	AT1G63300	67.1	0	1001
Bra027639	AT1G63420	84.7	0	1006
Bra027640	AT1G63430	67.7	2.13e-260	727
Bra027641	AT1G63440	89.3	0	1688
Bra027642	AT1G63470	80.3	1.52e-205	569
Bra027644	AT1G63490	85	0	2212
Bra027646	AT1G63500	95.3	0	941
Bra027647	AT1G63520	71	1.18e-253	703
Bra027650	AT1G63550	71.8	1.15e-131	376
Bra027652	AT1G63640	84.9	0	1701
Bra027654	AT1G63670	77.2	0	958
Bra027655	AT1G63680	91.3	0	1315
Bra027659	AT1G63720	75.3	4.58e-172	482
Bra027660	AT1G63730	65.6	0	1209
Bra027661	AT2G20420	95.5	4.24e-286	776
Bra027663	AT1G63830	95.1	1.71e-148	412
Bra027665	AT1G63855	87.1	1.4e-133	374
Bra027667	AT1G63900	91.6	2.46e-225	616
Bra027669	AT1G63930	90.6	9.29e-261	711
Bra027670	AT1G63940	95.1	0	915
Bra027671	AT1G63960	55.6	2.07e-33	113
Bra027672	AT1G63970	85.2	1.65e-131	369
Bra027673	AT1G63980	79.3	1.72e-199	555
Bra027674	AT1G63990	92.4	2.79e-255	695
Bra027675	AT1G64000	80.9	2.6e-106	302
Bra027677	AT1G64040	96.9	2.44e-237	644
Bra027678	AT1G64090	76.8	1.31e-135	382
Bra027679	AT1G64140	80.8	1.14e-150	450
Bra027681	AT1G64160	91.8	1.76e-122	342
Bra027682	AT1G64170	76.9	0	1122
Bra027683	AT1G64180	70.9	5.57e-264	734
Bra027685	AT1G64190	98.6	0	943
Bra027690	AT1G64280	72.8	1.92e-284	785
Bra027691	AT1G64300	89.8	0	1279
Bra027692	AT1G64340	65.6	3.76e-77	233
Bra027694	AT1G64355	82.8	1.44e-108	308
Bra027697	AT1G64380	75.9	3.49e-154	434
Bra027698	AT1G64385	69.5	9.94e-130	374
Bra027700	AT1G64400	73.8	0	1172
Bra027701	AT1G64405	79.2	4.05e-55	167
Bra027703	AT1G64480	92.5	7.15e-140	389
Bra027708	AT1G64610	72.6	1.5e-264	738
Bra027713	AT1G64670	91.7	2.64e-268	734
Bra027715	AT1G64660	90.6	4.99e-265	723
Bra027717	AT1G64640	80.1	2.95e-94	271
Bra027718	AT1G64625	66.9	1.48e-207	586
Bra027722	AT1G64620	65.4	1.32e-113	332
Bra027723	AT1G58030	89.2	0	1103
Bra027724	AT1G64600	85.1	0	887
Bra027725	AT1G64590	91	4.61e-217	595
Bra027726	AT1G64583	64.6	1.54e-32	129
Bra027727	AT1G64570	66.8	0	1323
Bra027728	AT1G64550	89.2	0	1313
Bra027731	AT1G64450	75	3.1e-94	283
Bra027732	AT1G64440	92.7	3.59e-242	659
Bra027733	AT1G64430	87.7	0	924
Bra027735	AT1G64390	94.7	0	1185
Bra027737	AT1G64370	60.9	4.98e-50	157
Bra027738	AT1G64350	88.3	7.82e-214	585
Bra027741	AT1G64330	65.2	3.32e-123	371
Bra027742	AT1G64320	61.2	4.48e-217	619
Bra027744	AT1G64310	77.9	9.99989e-320	872
Bra027751	AT1G64210	80.7	6.44e-266	739
Bra027752	AT1G64200	91.6	1.05e-141	395
Bra027753	AT1G64185	92.4	7.82e-77	222
Bra027754	AT1G64150	78.2	2.94e-175	490
Bra027756	AT1G64110	92.1	0	1403
Bra027759	AT1G64080	69.3	4.96e-137	398
Bra027760	AT1G64065	81.4	8.68e-123	346
Bra027764	AT1G64060	91.4	0	1702
Bra027765	AT1G64050	70.4	2.85e-260	729
Bra027767	AT2G14540	64.3	5.81e-183	514
Bra027771	AT1G63910	83.5	3.17e-229	628
Bra027778	AT1G63880	62.9	0	1120
Bra027779	AT1G63870	65.5	0	1117
Bra027781	AT1G63850	87.4	0	904
Bra027782	AT1G63840	77.7	7.78e-96	274
Bra027783	AT1G64690	73.7	1.04e-100	296
Bra027784	AT1G64680	89.7	2.2e-166	459
Bra027785	AT1G63820	70.1	1.41e-130	372
Bra027789	AT1G63780	84.7	4.14e-181	500
Bra027792	AT1G63700	88.5	0	1511
Bra027793	AT1G63690	94.4	0	1018
Bra027795	AT1G63660	92.5	0	999
Bra027796	AT1G63650	85.8	0	1007
Bra027802	AT1G63450	74.4	0	973
Bra027804	AT1G63410	91.1	7.88e-129	360
Bra027805	AT1G63310	77.7	5.7e-78	228
Bra027807	AT1G63270	94.8	1.82e-154	427
Bra027808	AT1G63250	84.1	0	1276
Bra027810	AT2G19940	90.4	2.96e-248	678
Bra027812	AT1G63240	51.9	5.35e-145	426
Bra027813	AT1G63220	88.4	5.83e-95	270
Bra027815	AT1G63140	73.5	3.6e-197	548
Bra027816	AT1G60080	88.7	8.01e-185	510
Bra027819	AT1G60050	90.9	2.54e-247	674
Bra027820	AT1G60010	80.2	4.12e-88	255
Bra027821	AT1G60000	81.9	6.11e-148	413
Bra027824	AT1G59980	88.1	1.63e-252	691
Bra027827	AT1G59970	77.7	1.18e-193	537
Bra027828	AT1G59950	88.2	4.45e-208	572
Bra027829	AT1G59940	78.3	4.02e-114	328
Bra027833	AT1G59830	97.4	1.58e-232	631
Bra027834	AT1G58807	56.7	0	1041
Bra027835	AT1G59760	90.9	0	1729
Bra027837	AT1G59730	86.8	6.88e-76	220
Bra027838	AT1G59725	82.4	5.29e-191	528
Bra027839	AT1G59710	87.4	3.89e-187	516
Bra027840	AT1G59700	83.3	5.89e-142	396
Bra027841	AT3G43850	70.9	1.68e-46	150
Bra027846	AT1G59650	88.4	9.39e-312	847
Bra027851	AT1G59540	80.9	0	1229
Bra027855	AT1G59530	76.5	6.42e-70	207
Bra027856	AT1G59510	73.8	2.82e-192	535
Bra027860	AT1G58470	61.7	4.3e-149	424
Bra027863	AT1G58440	89.5	0	952
Bra027864	AT1G58420	82.2	3.58e-90	260
Bra027867	AT1G58370	89.9	0	1701
Bra027869	AT1G58350	87	0	1378
Bra027871	AT1G58340	91.2	0	928
Bra027875	AT1G58320	84	7.32e-79	232
Bra027877	AT1G58290	89.5	0	916
Bra027878	AT1G58300	67.4	3.56e-134	380
Bra027881	AT1G58250	84.8	0	4340
Bra027882	AT1G58220	62.6	7.35e-210	610
Bra027883	AT1G58215	84.8	0	1449
Bra027885	AT1G58110	68.5	1.71e-149	426
Bra027886	AT1G58100	75.6	6.07e-157	447
Bra027888	AT1G58070	61.3	1.33e-69	214
Bra027890	AT1G58060	78.7	0	2158
Bra027897	AT1G57750	80.8	1.27e-301	822
Bra027903	AT5G02930	51.7	2.13e-126	374
Bra027908	AT1G57770	93.3	0	1066
Bra027909	AT2G13650	93.1	1.18e-210	578
Bra027910	AT1G57860	95.7	1.05e-112	316
Bra027911	AT1G57620	80.1	3.99e-121	342
Bra027913	AT1G57600	88.6	0	964
Bra027917	AT1G57540	89.3	5.9e-65	191
Bra027920	AT1G56660	89.2	6.19e-10	61.2
Bra027922	AT1G56600	83.1	1.38e-212	583
Bra027924	AT1G56590	94.5	5.66e-296	800
Bra027925	AT1G56720	91.2	5.71e-258	707
Bra027926	AT1G56710	82.7	1.95e-275	750
Bra027927	AT1G56690	89	4.61e-258	738
Bra027929	AT1G56570	87.4	0	1073
Bra027931	AT1G48800	68.3	1.47e-294	813
Bra027932	AT1G56500	86	0	1738
Bra027935	AT1G56423	78.9	4.01e-104	303
Bra027936	AT1G56340	96.2	1.6e-227	628
Bra027942	AT1G56310	78.8	0	899
Bra027946	AT1G56290	80.7	0	1035
Bra027947	AT1G56210	60.2	4e-118	345
Bra027949	AT1G55050	55.4	6.76e-267	761
Bra027951	AT1G58725	86.2	1.49e-229	627
Bra027952	AT1G55040	73.1	0	921
Bra027953	AT1G44542	74.9	2.1e-143	402
Bra027954	AT1G54940	79	0	910
Bra027956	AT1G54920	61.2	9.96e-317	890
Bra027957	AT1G54890	86	2.06e-233	637
Bra027963	AT2G03750	82.2	1.01e-208	574
Bra027965	AT1G54630	74.1	3.6e-55	168
Bra027966	AT1G54610	94.7	0	978
Bra027967	AT1G54570	82.8	0	1142
Bra027968	AT1G54560	94.8	0	2414
Bra027969	AT1G54540	68.9	2.11e-129	366
Bra027970	AT1G54530	76.6	7.34e-62	186
Bra027972	AT1G54490	88.2	0	1673
Bra027973	AT2G23840	79.7	6.59e-154	430
Bra027974	AT5G42220	69.5	0	1043
Bra027975	AT5G35370	89	1.03e-279	779
Bra027976	AT5G42320	87.5	3.1e-274	747
Bra027977	AT5G42340	84.1	9.84e-255	716
Bra027978	AT5G42360	77.1	3.21e-310	848
Bra027980	AT5G42370	79.6	1.56e-263	722
Bra027981	AT5G42380	82.2	4.88e-96	276
Bra027982	AT5G42390	91	0	2260
Bra027983	AT5G42400	66	0	1619
Bra027984	AT5G42410	81.2	9.9e-56	167
Bra027985	AT5G42420	85.8	8.48e-209	576
Bra027988	AT1G33265	80.2	6e-45	143
Bra027989	AT1G33290	93.7	5.64e-257	699
Bra027990	AT4G23190	75.8	0	956
Bra027997	AT1G33360	82.9	0	1008
Bra027998	AT1G33350	82.8	1.56e-278	766
Bra028000	AT1G33340	82.6	3.9e-223	613
Bra028001	AT1G33330	96.2	6.38e-102	292
Bra028002	AT1G33440	92	0	1075
Bra028003	AT1G33475	76.1	1.42e-132	374
Bra028005	AT1G33490	88.8	1.38e-103	294
Bra028006	AT1G33590	89.5	1.14e-174	500
Bra028007	AT1G33680	67.1	9.29e-265	752
Bra028008	AT1G33700	91.9	0	1807
Bra028011	AT1G33770	87.6	0	1082
Bra028012	AT1G33780	81.9	9.68e-185	511
Bra028015	AT1G33810	87.1	1.29e-80	233
Bra028017	AT1G33980	75.2	9.19e-229	638
Bra028025	AT1G34000	85.6	3.46e-83	242
Bra028026	AT1G34010	71.6	4.96e-75	226
Bra028027	AT1G34020	94.9	2.29e-226	618
Bra028029	AT1G15790	59.4	4.01e-61	189
Bra028030	AT1G34040	77.1	7.26e-269	736
Bra028031	AT1G34065	88	3.33e-203	559
Bra028034	AT1G34130	96	0	1375
Bra028036	AT1G34150	83.8	3.29e-256	702
Bra028037	AT1G34160	84.2	0	1002
Bra028039	AT1G34190	72.7	7.22e-272	751
Bra028040	AT1G34200	78.2	1.19e-200	554
Bra028041	AT1G35730	63.3	4.02e-229	642
Bra028044	AT1G34245	81.7	1.23e-67	199
Bra028046	AT1G34260	78.4	0	2147
Bra028050	AT1G34320	89.1	0	1102
Bra028051	AT1G34340	82.2	0	894
Bra028055	AT1G34380	84.8	1.03e-209	577
Bra028057	AT1G34430	82.3	8.44e-248	682
Bra028058	AT1G34550	80.9	0	1008
Bra028059	AT1G34570	64.7	2.91e-81	241
Bra028061	AT1G34630	81	2.84e-283	775
Bra028063	AT1G34670	84.2	1.05e-223	613
Bra028067	AT1G34790	77.6	1.29e-159	446
Bra028068	AT1G35160	86.8	6.55e-165	457
Bra028069	AT1G35340	86.9	1.33e-157	442
Bra028075	AT1G35330	67.2	5.45e-156	440
Bra028082	AT1G35420	79	1.85e-175	487
Bra028084	AT1G35430	78.3	1.02e-62	186
Bra028085	AT1G35470	84.4	1.19e-286	781
Bra028087	ATCG00490	98.7	0	981
Bra028089	AT1G35510	92.6	0	1054
Bra028091	AT2G18660	83.3	1.61e-76	222
Bra028093	AT2G18650	74.4	3.45e-201	561
Bra028095	AT2G18630	86.5	1.96e-233	640
Bra028096	AT2G18620	81.2	8.93e-194	537
Bra028097	AT2G18590	75.2	1.48e-255	705
Bra028098	AT2G18570	80.2	1.85e-272	746
Bra028101	AT5G36950	80.6	0	890
Bra028102	AT5G36960	80.7	6.42e-64	191
Bra028103	AT5G36970	77.3	1.6e-127	361
Bra028104	AT5G37000	75.6	1.31e-293	806
Bra028109	AT5G37010	73.3	4.85e-117	348
Bra028110	AT5G37020	86.8	0	1380
Bra028111	AT5G37150	71.3	0	1122
Bra028113	AT5G37360	79.9	6.97e-157	440
Bra028114	AT5G37370	82.5	2.4e-197	549
Bra028115	AT4G11000	70.4	6.92e-105	308
Bra028116	AT5G37470	56	3.55e-208	594
Bra028119	AT1G77550	83.2	0	1463
Bra028120	AT4G39630	63.7	8.85e-81	240
Bra028123	AT5G37480	70.3	4.49e-70	208
Bra028124	AT5G37510	95.4	0	1429
Bra028125	AT5G37530	87.4	1.48e-280	765
Bra028126	AT5G37540	81.3	1.29e-245	675
Bra028127	AT5G37550	67.4	2.68e-81	242
Bra028128	AT5G37570	79.7	1.54e-233	654
Bra028130	AT5G37590	59.6	6.09e-138	407
Bra028132	AT5G37600	93.5	6.48e-264	714
Bra028134	AT5G37630	84.4	0	1607
Bra028135	AT5G37660	89.6	5.95e-183	506
Bra028141	AT5G37670	83	1.98e-75	220
Bra028142	AT5G37680	97.8	1.98e-129	360
Bra028143	AT5G37690	93.1	6.63e-135	393
Bra028144	AT5G37710	90.2	5.22e-292	793
Bra028145	AT5G37720	82.8	4.61e-114	328
Bra028146	AT5G37730	70.7	5.61e-60	182
Bra028147	AT5G37740	79.2	7.73e-101	287
Bra028150	AT5G37790	81.8	1.66e-315	861
Bra028154	AT5G37840	72.1	4.52e-99	286
Bra028155	AT5G37850	95.8	8.32e-215	588
Bra028156	AT5G37860	67.5	4.96e-112	322
Bra028160	AT5G38150	58.3	7.4e-174	504
Bra028162	AT5G38195	61.8	9.46e-42	132
Bra028168	AT5G38300	59.7	2.41e-74	226
Bra028169	AT5G38310	76.5	6.13e-89	258
Bra028172	AT2G25720	68	1.77e-41	132
Bra028173	AT1G60360	75.7	7.73e-179	497
Bra028174	AT5G38430	93.9	1.77e-126	352
Bra028180	AT5G38380	95.7	2.48e-114	329
Bra028182	AT5G38450	83.4	4.92e-311	845
Bra028183	AT5G38460	86.3	0	894
Bra028187	AT5G38480	95.3	4.58e-166	459
Bra028188	AT5G38510	72.8	1e-224	621
Bra028189	AT3G27750	75.9	2.34e-101	293
Bra028192	AT5G38560	93.8	5.62e-276	771
Bra028193	AT2G17280	88.4	3.78e-179	493
Bra028195	AT5G38630	90	1.73e-148	412
Bra028196	AT5G38640	86.5	0	988
Bra028202	AT5G38710	90.3	2.8e-314	852
Bra028203	AT5G38720	86.7	3.47e-86	260
Bra028204	AT5G38730	84	2.96e-102	321
Bra028208	AT5G38840	75.2	0	911
Bra028213	AT5G38895	82.6	6.75e-123	351
Bra028221	AT5G39040	89.9	0	1078
Bra028225	AT5G39110	86.5	8.27e-143	397
Bra028228	AT5G39220	90.1	1.88e-221	605
Bra028229	AT5G39240	61.7	3.77e-33	111
Bra028232	AT5G39270	76	7.39e-161	447
Bra028237	AT5G39350	87.8	0	1209
Bra028238	AT5G39360	95.6	2.97e-186	509
Bra028239	AT5G39380	64.6	9.61e-157	455
Bra028240	AT5G39400	93.2	1.82e-284	774
Bra028241	AT5G39410	92.9	1.34e-310	841
Bra028243	AT4G26900	86.5	0	980
Bra028244	AT5G39430	79.3	5.09e-293	801
Bra028245	AT5G39440	69.6	6.35e-246	681
Bra028246	AT5G39450	68.8	1.22e-276	765
Bra028247	AT5G39480	60.9	4.4e-225	632
Bra028256	AT5G51490	83.1	0	907
Bra028257	AT5G51500	83.4	0	892
Bra028259	AT5G51510	81.3	1.92e-89	258
Bra028261	AT5G51520	82.1	1.72e-87	254
Bra028264	AT5G51560	87.6	0	922
Bra028266	AT5G51600	86.5	0	1126
Bra028269	AT5G51680	66.2	4.34e-71	218
Bra028271	AT5G51720	86.2	2.44e-64	189
Bra028272	AT5G51740	80.7	4.16e-249	686
Bra028274	AT5G51750	89.5	0	1404
Bra028278	AT5G51820	92.5	0	1154
Bra028282	AT5G51860	81.9	1.76e-111	317
Bra028284	AT5G51880	88.8	1.94e-141	395
Bra028288	AT5G51970	96	1.07e-250	681
Bra028290	AT5G51990	81.1	2.14e-122	345
Bra028291	AT5G52020	73.9	4.77e-109	313
Bra028294	AT5G52160	76.3	9.35e-45	139
Bra028295	AT5G52170	74.8	0	983
Bra028296	AT5G52180	80.1	2.87e-256	703
Bra028297	AT5G52200	72.3	1.71e-57	181
Bra028299	AT5G52220	81.4	1.4e-62	187
Bra028300	AT5G52230	52.7	8.7e-184	536
Bra028301	AT5G52240	84.9	8e-128	359
Bra028308	AT5G52430	80.7	1.37e-227	628
Bra028309	AT5G52450	88.9	3.46e-306	832
Bra028319	AT3G22730	53.2	9.61e-116	342
Bra028322	AT3G23605	55.3	7.35e-52	161
Bra028324	AT3G42960	86.5	4.08e-134	377
Bra028325	AT3G23620	86	1.3e-183	508
Bra028332	AT3G23640	89.4	0	1848
Bra028335	AT3G23690	77.7	3.31e-176	492
Bra028336	AT2G28010	64.7	2.72e-174	491
Bra028338	AT3G23710	79.3	1.28e-162	454
Bra028339	AT2G31670	69.3	4.72e-118	338
Bra028342	AT3G23750	81.7	0	1274
Bra028343	AT3G23770	89.9	0	880
Bra028345	AT3G23810	98.6	0	955
Bra028346	AT5G47320	85.8	1.09e-127	359
Bra028348	AT3G23820	93.5	3.29e-312	845
Bra028353	AT3G24190	84.4	0	1280
Bra028355	AT3G24160	81.7	9.61e-194	538
Bra028358	AT3G24130	79.9	6.81e-210	576
Bra028359	AT3G24120	84.3	1.59e-167	466
Bra028362	AT3G24070	61.8	2.12e-12	60.5
Bra028363	AT3G24060	82.5	5.1e-86	247
Bra028365	AT3G24040	87.1	4.13e-262	715
Bra028366	AT3G24020	96.7	4.31e-167	460
Bra028367	AT3G23940	93.4	0	1120
Bra028368	AT3G24300	92.3	0	876
Bra028373	AT3G24495	81.1	0	1727
Bra028374	AT1G61990	62.2	3.62e-166	472
Bra028375	AT1G61970	64.9	7.84e-153	438
Bra028380	AT1G61870	88.9	6.64e-124	364
Bra028386	AT2G29000	54.7	0	901
Bra028387	AT2G29020	86.5	8.58e-79	228
Bra028388	AT2G29040	77.5	0	1085
Bra028389	AT2G29050	82.1	8.55e-238	652
Bra028390	AT2G29060	71.6	0	953
Bra028391	AT2G29065	73.5	7.8e-318	874
Bra028393	AT5G37830	95.2	0	2422
Bra028395	AT5G37930	63.5	1.73e-135	388
Bra028397	AT5G38060	76.4	8.66e-66	195
Bra028398	AT5G38070	75.4	6.29e-139	389
Bra028399	AT5G38100	72.1	1.13e-192	535
Bra028400	AT5G38200	92.3	1.17e-288	791
Bra028401	AT5G38220	89.5	4.34e-229	625
Bra028402	AT5G38250	69.4	9.4e-288	796
Bra028404	AT5G38290	83.1	2.43e-146	408
Bra028405	AT5G38360	79.5	5.37e-189	524
Bra028407	AT5G38440	76.9	5.35e-79	228
Bra028408	AT5G38470	84.6	3.34e-193	538
Bra028411	AT5G38520	86.9	2.64e-234	641
Bra028413	AT5G38530	93.1	0	944
Bra028416	AT5G38600	68.1	3.5e-187	530
Bra028417	AT5G38610	68	4.32e-86	252
Bra028418	AT5G38660	82.4	1.01e-146	418
Bra028419	AT4G14365	65.9	4.73e-171	481
Bra028421	AT5G38830	86.9	7.57e-311	847
Bra028423	AT5G38900	69	1.04e-102	294
Bra028425	AT5G39000	71.9	0	1235
Bra028430	AT5G39320	97.7	0	938
Bra028432	AT5G39420	86.4	0	1084
Bra028434	AT5G39500	86.6	0	2439
Bra028435	AT5G39610	84	1.24e-176	488
Bra028436	AT5G39580	83.9	2.23e-195	538
Bra028438	AT5G39670	78.5	1.64e-106	303
Bra028439	AT5G39680	77.6	0	1136
Bra028440	AT5G39720	77.9	5.88e-91	261
Bra028441	AT5G39820	80.1	3.27e-192	531
Bra028443	AT5G39860	92.4	8.61e-53	159
Bra028444	AT5G39900	94.4	0	1221
Bra028445	AT5G39950	81.3	1.71e-69	204
Bra028447	AT5G39970	82.4	0	1154
Bra028448	AT5G39980	93.1	1.31e-92	301
Bra028450	AT5G40230	82.2	1.16e-194	545
Bra028455	AT5G40340	57.3	1.28e-259	751
Bra028456	AT5G40380	82.7	2.99e-225	635
Bra028457	AT5G40410	76.7	0	894
Bra028458	AT5G40420	81.5	5.51e-110	313
Bra028460	AT5G40480	87	0	3290
Bra028461	AT2G44860	79.3	1.53e-88	255
Bra028462	AT3G02010	82.7	0	1234
Bra028463	AT3G45840	52.2	5.34e-184	529
Bra028465	AT5G40590	84.2	6.46e-148	411
Bra028466	AT5G40610	93.5	3.45e-240	656
Bra028468	AT5G40640	88.8	0	1010
Bra028471	AT5G40700	59.4	3.93e-96	285
Bra028474	AT5G40760	94.8	0	994
Bra028479	AT5G40900	79.3	2.64e-154	432
Bra028486	AT3G56520	62.2	5.83e-82	240
Bra028488	AT5G41130	75.9	0	1077
Bra028489	AT5G41180	77.5	5.09e-290	805
Bra028492	AT5G41250	68.9	7.04e-252	697
Bra028493	AT5G41340	96.9	1.92e-114	322
Bra028497	AT5G41470	67.9	1.18e-128	366
Bra028499	AT5G40910	60.7	0	1164
Bra028501	AT5G41580	67.8	0	926
Bra028502	AT5G41680	72.9	3e-154	438
Bra028503	AT5G41761	69.6	4.65e-45	140
Bra028504	AT5G41770	92.2	0	929
Bra028505	AT5G41780	68.1	2.97e-211	595
Bra028506	AT5G41790	77.6	2.34e-87	315
Bra028508	AT5G41810	70.2	1.07e-104	306
Bra028509	AT5G41850	79.8	9.98e-126	354
Bra028510	AT5G41860	55.6	1.83e-50	161
Bra028511	AT5G41870	89.3	1.87e-305	827
Bra028513	AT5G41890	86.4	2.57e-238	651
Bra028517	AT5G41970	90.9	1.61e-233	647
Bra028518	AT5G41990	81.5	2.59e-313	857
Bra028519	AT5G42000	98.1	4.56e-118	329
Bra028520	AT5G42010	76.7	0	950
Bra028524	AT5G42070	76	4.92e-68	202
Bra028525	AT5G42080	97.9	0	1163
Bra028526	AT5G42100	87.2	5.42e-237	652
Bra028527	AT5G42110	76.2	1.04e-22	81.3
Bra028528	AT2G18196	91.6	1.79e-104	296
Bra028530	AT1G01980	87.5	0	950
Bra028531	AT1G02080	83.4	0	3777
Bra028532	AT3G52770	95.8	1.15e-24	86.7
Bra028534	AT3G52810	80.1	3.73e-272	742
Bra028535	AT3G52850	93.7	0	1192
Bra028537	AT3G52870	86.5	5.47e-286	779
Bra028538	AT3G52890	79.3	0	1341
Bra028539	AT3G52900	90.3	4.85e-91	261
Bra028540	AT3G52905	93	8.19e-111	312
Bra028543	AT3G52930	96.6	1.61e-249	678
Bra028544	AT3G52950	86.5	2.58e-318	870
Bra028545	AT3G52990	97.9	0	1004
Bra028549	AT3G53190	91.5	0	918
Bra028551	AT3G53220	83.3	7.83e-74	215
Bra028553	AT5G11070	73.4	5.85e-73	214
Bra028558	AT5G10900	82.1	0	1009
Bra028559	AT5G10890	63.4	3.97e-115	336
Bra028560	AT5G10870	85.9	1.05e-151	423
Bra028561	AT5G10860	92.8	5.91e-133	371
Bra028563	AT5G10840	93.1	0	1173
Bra028564	AT5G10830	86.5	1.32e-172	476
Bra028565	AT5G10820	87	1.87e-308	846
Bra028566	AT5G10790	79.9	1.88e-305	834
Bra028568	AT5G10770	84.3	3.5e-285	778
Bra028570	AT5G10740	88	5.56e-199	549
Bra028572	AT5G10730	95.2	5.06e-195	535
Bra028573	AT5G10720	84.3	0	1446
Bra028574	AT5G10690	81.9	0	915
Bra028577	AT5G10630	83.3	0	1087
Bra028579	AT5G10540	95.4	0	1332
Bra028584	AT5G10510	78.8	2.14e-296	816
Bra028585	AT5G10460	90.6	4.32e-203	556
Bra028592	AT5G10290	94.8	0	949
Bra028593	AT5G10280	82.2	1.16e-194	538
Bra028594	AT5G10190	88.2	1.57e-312	849
Bra028595	AT5G10180	91.7	0	1194
Bra028596	AT5G10170	95.5	0	966
Bra028597	AT5G10160	89.7	8.28e-138	384
Bra028598	AT5G10150	77.9	1.11e-213	592
Bra028600	AT5G10130	84.1	1.93e-99	283
Bra028601	AT5G10120	73.7	4.4e-228	633
Bra028602	AT5G10090	80.6	4.62e-316	886
Bra028604	AT5G10030	90.7	6.78e-233	637
Bra028611	AT5G64760	91.4	3.34e-286	778
Bra028613	AT5G09860	90.5	0	1071
Bra028615	AT5G09810	99.2	1.57e-277	751
Bra028620	AT5G09750	85.1	7.57e-79	235
Bra028621	AT5G09690	85.8	4.52e-230	632
Bra028622	AT5G09680	81.3	9.39e-112	319
Bra028624	AT5G09660	95.7	1.96e-203	562
Bra028628	AT5G09590	92.4	0	1188
Bra028629	AT5G09580	79.1	4.6e-189	526
Bra028632	AT5G09450	82.5	1.54e-237	652
Bra028640	AT5G09330	72.3	1.98e-180	510
Bra028643	AT5G09230	90.7	4.22e-240	655
Bra028644	AT5G09225	85.9	1.09e-36	117
Bra028647	AT5G08710	86.3	1.05e-275	751
Bra028648	AT5G08670	96.4	0	1025
Bra028650	AT5G08660	85.2	0	1033
Bra028651	AT5G08650	92.4	0	1209
Bra028655	AT5G08430	70.5	5.08e-220	625
Bra028656	AT5G08420	73	4.26e-179	503
Bra028657	AT5G08415	90.1	2.28e-255	696
Bra028658	AT5G08400	81.4	1.92e-190	525
Bra028660	AT5G08380	84.7	1.13e-270	736
Bra028661	AT5G08370	91.4	4.12e-273	741
Bra028663	AT5G08320	80.9	7.7e-77	227
Bra028664	AT5G08315	65.9	9.17e-36	115
Bra028674	AT5G08040	70.4	1.04e-25	88.2
Bra028675	AT5G07950	73.1	8.23e-149	419
Bra028676	AT5G07980	60.1	0	1444
Bra028677	AT5G07930	62	7.19e-103	301
Bra028679	AT5G07920	91.6	0	1344
Bra028680	AT5G07910	93.2	3.12e-64	201
Bra028681	AT5G07870	70	3.9e-215	600
Bra028684	AT5G07740	66.1	0	1414
Bra028685	AT5G07680	83.9	3e-199	548
Bra028688	AT5G07630	69.7	1.5e-258	717
Bra028689	AT5G61500	85.9	6.68e-197	541
Bra028691	AT5G07560	57.1	1.57e-27	99.8
Bra028692	AT5G07571	58.9	3.96e-25	90.9
Bra028696	AT5G07480	85.2	3.63e-228	624
Bra028700	AT5G07400	78.1	0	1616
Bra028701	AT5G07350	88.3	0	1696
Bra028702	AT5G07320	95.7	0	907
Bra028707	AT5G07100	72.2	1.67e-153	432
Bra028708	AT2G17360	97.7	8.16e-190	519
Bra028710	AT5G07020	80.7	4.75e-118	335
Bra028711	AT5G07010	82.3	1.03e-224	616
Bra028712	AT5G06990	87.8	9.6e-159	440
Bra028713	AT5G06960	87.3	1.19e-190	527
Bra028714	AT5G06905	89.7	5.37e-314	853
Bra028715	AT5G06900	83.8	9.34e-294	833
Bra028716	AT5G06811	64.7	2.2e-251	701
Bra028717	AT5G06800	78.2	4.24e-183	512
Bra028720	AT5G06750	90.9	4.7e-239	654
Bra028722	AT5G06680	91.8	0	1110
Bra028723	AT5G06670	82.2	0	1384
Bra028724	AT5G06650	68.4	5.29e-80	235
Bra028726	AT5G06620	86	3.26e-206	566
Bra028731	AT5G06490	74.4	1.42e-101	291
Bra028733	AT5G06380	58	6.11e-43	139
Bra028734	AT5G06360	93.1	8.23e-171	471
Bra028738	AT5G06230	82.5	1.32e-265	725
Bra028739	AT5G06210	81.9	2.04e-74	218
Bra028740	AT5G06160	81.5	5.76e-292	798
Bra028741	AT5G06150	80.5	1.98e-240	661
Bra028742	AT5G06130	84.6	3.3e-153	431
Bra028743	AT5G06120	92.9	0	1972
Bra028744	AT5G06060	89.6	8.82e-170	469
Bra028747	AT5G05830	74.4	3.63e-108	308
Bra028752	AT5G05600	90.3	3.17e-256	696
Bra028753	AT1G07780	84.8	6.44e-162	450
Bra028757	AT5G05450	84.3	0	916
Bra028760	AT5G05390	93.9	0	956
Bra028761	AT5G05340	89.8	4.96e-204	560
Bra028764	AT5G05260	82.9	0	886
Bra028768	AT5G05170	96.5	0	2105
Bra028774	AT5G05010	87	0	879
Bra028775	AT5G04980	89.7	2.98e-302	821
Bra028783	AT5G04600	86	5.06e-134	375
Bra028784	AT5G04550	86.2	0	952
Bra028788	AT5G04470	74.8	2.74e-33	112
Bra028791	AT5G04390	71.3	1.64e-153	435
Bra028794	AT5G04200	84.9	6.71e-202	555
Bra028796	AT5G04130	89.8	0	1271
Bra028803	AT5G04120	89.9	1.32e-156	433
Bra028810	AT5G03905	80.6	2.23e-82	239
Bra028811	AT5G03900	80.7	1.31e-298	816
Bra028812	AT5G03870	76.7	3.27e-193	536
Bra028813	AT5G03860	95.6	0	1100
Bra028814	AT5G64140	98.4	1.31e-39	124
Bra028818	AT5G03820	85.1	7.36e-216	594
Bra028819	AT5G03800	72.1	0	1256
Bra028824	AT5G03680	80.1	1.11e-316	868
Bra028825	AT5G03620	80.2	0	1218
Bra028827	AT5G03580	66	5.06e-42	134
Bra028833	AT5G03460	70.6	9.22e-37	118
Bra028834	AT5G03450	78.6	1.64e-274	764
Bra028836	AT5G03380	72.8	3.66e-120	353
Bra028837	AT5G52970	83.6	1.08e-125	354
Bra028838	AT5G03350	75.8	6.68e-151	422
Bra028840	AT5G03320	83.8	3.97e-254	695
Bra028844	AT5G03260	93.4	0	1098
Bra028848	AT5G03170	87.8	8.71e-140	391
Bra028849	AT5G03120	71.8	3.27e-33	110
Bra028850	AT5G03110	67.8	5.99e-103	301
Bra028851	AT5G03080	89.2	7.01e-145	402
Bra028852	AT5G03070	84.6	3.07e-303	828
Bra028853	AT5G03050	83.7	4.69e-69	204
Bra028854	AT5G03040	75.3	1.25e-203	570
Bra028856	AT5G02960	99.3	6.16e-99	280
Bra028858	AT5G02890	71.2	3.1e-170	478
Bra028862	AT5G02800	88.4	1.35e-246	672
Bra028863	AT5G02790	86.4	1.78e-144	412
Bra028865	AT5G02760	84.2	1.11e-232	636
Bra028868	AT5G02600	79.4	7.71e-142	401
Bra028869	AT5G02560	81	1.59e-84	245
Bra028872	AT5G02460	79.2	1.49e-179	505
Bra028874	AT5G02430	78.6	0	1218
Bra028879	AT5G02230	92.1	3.38e-191	526
Bra028887	AT5G01075	72.8	3.32e-30	101
Bra028889	AT5G01100	84.6	0	973
Bra028891	AT5G01190	94.3	0	1054
Bra028892	AT5G01200	75.1	3.94e-134	379
Bra028893	AT5G01210	86.4	1.96e-308	837
Bra028894	AT5G01280	51.9	2.98e-81	260
Bra028895	AT5G01305	75.8	2.79e-62	189
Bra028896	AT5G01320	92.1	0	1137
Bra028898	AT5G01370	74	1.67e-166	474
Bra028900	AT5G01400	80	0	1870
Bra028901	AT5G01410	98.4	7.07e-217	592
Bra028902	AT5G01420	64.6	2.04e-160	454
Bra028904	AT5G01470	79.7	1.76e-140	394
Bra028905	AT2G04660	87.2	0	1451
Bra028906	AT5G01530	93.1	4.27e-192	527
Bra028907	AT5G01550	77.9	0	994
Bra028909	AT5G01740	87.7	1.49e-106	300
Bra028910	AT5G01750	86.4	2.06e-140	391
Bra028911	AT5G01810	81.5	1.61e-198	551
Bra028912	AT5G01820	84.6	2.5e-221	611
Bra028913	AT5G01850	83.8	7.94e-202	556
Bra028914	AT5G01860	65.5	7.14e-90	263
Bra028915	AT5G01880	77.8	6.9e-75	220
Bra028916	AT5G01890	93.7	1.55e-260	744
Bra028917	AT2G30290	84.6	0	1062
Bra028919	AT5G01010	82.9	1.71e-266	729
Bra028921	AT5G56510	69.2	2.95e-276	765
Bra028922	AT5G56500	96.3	0	1065
Bra028926	AT5G56440	61.8	3.52e-159	455
Bra028930	AT5G56380	59.6	4.47e-157	450
Bra028932	AT3G44300	85.5	7.21e-217	594
Bra028933	AT5G56360	81.5	0	915
Bra028935	AT5G56340	79.5	1.05e-173	496
Bra028936	AT5G56310	82.1	6.1e-303	828
Bra028937	AT5G56300	86.6	1.23e-242	663
Bra028938	AT5G56290	91.5	0	1079
Bra028940	AT5G56260	97.6	5.76e-116	326
Bra028945	AT5G60740	93.5	0	1971
Bra028952	AT5G56010	97.1	0	1253
Bra028953	AT5G55940	95.1	3.06e-142	394
Bra028958	AT5G55820	63.4	0	1696
Bra028959	AT5G55810	61	8.84e-103	298
Bra028960	AT2G20515	88.2	2.3e-95	271
Bra028961	AT5G55760	89.1	3.52e-310	841
Bra028963	AT5G55710	88.9	2.65e-126	354
Bra028965	AT5G55690	70.5	5.37e-140	394
Bra028967	AT5G55630	86.3	9.97e-219	601
Bra028968	AT5G55620	85.1	1.71e-56	169
Bra028970	AT5G55580	88.9	1.57e-198	560
Bra028973	AT5G55550	73.2	2.57e-237	657
Bra028974	AT5G55530	79.7	9.75e-197	548
Bra028976	AT5G55500	84	0	900
Bra028977	AT5G55490	64.3	9.35e-242	678
Bra028981	AT5G55410	66.7	7.95e-51	155
Bra028982	AT5G55400	88.1	0	1182
Bra028984	AT5G55340	74.8	4.11e-180	501
Bra028989	AT5G55150	66	2.99e-164	463
Bra028998	AT5G55000	88.9	1.77e-104	306
Bra028999	AT5G54980	87.8	1.52e-109	310
Bra029000	AT5G54970	65.9	3.12e-43	137
Bra029001	AT5G54940	89.3	1.23e-68	201
Bra029005	AT5G54800	89.5	2.46e-239	655
Bra029006	AT5G54780	93.9	2.17e-305	827
Bra029008	AT5G54730	68.1	0	914
Bra029013	AT5G50040	56.5	6.82e-52	163
Bra029018	AT5G54590	88.4	1.69e-271	741
Bra029020	AT5G54580	88.5	4.6e-91	261
Bra029021	AT5G54520	80.1	3.1e-263	721
Bra029025	AT4G27270	91.2	1.35e-135	377
Bra029028	AT5G54370	91.4	2.08e-237	646
Bra029030	AT5G54310	85	5.92e-284	776
Bra029031	AT5G54300	67.4	5.34e-121	350
Bra029033	AT5G54230	83.6	5.65e-160	448
Bra029034	AT5G54220	68.4	8.55e-44	136
Bra029040	AT5G54165	81	2.56e-41	129
Bra029041	AT5G54160	92.6	7.09e-249	677
Bra029046	AT5G54010	84.6	1.07e-289	788
Bra029048	AT1G79370	84.1	3.89e-301	822
Bra029056	AT5G53750	77.8	1.9e-197	553
Bra029057	AT5G54062	70.7	3.71e-108	308
Bra029058	AT5G53650	91.5	4.1e-40	125
Bra029059	AT5G53620	62.5	1.44e-236	669
Bra029061	AT1G51370	55.1	6.75e-142	412
Bra029067	AT5G53460	93.1	0	4061
Bra029068	AT5G53440	67	0	984
Bra029072	AT5G53390	86.5	1.18e-310	844
Bra029074	AT5G53330	73.9	1.15e-104	300
Bra029075	AT5G53320	82	5.16e-265	738
Bra029084	AT5G53280	72.5	5.9e-121	345
Bra029085	AT5G53260	76.1	4.82e-83	242
Bra029087	AT5G53220	59.2	2.62e-102	310
Bra029088	AT5G53210	88.2	1.65e-173	485
Bra029091	AT5G53180	82.2	3.74e-243	668
Bra029093	AT5G53160	89.3	1.2e-115	325
Bra029095	AT5G53140	83.9	1.76e-209	582
Bra029096	AT5G53100	82.2	1.7e-214	591
Bra029103	AT1G54400	67.2	1.9e-83	244
Bra029104	AT5G52882	91.3	0	1383
Bra029106	AT5G52840	94.1	6.78e-114	320
Bra029109	AT5G52670	69.6	6.52e-46	142
Bra029111	AT5G52660	79.4	4.25e-171	477
Bra029113	AT5G52600	79.8	1.05e-109	311
Bra029117	AT5G52400	88.9	0	925
Bra029118	AT5G52380	72.9	2.15e-58	186
Bra029120	AT5G52320	76.9	2.62e-290	793
Bra029127	AT5G52290	74.1	0	2172
Bra029128	AT5G52270	83.7	6.33e-95	275
Bra029129	AT5G52260	79.2	3.43e-146	409
Bra029131	AT5G52250	83.8	5.85e-209	576
Bra029132	AT5G52210	94	2.07e-138	384
Bra029134	AT5G52190	82	1.25e-111	317
Bra029137	AT5G52120	88	4.49e-197	540
Bra029139	AT5G52110	69.1	2.99e-128	362
Bra029140	AT5G52100	96	2.23e-199	546
Bra029142	AT5G52060	82	2.72e-181	504
Bra029144	AT5G56810	64.1	5.78e-183	518
Bra029146	AT5G52040	77.3	5.41e-136	393
Bra029148	AT5G52010	83.2	9.37e-227	624
Bra029149	AT5G51980	82.6	4.43e-227	628
Bra029151	AT5G51950	83.6	0	991
Bra029154	AT5G51870	73.5	7.44e-103	296
Bra029157	AT5G51840	76.8	7.36e-113	323
Bra029158	AT5G51830	94.8	1.69e-232	634
Bra029159	AT5G51770	69.5	1.13e-243	686
Bra029160	AT5G51760	80.1	9.88e-237	651
Bra029161	AT2G07340	85.7	7.1e-60	179
Bra029162	AT2G07360	93.5	0	2095
Bra029164	AT5G51590	73.9	2.56e-180	508
Bra029165	AT5G51585	70.5	5.33e-21	87
Bra029166	AT5G51570	92.8	1.38e-194	534
Bra029168	AT5G51545	75.3	2.76e-91	263
Bra029169	AT5G51540	88	0	1266
Bra029174	AT5G51440	73.5	3.85e-95	275
Bra029175	AT5G51410	83.5	3.81e-174	486
Bra029176	AT5G51380	79.3	2.39e-271	744
Bra029177	AT5G51300	74.2	6.91e-139	414
Bra029178	AT5G51290	87.4	0	1051
Bra029182	AT5G51160	80.8	7.52e-165	470
Bra029187	AT5G51120	77	1.89e-129	365
Bra029188	AT5G51110	82.8	7.9e-125	351
Bra029189	AT5G51105	55.1	2.37e-40	130
Bra029190	AT5G51100	90.4	4.35e-177	489
Bra029193	AT5G51070	91.5	0	1617
Bra029194	AT5G51060	91	0	1632
Bra029198	AT5G63860	82.8	5.22e-264	721
Bra029199	AT5G63850	94.8	0	884
Bra029200	AT5G63800	88.4	0	1280
Bra029201	AT5G63790	80	1.67e-156	437
Bra029206	AT5G63670	97.4	4.56e-84	240
Bra029208	AT5G63660	72.7	8.26e-30	99.4
Bra029220	AT2G14378	67.5	3.66e-53	162
Bra029224	AT5G63450	85.4	2.91998e-319	870
Bra029229	AT5G63380	83.5	0	907
Bra029230	AT5G63370	89.9	5.18e-222	617
Bra029232	AT5G63280	82.4	3.21e-163	452
Bra029234	AT5G63170	84.3	6.64e-216	592
Bra029235	AT5G63160	88.8	2.1e-231	633
Bra029237	AT5G62950	76.8	5.32e-67	199
Bra029240	AT5G62880	95.8	9.79e-143	396
Bra029242	AT5G62865	79.8	2.27e-91	262
Bra029247	AT5G62740	95.8	1.24e-192	528
Bra029249	AT5G62670	97.7	0	1814
Bra029252	AT5G62540	91.9	1.08e-105	297
Bra029257	AT1G52370	82.1	4.6e-150	420
Bra029258	AT5G62470	84.5	8.94e-198	546
Bra029259	AT5G62460	80.3	4.06e-116	336
Bra029261	AT5G62430	75.4	9.69e-162	451
Bra029262	AT5G62420	93	9.73e-223	607
Bra029268	AT5G62290	80.2	1.75e-123	349
Bra029269	AT5G62280	86.2	3.43e-142	397
Bra029272	AT5G62210	76.2	5.97e-91	266
Bra029275	AT5G62190	82	1.65e-318	879
Bra029281	AT5G62165	84.3	1.55e-118	335
Bra029282	AT5G62160	81	2.32e-194	538
Bra029284	AT5G62150	93.1	3.95e-66	199
Bra029285	AT5G62140	81	2.27e-131	370
Bra029288	AT5G62100	63.3	3.83e-122	351
Bra029289	AT5G62090	62.9	1.84e-293	821
Bra029295	AT5G61980	89.1	0	1439
Bra029296	AT5G61970	90.1	0	1049
Bra029299	AT5G51530	58.2	0	1145
Bra029302	AT5G61890	74.2	2.51e-112	322
Bra029309	AT5G61780	88.8	0	1685
Bra029317	AT5G61550	84	0	1361
Bra029318	AT5G61560	88.1	0	1343
Bra029321	AT5G61630	88	2.76e-87	251
Bra029325	AT5G61220	82.8	6.27e-46	141
Bra029326	AT5G65990	88.8	3.84e-267	729
Bra029333	AT5G61140	88.5	0	3690
Bra029334	AT5G61130	72.6	2.88e-85	249
Bra029342	AT5G60990	92.3	4.13e-296	804
Bra029347	AT5G60910	93.4	2.62e-153	425
Bra029357	AT5G23030	76.8	3.1e-147	412
Bra029358	AT5G23040	54	5.59e-43	140
Bra029359	AT5G23150	71.2	0	1688
Bra029360	AT5G23160	61.8	1.31e-90	268
Bra029363	AT5G23210	87.2	0	912
Bra029364	AT5G23230	82.6	1.04e-115	327
Bra029370	AT5G23370	80.8	3.34e-122	345
Bra029372	AT5G23440	68.7	9.29e-60	182
Bra029373	AT5G23450	86.6	0	1310
Bra029374	AT5G23480	59.2	8.29e-120	360
Bra029379	AT5G23630	91.7	0	2134
Bra029381	AT5G23740	95.6	4e-110	309
Bra029388	AT5G23940	86.2	1.25e-294	803
Bra029389	AT5G23990	87.4	0	1244
Bra029391	AT5G24140	80.3	8.45e-303	827
Bra029394	AT5G24165	82.7	8.49e-38	120
Bra029395	AT5G24230	91.7	5.78e-235	642
Bra029397	AT2G24080	52.5	3.76e-118	347
Bra029402	AT5G24340	80.7	1.42e-276	758
Bra029406	AT5G24450	74.7	2.16e-299	821
Bra029409	AT5G24500	55.2	3.54e-79	244
Bra029414	AT5G24530	88.9	3.72e-235	640
Bra029419	AT4G11860	73	6.53e-315	867
Bra029427	AT4G11950	84.9	2.4e-158	444
Bra029428	AT4G11980	85.7	3e-176	489
Bra029429	AT4G11990	67.7	5.38e-183	521
Bra029430	AT4G12000	74.5	5.57e-157	440
Bra029431	AT4G12010	82.3	0	1956
Bra029432	AT4G12020	73.4	0	1015
Bra029436	AT4G12060	75	3.32e-120	342
Bra029437	AT4G12070	88.3	1.06e-301	821
Bra029438	AT4G12120	88.3	0	1152
Bra029440	AT4G12130	90.4	8.47e-263	715
Bra029443	AT5G18370	64.1	0	959
Bra029444	AT4G12250	94.3	9.62e-304	822
Bra029447	AT4G12340	73.7	3.82e-85	247
Bra029449	AT1G61415	77.6	1.92e-76	225
Bra029450	AT4G12390	88.7	2.66e-126	354
Bra029455	AT4G12450	85.1	1.06e-161	449
Bra029457	AT4G12540	66	4.93e-149	428
Bra029461	AT4G12570	69.4	0	1218
Bra029467	AT4G30870	77.7	0	975
Bra029471	AT4G12620	79.3	0	1239
Bra029476	AT4G05530	94.4	6.75e-165	456
Bra029477	AT4G05520	89.7	0	974
Bra029478	AT4G03820	82.6	7e-252	693
Bra029479	AT1G54460	61	8.18e-97	289
Bra029480	AT4G03960	90.3	2.13e-125	351
Bra029481	AT4G04020	84.8	6.24e-188	519
Bra029482	AT4G04040	91.2	0	1035
Bra029485	AT4G04180	86.2	0	981
Bra029486	AT4G04190	87	1.85e-112	317
Bra029488	AT4G04330	86.8	9.76e-107	302
Bra029489	AT3G24690	56.5	1.97e-35	120
Bra029490	AT4G04370	76.9	0	1038
Bra029492	AT4G04460	85.2	0	897
Bra029493	AT4G04470	91.7	3.42e-88	254
Bra029495	AT4G04490	81.5	0	1065
Bra029505	AT4G04610	86.8	1.07e-290	791
Bra029506	AT4G04614	88.4	4.52e-72	214
Bra029510	AT4G04630	74	1.94e-73	216
Bra029515	AT4G04750	81.6	1.05e-274	754
Bra029516	AT4G04770	89.3	0	983
Bra029517	AT4G04780	85.8	5.49e-78	227
Bra029518	AT4G04790	74.3	0	1066
Bra029519	AT4G04850	84.4	0	1172
Bra029520	AT4G04860	95.5	4.86e-171	470
Bra029521	AT4G04870	81.3	5.91e-197	543
Bra029523	AT4G04880	81.3	1.81e-224	616
Bra029526	AT4G04885	76.2	0	1197
Bra029527	AT4G04890	94	0	1354
Bra029529	AT4G04910	93.5	0	1341
Bra029530	AT4G04920	88.4	0	2140
Bra029531	AT4G04930	89.7	1.19e-227	621
Bra029537	AT4G04955	90.1	0	931
Bra029539	AT4G04960	84.2	0	1139
Bra029541	AT4G04970	92.9	0	3293
Bra029542	AT4G04972	67.3	7.4e-32	107
Bra029543	AT4G04980	71.2	3.58e-267	757
Bra029545	AT4G04990	67.5	1.19e-97	289
Bra029546	AT4G05000	92.3	1.89e-135	377
Bra029548	AT4G05010	69.6	1.56e-65	197
Bra029549	AT4G05020	88.5	0	1048
Bra029550	AT4G05060	84.9	2.33e-159	444
Bra029551	AT4G05070	72.4	3.29e-35	114
Bra029552	AT4G05090	86.6	1.77e-252	689
Bra029553	AT4G05100	73.9	5.64e-157	442
Bra029557	AT4G05120	89.7	1.03e-280	762
Bra029558	AT4G05130	86.6	3.96e-262	715
Bra029561	AT4G05160	88.8	0	941
Bra029562	AT4G05170	75	3.43e-127	364
Bra029563	AT4G05180	88.3	3.46e-131	368
Bra029564	AT4G21270	80.7	0	1102
Bra029565	AT4G05200	72.3	0	883
Bra029566	AT4G21220	75.2	6.33e-118	340
Bra029567	AT4G05220	87.4	1.23e-145	405
Bra029569	AT4G05230	76.4	4.54e-100	288
Bra029573	AT4G05380	78.8	6.08e-257	706
Bra029574	AT4G05390	91.6	2.04e-253	690
Bra029575	AT4G05400	86.6	8.12e-144	402
Bra029576	AT4G05410	78.2	1.51e-206	581
Bra029577	AT4G05420	96.6	0	2100
Bra029580	AT3G06470	86	1.68e-173	479
Bra029583	AT3G06500	86.1	0	1134
Bra029584	AT3G06510	81.1	0	1091
Bra029586	AT3G06540	80.8	4.91002e-319	872
Bra029587	AT3G06550	91.1	0	1006
Bra029588	AT3G06560	76.5	7.54e-300	818
Bra029589	AT3G06580	91.5	0	904
Bra029590	AT3G06590	81.3	5.6e-88	259
Bra029595	AT3G66654	83.8	6.56e-140	391
Bra029596	AT3G66658	97	0	1148
Bra029602	AT3G06750	69.5	5.97e-24	90.9
Bra029605	AT3G06780	74.9	3.07e-70	211
Bra029606	AT3G06810	93	0	1555
Bra029607	AT3G06830	80.9	0	925
Bra029608	AT3G06860	91.3	0	1296
Bra029611	AT3G06930	88.7	0	908
Bra029613	AT3G06980	72.5	0	1030
Bra029614	AT3G07010	93	1.8e-293	794
Bra029618	AT3G07060	75.7	0	1073
Bra029621	AT3G07090	81	1.71e-154	431
Bra029622	AT3G07100	87.5	0	1570
Bra029624	AT3G07130	83.6	0	991
Bra029625	AT3G07140	86	0	1093
Bra029626	AT3G07150	73.1	1.41e-93	271
Bra029627	AT5G67290	89.1	2.29e-234	642
Bra029628	AT3G07160	92.1	0	3478
Bra029629	AT3G07170	81.9	3.64e-100	288
Bra029630	AT3G07180	85.6	0	1021
Bra029631	AT3G07200	59.2	2.07e-55	179
Bra029632	AT3G07210	77.7	5.17e-281	774
Bra029633	AT3G07220	83	1.62e-169	475
Bra029637	AT3G07300	93.2	7.05e-255	711
Bra029638	AT3G07310	87.2	3.34e-231	633
Bra029639	AT3G07320	88	4.28e-308	835
Bra029640	AT3G07340	67.2	2.59e-182	516
Bra029641	AT3G07350	80.1	1.53e-167	466
Bra029642	AT3G07360	86.2	7.94e-249	685
Bra029643	AT3G07370	72.7	9.02e-139	390
Bra029644	AT3G07390	68.2	7.83e-96	289
Bra029646	AT3G07400	89.4	0	1732
Bra029647	AT3G07420	79.1	0	971
Bra029649	AT3G07450	83.5	2.67e-54	163
Bra029651	AT3G07480	88.1	8.79e-90	258
Bra029652	AT3G07510	92.2	2.39e-102	292
Bra029653	AT3G07525	77.9	1.34e-124	351
Bra029654	AT3G07530	78.3	0	1087
Bra029656	AT3G07550	78.5	1.77e-174	491
Bra029657	AT3G07560	76.9	5.12e-127	363
Bra029658	AT3G07565	82.7	4.17e-131	371
Bra029659	AT3G07568	85.3	1.04e-37	120
Bra029660	AT3G07570	81.9	7.37e-224	614
Bra029661	AT3G07580	57.6	2.01e-47	149
Bra029662	AT3G07590	96	6.3e-64	189
Bra029664	AT3G07610	62.2	0	957
Bra029665	AT3G07630	89.2	2.75e-236	647
Bra029669	AT3G07690	93.4	1.86e-311	843
Bra029670	AT3G07700	88.3	0	1218
Bra029673	AT3G07740	80.4	1.45e-311	852
Bra029675	AT3G07760	94.5	8.67e-74	215
Bra029682	AT3G14040	83.2	1.28e-233	647
Bra029686	AT3G07900	87.1	1.89e-285	782
Bra029687	AT3G07910	82.9	2.52e-30	101
Bra029688	AT3G07940	87.6	2.75e-244	668
Bra029689	AT3G07950	93.1	8.01e-200	548
Bra029690	AT3G07970	85.5	7.62e-262	715
Bra029691	AT3G07990	89.1	0	871
Bra029692	AT3G08000	81.1	1.41e-75	221
Bra029693	AT3G08030	91.2	4.6e-248	675
Bra029695	AT3G08490	75.2	2.07e-112	321
Bra029696	AT3G08500	82.5	2.17e-191	530
Bra029697	AT3G08510	91	0	1067
Bra029700	AT3G08590	92.9	0	1058
Bra029702	AT3G08610	96.9	2.14e-43	133
Bra029703	AT3G08620	92.6	4.41e-186	511
Bra029704	AT3G08630	77.9	1.05e-152	431
Bra029708	AT3G08670	79.7	5.38e-248	692
Bra029712	AT3G08720	84	2.6e-282	770
Bra029713	AT3G08730	86.1	5.57e-294	800
Bra029715	AT3G08760	88.7	0	949
Bra029719	AT3G08770	71.8	1.47e-54	165
Bra029720	AT3G08780	75.1	4.28e-156	438
Bra029721	AT3G08800	77.9	0	1381
Bra029722	AT3G08820	81.6	0	1128
Bra029724	AT5G62660	58.8	2.54e-124	363
Bra029727	AT3G08890	98.2	1.37e-120	337
Bra029730	AT3G08920	81.4	8.37e-54	166
Bra029731	AT3G08930	95.3	0	936
Bra029732	AT3G08940	95.8	2.15e-198	543
Bra029733	AT3G08947	88.4	0	1145
Bra029734	AT3G08950	83	3.33e-195	539
Bra029735	AT3G08960	92.5	0	1828
Bra029736	AT3G08970	77.9	2.62e-294	810
Bra029739	AT3G09000	80.7	2.34e-211	596
Bra029740	AT3G09020	82.3	8.39e-243	665
Bra029741	AT3G09030	87.2	2.05e-295	803
Bra029743	AT3G09190	67.2	3.82e-158	446
Bra029744	AT3G09180	89.1	4.65e-249	681
Bra029746	AT3G09090	85.7	0	1492
Bra029747	AT3G09100	95.2	0	1319
Bra029753	AT3G09220	86.7	0	1021
Bra029757	AT3G09300	95.2	0	887
Bra029758	AT3G09310	76.5	1.23e-85	248
Bra029760	AT3G09320	92.6	5.26e-196	537
Bra029761	AT3G09350	92.1	1.44e-235	644
Bra029762	AT3G09370	68.9	3.51e-205	578
Bra029764	AT3G09380	66.4	1.28e-61	185
Bra029765	AT3G09390	93.8	1.09e-43	135
Bra029767	AT3G09410	87.6	1.05e-289	786
Bra029768	AT3G09430	68.3	6.5e-160	450
Bra029769	AT3G09450	79	0	1148
Bra029770	AT3G09470	89.5	6.03e-276	752
Bra029772	AT3G09520	76.4	0	910
Bra029773	AT3G09540	88.2	3.06e-222	609
Bra029774	AT3G09560	74.4	0	1233
Bra029775	AT3G09570	90.2	5.11e-285	775
Bra029776	AT3G09580	84.1	3.67e-289	788
Bra029778	AT3G09600	84.3	1.9e-162	453
Bra029781	AT3G09650	86.3	5.91e-216	609
Bra029782	AT3G09660	88.7	0	1383
Bra029783	AT2G06990	90.1	0	1701
Bra029784	AT3G09735	90.4	3.22e-35	113
Bra029787	AT3G09760	75.1	2.02e-241	667
Bra029788	AT3G09770	76.1	6.99e-176	494
Bra029789	AT3G09780	80	0	1102
Bra029791	AT3G09810	85.9	4.47e-236	646
Bra029794	AT3G09830	89.3	7.1e-272	740
Bra029796	AT3G09850	69.1	3.48e-293	822
Bra029797	AT3G09860	99	2.45e-75	216
Bra029798	AT3G09870	80.5	3.93e-61	182
Bra029804	AT3G09910	90.7	1.62e-129	362
Bra029805	AT3G09920	86	0	1043
Bra029807	AT3G09930	76.8	7.61e-192	531
Bra029808	AT3G09950	73.6	3.07e-36	116
Bra029809	AT3G09970	88	3.08e-211	577
Bra029811	AT3G10020	86	1.52e-85	246
Bra029812	AT3G10030	86.1	0	893
Bra029815	AT3G10060	88.3	9.14e-142	395
Bra029816	AT3G10070	73.2	2.72e-226	634
Bra029818	AT3G10130	79.6	1.78e-144	408
Bra029819	AT3G10150	86.7	4.72e-238	652
Bra029821	AT3G10190	64.8	8.78e-73	219
Bra029823	AT3G10210	89.5	1.69e-163	451
Bra029824	AT3G10220	88.9	4.82e-164	452
Bra029825	AT3G10230	90.8	0	912
Bra029826	AT3G10250	85.2	4.65e-185	513
Bra029827	AT3G10260	83	1.3e-154	429
Bra029828	AT3G10270	93.9	0	1279
Bra029829	AT3G10310	83.1	0	1567
Bra029830	AT3G10320	76.6	6.82e-283	775
Bra029831	AT3G10340	91	0	1249
Bra029832	AT3G10350	82.6	7.31e-239	657
Bra029833	AT3G10370	94.6	0	1170
Bra029834	AT3G10380	91.4	0	1883
Bra029835	AT3G10400	80.1	6.18e-88	261
Bra029837	AT3G10420	90.2	0	1129
Bra029850	AT3G10540	90.5	2.71e-316	858
Bra029852	AT3G10570	86	0	884
Bra029854	AT1G66240	90.8	3.35e-44	137
Bra029857	AT3G10620	83.9	3.92e-127	362
Bra029858	AT5G48330	63.4	2.9e-167	476
Bra029860	AT3G10680	55.1	7.09e-133	394
Bra029861	AT3G10700	82.5	7.9e-248	678
Bra029862	AT3G10730	69.8	1.17e-203	570
Bra029863	AT3G10750	52	3.49e-73	229
Bra029867	AT3G10770	84	5.11e-192	532
Bra029869	AT3G10815	74.4	7.39e-107	304
Bra029870	AT3G10820	67.8	2.29e-160	462
Bra029871	AT3G10840	83.1	2.35e-250	688
Bra029872	AT3G10850	89.5	2.3e-176	485
Bra029876	AT3G10880	50.9	4.59e-75	232
Bra029881	AT3G10940	87.1	4.77e-182	501
Bra029882	AT3G10960	91.8	0	1028
Bra029883	AT3G10970	90.8	2.24e-241	658
Bra029884	AT3G10980	77.3	1.72e-311	851
Bra029890	AT3G11030	88.9	1.56e-263	721
Bra029891	AT3G11050	84.4	5.08e-146	408
Bra029894	AT2G47860	83.2	0	1023
Bra029898	AT3G48300	79.1	1.98e-262	720
Bra029899	AT3G48500	85.6	0	1182
Bra029900	AT3G48510	75.6	1.11e-154	433
Bra029902	AT3G48530	92.5	2e-287	781
Bra029903	AT3G48540	89.9	3.89e-149	414
Bra029904	AT3G48550	81	1.95e-77	227
Bra029906	AT3G48560	89.5	0	1128
Bra029910	AT3G48610	92.9	0	983
Bra029913	AT3G48690	82.4	1.21e-200	552
Bra029919	AT3G48780	93.9	0	930
Bra029920	AT3G48800	69.1	3.21e-107	310
Bra029921	AT3G48810	88.2	2.55e-240	679
Bra029922	AT3G48870	90	0	1592
Bra029923	AT3G48880	91.3	1.94e-214	585
Bra029924	AT3G48900	77	0	895
Bra029925	AT4G12730	87.9	2.45e-234	644
Bra029929	AT4G01400	86.7	8.46e-123	365
Bra029930	AT3G01920	84.8	2.79e-176	488
Bra029932	AT5G19830	91.2	2.3e-135	387
Bra029933	AT3G49120	94.5	1.51e-239	652
Bra029935	AT3G49142	88.1	0	1197
Bra029936	AT3G49160	78	0	1044
Bra029937	AT3G49180	78.2	1.54e-248	682
Bra029939	AT3G49210	84.7	9.66e-308	838
Bra029943	AT3G49220	85.3	0	993
Bra029944	AT3G49240	79.5	3.29e-251	706
Bra029946	AT3G49340	76.7	5.47e-187	519
Bra029947	AT3G49350	89	1.95e-304	832
Bra029949	AT3G49360	90.7	2.78e-175	482
Bra029951	AT5G38690	51.4	3.13e-167	483
Bra029953	AT3G49400	81.4	0	1404
Bra029954	AT3G49410	81.3	1.91999e-319	872
Bra029957	AT3G49500	89.1	0	2207
Bra029964	AT3G49630	85.3	1.46e-212	583
Bra029968	AT3G49750	91.5	3.84e-100	293
Bra029971	AT3G49780	79.5	1.7e-35	114
Bra029972	AT3G49790	79.7	5.46e-192	533
Bra029974	AT3G49800	76.8	1.87e-210	585
Bra029975	AT3G49810	93.1	5.72e-301	816
Bra029976	AT3G49820	79.4	2.02e-67	200
Bra029978	AT3G49850	68.8	1.72e-93	275
Bra029987	AT3G50030	81	6.08e-309	843
Bra029988	AT3G50040	52	4.27e-120	355
Bra029989	AT3G50050	84.8	0	1045
Bra029992	AT3G50070	79.7	2.39e-195	541
Bra029994	AT3G50080	76.6	2.76e-284	780
Bra030001	AT3G50310	74.3	1.46e-181	505
Bra030002	AT3G50330	86.4	1.2e-130	367
Bra030007	AT3G50380	82.8	0	5059
Bra030009	AT3G50400	89	1.06e-243	665
Bra030011	AT3G50430	67.3	9.95e-285	790
Bra030012	AT5G38020	83.8	1.98e-217	598
Bra030013	AT3G50510	51.2	6.67e-53	167
Bra030016	AT3G50520	92	2.76e-149	414
Bra030018	AT3G50560	93.4	5.85e-182	500
Bra030020	AT3G50580	58.1	6.21e-47	157
Bra030024	AT1G24400	91.1	2.34e-301	816
Bra030027	AT1G24340	87.9	0	1235
Bra030029	AT1G24320	81.8	0	1316
Bra030030	AT1G24290	84.8	3.07e-314	856
Bra030031	AT1G24280	89.8	0	1008
Bra030033	AT1G27290	81	1.54e-65	196
Bra030037	AT1G27320	84.3	0	1696
Bra030039	AT1G27330	97.1	3.58e-42	131
Bra030040	AT1G27360	75	7.87e-200	555
Bra030042	AT1G27380	62.3	6.4e-58	177
Bra030043	AT1G27385	90.1	3.43e-128	360
Bra030051	AT1G27440	95.1	2.84e-300	811
Bra030052	AT1G27480	84.9	3.37e-265	724
Bra030054	AT1G27530	96.6	3.22e-130	361
Bra030058	AT4G08560	60	3.49e-120	361
Bra030065	AT1G27880	82.7	0	1370
Bra030069	AT1G27970	96.6	5.26e-82	236
Bra030072	AT1G28100	82.3	4.53e-171	474
Bra030074	AT1G28130	94.1	0	1158
Bra030075	AT1G28150	73.2	4.84e-58	175
Bra030076	AT1G28160	79.6	1.31e-124	353
Bra030078	AT1G28220	84.9	2.18e-204	563
Bra030079	AT1G28240	86.3	0	1023
Bra030082	AT1G28280	82.5	6.74e-126	356
Bra030083	AT1G28290	77.4	1.63e-77	240
Bra030087	AT1G28300	62.5	9.91e-146	415
Bra030089	AT1G28310	80.8	6.53e-161	451
Bra030092	AT1G28350	89.1	0	1325
Bra030104	AT1G28540	76.6	1.02e-49	152
Bra030108	AT1G28580	79.4	6.28e-230	632
Bra030113	AT1G29000	85.4	2.13e-129	368
Bra030114	AT1G29040	81.4	6.33e-98	281
Bra030115	AT1G29041	55.7	9.98e-44	142
Bra030116	AT1G29050	87.4	1.55e-253	690
Bra030118	AT1G29090	72.8	3.49e-190	528
Bra030119	AT1G29100	75.9	2.2e-77	225
Bra030122	AT1G29140	90.1	5.11e-112	315
Bra030126	AT2G27000	70.2	7.45e-249	689
Bra030132	AT1G29270	75.9	2.59e-51	159
Bra030133	AT1G29290	84.1	3.44e-52	159
Bra030137	AT1G35220	91.1	0	1790
Bra030140	AT1G29470	88.5	0	1251
Bra030142	AT1G29520	93.7	2.31e-102	290
Bra030144	AT1G29540	72.1	2.92e-31	108
Bra030153	AT1G29630	82	0	1108
Bra030163	AT4G02130	85.3	1.2e-219	602
Bra030164	AT2G25920	76.5	6.62e-120	343
Bra030165	AT4G02110	61	0	1372
Bra030172	AT1G29780	83	1.18e-124	352
Bra030174	AT1G29740	83.4	0	1416
Bra030177	AT1G29850	76.6	4.89e-41	132
Bra030178	AT1G29860	69.8	1.59e-129	368
Bra030179	AT1G29880	91.9	0	1300
Bra030182	AT1G29930	97.4	1.07e-190	522
Bra030183	AT1G29940	81.4	0	1931
Bra030184	AT1G29950	72.2	2.08e-78	235
Bra030185	AT1G30790	53.1	2.7e-121	363
Bra030187	AT1G30040	86.5	3.89e-221	605
Bra030189	AT1G30190	63.5	2.02e-99	291
Bra030195	AT4G15400	63.7	1.27e-190	535
Bra030196	AT2G22870	84.8	2.67e-182	503
Bra030197	AT2G22860	73.3	1.11e-34	113
Bra030198	AT2G22830	84.7	1.13e-318	870
Bra030199	AT2G22810	88.7	9.96e-305	828
Bra030200	AT2G22800	83.3	1.48e-145	409
Bra030204	AT2G22780	93.8	4.15e-236	644
Bra030208	AT2G22760	71.4	1.86e-138	392
Bra030210	AT2G22750	74.8	1.71e-157	443
Bra030212	AT2G22740	57	1.53e-290	818
Bra030214	AT2G22730	87.9	8.23998e-319	868
Bra030215	AT2G22720	65.3	1.4e-151	448
Bra030218	AT2G22680	71.9	5.98e-318	878
Bra030219	AT2G22670	74.1	2.63e-157	440
Bra030220	AT2G22660	78.4	0	1119
Bra030221	AT2G22640	98.8	2.22e-52	157
Bra030226	AT2G22600	70.4	9.22e-296	818
Bra030227	AT2G22560	72.3	0	998
Bra030229	AT5G49680	78.2	0	3820
Bra030230	AT2G22510	72.7	3.32e-23	87
Bra030231	AT2G22500	85.2	2.48e-188	520
Bra030232	AT2G22490	74.9	3.75e-179	500
Bra030236	AT2G22460	86.9	7.68e-148	412
Bra030237	AT2G21930	51.2	2.38e-123	362
Bra030241	AT2G22420	91.4	2.61e-213	584
Bra030243	AT2G22370	95	1.66e-138	386
Bra030245	AT2G22360	84.7	3.93e-249	685
Bra030246	AT2G22330	92.3	0	1015
Bra030247	AT2G22320	70.3	4.3e-45	141
Bra030248	AT2G22300	82.6	0	1575
Bra030249	AT2G22270	59.9	3.8e-104	305
Bra030255	AT2G22200	63.7	8.82e-97	283
Bra030256	AT2G22190	88.5	8.44e-216	592
Bra030259	AT2G22170	86.8	8.65e-121	338
Bra030262	AT2G22125	94.4	0	3264
Bra030264	AT2G22120	95.7	5.55e-233	635
Bra030265	AT2G22100	67.7	8.79e-120	351
Bra030267	AT2G21990	91.7	3.67e-154	428
Bra030268	AT2G21960	92.2	2.35e-207	569
Bra030269	AT2G21950	79.3	1.66e-223	613
Bra030270	AT2G21940	83.6	5.02e-175	485
Bra030273	AT2G21900	77.1	1.13e-108	309
Bra030274	AT2G21880	81.6	1.46e-126	355
Bra030276	AT2G21860	85.2	0	894
Bra030280	AT2G21720	84.4	0	1127
Bra030282	AT2G29810	52.6	7.81e-91	275
Bra030286	AT5G36880	92	0	1405
Bra030290	AT2G21600	87	1.92e-120	338
Bra030291	AT2G21590	90.5	0	953
Bra030294	AT2G21540	78.1	2.64e-294	805
Bra030296	AT2G21480	87.1	0	1463
Bra030299	AT2G21430	87.4	3.59e-241	657
Bra030301	AT2G21400	70.3	9.96e-87	253
Bra030302	AT2G21350	64.7	3.81e-73	226
Bra030305	AT2G21290	86.7	1.87e-49	151
Bra030306	AT2G21280	89.5	4.79e-223	611
Bra030307	AT2G21270	88.8	1.39e-197	545
Bra030308	AT2G21240	77.1	2.67e-124	356
Bra030314	AT2G21230	70.8	3.81e-188	534
Bra030315	AT2G21195	65.7	1.58e-44	139
Bra030319	AT2G21140	64	4.56e-89	270
Bra030322	AT5G04230	83.2	0	1115
Bra030323	AT2G21070	78.4	8.15e-255	702
Bra030326	AT2G20940	79.2	1.09e-61	184
Bra030327	AT5G40820	88.5	0	4728
Bra030328	AT5G40890	94.6	0	1441
Bra030332	AT4G39600	56.9	1.78e-147	422
Bra030337	AT5G40240	85.2	2.87e-211	583
Bra030338	AT4G15540	85.2	8.02e-206	567
Bra030345	AT2G04650	93.9	3.25e-258	704
Bra030348	AT5G39930	70.7	4.89e-208	579
Bra030353	AT5G39310	76.9	4.11e-138	390
Bra030355	AT5G39210	53.5	1.51e-17	75.9
Bra030356	AT5G39200	65.2	1.57e-77	230
Bra030359	AT5G39050	76	9.68e-253	696
Bra030367	AT1G52720	67.7	2.22e-41	131
Bra030371	AT1G52680	87.5	1.36e-55	168
Bra030372	AT1G52600	97.8	1.11e-124	348
Bra030375	AT1G52570	92.6	0	1570
Bra030378	AT1G52540	85.4	1.8e-196	543
Bra030379	AT1G52530	92.5	2.96e-214	586
Bra030380	AT1G52510	90	5.21e-256	696
Bra030381	AT1G52500	91.2	6.57e-189	527
Bra030384	AT1G52420	84.9	0	1079
Bra030385	AT1G52410	72.5	3.58e-151	457
Bra030386	AT1G52400	83.4	0	941
Bra030387	AT1G52380	67.7	1.99e-166	474
Bra030388	AT1G52360	92.1	0	1415
Bra030390	AT1G52330	81.3	4.55e-104	299
Bra030393	AT1G52300	97.9	2.23e-63	186
Bra030396	AT1G52240	87.7	0	893
Bra030401	AT1G66900	94.1	1.46e-195	535
Bra030406	AT1G51965	87	1.52e-182	532
Bra030408	AT1G51930	59.6	1.21e-44	140
Bra030409	AT1G51913	69.2	1.56e-21	79.3
Bra030410	AT1G51920	65.8	1.3e-30	102
Bra030412	AT1G51860	81.6	0	1415
Bra030414	AT1G51850	78.7	0	1378
Bra030416	AT1G51800	89.5	0	1511
Bra030417	AT1G51790	72.7	0	1261
Bra030418	AT1G51770	83.7	3.55e-243	665
Bra030419	AT1G51760	89.6	5.84e-290	788
Bra030421	AT5G38590	57.7	5.2e-149	428
Bra030422	AT1G51730	87	7.64e-141	394
Bra030425	AT1G51690	84.7	6.96e-309	845
Bra030429	AT1G51680	91.3	0	989
Bra030430	AT1G51660	78.4	4.73e-204	563
Bra030432	AT1G51640	75.8	0	941
Bra030433	AT1G51630	89.1	4.73e-274	745
Bra030434	AT1G51610	87.2	6.93e-277	756
Bra030435	AT1G51560	84.6	2.26e-239	655
Bra030437	AT1G51500	94.6	0	1262
Bra030439	AT1G51420	84.6	5.59e-274	746
Bra030443	AT1G33790	52.1	8.16e-261	738
Bra030448	AT1G51260	89.6	1.08e-247	675
Bra030449	AT2G22410	79.3	0	976
Bra030451	AT1G51190	89.2	0	986
Bra030459	AT1G51070	66.9	2.88e-82	246
Bra030461	AT1G50960	77.6	4e-177	509
Bra030465	AT1G50950	82.8	5.35e-299	814
Bra030466	AT1G50930	67.5	2.39e-62	191
Bra030470	AT1G50890	76.8	0	1154
Bra030472	AT1G50840	81.7	0	1688
Bra030473	AT1G47600	84.5	0	924
Bra030474	AT1G36380	86.1	2.92e-42	132
Bra030481	AT1G50620	70.4	4.92e-242	680
Bra030482	AT1G50610	78.9	0	1002
Bra030485	AT1G50510	94.5	1.45e-210	578
Bra030486	AT1G50500	90.7	0	1448
Bra030491	AT1G50440	87.2	2.82e-143	400
Bra030494	AT1G01470	88.1	4.93e-98	278
Bra030498	AT1G02305	94	2.45e-247	673
Bra030501	AT1G02410	85.2	3.42e-168	466
Bra030502	AT1G02420	82.3	5.58e-119	353
Bra030503	AT1G02520	91.4	0	2206
Bra030505	AT1G02610	72.5	1.4e-99	286
Bra030506	AT1G02630	90	8.44e-261	709
Bra030509	AT1G02780	95.4	2.36e-130	365
Bra030510	AT1G02790	83.4	9.58e-260	709
Bra030511	AT1G02810	91.9	0	1050
Bra030512	AT1G02880	85.4	8.02e-159	441
Bra030513	AT1G02900	83.5	3.66e-65	192
Bra030514	AT1G02910	87	7.53e-278	758
Bra030515	AT1G02930	83.3	1.8e-126	355
Bra030516	AT1G02960	68.5	1.65e-203	570
Bra030518	AT1G03050	86.2	0	900
Bra030519	AT1G03110	78.6	4.55e-234	645
Bra030522	AT1G03160	89.1	0	1529
Bra030524	AT1G03190	96.2	0	1389
Bra030529	AT1G03330	97.8	2.26e-62	183
Bra030530	AT1G03350	71.8	9.9e-171	485
Bra030532	AT1G03440	88.1	4.43e-192	536
Bra030533	AT1G03510	89.5	1.22e-261	713
Bra030534	AT1G03540	85.1	0	1053
Bra030535	AT1G03550	95.8	2.37e-186	512
Bra030536	AT1G03590	82.2	3.87e-262	718
Bra030537	AT1G03600	84.7	7.73e-92	264
Bra030539	AT1G03620	92.9	6.37e-169	468
Bra030544	AT1G03830	68.4	0	1213
Bra030546	AT1G03860	96.8	6.1e-191	524
Bra030548	AT1G03900	88	1.23e-167	464
Bra030549	AT1G03905	92.4	4.31e-195	535
Bra030550	AT1G03940	81.8	3.49e-281	769
Bra030551	AT1G03960	87	0	929
Bra030553	AT1G04040	86	3.93e-179	493
Bra030557	AT1G04190	77.9	6.16e-173	482
Bra030558	AT1G04200	87.9	0	1211
Bra030560	AT1G04250	89.1	1.13e-148	412
Bra030561	AT1G04260	85.2	2.4e-103	294
Bra030566	AT1G04350	81.4	1.03e-216	595
Bra030568	AT1G04400	90.7	0	1140
Bra030570	AT1G04430	92	0	1202
Bra030576	AT1G04600	76.4	0	2236
Bra030577	AT2G33220	99.3	4.21e-102	289
Bra030578	AT1G04645	61.1	1.98e-57	174
Bra030581	AT1G04650	78.9	0	1480
Bra030586	AT1G04710	88.2	4.62e-278	758
Bra030591	AT1G04830	87.7	1.56e-219	608
Bra030592	AT1G04850	89.4	6.45e-203	565
Bra030597	AT1G04945	73.4	4.34e-203	573
Bra030599	AT1G04985	85.4	1.57e-102	293
Bra030601	AT5G40170	63.8	2.54e-238	684
Bra030602	AT1G05055	93.6	5.25e-294	796
Bra030603	AT4G20720	72.7	6.32e-273	766
Bra030608	AT1G05270	81.6	3.67e-200	554
Bra030609	AT1G05280	84.8	9.46e-310	841
Bra030611	AT1G05470	87.4	0	1025
Bra030613	AT1G05520	89.8	0	1409
Bra030616	AT1G05620	91.6	3.9e-216	591
Bra030617	AT1G05630	85	0	1999
Bra030618	AT1G05640	87.2	3.9e-233	658
Bra030619	AT1G05660	84.9	6.47e-250	682
Bra030620	AT1G05680	87.4	1.31e-303	823
Bra030621	AT1G05690	73.8	5.24e-190	532
Bra030624	AT1G05750	82.3	4.3e-259	714
Bra030625	AT1G05790	86.2	0	1244
Bra030626	AT1G05820	82.8	2.06001e-319	870
Bra030627	AT1G05835	86.6	1.76e-73	218
Bra030628	AT1G05850	92.5	2.52e-232	632
Bra030630	AT1G05894	67.9	5e-170	482
Bra030634	AT1G06020	87.6	5.32e-210	577
Bra030636	AT1G06060	81.7	1.15e-124	350
Bra030637	AT1G06070	74.3	1.54e-166	472
Bra030639	AT1G06110	81.7	3.62e-266	726
Bra030642	AT1G06220	95.1	0	1882
Bra030644	AT1G06240	87.8	7.66e-240	656
Bra030646	AT1G06260	80.9	4.41e-212	582
Bra030647	AT1G06280	81	8.52e-112	317
Bra030648	AT1G06320	70.8	1e-54	170
Bra030650	AT1G06360	86.3	6.2e-203	556
Bra030651	AT1G06410	94	0	1628
Bra030653	AT1G06460	71.7	5.32e-99	293
Bra030654	AT1G06470	88.2	1.54e-257	704
Bra030657	AT1G06550	87.9	2.24e-238	652
Bra030659	AT1G06660	75.5	6.6e-240	664
Bra030661	AT1G06690	93.6	1.36e-262	713
Bra030662	AT1G06790	77	6.13e-115	325
Bra030663	AT1G06850	80.1	1.35e-159	448
Bra030666	AT1G06950	90.9	0	1725
Bra030667	AT1G06970	84.2	0	1396
Bra030671	AT1G07120	81.1	1.07e-204	568
Bra030672	AT1G07130	71.3	7.78e-76	223
Bra030673	AT1G07135	54.5	5.73e-34	115
Bra030678	AT1G07340	84.5	1.15e-306	835
Bra030680	AT1G07380	87.6	0	1379
Bra030681	AT1G07420	95.9	4.38e-193	538
Bra030682	AT1G07460	77.3	4.18e-170	474
Bra030688	AT1G07530	78.3	0	1105
Bra030693	AT1G07615	77.6	4.31e-270	741
Bra030696	AT1G07640	74.3	7.94e-163	457
Bra030699	AT3G57310	55.3	5.18e-37	120
Bra030700	AT1G07745	71.9	4.78e-149	419
Bra030701	AT1G07730	71.6	7.3e-151	446
Bra030708	AT1G07990	84.6	0	1303
Bra030711	AT1G08035	73.1	2.37e-49	153
Bra030712	AT1G08050	71.9	3e-294	814
Bra030715	AT1G08180	74.8	5.27e-48	148
Bra030718	AT1G08220	83.9	1.54e-166	461
Bra030719	AT1G08230	87.8	1.31e-288	785
Bra030723	AT1G08410	85.4	0	958
Bra030732	AT1G08540	84.3	0	883
Bra030734	AT1G08590	86.8	1.15e-259	756
Bra030735	AT1G08620	79.3	0	1838
Bra030737	AT1G08650	90.1	2.68e-190	522
Bra030738	AT1G22090	51	3.07e-68	226
Bra030741	AT1G08790	85.3	6.56e-97	278
Bra030747	AT1G08920	89.3	4.43e-310	841
Bra030754	AT1G09060	74.8	0	1378
Bra030756	AT1G09130	90.3	7.27e-210	577
Bra030757	AT1G09150	95	2.51e-126	352
Bra030758	AT1G09155	78.9	2.63e-154	431
Bra030759	AT1G09160	91.4	1.11e-282	768
Bra030760	AT1G09170	76.7	0	1410
Bra030762	AT1G09195	78.6	5.88e-295	810
Bra030764	AT1G09220	79	2.98e-271	745
Bra030766	AT1G09290	77.6	3.56e-176	491
Bra030767	AT1G09300	89	5.43e-317	860
Bra030769	AT1G09330	96.2	3.12e-124	347
Bra030770	AT1G05080	53.6	8.65e-150	433
Bra030773	AT1G09400	81.5	2.02e-207	571
Bra030775	AT1G09420	82.5	0	1009
Bra030777	AT1G09430	95.5	8.47e-299	808
Bra030783	AT1G09540	82.1	7.14e-208	573
Bra030784	AT1G09550	77	1.2e-217	600
Bra030786	AT1G09580	79.5	6.06e-125	351
Bra030789	AT1G09610	89	1.73e-185	510
Bra030791	AT1G09660	86.5	4.42e-181	500
Bra030793	AT1G09700	77.6	6.11e-145	412
Bra030794	AT1G09730	73	0	1189
Bra030796	AT1G09750	83.9	1.38e-253	696
Bra030797	AT1G09760	87.3	2.65e-145	406
Bra030799	AT1G09780	94.3	0	1074
Bra030800	AT1G09790	76.9	2.95e-254	697
Bra030803	AT1G09840	95	3.18e-297	804
Bra030805	AT1G09920	87.2	2.5e-133	371
Bra030806	AT1G09932	73	5.68e-132	373
Bra030807	AT1G54330	83.2	6.32e-163	455
Bra030808	AT1G54320	87.3	8.55e-223	610
Bra030809	AT5G65950	85.5	0	1977
Bra030810	AT1G56180	74.2	1e-206	573
Bra030812	AT1G56160	71.9	2.07e-148	417
Bra030813	AT1G56140	82.1	0	1269
Bra030817	AT1G56090	69.6	2.87e-107	313
Bra030818	AT3G33520	86.9	6.55e-132	377
Bra030819	AT1G53720	87.3	1.88e-263	728
Bra030820	AT1G56010	83.5	6.36e-197	542
Bra030821	AT1G55920	79.6	3.54e-164	459
Bra030822	AT5G36210	91.6	0	1273
Bra030823	AT1G55915	81.5	1.87e-201	562
Bra030826	AT1G55910	88.2	2.28e-168	470
Bra030827	AT1G55900	73.5	3.96e-177	496
Bra030831	AT1G55840	90.4	7.62e-220	600
Bra030832	AT1G55810	84.8	1.21e-293	799
Bra030833	AT1G55805	79.1	6.68e-77	225
Bra030834	AT1G55790	78.6	1.33e-127	374
Bra030836	AT1G55760	92.1	7.97e-224	611
Bra030839	AT1G55740	90.6	0	1412
Bra030842	AT1G55680	89.5	4.9e-298	808
Bra030844	AT4G09320	88.5	1.48e-100	284
Bra030845	AT1G55620	90.3	0	1345
Bra030846	AT1G55610	82	0	1244
Bra030850	AT1G55560	95.6	0	1093
Bra030851	AT1G55550	70.2	0	1067
Bra030852	AT1G55540	69	0	2080
Bra030853	AT1G55535	90.1	1.18e-147	412
Bra030856	AT1G55510	79.5	3.64e-204	564
Bra030859	AT1G55475	65.3	7.95e-37	120
Bra030866	AT1G55360	94.3	1.5e-291	790
Bra030867	AT1G55340	90.3	1.21e-125	353
Bra030869	AT2G28600	66.9	3.29e-218	611
Bra030871	AT1G55280	78.9	5.09e-200	557
Bra030874	AT1G55250	82.6	0	1317
Bra030875	AT1G55240	78.5	1.1e-170	475
Bra030880	AT1G55200	76.3	0	972
Bra030883	AT1G55160	70.6	1.01e-67	205
Bra030884	AT1G55150	93.6	0	888
Bra030885	AT1G55140	82.9	2.6e-123	349
Bra030886	AT1G55110	75.9	7.42e-204	570
Bra030893	AT1G54270	97.3	5.88e-293	793
Bra030895	AT1G54217	83.8	6.08e-51	155
Bra030896	AT2G26780	81.9	0	2788
Bra030898	AT1G54200	57.3	3.3e-89	270
Bra030901	AT1G54140	85.2	1.43e-100	287
Bra030903	AT1G54120	84.7	1.47e-68	201
Bra030906	AT1G54100	94.1	0	942
Bra030907	AT1G54090	84.1	0	981
Bra030910	AT1G54050	84.6	2.02e-85	246
Bra030915	AT1G54000	82.3	1.29e-236	648
Bra030917	AT1G53990	75.1	1.08e-202	561
Bra030918	AT1G53920	85.7	9.11e-167	468
Bra030919	AT1G53910	70.5	8.07e-153	431
Bra030923	AT1G53730	85.2	0	1019
Bra030924	AT1G53710	84.3	0	894
Bra030931	AT1G53580	86.7	3.48e-157	437
Bra030934	AT1G53470	83.3	0	1375
Bra030940	AT1G53345	87.8	3.67e-206	566
Bra030941	AT1G53330	71.2	1.44e-136	400
Bra030944	AT1G53460	61.5	1.48e-111	323
Bra030945	AT1G53310	96.5	0	1863
Bra030947	AT1G53280	87.9	3.19e-264	722
Bra030948	AT1G53270	92.5	0	1050
Bra030951	AT1G53240	96.5	5.9e-232	632
Bra030952	AT1G53230	60.3	2.58e-123	359
Bra030953	AT1G53210	94.4	0	1046
Bra030955	AT1G53180	72.5	7.39e-154	438
Bra030957	AT1G53170	68.4	5.39e-78	230
Bra030963	AT1G53040	87.1	0	939
Bra030964	AT3G01980	71.2	8.33e-141	397
Bra030973	AT1G52700	91.4	1.63e-179	493
Bra030980	AT2G37410	69.9	5.81e-105	302
Bra030981	AT2G37430	79	1.64e-80	236
Bra030984	AT1G17340	67.7	0	1010
Bra030985	AT1G17370	93.6	2.51e-279	759
Bra030986	AT1G17380	66.7	7.6e-115	332
Bra030988	AT1G17420	92.4	0	1726
Bra030991	AT1G17500	93.6	0	2255
Bra030993	AT1G17580	88	0	2383
Bra030997	AT1G17610	78.8	3.38e-234	645
Bra030998	AT1G17600	78.7	0	1522
Bra031000	AT1G45403	56.6	1.38e-53	167
Bra031001	AT1G17700	81.8	7.71e-98	280
Bra031003	AT1G17720	89.8	0	878
Bra031005	AT1G17810	92.9	1.5e-181	499
Bra031010	AT1G17980	80.6	0	1107
Bra031011	AT1G18000	88.8	7.19e-299	811
Bra031014	AT1G18080	96.3	1.24e-187	519
Bra031016	AT1G18100	96	2.18e-123	344
Bra031018	AT1G18170	76.1	2.05e-122	348
Bra031025	AT1G18290	79.2	8.48e-97	277
Bra031026	AT3G10110	85.5	9.25e-101	286
Bra031029	AT1G18460	85.8	0	1179
Bra031030	AT1G18470	88.4	9.48e-311	843
Bra031031	AT1G18500	89.3	0	1080
Bra031034	AT1G18540	92.7	7.9e-149	413
Bra031039	AT1G18680	87.7	1.92e-110	312
Bra031040	AT1G18700	83.8	0	1145
Bra031044	AT1G18720	85.7	1.06e-119	337
Bra031048	AT1G18740	84.8	8.56e-218	600
Bra031049	AT1G18750	81.4	1.96e-226	623
Bra031054	AT1G18880	89.7	0	1045
Bra031055	AT1G18890	87.8	0	941
Bra031056	AT1G18910	79.5	0	1944
Bra031057	AT1G18950	78.3	0	895
Bra031058	AT1G18980	91.8	2.33e-135	378
Bra031061	AT1G19020	77.9	9.64e-40	125
Bra031062	AT1G19025	79.2	2.72e-305	837
Bra031063	AT1G19100	81.6	0	1037
Bra031065	AT1G19180	74.4	2.56e-125	356
Bra031069	AT1G19210	69.9	2.17e-87	259
Bra031080	AT1G19400	83.2	9.77e-166	462
Bra031081	AT1G19440	92.2	0	953
Bra031084	AT2G19490	87.4	3.72e-250	686
Bra031090	AT2G19590	86.1	9.41e-193	530
Bra031091	AT2G19600	93.3	0	991
Bra031093	AT2G19730	91.6	6.09e-86	247
Bra031094	AT2G19740	95.8	1.45e-77	224
Bra031106	AT2G19880	92.5	0	1000
Bra031107	AT2G19910	70.3	0	1354
Bra031109	AT2G20060	86.6	4.03e-175	494
Bra031111	AT2G20100	56.3	4.12e-119	350
Bra031114	AT2G20280	90.8	9.21e-190	528
Bra031117	AT2G20360	94	1.49e-272	740
Bra031119	AT2G20430	76.5	3.68e-84	247
Bra031125	AT2G20490	92.2	7.85e-41	127
Bra031126	AT2G20540	78	6.59e-193	543
Bra031127	AT2G20560	92.3	1.57e-216	593
Bra031131	AT2G20590	76.2	2.59e-185	523
Bra031135	AT2G20635	76.5	3.37e-288	788
Bra031137	AT2G20680	90	4.11e-308	833
Bra031138	AT2G20760	73.2	8.74e-109	319
Bra031140	AT2G20830	88.4	9.19e-183	509
Bra031142	AT2G20835	97.1	4.02e-47	143
Bra031143	AT2G20860	93.5	7.42e-254	691
Bra031144	AT2G20870	80.3	1.05e-75	221
Bra031145	AT2G20875	81.3	5.6e-54	163
Bra031146	AT2G20880	65.7	9.45e-124	357
Bra031147	AT2G20890	85.7	1.42e-160	448
Bra031151	AT2G20930	95	5.27e-96	272
Bra031154	AT2G20970	51.2	1.57e-104	312
Bra031157	AT2G20990	87	0	1007
Bra031158	AT2G21050	96.3	0	967
Bra031159	AT2G21060	80.4	1.47e-49	159
Bra031160	AT2G21090	83.8	1.35e-243	680
Bra031161	AT2G21100	87.7	1.66e-120	338
Bra031162	AT2G21110	77.2	4.27e-102	291
Bra031164	AT2G21120	92.3	6.23e-214	586
Bra031165	AT2G21150	91.4	5.18e-200	551
Bra031166	AT2G21160	88	2.02e-154	429
Bra031167	AT2G21170	92.2	7.95e-200	549
Bra031168	AT2G21180	80.5	1.79e-68	202
Bra031169	AT2G21185	89.2	1.21e-57	171
Bra031171	AT2G21220	95.1	3.97e-68	199
Bra031174	AT2G21237	58.2	9.6e-51	160
Bra031177	AT2G21250	93.9	2.69e-221	603
Bra031179	AT2G21300	87.6	0	1432
Bra031180	AT2G21320	88.6	2.89e-109	309
Bra031181	AT2G21330	93.5	4.41e-268	729
Bra031182	AT2G21340	85.7	0	903
Bra031183	AT2G21370	88.3	2.47e-309	840
Bra031184	AT2G21380	85.8	0	1604
Bra031185	AT2G21385	84.1	7.86e-193	533
Bra031187	AT2G21410	94.8	0	1524
Bra031190	AT2G21440	69.6	0	1217
Bra031191	AT2G21470	82.1	0	1082
Bra031192	AT2G21490	50	1.36e-19	81.3
Bra031193	AT2G21500	74.4	8.41e-205	570
Bra031195	AT2G21510	89.5	5.61e-220	603
Bra031196	AT2G21520	88.9	0	1087
Bra031197	AT2G21530	79.3	5.69e-101	290
Bra031201	AT2G21560	63.5	7.66e-73	222
Bra031204	AT2G21610	88.7	1.29e-209	576
Bra031205	AT2G21620	88.1	1.01e-116	328
Bra031206	AT2G21630	81.4	0	1222
Bra031208	AT1G64710	93.7	7.89e-264	716
Bra031209	AT2G21650	86.2	1.36e-56	169
Bra031210	AT2G21660	93.8	1.09e-60	185
Bra031213	AT2G21710	87.8	9.33e-288	798
Bra031214	AT4G39280	85.8	4.11e-310	842
Bra031216	AT2G21730	90.3	2.83e-236	645
Bra031217	AT2G21740	84.1	1.53e-73	214
Bra031218	AT2G21780	71.4	5.38e-32	108
Bra031219	AT2G21870	91.7	4.67e-147	409
Bra031222	AT2G21910	83.8	0	876
Bra031223	AT2G21970	88.1	1.73e-122	344
Bra031224	AT2G22000	63.8	5.9e-24	87
Bra031225	AT2G22010	90.5	0	2298
Bra031229	AT2G22070	83.6	0	1115
Bra031230	AT2G22090	68	1.23e-130	375
Bra031232	AT2G22122	59.1	8.96e-13	56.6
Bra031234	AT3G20840	87.1	0	933
Bra031235	AT3G20860	91.8	7.63e-267	728
Bra031237	AT3G20870	95.6	5.24e-171	473
Bra031239	AT3G20880	77.8	5.15e-204	565
Bra031243	AT3G20920	86.8	2.14e-198	549
Bra031244	AT3G20930	79.5	6.3e-210	580
Bra031245	AT3G20970	84.5	1.67e-160	447
Bra031247	AT3G21055	66	6.66e-33	110
Bra031249	AT3G21090	94.8	0	1281
Bra031250	AT3G21100	75.5	9.81e-287	792
Bra031254	AT3G21140	85.6	6.47e-236	647
Bra031256	AT3G21160	88.8	0	1019
Bra031258	AT3G21175	71.7	1.18e-153	432
Bra031260	AT3G21190	93.1	6.8e-288	781
Bra031266	AT3G21240	87.4	0	927
Bra031267	AT3G21250	88	0	2496
Bra031268	AT3G21260	83.2	1.31e-126	356
Bra031270	AT3G21290	70.8	0	1264
Bra031271	AT3G21295	62.1	1.34e-228	647
Bra031272	AT3G21300	88.2	0	1008
Bra031273	AT3G21310	82	1.36e-237	650
Bra031274	AT3G21320	72.6	2.62e-260	721
Bra031275	AT3G21330	80.5	1.13e-186	519
Bra031277	AT3G21350	73.2	8.37e-144	404
Bra031278	AT3G21352	75.3	4.19e-36	115
Bra031279	AT3G21360	88.9	4.18e-218	596
Bra031281	AT3G21420	92.3	4.98e-249	677
Bra031282	AT3G21430	83.5	0	1744
Bra031283	AT3G21465	83.5	2.35e-232	637
Bra031284	AT5G53635	52.7	6.67e-125	370
Bra031285	AT3G21470	66.7	1.91e-195	555
Bra031286	AT3G21480	64.9	0	1139
Bra031291	AT3G21600	84.8	4.57e-222	610
Bra031293	AT3G21630	83.1	0	970
Bra031294	AT3G21650	84.1	9.1e-319	868
Bra031295	AT3G21670	90.8	0	1028
Bra031296	AT3G21690	90.9	0	877
Bra031299	AT3G21700	86	7.78e-172	476
Bra031301	AT3G21720	95.2	0	1094
Bra031304	AT3G21750	68.6	4.89e-234	649
Bra031305	AT3G21740	81.6	3.63e-211	579
Bra031313	AT3G21820	85.4	2.86e-280	764
Bra031315	AT3G21870	87.1	9.59e-127	355
Bra031321	AT3G22060	79.9	8.49e-147	410
Bra031323	AT1G71470	50	5.84e-15	66.2
Bra031324	AT3G22100	52.4	1.78e-71	219
Bra031325	AT3G22104	83.3	1.45e-289	792
Bra031330	AT3G22170	86.5	0	1358
Bra031331	AT3G22190	83.1	4.73e-190	531
Bra031332	AT3G22200	90.1	0	889
Bra031333	AT1G54310	89.7	3.37e-272	743
Bra031336	AT3G22210	84.5	1.27e-33	109
Bra031345	AT3G22270	84	0	1231
Bra031346	AT3G22275	67.5	4.82e-44	139
Bra031348	AT3G22300	70.1	3.1e-98	285
Bra031349	AT3G22310	84.5	1.43e-308	848
Bra031351	AT3G22370	85.8	1.15e-221	608
Bra031352	AT1G21920	86.3	3.38e-104	315
Bra031353	AT1G21930	91.7	2.65e-51	155
Bra031356	AT1G21970	73	8.23e-96	278
Bra031358	AT1G22020	86.5	0	1015
Bra031361	AT1G22050	90.8	9.44e-76	219
Bra031362	AT1G22060	78	0	2769
Bra031363	AT1G22065	69.8	2.07e-26	90.9
Bra031364	AT1G22070	85.3	4.77e-219	603
Bra031367	AT1G22140	83.6	1.24e-31	104
Bra031368	AT1G22150	88.9	0	1129
Bra031371	AT1G22190	71.3	8.4e-106	306
Bra031373	AT1G22220	74	1.62e-151	427
Bra031377	AT1G22250	74.1	5.97e-95	274
Bra031383	AT1G22300	95.3	8.11e-161	445
Bra031385	AT1G22330	78.8	4.81e-127	363
Bra031387	AT1G22360	85.7	3.16e-312	847
Bra031389	AT1G22410	92	0	959
Bra031390	AT1G22430	86.4	3.61e-250	682
Bra031392	AT1G61820	82.4	0	890
Bra031393	AT1G61800	89.6	1.08e-248	680
Bra031396	AT1G61790	80.3	2.21e-195	540
Bra031398	AT1G61770	91.3	1.02e-200	550
Bra031401	AT1G61740	88.3	8.3e-294	799
Bra031404	AT1G61700	91.5	2.98e-48	146
Bra031406	AT1G61690	72.2	0	1110
Bra031408	AT1G61670	85.2	1.07998e-319	869
Bra031409	AT1G61667	94.1	1.14e-100	286
Bra031413	AT1G61660	79.2	8.57e-208	575
Bra031417	AT1G61630	76.2	2.72e-200	555
Bra031420	AT1G61620	92.3	8.38e-205	561
Bra031423	AT1G61580	93	5.19e-271	735
Bra031425	AT2G22055	67.1	2.58e-29	99
Bra031429	AT1G61500	79.6	0	1289
Bra031433	AT1G61490	78.3	0	1273
Bra031434	AT1G61380	80.4	0	1334
Bra031435	AT1G61340	76.1	3.62e-90	261
Bra031443	AT1G61240	92	8.77e-297	803
Bra031444	AT1G61215	73.8	3.04e-214	598
Bra031445	AT1G61210	67.9	0	939
Bra031448	AT1G61170	79.3	2.04e-117	335
Bra031450	AT1G61150	90.5	2.7e-149	415
Bra031452	AT1G61140	69.3	0	1588
Bra031453	AT1G61130	77.5	2.48e-268	734
Bra031456	AT1G61100	73.1	0	938
Bra031457	AT1G61080	70.9	0	926
Bra031459	AT1G61040	78	3.72e-317	873
Bra031460	AT1G61010	94.8	0	1295
Bra031462	AT1G60995	85.3	0	928
Bra031464	AT1G60990	86.5	3.2e-264	721
Bra031466	AT1G60986	68.8	4.98e-45	140
Bra031468	AT5G09890	93.2	0	943
Bra031470	AT1G60960	87.8	1.3e-233	643
Bra031471	AT1G60950	92.6	2.99e-93	266
Bra031477	AT1G60900	86.5	5.28e-256	714
Bra031479	AT1G60800	74.7	0	891
Bra031481	AT1G60780	97.4	2.38e-307	830
Bra031483	AT1G05530	80.7	5.44e-264	724
Bra031485	AT1G60750	84.9	6.14e-218	597
Bra031489	AT1G60660	84.2	5.6e-67	197
Bra031491	AT1G60640	71.6	1.38e-53	176
Bra031492	AT1G60630	77.2	6.52e-300	830
Bra031493	AT1G60620	72.9	1.53e-209	580
Bra031495	AT1G60610	76.1	4.02e-173	483
Bra031496	AT1G60600	83.1	8.65e-221	607
Bra031499	AT1G60560	92.6	0	1355
Bra031506	AT1G60460	80	4.93e-282	771
Bra031513	AT1G60420	87.2	0	1027
Bra031520	AT1G60200	75.2	1e-311	879
Bra031521	AT1G60190	77	0	1000
Bra031522	AT1G60170	88.5	1.01e-289	791
Bra031523	AT1G60160	94.3	0	1499
Bra031526	AT1G60140	91	0	1596
Bra031531	AT1G60060	80.9	7.87e-229	628
Bra031533	AT1G06650	82.4	3.11e-234	640
Bra031534	AT1G06680	89.4	1.16e-167	463
Bra031536	AT1G06750	94.5	0	910
Bra031539	AT1G06820	89.2	0	1035
Bra031540	AT1G06830	94.9	2.27e-67	196
Bra031543	AT1G06890	96.9	3.61e-243	662
Bra031545	AT1G06910	62.1	3.36e-142	410
Bra031546	AT1G06920	68.2	7.84e-125	358
Bra031547	AT1G06923	74.8	2.8e-53	164
Bra031550	AT1G06990	85	7.21e-211	579
Bra031551	AT1G07080	78.9	7.4e-152	423
Bra031552	AT1G07090	86.8	3.54e-118	333
Bra031553	AT1G07110	88.4	0	1275
Bra031556	AT1G07200	70.7	0	1233
Bra031558	AT1G07220	86.5	0	931
Bra031559	AT1G07250	76.9	8.47e-268	734
Bra031569	AT1G07300	82.2	2.92e-63	191
Bra031572	AT1G07390	71.5	0	958
Bra031574	AT1G07430	79	2.22e-244	672
Bra031575	AT1G07450	85	3.18e-164	454
Bra031577	AT1G07470	89.1	1.21e-232	637
Bra031578	AT1G07490	73.8	2.02e-30	103
Bra031579	AT1G07510	84.4	0	1257
Bra031580	AT1G07520	75.5	0	979
Bra031582	AT4G05460	57.8	1.67e-121	352
Bra031584	AT1G07560	84.5	0	1394
Bra031585	AT1G07570	93.6	2.02e-264	721
Bra031586	AT1G07590	87.3	0	914
Bra031589	AT1G07645	94.2	3.76e-93	265
Bra031590	AT1G07770	100	2.61e-92	262
Bra031593	AT1G07670	94.1	0	1951
Bra031597	AT1G07880	91.7	5.92e-252	685
Bra031598	AT1G07890	94.3	9.87e-177	485
Bra031600	AT1G07910	81.3	0	1877
Bra031603	AT5G60400	69.9	1.02e-40	129
Bra031606	AT1G07980	68.9	5.8e-78	231
Bra031610	AT1G08090	94.7	0	1004
Bra031613	AT1G08135	73.3	0	1157
Bra031617	AT1G08210	90.9	4.6e-318	865
Bra031620	AT1G08250	84.4	3.3e-228	628
Bra031621	AT1G08290	80.7	6.74e-197	543
Bra031624	AT1G08380	88.1	3.34e-92	263
Bra031626	AT1G08420	88.7	0	1747
Bra031627	AT1G08450	83.8	2.41e-232	639
Bra031628	AT1G08460	88	3.16e-252	687
Bra031629	AT1G08465	85.1	2.18e-111	315
Bra031630	AT1G08500	82.3	4.49e-125	353
Bra031631	AT1G08510	89.3	8.26e-271	737
Bra031633	AT1G08580	83.9	4.87e-60	180
Bra031635	AT1G08610	58.1	2.23e-44	164
Bra031636	AT1G08630	91	4.34e-238	649
Bra031637	AT1G08660	88.4	0	870
Bra031638	AT1G08670	79.7	1.56e-125	354
Bra031639	AT1G08720	81.7	0	1419
Bra031642	AT1G08830	94.1	4.94e-103	291
Bra031643	AT1G08840	84.3	0	2160
Bra031645	AT1G08860	87.5	0	1025
Bra031649	AT1G08930	90.6	0	880
Bra031650	AT1G08960	92.3	1.61e-110	325
Bra031651	AT1G08970	94.4	5.08e-120	340
Bra031652	AT1G08980	86.4	1.36e-260	712
Bra031653	AT1G08990	81.4	0	882
Bra031654	AT1G09020	89.7	0	886
Bra031656	AT1G09070	71.6	5.79e-125	360
Bra031657	AT1G09080	92.1	0	1127
Bra031658	AT1G09090	84.4	0	1420
Bra031661	AT1G09320	71.3	3.5e-247	685
Bra031663	AT1G09350	88.4	3.81e-225	615
Bra031666	AT1G09500	75.4	2.4e-170	475
Bra031668	AT1G09530	70.1	1.49e-227	635
Bra031670	AT4G20480	53.9	1.22e-23	91.3
Bra031674	AT1G09600	77	0	983
Bra031675	AT1G09620	85.8	0	1902
Bra031676	AT1G09640	91.1	2.31e-277	753
Bra031684	AT1G09800	84.9	6.34e-198	546
Bra031688	AT1G09930	93.6	0	1342
Bra031694	AT1G09980	88.5	0	1414
Bra031697	AT1G10010	77.4	1.66e-268	736
Bra031698	AT1G10050	85	0	1862
Bra031700	AT1G10120	76.6	1.12e-169	475
Bra031701	AT1G10130	90	0	1783
Bra031702	AT1G10140	77.6	2.22e-74	219
Bra031705	AT5G35360	89.5	0	924
Bra031706	AT1G10270	73.9	1.05e-226	662
Bra031707	AT1G10290	94	0	1575
Bra031708	AT1G10360	85	2e-141	394
Bra031710	AT1G10410	82.9	5.29e-278	760
Bra031712	AT1G10430	96.7	3.87e-233	632
Bra031713	AT1G10460	64.4	7.43e-88	256
Bra031714	AT1G10470	84.7	1.04e-134	380
Bra031715	AT1G10480	82	4.02e-113	321
Bra031717	AT1G10530	78.3	1.65e-85	248
Bra031721	AT1G10585	81.1	3.45e-43	138
Bra031722	AT1G10590	92.8	1.59e-89	256
Bra031733	AT1G11070	57.8	3.2e-234	670
Bra031735	AT1G11050	85.5	0	1065
Bra031736	AT1G11020	87.3	8.98e-210	574
Bra031742	AT1G10900	87	0	991
Bra031744	AT1G10865	95.8	8.55e-48	145
Bra031747	AT1G10780	84.9	1.04e-263	719
Bra031748	AT1G10770	74.4	5.28e-85	246
Bra031750	AT1G10750	91.1	0	887
Bra031751	AT1G10740	91	0	888
Bra031753	AT1G10720	79.5	1.02e-136	392
Bra031758	AT1G11190	85.9	1.19e-201	553
Bra031762	AT1G11260	97.5	0	1015
Bra031769	AT1G11530	87.9	8.23e-72	209
Bra031771	AT1G11580	89.6	6.04e-298	814
Bra031773	AT1G11600	93.5	0	975
Bra031774	AT1G11650	87.3	5.25e-216	597
Bra031775	AT1G11655	79.8	7.59e-57	171
Bra031776	AT1G11670	88	1.13e-313	852
Bra031777	AT1G11750	87.2	4.63e-169	468
Bra031778	AT1G11765	59.7	4.43e-52	160
Bra031781	AT1G11780	86.7	1.77e-222	608
Bra031783	AT1G11800	79.8	2.19e-235	649
Bra031784	AT1G11850	93	7.66e-19	74.7
Bra031785	AT1G11860	95.6	1.53e-292	792
Bra031786	AT1G11870	90.5	7.51998e-319	867
Bra031789	AT2G32560	77.8	9.79e-217	597
Bra031790	AT1G11910	93.5	0	954
Bra031795	AT1G11925	66	1.52e-40	132
Bra031802	AT5G65940	85.9	8.1e-232	635
Bra031803	AT5G65980	96.1	4.12e-261	710
Bra031804	AT5G66090	71.4	4.33e-89	260
Bra031806	AT5G66180	82.7	1.99e-239	655
Bra031807	AT5G66200	88.8	0	1049
Bra031808	AT5G66240	89.9	1.45e-212	583
Bra031809	AT5G66400	67.8	4.27e-21	85.5
Bra031810	AT5G66380	91.9	9.38e-203	556
Bra031816	AT5G66650	85	4.7e-198	545
Bra031823	AT5G66780	76	3.63e-43	137
Bra031824	AT5G66815	65.4	2.08e-37	121
Bra031835	AT5G67460	77.8	3.9e-194	540
Bra031836	AT1G03100	92	2.47e-117	359
Bra031840	AT5G67550	82	6.83e-305	831
Bra031843	AT5G65925	74.4	4.31e-70	207
Bra031844	AT5G65870	79.2	6.27e-37	118
Bra031846	AT5G65800	98.1	0	929
Bra031849	AT5G65683	76.1	0	1000
Bra031850	AT5G65670	75.6	9.82e-148	417
Bra031851	AT5G65660	85.4	4.4e-83	239
Bra031853	AT5G65590	71.6	1.78e-148	419
Bra031854	AT5G65530	83	6.38e-274	749
Bra031855	AT3G57640	51.6	1.77e-83	255
Bra031860	AT5G65400	82.5	5.84e-141	395
Bra031861	AT5G65370	70.6	4.3e-146	411
Bra031864	AT5G65330	51.1	8.74e-93	279
Bra031866	AT5G65310	79.5	1.52e-152	429
Bra031868	AT5G65290	91.9	0	1249
Bra031874	AT5G65205	84.5	1.94e-170	472
Bra031875	AT5G65200	81	7.95e-259	718
Bra031877	AT5G65165	89.1	4.84e-205	561
Bra031878	AT5G65158	94.2	1.96e-73	215
Bra031879	AT5G65140	89.7	1.31e-229	629
Bra031884	AT5G65070	63.8	2.54e-82	243
Bra031889	AT5G65040	66.7	1.6e-38	124
Bra031892	AT5G64960	90.2	0	875
Bra031893	AT2G29180	71.1	1.63e-53	167
Bra031898	AT5G64840	88.9	0	1129
Bra031903	AT5G64750	75.3	1.9e-166	470
Bra031907	AT5G64710	56.6	1.82e-271	767
Bra031909	AT5G64680	51.4	9.32e-48	155
Bra031915	AT5G64530	87.7	4.77e-122	342
Bra031917	AT5G64440	80.9	0	977
Bra031918	AT5G64430	70.2	5.23e-189	536
Bra031920	AT5G64410	95.2	0	1070
Bra031923	AT5G64320	72.6	3.7e-80	270
Bra031926	AT5G64280	85.7	0	909
Bra031931	AT5G64230	76.5	3.27e-190	530
Bra031943	AT5G63940	86.4	0	1182
Bra031944	AT5G63920	91.5	0	1681
Bra031945	AT3G04100	51.4	2.96e-46	150
Bra031946	AT3G04090	88.7	4.15e-147	409
Bra031950	AT3G04060	81.5	2.73e-205	565
Bra031952	AT3G04030	82.8	6.21e-221	609
Bra031953	AT3G04020	86.5	9.54e-192	528
Bra031954	AT3G04010	90.8	0	916
Bra031956	AT3G04000	82.5	3.25e-154	430
Bra031957	AT3G03990	95.1	9.82e-187	512
Bra031958	AT3G03970	75.3	4.25e-277	764
Bra031960	AT3G03950	70.3	1.5e-200	559
Bra031965	AT3G03900	95.5	9.07e-141	390
Bra031966	AT3G03890	88.3	2.58e-193	533
Bra031967	AT3G03880	73.8	1.96e-85	249
Bra031968	AT3G03870	71.4	1.3e-124	354
Bra031972	AT3G03800	85.3	1.32e-167	466
Bra031973	AT3G03790	84.7	0	1714
Bra031976	AT3G03750	71	1.41e-174	488
Bra031979	AT3G03700	88.1	1.16e-296	808
Bra031980	AT3G03660	76	4.55e-132	378
Bra031981	AT3G03650	83.3	3.51e-302	823
Bra031982	AT3G03620	88.9	2.43e-318	864
Bra031984	AT3G03600	93.2	9.54e-142	394
Bra031985	AT3G03590	76.8	6.11e-61	184
Bra031986	AT3G03580	78.4	0	1372
Bra031987	AT3G03520	93.3	0	1003
Bra031988	AT3G03510	74.1	1.17e-229	639
Bra031989	AT3G03480	83.2	1.34e-275	752
Bra031991	AT3G03450	74	1.27e-268	741
Bra031993	AT3G03430	92.8	3.72e-52	157
Bra031994	AT3G03380	92.7	0	2033
Bra031995	AT3G03330	90.2	1e-205	565
Bra031997	AT3G03320	77.6	2.34e-130	368
Bra031998	AT3G03305	83.7	0	1216
Bra031999	AT3G03300	75.3	0	2006
Bra032000	AT3G03290	83	1e-127	381
Bra032001	AT3G03280	75.1	7.05e-87	251
Bra032002	AT3G03270	93.3	3.64e-88	255
Bra032003	AT3G03260	62.3	9.05e-297	826
Bra032005	AT3G03240	85.8	6.97e-217	606
Bra032007	AT3G03210	86.7	1.44e-238	651
Bra032010	AT3G03190	80.4	2.48e-123	347
Bra032013	AT3G03150	81.4	1.12e-61	184
Bra032014	AT3G03140	75.8	0	1039
Bra032018	AT3G03090	88.3	4.76e-311	846
Bra032020	AT3G03070	90.2	2.95e-71	207
Bra032022	AT3G03050	92.2	0	2134
Bra032023	AT3G02990	78.1	1.14e-246	680
Bra032024	AT3G02980	84.2	1.7e-141	396
Bra032026	AT3G02960	75	5.09e-124	352
Bra032027	AT3G02950	86.4	3.85e-132	371
Bra032028	AT3G02940	85.7	4.68e-210	575
Bra032029	AT2G25280	91.7	7.23e-201	550
Bra032030	AT2G25260	93.5	1.38e-201	553
Bra032032	AT2G25220	81.5	4.69e-244	671
Bra032033	AT4G31985	98	8.45e-33	105
Bra032034	AT2G25190	76.3	2.73e-127	360
Bra032035	AT2G25180	78.4	3.96e-304	836
Bra032037	AT2G26650	88.7	0	1405
Bra032038	AT2G25110	94	2.97e-159	438
Bra032040	AT2G25100	91.1	2.47e-194	533
Bra032042	AT2G25090	86.8	5.91e-290	790
Bra032045	AT5G38850	61	0	1046
Bra032047	AT2G25010	91.1	0	946
Bra032049	AT2G26860	61.1	1.38e-149	429
Bra032051	AT5G37350	88.2	4.89e-306	836
Bra032054	AT2G24960	75.4	0	1209
Bra032055	AT2G24940	93	3.91e-64	188
Bra032056	AT2G24860	84.6	1.62e-71	211
Bra032059	AT5G27640	85.8	0	1268
Bra032061	AT2G24790	74.4	4.62e-106	310
Bra032062	AT2G24765	99.5	1.02e-130	363
Bra032068	AT1G64840	63.9	1.24e-164	496
Bra032072	AT2G24720	76.2	0	1385
Bra032075	AT4G00260	60.6	1.68e-193	572
Bra032080	AT2G24640	81.6	0	986
Bra032081	AT2G24610	91.7	0	1298
Bra032082	AT2G24590	79.7	2.73e-91	265
Bra032083	AT2G24580	89.5	1.06e-278	757
Bra032084	AT2G24570	78.5	2.8e-175	488
Bra032088	AT2G24490	82.1	2.1e-158	441
Bra032095	AT2G24430	93.1	2.1e-199	548
Bra032096	AT2G24420	65.8	4.3e-141	410
Bra032097	AT2G24400	80.4	3.09e-91	263
Bra032099	AT2G24390	80.4	2.81e-85	246
Bra032104	AT2G24330	74.2	7e-201	559
Bra032105	AT2G24320	85.4	4.86e-198	543
Bra032107	AT2G24300	91.7	0	1090
Bra032109	AT2G24280	91.7	0	942
Bra032110	AT2G24270	97.2	0	963
Bra032114	AT1G28430	73	1.12e-276	761
Bra032115	AT2G24230	84	0	1130
Bra032118	AT2G24200	90.6	0	904
Bra032122	AT2G24090	81.2	3.94e-70	207
Bra032124	AT2G24060	84.1	1.4e-151	426
Bra032129	AT2G24040	93.3	1.96e-48	147
Bra032131	AT2G23990	52.6	8.96e-49	158
Bra032132	AT2G23980	89.4	0	1308
Bra032133	AT2G23950	91.5	0	939
Bra032134	AT2G23945	76.5	2.02e-255	701
Bra032136	AT4G30480	58.5	4.8e-81	245
Bra032137	AT2G23910	92.4	3.73e-207	566
Bra032138	AT2G23900	92.3	2.09e-315	868
Bra032145	AT2G23780	79	2.54e-128	361
Bra032146	AT2G23770	77.1	3.60999e-319	875
Bra032148	AT2G23740	73.9	0	1997
Bra032149	AT2G23700	80.4	0	933
Bra032151	AT2G23690	90.2	1.79e-99	283
Bra032152	AT2G23670	92.6	2.19e-66	199
Bra032153	AT2G23660	84.9	3.1e-186	514
Bra032154	AT2G23630	87.2	0	989
Bra032155	AT2G23620	84	1.58e-167	463
Bra032157	AT2G23580	78.9	3.65e-148	414
Bra032162	AT2G23540	93.7	2.75e-253	690
Bra032163	AT2G23530	65.3	2.65e-170	488
Bra032164	AT2G23520	84.5	0	1415
Bra032165	AT2G23470	80.9	6.14e-280	768
Bra032166	AT2G23460	83.9	0	1437
Bra032169	AT2G23380	81.5	0	1381
Bra032172	AT2G23350	73.9	0	887
Bra032173	AT2G23340	85.4	2.13e-94	271
Bra032174	AT2G23320	76.7	1e-156	440
Bra032175	AT2G23300	88.2	0	1020
Bra032177	AT2G23270	70.9	3.36e-36	117
Bra032183	AT1G78490	62.2	5.21e-212	593
Bra032185	AT5G36150	79.2	0	1314
Bra032186	AT2G23060	85.7	1.15e-269	733
Bra032187	AT2G23050	82.5	6.29e-288	786
Bra032188	AT2G23030	89.7	6.53e-224	612
Bra032189	AT2G22980	72.9	5.35e-238	655
Bra032191	AT1G43700	77.3	3.14e-145	412
Bra032192	AT1G43850	74.1	0	1030
Bra032193	AT1G43860	88.4	9.99e-235	642
Bra032196	AT1G43890	98.6	1.52e-147	408
Bra032199	AT1G44100	84.3	5.38e-307	834
Bra032202	AT1G44110	79.4	3.51e-230	636
Bra032203	AT1G44120	81.6	0	3186
Bra032204	AT1G44160	76.5	4.07e-172	483
Bra032213	AT1G47056	81.1	3.1e-297	812
Bra032215	AT1G47330	91.8	6.89e-289	793
Bra032216	AT1G47260	89.2	2.82e-175	484
Bra032229	AT1G47740	92.8	1.4e-192	528
Bra032231	AT1G47670	97.3	0	1010
Bra032232	AT1G47603	78.7	4.49e-218	602
Bra032238	AT1G47990	88.1	8.36e-207	567
Bra032242	AT1G48160	92.2	1.34e-74	218
Bra032244	AT1G36340	68.2	1.55e-74	219
Bra032247	AT1G48310	81.6	0	935
Bra032254	AT1G48410	86.2	0	1754
Bra032255	AT1G48450	83.6	1.68e-229	632
Bra032258	AT1G48620	60.3	2.42e-150	441
Bra032259	AT1G66235	65.4	2.27e-93	275
Bra032261	AT1G48630	93.3	8.88e-183	507
Bra032266	AT1G48760	82.5	0	1245
Bra032267	AT1G48840	87.9	0	1181
Bra032272	AT1G49050	72.6	2.75e-297	816
Bra032273	AT1G49130	69.8	2.35e-144	409
Bra032274	AT1G49170	86.8	9.1e-67	197
Bra032283	AT1G49350	78	1.33e-111	324
Bra032284	AT1G49430	91.1	0	1239
Bra032286	AT1G49480	80.4	9.77e-124	349
Bra032293	AT4G01360	70.5	1.83e-152	446
Bra032295	AT1G29260	94.3	9.18e-150	422
Bra032296	AT1G29250	94.6	2.8e-78	226
Bra032297	AT1G29220	76.2	6.06e-154	435
Bra032298	AT1G29200	86.5	0	1038
Bra032302	AT1G29300	80.4	3.96e-243	670
Bra032304	AT5G38780	71.5	3.89e-191	531
Bra032314	AT1G29380	71.3	1.26e-90	275
Bra032315	AT1G29390	79.7	1.5e-122	346
Bra032316	AT1G29400	83.2	0	1274
Bra032322	AT1G29450	86.5	3.26e-80	232
Bra032324	AT1G29530	57.8	3.62e-60	189
Bra032325	AT1G29590	75.1	5.25e-134	377
Bra032330	AT1G29680	86.5	1.22e-156	433
Bra032332	AT1G29720	68.7	0	1021
Bra032333	AT1G29750	62.9	0	1192
Bra032336	AT1G29790	89.4	7.74e-243	663
Bra032337	AT1G29800	81.2	1.07998e-319	873
Bra032338	AT1G29810	81.9	2.55e-103	294
Bra032344	AT1G29900	92.9	0	2138
Bra032347	AT1G29962	50.3	2.31e-49	157
Bra032349	AT1G29980	91	1.45e-275	748
Bra032350	AT1G29990	85.9	4.44e-68	201
Bra032351	AT1G30000	88.9	0	1064
Bra032352	AT1G30010	88.1	0	1266
Bra032355	AT1G30050	83.3	9.4e-202	560
Bra032356	AT1G30070	82.1	1.6e-123	348
Bra032357	AT1G30080	92.4	9.16e-239	654
Bra032358	AT1G30090	77.1	8.21e-224	617
Bra032359	AT1G30100	92.7	0	1102
Bra032360	AT1G30110	93.7	2.26e-126	352
Bra032364	AT1G30200	87.1	5.22e-230	630
Bra032365	AT1G30210	69.9	8.69e-126	362
Bra032366	AT1G30230	95.7	1.13e-122	349
Bra032368	AT1G30240	75.7	0	1145
Bra032371	AT1G30260	65.7	1.25e-29	101
Bra032378	AT1G30290	77.5	1.13e-109	353
Bra032379	AT1G30300	93.2	2.29e-226	617
Bra032382	AT1G30360	82.7	0	1166
Bra032383	AT1G30370	90.1	0	966
Bra032385	AT1G30400	93.8	0	2977
Bra032391	AT1G30440	91.6	0	1178
Bra032394	AT1G30490	95	0	1594
Bra032395	AT1G30500	72.7	3.08e-86	251
Bra032396	AT1G30510	84.9	8.06e-260	708
Bra032397	AT1G30515	53.6	3.51e-40	131
Bra032398	AT1G30520	85.1	0	943
Bra032400	AT1G30540	89.4	4.98e-229	626
Bra032401	AT3G08570	81.1	0	919
Bra032402	AT3G08560	95.3	1.31e-150	418
Bra032404	AT1G30570	86.8	0	1434
Bra032407	AT1G30600	89.4	0	1450
Bra032408	AT1G30610	73.9	0	1349
Bra032409	AT1G30620	95.7	1.16e-298	808
Bra032410	AT1G30630	93.5	1.11e-198	544
Bra032411	AT1G30640	92.7	0	1026
Bra032421	AT1G06450	67.2	2.19e-164	463
Bra032424	AT1G06400	90.6	1.64e-141	394
Bra032426	AT1G06380	75.3	1.28e-126	359
Bra032427	AT1G06340	57.6	1.58e-52	162
Bra032428	AT1G06330	88.5	5.61e-96	273
Bra032430	AT1G02170	88.3	1.01e-231	644
Bra032432	AT1G06210	83.9	5.78e-218	600
Bra032433	AT1G06160	71.3	1.33e-92	271
Bra032434	AT1G06143	75.9	2.19e-177	506
Bra032435	AT1G06137	74.2	2.13e-27	93.6
Bra032436	AT1G06130	85.8	1.43e-210	577
Bra032437	AT1G06090	86.7	9.17e-206	563
Bra032443	AT1G06010	79.7	1.52e-33	109
Bra032445	AT1G05960	81.3	0	1503
Bra032448	AT1G05950	68.8	2.87e-258	744
Bra032449	AT1G05910	87.7	0	1891
Bra032452	AT1G05840	91.6	0	883
Bra032453	AT1G05810	92.2	1.66e-137	385
Bra032454	AT1G05730	87.9	5.34e-92	263
Bra032455	AT1G05720	88.6	1.25e-98	280
Bra032460	AT1G05590	84.6	0	1025
Bra032461	AT1G05577	78.8	5.14e-195	548
Bra032464	AT1G05420	70.1	1.15e-85	253
Bra032465	AT1G05370	90.7	6.09e-263	717
Bra032466	AT1G05360	87.3	1.1e-263	719
Bra032467	AT1G05350	94	5.99e-286	776
Bra032469	AT1G05310	86	9.15e-248	677
Bra032471	AT1G05290	52.8	3.23e-104	311
Bra032477	AT1G05250	75.1	6.81e-176	489
Bra032478	AT1G05230	93.4	0	1288
Bra032479	AT1G05205	94.3	8.23e-61	179
Bra032481	AT1G05190	94.2	1.01e-146	407
Bra032491	AT1G04880	76.1	8.66e-221	613
Bra032492	AT1G04860	70.2	0	1160
Bra032495	AT1G04670	72.2	7.03e-36	119
Bra032496	AT1G04660	85.2	6e-29	107
Bra032504	AT1G04540	73.4	1.11e-255	714
Bra032506	AT3G04400	99.3	1.07e-98	279
Bra032508	AT1G04450	65	3.62e-85	251
Bra032511	AT1G04440	87.7	6.39e-300	815
Bra032519	AT1G04270	99.3	8.88e-106	298
Bra032524	AT1G04180	93.8	1.11e-295	800
Bra032525	AT1G04170	97.4	0	899
Bra032526	AT1G04160	92.8	0	2523
Bra032527	AT1G04150	82.5	0	1594
Bra032528	AT1G04140	81.6	0	1233
Bra032529	AT1G04130	83.1	7.77e-214	588
Bra032530	AT2G02955	60.6	3.01e-205	585
Bra032532	AT1G04020	72.2	0	964
Bra032533	AT1G04010	94.1	0	1269
Bra032534	AT1G04000	73.7	5.09e-67	200
Bra032535	AT1G03980	85.3	1.12e-286	781
Bra032537	AT1G03910	84.6	0	1008
Bra032538	AT1G03890	84.6	1.67e-275	754
Bra032540	AT1G03850	71.3	2.04e-65	196
Bra032544	AT1G03750	84.2	0	1399
Bra032545	AT1G03730	90.4	1.14e-93	268
Bra032546	AT1G03687	81.1	1.4e-231	635
Bra032548	AT1G03650	86.7	2.39e-97	277
Bra032552	AT1G03270	90.1	8.2e-283	775
Bra032553	AT1G03260	92.6	9.48e-151	421
Bra032555	AT1G03220	83.1	1.92e-251	689
Bra032556	AT1G03140	87.3	3.26e-193	541
Bra032557	AT1G03090	92.5	0	1357
Bra032558	AT1G03080	62.5	0	1561
Bra032560	AT1G03055	76.3	6.76e-131	370
Bra032565	AT1G03000	84	0	1453
Bra032577	AT1G02970	85.2	3.64e-290	791
Bra032578	AT1G02950	78.8	3.43e-139	390
Bra032584	AT1G02800	88.7	0	904
Bra032587	AT1G02750	67.4	4.98e-96	279
Bra032588	AT1G02740	61.6	1.18e-122	352
Bra032589	AT1G02720	77.4	2.79e-211	582
Bra032590	AT5G38700	81.4	1.76e-103	294
Bra032591	AT1G02660	77.9	0	1018
Bra032599	AT1G02470	68.2	1e-96	282
Bra032600	AT1G02460	87.6	6.19e-296	807
Bra032602	AT1G02440	72.6	1.46e-102	293
Bra032607	AT1G02380	55.7	5.67e-37	128
Bra032614	AT1G02260	85.7	6.18e-290	793
Bra032622	AT1G01140	91.8	1.23e-294	800
Bra032623	AT4G00850	70.4	5.59e-78	232
Bra032626	AT1G01220	89.4	0	1870
Bra032627	AT1G01225	89.3	8.38e-162	448
Bra032629	AT1G01240	72.5	1.46e-157	444
Bra032630	AT1G01250	78.1	1.34e-102	293
Bra032632	AT1G01290	76	7.97e-124	352
Bra032633	AT1G01310	75.8	1.82e-133	375
Bra032634	AT1G01370	81.9	1.21e-56	178
Bra032635	AT1G01380	86.6	3.59e-43	134
Bra032636	AT1G01450	82.8	1.29e-251	702
Bra032639	AT1G01540	92.2	1.55e-310	842
Bra032640	AT1G01580	85.8	0	1214
Bra032641	AT1G01590	79.1	0	1079
Bra032643	AT1G01610	95	0	934
Bra032644	AT1G01620	97.6	1.37e-207	566
Bra032646	AT1G01650	90.4	0	981
Bra032647	AT1G01695	51.5	2.66e-109	330
Bra032648	AT1G01730	65.9	2.35e-61	189
Bra032649	AT1G01770	86	0	1097
Bra032652	AT1G01860	79.8	9.31e-172	490
Bra032653	AT1G01880	75.9	0	899
Bra032654	AT1G01910	95.5	8.84e-242	658
Bra032655	AT1G01920	75.5	3.29e-310	850
Bra032656	AT1G01930	71.2	7.25e-209	590
Bra032657	AT1G01940	98.8	1.02e-117	328
Bra032658	AT1G01950	91.4	0	1333
Bra032659	AT1G01960	93.8	0	3158
Bra032660	AT1G02010	91.5	0	1093
Bra032661	AT1G02040	81.4	4.51e-122	350
Bra032663	AT1G02070	64.5	1.99e-62	187
Bra032666	AT1G02090	90	2.98e-169	467
Bra032667	AT1G02100	82.2	9.66e-195	538
Bra032668	AT1G02140	82.6	2.81e-82	243
Bra032669	AT1G02145	84.9	2.28e-289	795
Bra032670	AT1G02205	89.2	0	1159
Bra032671	AT2G39780	91.7	4.3e-174	479
Bra032672	AT4G12800	93.2	8.51e-142	397
Bra032674	AT4G12830	90.1	5.6e-270	733
Bra032675	AT4G12840	85.2	3.1e-241	660
Bra032677	AT4G12860	86.8	3.17e-90	258
Bra032681	AT4G12910	84	0	875
Bra032684	AT4G38090	84	5.16e-125	353
Bra032687	AT4G13050	83	5.54e-220	604
Bra032690	AT4G13110	68.9	2.34e-142	405
Bra032691	AT4G13150	72.1	3.41e-159	449
Bra032692	AT4G13160	56.6	6.37e-81	244
Bra032693	AT4G13180	76.4	2.16e-130	368
Bra032694	AT4G13190	82.4	6.23e-220	606
Bra032695	AT4G13200	54.8	9.27e-44	144
Bra032696	AT4G13210	85.8	1.28e-273	745
Bra032697	AT4G13250	86.4	1.22e-318	866
Bra032698	AT4G13350	74.5	1.36e-299	832
Bra032700	AT4G13360	90.8	1.77e-267	729
Bra032703	AT4G13400	88.8	4.36e-240	654
Bra032712	AT4G13540	80.9	5.49e-84	246
Bra032713	AT4G13550	75.3	0	1252
Bra032716	AT4G13560	83.5	1.84e-27	96.7
Bra032718	AT4G13580	96.7	2.31e-169	466
Bra032719	AT4G13600	75.8	5.47e-81	240
Bra032721	AT4G13615	73.7	2.85e-19	73.9
Bra032724	AT4G13620	80	1.01e-181	508
Bra032725	AT4G13630	67.8	1.87e-223	629
Bra032726	AT4G13650	85.9	0	1822
Bra032727	AT4G13670	69.3	5.35e-128	372
Bra032728	AT4G13690	60.2	5.81e-82	245
Bra032730	AT4G13710	85.4	1.58e-294	801
Bra032731	AT4G13720	97.4	1.35e-139	388
Bra032733	AT4G13730	89.6	1.32e-279	762
Bra032734	AT4G13770	88.6	0	900
Bra032735	AT4G13780	87.9	0	1410
Bra032736	AT4G13790	84.8	1.95e-51	155
Bra032737	AT4G13800	95.5	1.66e-223	610
Bra032740	AT4G13820	76.7	1.25e-236	686
Bra032742	AT4G13830	86	8.55e-113	319
Bra032743	AT4G13840	80.9	2.92e-257	704
Bra032748	AT4G13870	77.1	1.71e-144	406
Bra032749	AT4G13930	93.4	0	904
Bra032750	AT4G13940	96.7	0	944
Bra032751	AT4G13970	84.3	0	1319
Bra032752	AT4G13980	81.3	1.96e-266	731
Bra032753	AT4G14000	84.6	7.24e-171	474
Bra032754	AT4G14010	76.7	3.52e-55	167
Bra032755	AT4G14030	90.4	0	943
Bra032757	AT4G14070	85.6	0	1226
Bra032761	AT2G47430	65.1	0	1282
Bra032762	AT2G47300	77.2	0	1235
Bra032763	AT4G14147	82.9	3.02e-72	213
Bra032766	AT4G14160	88.1	0	1350
Bra032768	AT4G14200	58	6.81e-243	694
Bra032770	AT4G14210	93.1	0	1053
Bra032771	AT4G14240	90	6e-300	817
Bra032772	AT4G14245	56.7	1.26e-119	351
Bra032774	AT4G14250	54.5	7.87e-139	402
Bra032775	AT4G14270	69	9.74e-61	183
Bra032781	AT4G14290	86.7	0	922
Bra032782	AT4G14305	89.7	9.75e-126	351
Bra032786	AT1G24610	87.2	9.8e-301	818
Bra032792	AT1G24570	77.6	4.4e-237	650
Bra032794	AT1G24540	81.5	1.13e-279	766
Bra032801	AT1G24470	88.7	8.65e-192	528
Bra032802	AT1G24460	76.1	0	1873
Bra032803	AT1G24450	81.6	6.36e-86	249
Bra032805	AT1G24420	83.3	1.98e-259	710
Bra032806	AT1G24405	80.6	1.03e-11	53.1
Bra032808	AT1G24360	86.9	7e-188	519
Bra032812	AT1G24267	72.7	9.95e-168	473
Bra032814	AT1G24260	91.7	4.03e-158	438
Bra032817	AT1G27300	56.9	1.96e-60	187
Bra032820	AT1G27340	87.8	1.53e-304	827
Bra032826	AT1G27390	78.5	2.54e-97	281
Bra032828	AT1G27400	98.9	6.71e-124	345
Bra032830	AT1G27461	77.7	9.64e-183	509
Bra032832	AT1G27500	82.6	0	1029
Bra032833	AT1G27520	88.6	0	1053
Bra032839	AT1G27670	68.2	1.31e-100	292
Bra032842	AT1G27680	91.1	0	932
Bra032847	AT1G27750	74.6	0	1524
Bra032849	AT1G27760	86.3	7.58e-265	724
Bra032850	AT1G27840	87.6	8.79e-287	780
Bra032851	AT1G27850	74.1	0	1409
Bra032853	AT1G27920	87.7	6.78e-312	855
Bra032854	AT1G27930	92	5.69e-197	540
Bra032856	AT1G27940	89.6	0	2092
Bra032857	AT1G27950	82.4	1.63e-104	298
Bra032861	AT1G27990	90.1	1.12e-157	437
Bra032863	AT1G28000	66.4	1.52e-133	387
Bra032865	AT1G28020	57.7	3.66e-154	451
Bra032868	AT1G28060	72.9	1.42e-304	852
Bra032870	AT1G28080	68	1.64e-115	333
Bra032873	AT1G28090	85.4	0	906
Bra032875	AT1G28110	92.8	1.2e-315	854
Bra032878	AT1G28140	83.6	1.82e-161	449
Bra032880	AT4G29273	52.6	4.37e-26	90.9
Bra032882	AT1G28190	74.1	1.37e-108	315
Bra032886	AT1G28250	82.9	1.96e-40	128
Bra032887	AT1G28260	77	0	1279
Bra032893	AT1G28320	79.4	0	1100
Bra032894	AT1G28330	82.6	4.19e-59	177
Bra032897	AT1G28340	89.8	0	1013
Bra032907	AT1G28410	69.3	5.98e-115	330
Bra032908	AT1G28420	73.9	0	2104
Bra032909	AT1G28440	89.1	6.53e-291	834
Bra032910	AT1G28470	92.1	7.91e-218	594
Bra032911	AT1G28480	77.5	8.32e-72	211
Bra032913	AT1G28520	88.3	1.03e-308	842
Bra032914	AT1G28550	97.7	3.19e-154	426
Bra032916	AT2G38590	56.1	1.61e-143	416
Bra032917	AT2G27360	77.7	4.24e-232	637
Bra032918	AT1G28680	88.3	1.11e-298	810
Bra032924	AT1G29010	59.8	8.49e-119	343
Bra032925	AT1G29025	74.6	3.13e-288	795
Bra032930	AT3G26360	90.9	4.55e-53	160
Bra032931	AT3G26380	83.4	0	1045
Bra032932	AT3G26410	92.2	0	904
Bra032935	AT3G26500	83.9	2.88e-110	333
Bra032936	AT3G26510	67.8	7.05e-46	149
Bra032937	AT3G26520	91.3	2.1e-165	457
Bra032938	AT3G26620	74.1	3.54e-55	174
Bra032943	AT3G26710	88.8	4.44e-164	454
Bra032944	AT3G26730	74.5	0	1025
Bra032951	AT3G26770	81.6	2.89e-167	465
Bra032952	AT3G26780	86.6	8.61e-236	647
Bra032953	AT3G26790	79.2	7.63e-169	470
Bra032954	AT3G26810	93	0	1102
Bra032962	AT3G26932	75.1	3.63e-169	476
Bra032963	AT3G26935	92.8	1.15e-311	843
Bra032979	AT3G27060	97.3	7.96e-246	667
Bra032980	AT3G27080	63.7	9.53e-90	261
Bra032981	AT3G27090	81.3	2.02e-164	456
Bra032982	AT3G27120	88	0	1098
Bra032986	AT3G27190	94	0	919
Bra032987	AT3G27200	80.3	1.22e-80	236
Bra032991	AT3G27240	96.1	4.09e-215	587
Bra032995	AT3G27270	84.8	3.84e-151	421
Bra032997	AT3G27320	84.4	1.05e-274	750
Bra032998	AT1G33390	73.1	0	1631
Bra033004	AT3G27340	87.9	1.83e-88	253
Bra033009	AT3G27410	55.2	7.82e-31	106
Bra033010	AT3G27420	56.7	1.2e-73	232
Bra033011	AT3G27430	97.4	1.11e-195	535
Bra033025	AT3G27730	85.2	0	1838
Bra033026	AT3G27770	77.9	3.81e-180	499
Bra033027	AT3G27785	64.3	3.29e-199	559
Bra033029	AT3G27830	81.3	7.38e-90	261
Bra033032	AT3G27950	86.8	6.12e-244	670
Bra033033	AT3G27970	92.7	5.68e-256	694
Bra033035	AT3G28050	92.6	2.09e-245	669
Bra033040	AT3G28200	84.6	1.6e-199	548
Bra033042	AT3G28330	64.5	3.64e-176	497
Bra033047	AT3G28455	82.9	3.16e-33	110
Bra033053	AT3G28690	90.1	8.56e-308	835
Bra033054	AT3G28715	99.1	6.22e-264	714
Bra033058	AT3G28770	54.9	6.48e-79	291
Bra033059	AT3G28780	68.4	1.38e-70	242
Bra033065	AT3G28880	56.3	8.35e-191	552
Bra033067	AT3G28910	82.2	1.48e-173	483
Bra033070	AT3G28940	84.5	5.92e-103	292
Bra033078	AT3G29020	71.8	4.62e-139	394
Bra033080	AT3G29060	82.4	0	1260
Bra033082	AT3G29075	73.3	4.11e-51	174
Bra033089	AT3G29170	91.7	9.36e-77	222
Bra033093	AT3G29270	85.9	1.89e-156	434
Bra033095	AT3G29280	87.9	2.68e-110	311
Bra033097	AT3G29310	55.6	1.32e-153	447
Bra033103	AT3G29390	71.2	3.29e-244	682
Bra033104	AT3G29400	81.4	0	1004
Bra033111	AT3G29780	76.4	1.44e-39	127
Bra033117	AT4G12110	93.6	2.18e-210	574
Bra033120	AT4G12090	84.4	1.08e-82	238
Bra033124	AT4G12040	85.8	9.32e-107	302
Bra033125	AT4G11970	76.8	9.23e-169	477
Bra033127	AT4G11800	88.6	0	1835
Bra033133	AT5G51360	66.7	1.78e-45	142
Bra033138	AT4G11650	88.5	6.62e-169	465
Bra033140	AT4G11600	86.2	2.48e-139	389
Bra033141	AT4G11640	89.3	4.48e-196	543
Bra033143	AT4G11450	81.5	0	1041
Bra033144	AT4G11440	59.5	8.37e-208	588
Bra033145	AT4G11420	87.2	0	1476
Bra033148	AT4G11320	85.6	1.38e-236	647
Bra033151	AT4G11230	62.6	0	1079
Bra033153	AT4G11160	89.2	0	1176
Bra033155	AT4G11150	94.8	2.46e-148	412
Bra033158	AT4G11070	68.7	4.77e-150	424
Bra033160	AT4G11020	76.1	7.4e-56	170
Bra033163	AT4G11010	93.3	1.42e-157	436
Bra033166	AT4G10810	81.7	6.02e-34	110
Bra033169	AT4G10730	81.8	0	1043
Bra033170	AT4G10520	79.3	0	1199
Bra033171	AT4G10450	94.3	3.48e-128	358
Bra033172	AT4G10440	90.6	0	1199
Bra033173	AT4G10430	89	5.09e-222	608
Bra033181	AT4G10380	92.1	3.29e-189	521
Bra033186	AT4G10360	85.6	1.04e-160	446
Bra033187	AT4G10330	82.2	1.53e-48	151
Bra033189	AT4G10310	76.9	2.73e-258	713
Bra033194	AT4G10140	91.3	1.49e-115	325
Bra033195	AT4G10120	87.9	0	1848
Bra033197	AT4G10080	57.2	4.03e-92	276
Bra033198	AT2G07180	84	3.95e-268	733
Bra033199	AT4G10060	86.6	0	1487
Bra033208	AT4G10000	79.9	3.07e-185	513
Bra033210	AT4G09970	52.6	2.5e-71	220
Bra033213	AT1G02180	78.2	9.18e-118	334
Bra033214	AT1G02160	93.1	4.93e-31	103
Bra033215	AT1G02150	86.3	1.97e-294	805
Bra033218	AT1G02120	71.7	2.91e-270	749
Bra033221	AT1G02065	68.6	3.6e-132	379
Bra033223	AT1G01990	71.4	1.95e-112	322
Bra033224	AT1G01970	80	1.99e-94	288
Bra033225	AT2G42010	86.6	0	1798
Bra033226	AT1G01900	83.3	0	1192
Bra033227	AT1G01840	72.6	3.44e-60	182
Bra033229	AT1G01830	79.4	2.04e-256	715
Bra033230	AT1G01800	87.1	1.4e-184	509
Bra033232	AT1G01790	77.1	0	1545
Bra033233	AT1G01780	86.8	8.13e-137	380
Bra033235	AT1G01760	79.6	9.28e-207	575
Bra033236	AT1G01750	91.4	1.87e-91	261
Bra033238	AT1G01725	78	3.72e-29	97.4
Bra033239	AT1G01720	82.3	2.93e-159	444
Bra033240	AT1G01710	88.8	1.81e-284	780
Bra033241	AT1G01690	64	1.05e-168	479
Bra033243	AT1G01670	71.1	8.58e-167	476
Bra033244	AT1G01660	89.1	4.06e-230	645
Bra033246	AT1G01640	74.7	1.94e-95	276
Bra033247	AT1G01630	87.1	3.78e-169	466
Bra033251	AT1G01600	90.6	0	1020
Bra033253	AT1G01570	76.6	5.34e-294	803
Bra033254	AT1G01550	86.9	1.38e-216	594
Bra033257	AT1G01520	77.9	3.24e-140	395
Bra033258	AT1G01510	92.3	0	1112
Bra033259	AT1G01500	86.7	5.29e-167	466
Bra033260	AT1G01490	93.2	1.64e-85	249
Bra033261	AT1G01480	87.7	0	872
Bra033262	AT1G01460	82.2	3.91e-243	668
Bra033263	AT1G01453	79.6	4.52e-132	375
Bra033264	AT1G01440	61	2.22e-223	634
Bra033265	AT1G01430	79.1	8.92e-272	743
Bra033266	AT1G01420	78.3	8.29e-265	731
Bra033267	AT1G01360	92.3	3.5e-122	342
Bra033268	AT1G01350	87.3	1.95e-202	558
Bra033269	AT1G01320	87	0	2557
Bra033271	AT1G01300	88.7	7.16e-314	852
Bra033272	AT1G01280	89.7	1.17e-312	849
Bra033273	AT1G01260	72.4	5.62e-282	780
Bra033276	AT1G01230	84.9	1.58e-114	321
Bra033277	AT1G01200	89.1	4.01e-146	407
Bra033278	AT1G01190	89.2	0	956
Bra033279	AT1G01180	84.7	3.16e-182	503
Bra033283	AT1G01120	91.5	0	963
Bra033284	AT1G01110	80.2	4.64e-281	772
Bra033286	AT1G01090	91.7	9.57e-286	776
Bra033287	AT1G01080	86	1.94e-115	329
Bra033289	AT4G21240	65.9	1.18e-175	496
Bra033290	AT1G01070	81.5	7.26e-201	555
Bra033291	AT1G01060	70.7	1.07e-277	772
Bra033292	AT1G01050	98.1	1.36e-152	421
Bra033293	AT1G01040	87.5	0	3182
Bra033294	AT1G01030	74.2	6.69e-176	491
Bra033295	AT1G01020	79.8	2.31e-129	365
Bra033296	AT1G01010	51.4	3.94e-127	375
Bra033297	AT3G04430	75	1.59e-89	261
Bra033303	AT1G02250	53.6	6.3e-112	331
Bra033309	AT1G02270	82.9	7.79e-292	796
Bra033310	AT2G41610	76	2.38e-168	469
Bra033311	AT1G02280	95.6	2.16e-203	556
Bra033312	AT1G02310	89.8	1.79e-280	762
Bra033313	AT1G02330	88.9	4.22e-140	395
Bra033314	AT1G02335	90.4	2.26e-136	380
Bra033315	AT1G02340	68.6	2.66e-90	267
Bra033317	AT4G01690	87	0	919
Bra033321	AT1G02370	78.3	1.45e-307	839
Bra033323	AT1G02390	83.4	1.94e-276	758
Bra033324	AT1G02400	91.5	1.01e-226	618
Bra033330	AT1G02475	67.8	3.03e-95	276
Bra033332	AT1G02560	95	3.16e-202	553
Bra033333	AT1G02570	79.9	3.26e-150	420
Bra033334	AT1G02580	57	1.06e-257	724
Bra033337	AT1G02640	92.1	0	1442
Bra033338	AT1G02680	84.7	4.33e-67	198
Bra033340	AT5G61710	62.3	9.43e-62	189
Bra033343	AT1G02700	82.3	1.37e-136	383
Bra033344	AT1G02730	91.8	0	2188
Bra033349	AT1G02816	82.1	4.15e-95	272
Bra033350	AT1G02820	71.4	1.19e-40	129
Bra033352	AT1G02850	78.5	2.04e-307	840
Bra033353	AT1G02860	84.1	9.55e-207	568
Bra033354	AT1G02870	93.2	1.66e-128	358
Bra033356	AT1G02890	80.2	0	1823
Bra033359	AT1G02940	64.4	1.64e-121	347
Bra033364	AT1G02990	55.7	0	983
Bra033365	AT1G03010	90.3	0	1075
Bra033366	AT1G03020	95.1	8.11e-67	195
Bra033367	AT1G03030	87	6.27e-195	535
Bra033368	AT1G03040	77.5	4.77e-159	446
Bra033370	AT1G03060	91.2	0	6340
Bra033373	AT1G03070	92.3	1.46e-157	436
Bra033375	AT1G03120	78.7	2.28e-80	236
Bra033377	AT1G03150	99.4	1.81e-123	349
Bra033378	AT1G03170	72.4	1.12e-96	281
Bra033379	AT1G03210	70.4	1.46e-152	428
Bra033380	AT1G03250	84.8	9.26e-151	419
Bra033382	AT1G03290	62.7	3.72e-209	593
Bra033388	AT1G03310	79.6	0	1368
Bra033392	AT1G03360	92	5.66e-209	573
Bra033394	AT1G03380	83.6	0	1527
Bra033395	AT1G03390	86.6	1.87e-303	823
Bra033398	AT1G03430	93.6	8.4e-104	293
Bra033400	AT1G03457	79.7	1.84e-231	638
Bra033401	AT1G03470	76	3.15e-130	369
Bra033402	AT1G03475	92.3	2.12e-269	731
Bra033408	AT1G03520	84.3	1.05e-268	767
Bra033410	AT1G03560	85.6	2.89e-158	470
Bra033413	AT1G03610	90.5	9.05e-205	561
Bra033415	AT1G03630	94.3	9.59e-268	728
Bra033418	AT3G52640	84.5	0	1150
Bra033419	AT3G52600	87.5	0	1078
Bra033421	AT3G52561	54.7	5.48e-27	94.7
Bra033423	AT3G52520	69.2	1.02e-57	174
Bra033424	AT3G52500	84	9.5e-290	790
Bra033427	AT3G52490	83.8	0	1280
Bra033436	AT3G52400	83.6	9.48e-162	455
Bra033437	AT3G52390	90.9	2.96e-218	598
Bra033439	AT3G52370	91	1.68e-255	702
Bra033443	AT3G52290	76.1	8.85e-194	544
Bra033446	AT3G52200	76.5	0	968
Bra033452	AT3G52140	82.5	0	2059
Bra033455	AT3G52115	61.7	2.35e-210	597
Bra033458	AT3G52105	93.8	2.21e-38	122
Bra033462	AT3G52060	81.8	1.01e-195	541
Bra033464	AT3G51960	72.5	5.44e-96	278
Bra033465	AT3G51950	84.8	0	895
Bra033466	AT3G51930	86.8	1.15e-227	628
Bra033467	AT3G51920	86.5	1.08e-71	211
Bra033472	AT3G51890	76.4	5.84e-122	347
Bra033473	AT3G51870	90.8	1.97e-241	660
Bra033476	AT3G51850	97	0	1020
Bra033478	AT1G54500	75.1	5.53e-91	263
Bra033482	AT4G14450	67.3	6.39e-40	128
Bra033483	AT4G14440	86.1	2.78e-142	397
Bra033487	AT4G14380	69.2	2.64e-74	222
Bra033490	AT4G14330	82.9	0	1315
Bra033491	AT3G23390	96.2	4.61e-72	209
Bra033493	AT4G15545	84.9	5.99e-188	521
Bra033494	AT4G15550	80.8	5.83e-277	758
Bra033495	AT4G15560	94	0	1325
Bra033496	AT4G15563	65.3	1.87e-100	290
Bra033503	AT4G15680	98	1.45e-69	202
Bra033505	AT4G15730	57.5	0	1025
Bra033508	AT4G15740	66.6	1.9e-187	528
Bra033509	AT5G24960	67.4	3.14e-242	672
Bra033511	AT4G15780	96.6	1.27e-119	337
Bra033513	AT5G20660	81.3	0	1441
Bra033516	AT5G49560	78.2	8.69e-148	414
Bra033517	AT5G49555	90.1	0	1029
Bra033519	AT4G15850	84.3	2.42e-311	849
Bra033520	AT4G15910	79.6	4.19e-46	143
Bra033522	AT4G13992	59.6	3.35e-228	641
Bra033528	AT4G16120	85.8	0	1172
Bra033531	AT4G16130	85.2	0	1621
Bra033533	AT4G16141	69.3	1.22e-81	239
Bra033534	AT4G16143	85.8	5.12e-281	773
Bra033537	AT4G16146	68.5	3.71e-33	111
Bra033540	AT4G16155	93.1	0	1020
Bra033541	AT4G16160	92.7	1.01e-108	307
Bra033543	AT3G22980	85.6	0	1583
Bra033545	AT4G16190	85.3	1.08e-235	644
Bra033548	AT1G54350	80.2	0	1026
Bra033549	AT4G16260	89.4	1.63e-227	622
Bra033550	AT3G16980	93.9	1.32e-82	236
Bra033551	AT4G16270	85.4	4.67e-217	596
Bra033554	AT4G38190	97.7	0	2213
Bra033555	AT4G38200	88.9	0	2909
Bra033557	AT4G38230	97.3	0	908
Bra033558	AT4G38250	91.3	1.84e-228	628
Bra033559	AT4G38260	77.1	5.61e-156	435
Bra033560	AT4G38270	83.1	0	1079
Bra033561	AT4G38340	72.7	1.03e-305	851
Bra033562	AT4G38390	81.9	0	875
Bra033563	AT4G38400	87.8	1.58e-168	466
Bra033564	AT4G38420	85.7	0	932
Bra033565	AT4G38500	87.8	0	905
Bra033566	AT4G38520	83.3	1.61e-235	646
Bra033567	AT4G38530	77.4	0	886
Bra033568	AT4G38540	86	9.81e-265	721
Bra033570	AT4G38580	96.1	3.47e-108	304
Bra033571	AT4G38590	81.6	0	1371
Bra033572	AT4G38620	87.4	7.17e-186	511
Bra033575	AT4G38760	82.2	0	3166
Bra033576	AT4G38810	89.6	3.45e-232	636
Bra033578	AT4G38830	82.8	0	1083
Bra033579	AT4G38840	85.9	5.37e-57	170
Bra033582	AT4G38900	64.2	1.35e-176	505
Bra033585	AT4G38940	72	4.83e-186	518
Bra033591	AT4G38990	77.4	1.11e-287	786
Bra033592	AT4G39000	80.4	1.25e-305	832
Bra033596	AT4G39040	68	5.17e-115	334
Bra033602	AT4G39190	58.8	1.01e-58	188
Bra033603	AT4G39200	100	3.58e-57	171
Bra033604	AT4G39210	90.6	0	955
Bra033610	AT4G39240	63.3	1.11e-165	468
Bra033611	AT4G39270	79.5	2.46e-241	695
Bra033613	AT4G39330	91.9	4.14e-253	687
Bra033616	AT4G39410	73.6	6.59e-145	409
Bra033620	AT4G39470	83.7	5.14e-199	549
Bra033621	AT1G65340	76.3	9.29e-288	786
Bra033622	AT4G39480	85	0	901
Bra033623	AT4G39490	83.5	0	885
Bra033624	AT1G47620	81.1	7.34e-287	784
Bra033625	AT4G32170	77.2	1.5e-290	794
Bra033627	AT4G39530	82.6	0	1231
Bra033628	AT4G39550	65.2	3e-171	483
Bra033629	AT1G62020	93.3	0	1924
Bra033635	AT4G13680	54.9	2.29e-122	355
Bra033636	AT5G42470	84.8	4.26e-240	656
Bra033637	AT5G42480	84.6	0	1247
Bra033638	AT5G42540	72.3	0	1308
Bra033639	AT5G42560	78.1	1.48e-138	392
Bra033640	AT5G42620	91.8	0	1419
Bra033641	AT5G42720	82.4	8.06e-252	691
Bra033642	AT1G64770	81.6	1.41e-160	453
Bra033643	AT5G42760	91.3	6.62e-196	541
Bra033644	AT5G42770	76.4	3.08e-99	285
Bra033645	AT5G42850	82.1	1.17e-81	235
Bra033647	AT5G42880	62.4	1.67e-243	694
Bra033648	AT5G42900	68.2	1.57e-96	282
Bra033650	AT5G42920	85.7	0	1318
Bra033651	AT5G42930	83.3	4.07e-305	828
Bra033652	AT5G42940	65.9	5.58e-257	721
Bra033656	AT5G43020	94.6	9.5e-195	549
Bra033657	AT5G43060	87.3	1.08e-304	827
Bra033658	AT5G43080	80.1	5.24e-201	555
Bra033660	AT5G43100	84.3	0	1066
Bra033661	AT5G43120	84.2	0	976
Bra033663	AT5G43140	83	1.79e-150	419
Bra033665	AT5G43160	70.8	1.5e-85	258
Bra033667	AT5G43180	86	3e-143	399
Bra033668	AT5G43250	78.3	1.2e-63	189
Bra033669	AT5G43260	85.7	3.03e-60	178
Bra033672	AT5G43310	74.6	0	1551
Bra033678	AT5G43380	93.2	8e-232	631
Bra033679	AT5G43400	77.9	0	984
Bra033680	AT5G43420	75.8	9.41e-183	510
Bra033681	AT1G48200	80.5	9.84e-59	177
Bra033682	AT5G43530	86.1	0	1611
Bra033683	AT5G43540	84.2	1.22e-68	202
Bra033686	AT5G43570	82	3.67e-30	101
Bra033687	AT5G43600	92.1	1.38e-307	835
Bra033689	AT5G43630	60.3	1.36e-286	806
Bra033691	AT5G43670	82.1	0	1291
Bra033692	AT5G43680	82.8	1.23e-126	357
Bra033694	AT5G43760	94.9	0	991
Bra033695	AT5G43770	68	1.34e-40	135
Bra033696	AT5G43780	88.3	2.54e-304	826
Bra033697	AT5G43790	81.5	2.34e-270	739
Bra033698	AT5G43810	92.8	0	1794
Bra033699	AT5G43820	81.8	3.51e-133	397
Bra033700	AT5G43822	77.9	7.75e-105	299
Bra033703	AT5G43890	91.3	1.33e-291	790
Bra033704	AT5G43900	92.6	0	2494
Bra033705	AT5G43910	84.9	2.71e-226	620
Bra033706	AT5G43940	94.4	1.43e-277	751
Bra033708	AT5G43970	85	8.5e-49	149
Bra033709	AT5G43980	81.4	4.34e-168	468
Bra033710	AT5G43990	62.1	5.04e-315	876
Bra033711	AT5G44000	86.9	1.43e-255	697
Bra033712	AT5G44005	85.7	6.78e-52	157
Bra033714	AT5G44030	91	0	1941
Bra033715	AT5G44040	62.9	3.93e-118	348
Bra033718	AT5G44070	90.9	0	888
Bra033719	AT5G44080	64.2	5.64e-96	284
Bra033720	AT4G37380	75.2	0	910
Bra033721	AT5G44120	79.2	5.69e-288	786
Bra033724	AT5G44160	78	1.43e-213	596
Bra033725	AT5G44180	75.1	0	2069
Bra033729	AT5G44200	89.4	2.55e-126	358
Bra033730	AT5G44240	95.1	0	2107
Bra033732	AT5G44280	71	1.54e-150	441
Bra033734	AT4G25920	52.8	8.55e-133	385
Bra033736	AT5G44330	62.4	6.12e-162	463
Bra033740	AT5G44360	86.1	0	964
Bra033741	AT5G44370	95.6	4.81e-307	830
Bra033742	AT1G10095	73.9	5.52e-224	619
Bra033744	AT5G44450	76.1	4.74e-139	394
Bra033747	AT5G44520	79.4	5.29e-154	432
Bra033748	AT3G53080	55.1	2.13e-52	163
Bra033749	AT5G44530	80.6	0	1367
Bra033755	AT5G44620	68	8e-260	715
Bra033756	AT5G44635	92.3	0	1494
Bra033757	AT5G44650	71.3	2.79e-115	332
Bra033758	AT5G44660	62.2	1.73e-142	410
Bra033759	AT5G44670	78.5	1.45e-293	804
Bra033762	AT3G48195	72.4	0	1251
Bra033766	AT3G48180	80.3	4.11e-20	75.9
Bra033773	AT3G48100	95.1	7.28e-115	323
Bra033784	AT3G47830	78.1	1.75e-161	449
Bra033787	AT3G47650	77.2	8.04e-60	180
Bra033800	AT3G26010	54	3.3e-147	425
Bra033801	AT3G46790	95	0	1038
Bra033802	AT3G46780	86.6	7.57e-279	765
Bra033803	AT3G46760	93.9	8.98e-232	631
Bra033804	AT3G46750	71.1	6.63e-146	418
Bra033805	AT5G40010	83	1.73e-268	739
Bra033808	AT3G46670	81.9	1.31e-276	755
Bra033813	AT3G46600	80.2	0	922
Bra033814	AT3G46580	67.6	5.16e-82	241
Bra033818	AT3G09110	74.3	5.48e-188	522
Bra033820	AT3G46510	92.6	0	911
Bra033825	AT3G46330	81.3	0	1335
Bra033832	AT3G45850	93.3	0	1770
Bra033833	AT3G45770	89	2.32e-243	664
Bra033837	AT3G45600	90.5	1.78e-182	503
Bra033840	AT3G45260	72.9	9.04e-207	578
Bra033845	AT1G32210	97.4	5.79e-73	212
Bra033849	AT1G32180	81.1	0	1573
Bra033851	AT1G32160	87.3	1.41e-243	667
Bra033856	AT1G32100	92.1	4.03e-211	578
Bra033858	AT1G32090	90.4	0	1427
Bra033859	AT1G32080	90.7	3.33e-311	847
Bra033860	AT1G32070	78.8	1.19e-129	367
Bra033863	AT1G31940	88.6	1.26e-95	272
Bra033866	AT1G31920	85	0	928
Bra033870	AT1G31870	68.9	1.66e-201	573
Bra033871	AT1G31860	86.3	2.16e-165	459
Bra033876	AT1G31790	75.9	2.13e-223	617
Bra033881	AT3G23090	70.6	7.76e-140	400
Bra033883	AT3G23070	75.5	0	1164
Bra033886	AT3G23050	88.1	1.9e-149	416
Bra033892	AT3G23020	77.6	0	1015
Bra033894	AT3G22990	89.6	2.52e-288	785
Bra033896	AT3G22970	76.1	7.22e-182	508
Bra033909	AT3G22845	93.1	6.18e-144	399
Bra033913	AT3G22830	79	6.68e-211	585
Bra033914	AT3G22800	85.8	3.62e-150	435
Bra033915	AT3G21910	51.5	1.45e-85	256
Bra033918	AT3G22790	78.5	0	2298
Bra033919	AT3G22780	71	0	894
Bra033933	AT1G68460	71.7	4.57e-167	470
Bra033934	AT1G68450	65	1.44e-52	162
Bra033938	AT1G68410	90.7	1.08e-247	680
Bra033940	AT1G68400	85.9	1.44e-193	546
Bra033942	AT1G68370	92.7	3.69e-263	717
Bra033945	AT1G68350	69.3	5.09e-65	196
Bra033948	AT1G68320	79	4.37e-151	423
Bra033949	AT1G68310	76.5	1.46e-83	243
Bra033950	AT1G68240	52.4	3.27e-56	176
Bra033951	AT1G68230	87.9	4.54e-129	365
Bra033956	AT2G25710	84.7	2.31e-205	581
Bra033957	AT1G65810	76.8	0	1295
Bra033959	AT1G68120	75.6	2.32e-145	412
Bra033960	AT1G68110	72.8	5.11e-181	506
Bra033961	AT1G68090	90.2	8.03e-206	564
Bra033964	AT1G68040	84.3	2.23e-226	620
Bra033968	AT1G67980	90.5	7.34e-151	418
Bra033971	AT1G17800	70.8	3.3e-61	183
Bra033976	AT1G67820	64.5	3.82e-176	497
Bra033977	AT1G67810	72.8	1.63e-124	354
Bra033980	AT1G67750	93.8	8.36e-295	797
Bra033981	AT1G43580	87.9	3.38e-274	746
Bra033982	AT1G67740	67.8	4.16e-74	221
Bra033986	AT1G67640	87.5	1.38e-292	794
Bra033987	AT1G67630	85.7	0	1062
Bra033989	AT1G67590	83.4	1.27e-135	389
Bra033991	AT1G67560	85.5	0	1587
Bra033992	AT1G67550	92.7	0	1546
Bra033993	AT1G67540	66.3	9.2e-103	298
Bra033994	AT1G67530	83.8	0	1155
Bra033999	AT1G67430	98.9	1.21e-121	340
Bra034000	AT1G67410	84.7	7.56e-281	764
Bra034001	AT1G67400	88	4.68e-176	486
Bra034002	AT1G67360	77	3.31e-127	359
Bra034005	AT1G67330	87.4	4.73e-187	514
Bra034006	AT1G67320	82.7	6.51e-295	803
Bra034007	AT1G67310	68.2	0	1285
Bra034008	AT1G67290	83.6	0	931
Bra034009	AT1G67780	63.6	5.08e-221	619
Bra034010	AT1G67260	70.1	7.31e-162	456
Bra034011	AT1G67250	87.2	1.7e-91	261
Bra034013	AT1G67220	66.9	0	1030
Bra034014	AT1G67210	73.3	2.11e-194	544
Bra034017	AT1G67180	71.7	1.59e-232	644
Bra034020	AT1G67120	81	0	8498
Bra034026	AT1G67080	80.3	1.65e-104	300
Bra034030	AT1G67070	84.7	7.64e-277	754
Bra034031	AT1G67060	97.4	1.34e-163	451
Bra034033	AT1G67050	72.7	1.22e-105	306
Bra034034	AT1G67040	67.1	0	972
Bra034036	AT1G66930	62.3	0	994
Bra034039	AT1G66920	62.8	6.03e-268	746
Bra034041	AT1G66980	59.9	0	1415
Bra034045	AT3G08980	87.6	2e-103	292
Bra034049	AT3G09032	71.7	4.23e-55	169
Bra034050	AT3G09050	81.9	7.71e-112	322
Bra034052	AT3G09080	78	0	1645
Bra034053	AT3G09085	89.3	5.43e-72	209
Bra034056	AT3G09210	86.3	2.95e-193	534
Bra034057	AT3G09230	67.4	6.6e-172	484
Bra034058	AT3G09240	86.4	3.59e-318	863
Bra034059	AT3G09250	85.7	4.9e-133	374
Bra034061	AT3G09270	81.3	1.45e-133	374
Bra034070	AT3G09500	94.3	1.04e-72	212
Bra034076	AT3G09640	90.4	2.02e-166	459
Bra034078	AT3G09690	82.2	0	872
Bra034079	AT5G22690	55.5	0	990
Bra034080	AT3G09700	87.5	1.62e-64	190
Bra034081	AT3G09710	63.3	2.64e-155	447
Bra034082	AT3G09720	88.8	3.83e-307	840
Bra034083	AT3G09730	71	4.54e-167	473
Bra034085	AT3G09740	96.6	5.26e-169	467
Bra034087	AT3G09820	95.3	2.47e-246	669
Bra034089	AT3G09840	97.8	0	1542
Bra034093	AT3G10080	87.7	2.76e-146	409
Bra034094	AT3G10120	78.2	5.29e-94	270
Bra034097	AT3G10195	59.7	5.16e-21	78.2
Bra034102	AT3G10290	92.2	2.96e-195	550
Bra034112	AT4G04690	51.8	3.35e-130	378
Bra034115	AT3G10460	51.6	3.83e-38	124
Bra034116	AT3G10470	75.2	4.6e-115	336
Bra034119	AT3G10490	78.8	2.99e-210	586
Bra034120	AT3G10500	71	1.62e-261	724
Bra034122	AT3G10520	93	5.28e-104	294
Bra034123	AT3G10525	68.8	9.84e-50	154
Bra034124	AT3G10530	88.5	0	902
Bra034126	AT3G10550	87.5	0	1420
Bra034129	AT5G47300	58.9	3.22e-139	409
Bra034133	AT3G10600	93.2	0	1070
Bra034135	AT3G10630	80	4.1e-282	771
Bra034139	AT3G10710	85.8	0	940
Bra034140	AT3G10720	88.5	0	1030
Bra034141	AT3G10740	92.4	0	1263
Bra034144	AT3G10760	84.1	4.15e-157	442
Bra034148	AT3G10810	72.7	6.56e-204	576
Bra034149	AT3G10860	95.8	3.88e-49	148
Bra034150	AT3G10870	84.4	5.06e-173	478
Bra034151	AT3G10890	81.9	4.56e-257	702
Bra034152	AT3G10910	81.9	9.24e-86	249
Bra034153	AT3G10915	85.8	8.32e-127	358
Bra034154	AT3G10920	93	1.82e-155	430
Bra034155	AT5G05300	52.5	2.36e-18	72.8
Bra034157	AT3G10985	84.5	1.54e-55	167
Bra034158	AT3G11000	60	1.47e-169	489
Bra034159	AT3G11020	58.1	2.36e-117	340
Bra034160	AT3G11040	80.8	0	1195
Bra034165	AT3G11100	73.9	3.78e-108	313
Bra034167	AT3G11150	68.3	4.9e-166	467
Bra034172	AT3G55200	96	0	2361
Bra034173	AT3G11280	85.4	2.45e-160	444
Bra034174	AT3G11290	58.4	2e-198	556
Bra034178	AT4G03020	91.9	0	937
Bra034179	AT4G03030	78	8.3e-244	670
Bra034182	AT4G03070	74.6	3.52e-175	487
Bra034183	AT4G03090	68	0	1138
Bra034184	AT4G03100	83	2.8e-213	592
Bra034186	AT4G03115	81.5	4.86e-193	533
Bra034187	AT4G03120	65.6	1.93e-58	181
Bra034188	AT4G03130	68.1	0	907
Bra034189	AT4G03140	88.4	2.73e-186	515
Bra034190	AT4G03150	70.9	9.61e-83	242
Bra034192	AT4G03200	92.1	0	1396
Bra034196	AT4G03250	70.3	1.71e-218	611
Bra034197	AT4G03260	68.8	4.88e-263	737
Bra034198	AT4G03270	80.1	9.05e-158	441
Bra034201	AT4G03320	82.3	1.43e-173	480
Bra034202	AT4G03330	90.2	3.66e-185	511
Bra034204	AT4G03390	80.9	0	1004
Bra034205	AT4G03400	89.4	0	1070
Bra034206	AT4G03415	91.9	4.89e-315	853
Bra034208	AT4G03430	87.9	0	1090
Bra034209	AT4G03490	82.9	0	940
Bra034211	AT4G03440	59.5	5.42e-264	746
Bra034212	AT4G03510	75.5	2.61e-125	355
Bra034214	AT4G03520	80.1	9.16e-99	283
Bra034215	AT4G03540	95.1	2.25e-98	280
Bra034218	AT4G03550	91.2	0	3238
Bra034220	AT4G03580	56.6	6.63e-27	104
Bra034224	AT4G03610	87.7	2.74e-211	578
Bra034225	AT4G03620	79.2	4.29e-154	434
Bra034232	AT4G05440	74.9	1.94e-178	496
Bra034233	AT4G05430	89.9	5.74e-67	198
Bra034235	AT3G26280	71.5	1.4e-262	724
Bra034237	AT3G26290	81.8	8.49e-304	828
Bra034241	AT3G26540	81.2	0	1079
Bra034243	AT3G26600	83.1	0	959
Bra034244	AT3G26618	97.7	3.29e-313	846
Bra034247	AT3G26782	87.1	0	1159
Bra034248	AT4G13965	56.9	9.94e-153	439
Bra034251	AT2G25320	85.7	0	2537
Bra034252	AT2G25430	87.7	0	1064
Bra034254	AT2G25490	83.4	8.39e-289	800
Bra034257	AT1G11280	78.3	0	1297
Bra034258	AT2G25560	67.8	3.37e-299	827
Bra034260	AT2G44630	53.7	3.03e-115	338
Bra034262	AT2G44700	52.1	2e-114	336
Bra034263	AT2G25605	94	9.6e-138	382
Bra034264	AT2G25625	69.3	6.08e-41	131
Bra034265	AT2G25640	68.4	2.4e-278	784
Bra034266	AT3G61720	60.2	6.02e-294	823
Bra034267	AT2G25660	85.8	0	3567
Bra034270	AT2G25800	91.2	0	1719
Bra034271	AT2G25810	85.1	7.32e-148	412
Bra034272	AT5G40405	90.2	0	1060
Bra034273	AT2G25820	65.6	1.52e-85	251
Bra034274	AT2G25830	86.1	3.51e-187	518
Bra034276	AT2G25850	80.4	0	1221
Bra034277	AT2G25840	79.1	1.73e-223	616
Bra034278	AT3G05650	68.5	6.91e-261	748
Bra034279	AT2G25870	86.9	0	986
Bra034280	AT2G25890	83.2	4.02e-71	211
Bra034281	AT2G46450	68.6	8.23e-308	850
Bra034283	AT2G25910	93.3	6.76e-241	655
Bra034284	AT2G25930	51.8	1.87e-160	475
Bra034285	AT1G65630	69	2.28e-228	644
Bra034287	AT2G25950	98.5	3.93e-148	409
Bra034288	AT2G25970	68	2.71e-226	642
Bra034289	AT2G26100	84.7	1.88e-225	618
Bra034290	AT1G17560	74.7	1.24e-89	260
Bra034292	AT3G45580	62.2	1.41e-153	437
Bra034293	AT2G26140	89.8	0	1162
Bra034294	AT2G26180	80.2	1.34e-191	536
Bra034295	AT2G26190	82.6	1.33e-311	850
Bra034296	AT2G26200	83.7	0	918
Bra034297	AT2G26210	75.1	2.76e-77	230
Bra034299	AT2G26270	76.3	4.05e-259	716
Bra034300	AT2G26280	63.1	3.74e-205	578
Bra034302	AT2G26290	87.8	1.45e-267	729
Bra034304	AT2G26310	71.5	6.09e-187	522
Bra034305	AT2G26360	76.2	9.14e-190	529
Bra034307	AT2G27190	87.6	0	879
Bra034308	AT2G26570	69.4	5.33e-166	494
Bra034309	AT2G26740	81.7	2.4e-209	573
Bra034311	AT2G26730	84.2	0	885
Bra034312	AT2G26700	88	0	894
Bra034313	AT2G26870	88.9	3.76e-305	832
Bra034314	AT2G26910	93.2	0	2615
Bra034315	AT2G26980	97.5	1.1e-314	850
Bra034316	AT2G27020	99.2	1.14e-175	486
Bra034318	AT2G27040	88.3	0	1654
Bra034319	AT5G45920	86.6	6.62e-152	425
Bra034320	AT5G45910	82.9	1.13e-233	640
Bra034321	AT2G27080	81.9	8.59e-157	436
Bra034328	AT2G27170	84.3	0	1787
Bra034329	AT2G27180	77.1	8.98e-51	159
Bra034331	AT2G27200	83.5	1.74e-312	852
Bra034332	AT2G27210	93.4	0	1781
Bra034335	AT2G27220	68.1	2e-200	561
Bra034338	AT2G27230	81	0	975
Bra034339	AT2G27240	78.4	2.17e-258	712
Bra034340	AT2G27250	75	4.94e-14	60.8
Bra034341	AT2G27260	70.1	1.88e-111	319
Bra034342	AT2G27270	50	7.14e-38	130
Bra034343	AT2G27285	80.4	5.37e-99	293
Bra034344	AT3G57020	85.7	6.78e-248	675
Bra034346	AT2G27310	82.9	1e-184	520
Bra034348	AT2G27350	80.7	4.68e-245	678
Bra034349	AT2G27370	93.7	6.3e-142	395
Bra034350	AT2G27380	55.1	3.15e-08	57
Bra034353	AT2G27450	87.3	1.33e-206	566
Bra034358	AT2G27590	88.2	1.83e-230	631
Bra034360	AT2G27610	87.1	0	1130
Bra034361	AT1G21990	66	2.47e-161	459
Bra034365	AT2G27740	89	1.58e-96	276
Bra034366	AT2G27760	78.4	2.17e-264	725
Bra034367	AT2G27770	80.1	1.05e-172	481
Bra034371	AT2G27810	83.6	0	1106
Bra034372	AT2G27820	86.2	7.54e-250	684
Bra034374	AT2G27860	96.4	1.48e-288	780
Bra034376	AT2G27900	88	0	1132
Bra034377	AT2G27920	82.9	3.94e-283	772
Bra034379	AT2G27930	93.3	4.71e-81	238
Bra034381	AT2G27980	65.6	0	1291
Bra034382	AT1G42470	90.6	0	2226
Bra034386	AT2G28080	86.9	5.36e-308	837
Bra034387	AT2G26680	87.6	2.34e-198	546
Bra034388	AT2G28100	82.7	2.24e-310	844
Bra034389	AT2G28110	86.2	4.64e-293	796
Bra034392	AT2G28160	84.7	6.83e-173	481
Bra034393	AT2G28180	78.4	0	1242
Bra034394	AT2G28190	80.8	1.09e-112	320
Bra034399	AT2G28305	95.3	2.15e-145	403
Bra034401	AT1G35780	80.1	6.35e-157	437
Bra034404	AT1G35710	68.8	1.49e-163	507
Bra034407	AT1G35670	97.6	9.77e-314	852
Bra034408	AT1G35620	86.3	5.38e-279	759
Bra034416	AT1G35530	77.5	0	2010
Bra034424	AT1G35210	58.6	2.2e-43	140
Bra034429	AT1G35180	91.8	1.45e-127	358
Bra034432	AT1G34750	92.2	1.48e-186	513
Bra034433	AT1G34640	83.5	1.1e-63	188
Bra034439	AT1G34180	71	7.52e-275	761
Bra034444	AT1G34120	75.9	1.01e-314	861
Bra034446	AT1G34110	88.3	5.04e-232	689
Bra034447	AT1G22780	98.7	3.1e-106	299
Bra034458	AT1G33970	82.5	5.43e-186	516
Bra034459	AT1G33811	89.2	1.31e-245	669
Bra034460	AT1G33800	91.6	4.67e-200	548
Bra034461	AT1G62050	84	0	965
Bra034466	AT1G62180	89.1	7.19e-292	795
Bra034471	AT1G62250	78.2	2.45e-134	380
Bra034478	AT1G62290	87.5	0	912
Bra034487	AT1G62305	82.5	1.45e-231	634
Bra034496	AT5G51710	96.8	0	1008
Bra034498	AT1G62340	86.4	8.68e-243	684
Bra034501	AT1G62370	73.5	2.09e-99	286
Bra034514	AT2G27775	65.6	2.1e-27	96.3
Bra034519	AT1G62510	83.9	4.58e-67	199
Bra034523	AT1G62810	84.6	0	1256
Bra034527	AT1G62840	88.4	5.33e-140	390
Bra034531	AT4G32730	72.3	0	1340
Bra034532	AT4G32750	92.5	9.4e-196	537
Bra034534	AT4G32790	78.1	0	914
Bra034535	AT4G32800	70.3	3.35e-91	267
Bra034541	AT4G32915	71	2.19e-66	198
Bra034543	AT4G33000	86.5	2.39e-147	411
Bra034549	AT4G33100	91.2	8.92e-57	169
Bra034553	AT4G33220	88.6	0	905
Bra034554	AT4G33250	91.7	1.75e-149	414
Bra034556	AT4G33300	80.2	0	1115
Bra034562	AT4G33430	79.8	0	915
Bra034565	AT4G33450	83.3	4e-155	431
Bra034570	AT4G33550	87.2	7.68e-65	192
Bra034572	AT4G33560	69	1.68e-38	123
Bra034574	AT4G33590	83.5	5.7e-300	815
Bra034575	AT4G33600	83.2	7.98e-298	810
Bra034578	AT4G33630	86	0	1100
Bra034585	AT4G33840	79.4	0	947
Bra034586	AT4G33860	82.3	0	974
Bra034591	AT4G33910	88.7	2.59e-191	525
Bra034592	AT4G33920	90.9	1.13e-250	683
Bra034594	AT4G33970	80.2	1.78e-134	410
Bra034599	AT4G34030	92.3	0	1081
Bra034603	AT4G34110	85.9	0	1008
Bra034605	AT4G34120	85.2	4.07e-129	363
Bra034607	AT3G24000	84.2	0	969
Bra034608	AT4G34131	81.9	8.17e-285	778
Bra034610	AT4G34138	81	1.25e-294	803
Bra034614	AT2G27960	89.8	3.23e-55	165
Bra034618	AT4G33930	71	5.2e-56	184
Bra034622	AT4G34380	80.5	3.16e-252	696
Bra034623	AT4G34390	72	0	1194
Bra034631	AT4G27220	72.6	0	1104
Bra034634	AT4G34510	80.5	2.17e-279	764
Bra034635	AT4G34520	85.4	9.82e-319	866
Bra034638	AT4G34580	93.5	0	962
Bra034639	AT4G34590	77.5	1.81e-58	178
Bra034640	AT4G34600	79.5	3.43e-36	116
Bra034641	AT4G34640	84.6	8.61e-277	753
Bra034644	AT4G34680	79.9	6.85e-145	406
Bra034653	AT4G34770	93.3	1.14e-67	197
Bra034654	AT4G34780	74.3	2.35e-52	159
Bra034657	AT4G34840	88.6	1.66e-161	447
Bra034658	AT4G34850	93.6	1.62e-273	742
Bra034663	AT4G34920	87.7	7.86e-214	585
Bra034666	AT4G34950	84	0	912
Bra034668	AT4G35040	70.9	1.75e-113	326
Bra034672	AT4G35070	68.7	1.69e-106	308
Bra034674	AT4G35090	96.3	0	999
Bra034676	AT4G35110	73.1	5.17e-155	442
Bra034677	AT4G35160	87.8	4.25e-242	661
Bra034679	AT3G13400	95.3	0	1093
Bra034683	AT3G13350	65.3	7.94e-128	366
Bra034690	AT3G13320	91.8	1.57e-282	769
Bra034692	AT3G13300	75.5	0	1889
Bra034694	AT3G13275	84.1	1.11e-40	127
Bra034696	AT3G13230	92.5	6.07e-138	387
Bra034697	AT4G27820	78	1.5e-297	812
Bra034698	AT3G13200	94.4	4.62e-135	378
Bra034700	AT3G13175	84.9	6.73e-54	163
Bra034703	AT3G13130	64.5	5.29e-67	203
Bra034704	AT3G13120	86.7	1.04e-105	301
Bra034705	AT3G13110	83.2	1.06e-216	598
Bra034706	AT3G13100	87.7	0	2497
Bra034707	AT2G17600	56.6	1.67e-235	664
Bra034708	AT3G13070	89.2	0	1065
Bra034709	AT3G13065	80.7	4.02e-267	748
Bra034711	AT3G13020	60.6	2.78e-260	726
Bra034714	AT3G12970	68.5	5.49e-136	392
Bra034715	AT3G12940	87.7	4.96e-304	826
Bra034722	AT3G12880	72.4	2.29e-85	248
Bra034727	AT3G12810	84.1	0	3196
Bra034732	AT3G12775	65.4	7.33e-136	392
Bra034733	AT3G12770	84	0	1147
Bra034735	AT3G12750	85.5	4.32e-194	537
Bra034736	AT3G12740	88	3.61e-215	590
Bra034738	AT3G12720	82.8	2.9e-168	468
Bra034739	AT3G12710	86	9.45e-192	528
Bra034744	AT3G12680	78.7	1.72e-277	763
Bra034745	AT3G12670	93.9	0	1120
Bra034749	AT3G12620	93.9	2.85e-262	713
Bra034750	AT3G12600	88.6	7.06e-117	328
Bra034751	AT3G12560	78.8	0	907
Bra034752	AT3G12550	78.9	0	954
Bra034754	AT3G12500	90.5	1.41e-226	618
Bra034755	AT3G12490	82.6	7.13e-131	367
Bra034757	AT3G12390	86.9	4.18e-90	262
Bra034759	AT3G12370	86.5	4.52e-108	305
Bra034760	AT3G12360	96.6	1.89e-273	758
Bra034761	AT3G12345	77	2.09e-91	264
Bra034762	AT3G12320	83.2	1.97e-153	428
Bra034764	AT3G12280	89.5	0	1756
Bra034765	AT3G12270	79.8	0	915
Bra034767	AT3G12250	89.6	4.32e-205	565
Bra034768	AT3G12210	88.1	2.02e-126	355
Bra034769	AT3G12180	93.2	3.81e-95	270
Bra034770	AT3G12170	86.7	1.07e-152	427
Bra034772	AT3G12150	91.9	7.17e-257	697
Bra034776	AT3G12130	84.3	5.62e-139	389
Bra034777	AT3G12120	89.8	4.63e-271	735
Bra034778	AT3G12110	99.2	5.47e-278	752
Bra034779	AT3G12100	90.1	6.44e-250	682
Bra034780	AT3G12090	93.3	6.23e-202	551
Bra034781	AT3G12080	88.2	0	1095
Bra034782	AT3G12060	77.5	3.35e-309	845
Bra034783	AT3G12050	84.2	4.28e-223	611
Bra034784	AT3G12040	86.7	6.66e-160	443
Bra034785	AT3G12020	79	0	1379
Bra034787	AT1G47470	60	1.59e-71	213
Bra034795	AT3G11964	83.8	0	3096
Bra034797	AT3G11960	88.7	0	2301
Bra034802	AT3G11910	90.7	0	2072
Bra034804	AT3G11890	85.5	2.83e-74	247
Bra034805	AT3G11850	60.6	5.77e-179	509
Bra034806	AT3G11840	79.2	1.07e-251	692
Bra034811	AT3G11780	72.2	3.36e-79	231
Bra034812	AT3G11770	87.5	3.45e-131	366
Bra034817	AT3G11700	90.5	1.36e-292	796
Bra034821	AT3G11670	87.5	0	1384
Bra034824	AT3G11630	90.9	3.48e-160	444
Bra034827	AT3G11590	82.1	9.67e-313	860
Bra034830	AT3G11560	81.8	0	1271
Bra034832	AT3G11540	95.2	0	1305
Bra034834	AT3G11500	100	1.62e-51	155
Bra034839	AT3G11470	77.4	1.8e-162	453
Bra034840	AT3G11460	84.5	0	1052
Bra034841	AT3G11450	86.3	0	898
Bra034842	AT3G11440	71.8	4.65e-278	765
Bra034843	AT3G11430	89.8	0	888
Bra034844	AT3G11420	87.1	0	875
Bra034845	AT3G11410	81.7	1.54e-217	601
Bra034847	AT3G11397	93.3	3.85e-137	382
Bra034851	AT3G11320	97.7	1.56e-202	555
Bra034855	AT3G11260	65.2	6.57e-71	210
Bra034856	AT3G11240	74.7	8.14e-298	819
Bra034858	AT3G11220	93.9	6.17e-237	646
Bra034859	AT3G11210	92.2	1.24e-179	493
Bra034860	AT3G11200	91.1	8.99e-166	457
Bra034861	AT3G11180	74.5	4.54e-217	600
Bra034863	AT3G11170	86.9	8.05e-299	810
Bra034864	AT3G11130	84.7	0	2718
Bra034865	AT3G11110	82.8	2.48e-90	259
Bra034867	AT3G11090	86.1	3.22e-98	280
Bra034873	AT4G13590	87.8	7.12e-202	558
Bra034878	AT4G13370	78.2	0	928
Bra034880	AT4G13345	87.7	6.06e-252	689
Bra034881	AT4G13270	85.1	9.01e-132	369
Bra034883	AT4G13230	69.7	8.57e-08	47
Bra034892	AT1G77230	69.7	2.17e-97	281
Bra034894	AT4G13070	77.7	6.01e-177	493
Bra034895	AT4G13040	76	1.38e-97	283
Bra034896	AT4G13030	62.5	2.74e-184	522
Bra034897	AT4G12980	87.8	1.43e-244	669
Bra034898	AT4G12970	81.4	4.69e-59	176
Bra034904	AT4G12900	70.2	4.8e-116	330
Bra034912	AT4G12760	75.5	1.19e-130	369
Bra034913	AT1G35490	72.9	1.99e-98	288
Bra034917	AT1G43710	90.3	0	917
Bra034921	AT1G43780	85	1.25e-316	858
Bra034927	AT1G42970	94.6	4.64e-308	834
Bra034928	AT1G42960	87.5	7.66e-94	269
Bra034929	AT1G42550	86	0	1337
Bra034931	AT1G42540	89	0	1633
Bra034938	AT1G42480	71.6	8.32e-82	239
Bra034941	AT4G31500	95	0	950
Bra034943	AT1G41830	96.1	0	1071
Bra034944	AT5G40680	60.1	3.15e-164	467
Bra034949	AT3G42660	79.1	0	1290
Bra034951	AT3G42880	81.5	0	929
Bra034954	AT3G43120	92.5	2.58e-104	295
Bra034957	AT3G43240	89.7	0	1372
Bra034960	AT3G43270	83.1	0	882
Bra034968	AT3G43540	89	6.67e-244	665
Bra034972	AT3G43590	60.3	6.47e-174	502
Bra034977	AT3G43800	88.5	6.36e-154	426
Bra034985	AT4G33865	96.3	9.52e-39	121
Bra034986	AT3G44020	72.2	9.45e-56	171
Bra034988	AT3G44050	83.8	0	1903
Bra034989	AT3G44100	81.6	7.99e-84	242
Bra034992	AT3G44160	93.7	1.91e-255	694
Bra034996	AT3G44190	89.6	8.18e-245	667
Bra035000	AT3G44200	78.9	0	1356
Bra035001	AT3G44220	94.2	7.91e-149	411
Bra035002	AT3G44260	87.6	5.58e-172	475
Bra035009	AT3G44340	87.2	0	1511
Bra035010	AT5G42200	79.4	1.4e-92	265
Bra035017	AT1G78190	83.1	7.83e-70	204
Bra035018	AT1G78200	79.5	1.04e-159	445
Bra035019	AT1G78210	86.6	4.42e-200	550
Bra035020	AT1G78220	70.5	3.55e-109	314
Bra035022	AT1G78230	75	3.88e-246	692
Bra035025	AT1G78280	89.4	0	1767
Bra035028	AT1G78310	67.7	2.36e-116	337
Bra035031	AT1G78360	82.7	5.59e-140	390
Bra035033	AT1G78390	85.2	0	1032
Bra035034	AT1G78400	72.7	5.51e-217	600
Bra035036	AT1G78420	80.3	3.87e-197	550
Bra035038	AT1G78440	81.8	1.24e-189	524
Bra035040	AT1G78460	71.9	1.42e-112	320
Bra035042	AT1G78510	84.4	3.33e-242	664
Bra035043	AT1G78520	88.9	1.9e-71	208
Bra035044	AT1G78530	89.8	2.3e-235	642
Bra035046	AT1G78550	83.2	9.98e-216	593
Bra035048	AT1G78570	94.5	0	1300
Bra035049	AT1G78580	94.5	0	1709
Bra035052	AT1G78610	84.9	0	1348
Bra035053	AT1G78620	84.2	1.31e-183	509
Bra035054	AT1G78630	95.4	1.62e-165	456
Bra035055	AT1G78650	66	1.4e-175	502
Bra035056	AT1G78670	76.8	1.05e-189	526
Bra035058	AT1G78680	79.8	9.79e-208	572
Bra035059	AT1G78690	86.4	4.03e-179	494
Bra035060	AT1G78700	79.4	2.63e-174	484
Bra035062	AT1G78770	93.8	0	1028
Bra035063	AT1G78780	76.7	2.27e-165	459
Bra035064	AT1G78800	93.3	1.06e-273	743
Bra035066	AT1G78815	92.8	9.44e-107	303
Bra035067	AT1G78830	90.8	1.95e-292	795
Bra035070	AT1G78850	91.8	1.51e-296	804
Bra035072	AT1G78880	93.1	3.3e-302	825
Bra035073	AT1G78890	76.7	1.01e-75	222
Bra035075	AT1G78910	84.3	3.43e-303	824
Bra035076	AT1G78920	97.3	0	1475
Bra035077	AT1G78930	78.5	1.1e-204	583
Bra035079	AT1G78960	83.2	0	1382
Bra035080	AT1G78980	69.6	0	880
Bra035081	AT1G78990	87.7	2.36e-303	823
Bra035082	AT1G79000	86.6	0	2750
Bra035083	AT1G79010	96.4	1.91e-132	371
Bra035084	AT1G79020	85.1	1.2e-276	755
Bra035088	AT1G79060	65.5	1.59e-116	343
Bra035089	AT1G79070	80.7	3.88e-66	196
Bra035090	AT1G79080	80.1	1.22e-145	431
Bra035092	AT1G79110	61.4	4.17e-124	359
Bra035093	AT1G79120	80.8	3.85e-235	646
Bra035094	AT1G79130	66.9	2.27e-54	167
Bra035095	AT1G79150	79.8	0	1207
Bra035096	AT1G79160	73	1.44e-94	276
Bra035098	AT1G79200	77.8	2.12e-51	160
Bra035100	AT1G79220	71.6	3.21e-196	546
Bra035105	AT1G79280	68.4	0	2058
Bra035107	AT1G79320	84	1.49e-222	611
Bra035109	AT1G79340	87.5	6.04e-261	712
Bra035110	AT1G79350	88.7	0	2280
Bra035112	AT1G79380	85.8	1.2e-250	685
Bra035113	AT1G79390	88.9	2.09e-78	226
Bra035115	AT1G79410	79.5	1.07e-294	806
Bra035117	AT1G79420	94.7	1.2e-299	810
Bra035118	AT1G79430	94.1	7.1e-234	639
Bra035119	AT1G79440	93.4	0	961
Bra035120	AT1G79460	85	0	1306
Bra035121	AT1G79470	90.7	0	904
Bra035122	AT1G79480	63.3	1.01e-99	301
Bra035123	AT1G79520	89.3	4.86e-251	695
Bra035127	AT1G79580	89	9.54e-204	563
Bra035129	AT3G19184	68.7	1.85e-110	319
Bra035130	AT1G79610	87.5	0	884
Bra035131	AT1G79630	84.1	7.39e-297	810
Bra035132	AT1G79640	80	0	1020
Bra035133	AT1G79660	83	3.23e-51	155
Bra035134	AT1G79670	80.8	0	1186
Bra035137	AT1G79700	77.9	3.99e-164	458
Bra035138	AT1G79710	88.2	2.51e-316	859
Bra035143	AT1G80920	77.9	5.74e-82	238
Bra035145	AT1G80890	90.1	1.79e-31	104
Bra035147	AT1G80850	82.6	3.3e-173	484
Bra035151	AT1G80810	60.3	1.07e-245	703
Bra035152	AT1G80780	93.3	2.34e-187	514
Bra035154	AT1G80770	81.8	3.86e-269	737
Bra035156	AT1G80760	95.7	1.67e-197	542
Bra035158	AT1G80720	81.7	1.38e-144	403
Bra035159	AT1G80710	64.7	3.32e-230	644
Bra035160	AT1G80700	77	9.54e-95	275
Bra035161	AT1G80690	80.6	5.03e-127	358
Bra035162	AT1G80670	94.6	1.53e-224	614
Bra035163	AT1G80660	90.9	0	1691
Bra035165	AT1G80630	66.2	1.13e-262	729
Bra035166	AT1G80620	71.7	9.46e-180	506
Bra035167	AT1G80610	72.5	4.65e-84	247
Bra035168	AT1G80600	89.9	1.53e-291	793
Bra035170	AT1G80550	79.8	5.51e-208	580
Bra035181	AT1G80460	95.6	0	1008
Bra035182	AT1G80450	79.9	2.98e-93	268
Bra035183	AT1G80440	81.4	4.3e-219	601
Bra035184	AT1G80410	92.3	0	1577
Bra035185	AT1G80390	69	8.65e-55	169
Bra035189	AT1G80310	90.3	1.48e-275	752
Bra035190	AT1G80300	92.1	0	1105
Bra035198	AT1G80110	77	3.52e-145	406
Bra035199	AT1G80090	73.9	3.87e-175	489
Bra035201	AT1G80030	84.4	2.49e-279	766
Bra035202	AT1G79960	75.5	1.38e-128	367
Bra035205	AT1G79900	88.2	1.97e-191	527
Bra035207	AT4G11655	80.2	1.55e-45	145
Bra035210	AT1G74450	76.3	1.56e-205	570
Bra035212	AT4G11610	94.1	0	1896
Bra035213	AT4G11570	83.9	1.67e-216	595
Bra035217	AT4G11530	78.4	0	1055
Bra035218	AT4G11490	64.2	4.9e-277	771
Bra035220	AT4G11410	91.8	4.7e-210	575
Bra035227	AT4G11400	65.4	4.46e-262	728
Bra035228	AT4G23460	92	0	1585
Bra035232	AT4G11350	84.9	0	879
Bra035233	AT4G11330	91.6	2.69e-251	688
Bra035234	AT4G11300	75.4	8.92e-179	500
Bra035235	AT4G11290	87.1	3.28e-210	576
Bra035236	AT4G11280	90.1	0	906
Bra035238	AT4G11270	80.3	0	1485
Bra035240	AT4G11240	90.1	1.82e-225	614
Bra035241	AT1G66780	85.9	8.68e-290	791
Bra035247	AT4G11175	88.7	1.91e-88	253
Bra035249	AT4G11130	88.2	0	1978
Bra035251	AT4G11120	90.7	4.46e-245	670
Bra035252	AT4G11110	78.7	0	1504
Bra035255	AT4G11090	84.3	1.49e-280	763
Bra035256	AT4G11080	78.5	3.98e-181	512
Bra035257	AT4G11060	89.6	1.02e-127	357
Bra035258	AT4G11040	77.7	7.97e-152	426
Bra035259	AT4G11030	90.2	0	1239
Bra035262	AT4G10960	94.8	4.41e-247	671
Bra035263	AT4G10955	83.4	2.06e-219	602
Bra035264	AT4G10950	85.1	2.94e-254	694
Bra035265	AT4G10925	85.8	9.13e-144	400
Bra035269	AT4G10890	59.7	9.32e-95	288
Bra035270	AT4G10850	81.7	8.4e-140	392
Bra035271	AT5G49690	78.9	1.22e-272	746
Bra035273	AT4G10800	74.5	2.14e-127	362
Bra035279	AT4G10770	88.5	0	1385
Bra035280	AT4G10760	86.3	0	929
Bra035281	AT4G10750	82.9	4.48e-212	583
Bra035283	AT4G10720	60.9	9.37e-120	352
Bra035288	AT4G10650	85.6	1.54e-227	624
Bra035290	AT5G02860	70.5	2.57e-88	296
Bra035296	AT5G42150	88.3	3.47e-199	547
Bra035298	AT1G43170	93	3.5e-267	726
Bra035299	AT3G57790	87.4	8.15e-309	839
Bra035300	AT5G42450	80.3	7.91e-248	687
Bra035302	AT5G42490	60	0	1164
Bra035303	AT5G42570	87.6	2.17e-120	340
Bra035305	AT5G42610	78.6	3.17e-154	431
Bra035311	AT5G42630	72.8	4.32e-117	349
Bra035320	AT5G42650	82.4	7.4e-316	860
Bra035323	AT5G42655	81.7	1.14e-99	285
Bra035324	AT5G42700	69.9	3.87e-100	290
Bra035331	AT5G42750	79.9	3.72e-160	451
Bra035332	AT5G42790	90.3	1.14e-175	484
Bra035334	AT5G42830	85	1.47e-289	787
Bra035335	AT5G42960	85.8	3.93e-132	369
Bra035336	AT5G42970	93.2	2.91e-258	704
Bra035337	AT5G43000	74.9	3.21e-86	259
Bra035338	AT5G43010	97.7	1.3e-278	755
Bra035347	AT5G36890	90.2	0	944
Bra035348	AT5G36710	88.5	2.86e-109	310
Bra035349	AT5G36700	93.1	5.24e-238	649
Bra035350	AT5G36740	62	0	1049
Bra035354	AT5G36290	89.2	6.62e-171	474
Bra035359	AT5G36260	84.9	5.26e-302	822
Bra035360	AT5G36250	84.9	5.5e-255	700
Bra035363	AT5G36100	58.6	3.08e-92	275
Bra035364	AT5G35980	83.6	0	1535
Bra035365	AT5G35970	95.4	0	1536
Bra035366	AT5G35960	90.5	8.35e-261	712
Bra035375	AT5G35770	89.3	2.92e-246	674
Bra035380	AT4G04775	51.5	1.09e-19	80.1
Bra035381	AT5G35750	80.4	0	1809
Bra035382	AT5G35740	86.6	4.17e-77	223
Bra035384	AT5G35735	81.5	3.11e-245	671
Bra035385	AT5G35732	79.6	8.05e-48	147
Bra035386	AT5G35730	95.2	0	888
Bra035388	AT5G35700	93.3	0	1233
Bra035389	AT5G35690	72.5	1.37e-279	773
Bra035390	AT2G04520	93.8	6.84e-93	265
Bra035392	AT5G35630	92.3	5.54e-302	817
Bra035393	AT5G35620	87.6	9.09e-124	347
Bra035394	AT5G35580	75	1.27e-260	716
Bra035396	AT5G35570	88.7	0	1091
Bra035397	AT5G35560	86.8	0	1274
Bra035398	AT5G35460	91.7	9.28e-237	648
Bra035399	AT5G35520	52.9	3.08e-73	222
Bra035404	AT5G35430	77.7	0	1130
Bra035407	AT1G68560	88.6	0	1713
Bra035409	AT1G60030	89.6	0	969
Bra035413	AT1G59990	83.8	0	907
Bra035416	AT1G59900	95.1	8.65e-272	737
Bra035418	AT1G59890	74.9	0	1603
Bra035420	AT1G59850	73.6	6.38e-226	629
Bra035422	AT1G59820	94.8	0	2248
Bra035427	AT1G59750	94.1	0	1240
Bra035429	AT1G59740	91	0	1047
Bra035431	AT1G56550	82.1	1.48e-214	590
Bra035433	AT1G59610	94.3	0	1535
Bra035434	AT1G59600	81.2	2.15e-188	521
Bra035435	AT1G59590	84.6	3e-117	332
Bra035437	AT1G59580	94.9	7.43e-258	701
Bra035438	AT1G59520	92.3	5.88e-258	703
Bra035439	AT1G58983	91.6	1.11e-156	437
Bra035446	AT1G58360	88.6	0	881
Bra035451	AT1G58280	77.5	4.17e-171	476
Bra035455	AT1G58230	91.5	0	4732
Bra035458	AT1G58210	51.5	4.39e-68	212
Bra035459	AT1G58200	79.5	0	912
Bra035461	AT1G58180	87.2	1.36e-184	508
Bra035462	AT1G58120	85.5	1.3e-247	679
Bra035466	AT1G58080	90.3	2.79e-262	715
Bra035468	AT1G58025	59.6	8.89e-173	500
Bra035469	AT1G57990	81.9	4.57e-229	629
Bra035471	AT1G57680	87.3	2.41e-215	592
Bra035472	AT1G57700	80.2	0	1078
Bra035474	AT1G57790	69.1	1e-188	524
Bra035476	AT1G33170	88.3	0	1182
Bra035480	AT1G33050	53.2	7.17e-183	529
Bra035481	AT1G33030	81.9	1.33e-207	572
Bra035482	AT1G51990	65	8.32e-162	457
Bra035483	AT1G32361	71.9	5.79e-137	389
Bra035488	AT1G32510	77.5	3.49e-159	444
Bra035497	AT1G32710	79.8	1.47e-62	187
Bra035499	AT1G32750	83.4	0	2898
Bra035503	AT1G32810	72.5	2.06e-181	532
Bra035505	AT1G32920	77.8	2.53e-30	101
Bra035509	AT1G37140	55.9	1.47e-77	233
Bra035511	AT1G32230	77	4.4e-312	855
Bra035512	AT1G32200	86.3	2.2e-283	772
Bra035513	AT1G32170	91.6	3.66e-229	625
Bra035515	AT1G76065	88.3	1.89e-41	130
Bra035517	AT1G32050	85.2	1.27e-178	493
Bra035519	AT1G31910	89.9	0	892
Bra035520	AT1G31885	85.7	8.09e-198	545
Bra035521	AT1G31880	85.2	3.82e-215	590
Bra035524	AT5G35930	77.1	0	1454
Bra035525	AT5G35790	91	0	1028
Bra035527	AT5G35670	69.7	1.54e-156	448
Bra035528	AT5G35660	60.3	4.11e-15	72.4
Bra035532	AT5G35550	70.5	6.21e-96	281
Bra035535	AT2G06520	68.8	1.5e-39	128
Bra035537	AT5G35400	74.9	7.23e-239	658
Bra035538	AT5G35390	77.4	0	947
Bra035539	AT5G35380	79.1	0	1038
Bra035540	AT5G54830	95	2.45e-156	456
Bra035541	AT5G54870	91.9	0	997
Bra035542	AT5G54880	84.6	6.77e-84	251
Bra035543	AT5G54890	85.5	4.43e-210	578
Bra035544	AT3G02020	84.9	0	897
Bra035553	AT5G55100	67.6	1.11e-293	833
Bra035555	AT5G55125	89.6	6.84e-43	133
Bra035562	AT5G55190	97.7	8.81e-158	435
Bra035563	AT5G55220	84	3.37e-314	858
Bra035566	AT5G55290	94.3	2.92e-41	128
Bra035567	AT5G55300	81.8	0	1030
Bra035571	AT5G55370	72.6	4.74e-176	491
Bra035572	AT5G55390	71.8	0	1744
Bra035574	AT5G55450	67	5.33e-44	138
Bra035575	AT5G55507	54.7	1.62e-25	93.6
Bra035576	AT5G55520	62.9	3.54e-294	823
Bra035577	AT5G55560	87.2	9.65e-189	521
Bra035578	AT1G60700	71.4	8.49e-90	272
Bra035586	AT5G55700	89.8	0	970
Bra035588	AT5G55720	84.7	5.14e-253	690
Bra035591	AT5G55850	83.6	2.47e-38	123
Bra035594	AT5G55920	71.9	9.01e-253	711
Bra035596	AT5G55930	92.1	0	1436
Bra035598	AT5G55990	97.8	8.12e-161	443
Bra035602	AT5G56080	90	1.12e-214	587
Bra035603	AT5G56100	75	9.24e-32	109
Bra035605	AT5G56150	94.6	2.29e-106	299
Bra035607	AT5G56180	86	2.93e-301	818
Bra035608	AT5G56190	92.9	8.09e-305	826
Bra035611	AT5G56250	61.2	1.7e-288	811
Bra035614	AT5G56320	92.1	2.29e-176	486
Bra035616	AT1G32375	56.9	8.52e-151	434
Bra035617	AT5G50270	56.5	6.03e-138	399
Bra035620	AT5G56420	80.9	4.5e-256	700
Bra035622	AT5G56460	91.4	3.31e-265	722
Bra035625	AT5G56550	74.6	2.32e-53	167
Bra035627	AT5G56640	87.6	1.55e-201	553
Bra035628	AT4G29390	100	1.33e-38	121
Bra035629	AT5G56710	96.6	5.07e-78	225
Bra035636	AT5G56930	64.4	4.07e-245	692
Bra035637	AT5G56940	91.5	2.37e-84	242
Bra035639	AT5G56960	62.9	7.8e-158	455
Bra035640	AT5G56970	85.2	0	904
Bra035643	AT5G57010	81.7	2.15e-302	827
Bra035648	AT5G57090	90.4	0	1108
Bra035649	AT5G57110	92.9	0	1927
Bra035650	AT5G57120	71	6.33e-83	255
Bra035651	AT2G29080	87.4	0	1342
Bra035652	AT2G29070	84.8	5.65e-180	498
Bra035657	AT2G28990	74.4	0	1276
Bra035658	AT2G28950	92.3	1.11e-181	498
Bra035659	AT2G28930	88	2.16e-258	706
Bra035660	AT2G28920	82.8	3.61e-85	245
Bra035665	AT2G28830	78.4	1.71e-223	634
Bra035667	AT2G28810	73.7	1.48e-163	459
Bra035669	AT2G28800	83.2	1.5e-252	694
Bra035671	AT2G28780	85.9	0	1318
Bra035673	AT5G59970	100	3.04e-67	196
Bra035675	AT3G47170	59.7	5.14e-183	518
Bra035677	AT2G28720	83.4	1.36e-67	201
Bra035678	AT2G28710	87.5	2.3e-69	206
Bra035679	AT2G28680	95.5	7.78e-256	694
Bra035681	AT2G28660	76.3	8.41e-113	325
Bra035682	AT2G28640	76.6	0	890
Bra035683	AT2G28630	92.2	0	894
Bra035684	AT2G28625	79.1	3.92e-37	119
Bra035686	AT2G28620	91.7	0	1753
Bra035688	AT2G28610	81.6	1.65e-104	301
Bra035689	AT2G28605	77.7	5.14e-115	328
Bra035690	AT2G28570	56.4	4.13e-17	68.2
Bra035691	AT2G28560	90.5	4.56e-229	632
Bra035693	AT2G28520	92.2	0	1467
Bra035696	AT2G28510	67.6	3.32e-108	313
Bra035698	AT2G28500	81.1	5.22e-111	317
Bra035700	AT2G28440	75.4	2.25e-22	90.5
Bra035703	AT2G28400	76.2	1.07e-72	218
Bra035704	AT2G28380	76.2	4.67e-201	562
Bra035705	AT2G28370	93.9	3.03e-113	319
Bra035706	AT2G28360	84.2	0	1196
Bra035712	AT5G50820	86.4	7.08e-116	326
Bra035713	AT5G50830	57.7	1.14e-98	290
Bra035716	AT5G50860	85.1	0	970
Bra035719	AT5G50890	88.1	3.88e-245	671
Bra035720	AT4G32360	88.5	4.42e-298	830
Bra035721	AT5G51040	82.2	2.07e-112	318
Bra035722	AT5G51050	93.1	0	926
Bra035723	AT4G00650	59.9	1.72e-100	299
Bra035726	AT4G06634	81	2.51e-132	384
Bra035727	AT5G51150	92.3	0	953
Bra035728	AT5G51170	83.1	7.08e-172	476
Bra035731	AT5G51180	83.5	9.93e-219	600
Bra035732	AT5G51190	80.3	2.57e-117	332
Bra035733	AT5G51210	79.1	8.93e-64	191
Bra035734	AT5G51220	84.6	6.54e-171	473
Bra035740	AT3G20830	86.5	1.8e-247	677
Bra035741	AT3G20820	89.8	4.41e-113	333
Bra035742	AT3G20810	87.2	9.92e-276	750
Bra035743	AT3G20800	96.8	3.22e-218	595
Bra035744	AT3G20790	88.2	3.88e-228	624
Bra035745	AT3G20780	91.7	0	1199
Bra035756	AT3G20660	87.1	0	921
Bra035759	AT3G20650	97.3	1.88e-268	727
Bra035761	AT3G20640	80.6	3.12e-223	620
Bra035762	AT3G20630	90.8	0	1487
Bra035773	AT3G20540	81.1	0	1642
Bra035774	AT3G20520	71.2	0	983
Bra035776	AT3G20500	89.8	1.81e-306	829
Bra035777	AT3G20475	85.5	0	1417
Bra035778	AT3G20470	87.8	2.22e-19	80.5
Bra035779	AT3G20460	71.4	8.97e-236	652
Bra035781	AT3G20450	88	4.33e-53	162
Bra035782	AT3G20440	89.9	0	1679
Bra035783	AT3G20430	74.3	1.01e-110	319
Bra035784	AT3G20420	76.2	1.97e-178	499
Bra035785	AT3G20395	72.9	5.68e-69	206
Bra035786	AT3G20390	91	4.59e-111	317
Bra035788	AT3G20350	72.2	3.72e-271	758
Bra035791	AT3G20320	92.7	1.99e-246	689
Bra035793	AT3G20300	92.3	1.64e-299	813
Bra035794	AT3G20290	89.8	0	962
Bra035795	AT3G20280	62.1	3.28e-272	766
Bra035797	AT3G20270	68.6	1.78e-215	611
Bra035799	AT3G20260	84.9	1.87e-226	626
Bra035800	AT3G20250	81.9	0	1105
Bra035801	AT3G20240	90.2	7.96e-229	625
Bra035802	AT3G20230	92	8.57e-119	333
Bra035803	AT3G20220	87.3	3.7e-68	200
Bra035804	AT3G20210	75.8	9.96e-257	706
Bra035805	AT3G20200	84.9	0	1208
Bra035808	AT3G20160	77.9	1.08e-184	513
Bra035813	AT3G20140	74.1	2.21e-265	736
Bra035814	AT4G15350	68.8	4.73e-230	641
Bra035817	AT3G20070	55.7	1.03e-83	252
Bra035818	AT3G20100	68.8	1.49e-247	686
Bra035819	AT3G20060	94.5	4.16e-125	349
Bra035821	AT3G20040	87.9	1.43e-312	850
Bra035822	AT3G20020	88.7	2.73e-266	727
Bra035823	AT3G20015	97.4	4.37e-253	691
Bra035824	AT3G20010	64.7	0	1260
Bra035829	AT3G19990	88.7	2.09e-284	773
Bra035834	AT3G19960	87.1	0	1970
Bra035837	AT5G63550	77.3	9.38e-163	473
Bra035838	AT5G63540	69.7	1.79e-296	822
Bra035839	AT5G63530	73.5	2.07e-113	333
Bra035840	AT5G63510	86	1.56e-136	385
Bra035843	AT5G63460	79.8	8.4e-76	223
Bra035846	AT5G63410	91.3	8.11997e-320	884
Bra035847	AT5G63400	92.5	2.64e-163	451
Bra035848	AT5G63320	68	3.95e-259	762
Bra035849	AT5G63290	85.6	4.56e-306	832
Bra035851	AT5G63200	88.7	0	1017
Bra035853	AT5G63140	82.6	6.97e-238	651
Bra035857	AT5G63120	89.6	0	1015
Bra035858	AT5G63110	92	0	902
Bra035859	AT5G63100	78.9	3.45e-184	510
Bra035861	AT5G63080	68.2	2.53e-223	620
Bra035862	AT5G63070	88.5	4.24e-96	274
Bra035863	AT5G63085	63.2	2.38e-24	86.3
Bra035864	AT5G63060	85.9	3.35e-160	444
Bra035866	AT5G63040	73.8	6.33e-157	444
Bra035867	AT5G63030	94.4	4.4e-84	241
Bra035869	AT5G62990	80.6	2.95e-272	747
Bra035875	AT5G62890	98.1	0	1045
Bra035876	AT3G48050	53.9	0	1438
Bra035879	AT5G62850	87.5	1.26e-155	431
Bra035881	AT5G62790	90.8	0	876
Bra035883	AT5G62720	78.3	1.17e-130	369
Bra035884	AT5G62710	87.5	1.41e-316	868
Bra035890	AT5G62560	79.3	2.4e-276	763
Bra035895	AT3G47370	95.9	1.09e-78	227
Bra035897	AT5G62360	84.8	3.27e-88	257
Bra035899	AT5G62260	68.1	4.14e-155	442
Bra035902	AT5G62200	78.1	1.83e-100	287
Bra035904	AT5G62180	78.5	2.01e-191	529
Bra035911	AT5G61930	83.1	1.77e-240	659
Bra035913	AT5G61790	94.4	1.78e-248	690
Bra035915	AT5G61760	80.5	2.39e-167	464
Bra035916	AT5G61670	91.2	1.27e-174	484
Bra035917	AT5G61660	76.3	7.04e-11	55.8
Bra035919	AT5G61590	87.8	1.5e-110	314
Bra035926	AT5G61510	95.4	5.8e-225	617
Bra035930	AT5G61412	94.3	8.5e-18	69.7
Bra035931	AT5G61400	68.6	5.44e-84	276
Bra035932	AT5G61390	78.4	9.7e-260	714
Bra035934	AT5G61350	89	0	1465
Bra035935	AT5G61340	81.4	1.17e-172	482
Bra035937	AT5G61240	72.5	1.18e-87	265
Bra035940	AT5G61150	78.5	1.21e-236	667
Bra035944	AT5G61030	87.1	1.89e-65	206
Bra035945	AT5G61000	90.3	0	1107
Bra035957	AT5G60830	73.5	6.63e-80	236
Bra035958	AT5G23080	81.8	0	1272
Bra035959	AT5G23090	94.7	1.76e-95	273
Bra035961	AT5G43130	78.5	0	1160
Bra035963	AT5G43210	77.6	5.47e-88	254
Bra035967	AT5G43300	80.8	9.03e-208	573
Bra035974	AT5G43320	94	0	873
Bra035977	AT5G43360	94.6	0	985
Bra035982	AT5G43500	73.6	8.3e-316	865
Bra035984	AT5G43710	81.5	0	996
Bra035985	AT5G43720	76.3	3.19e-138	395
Bra035988	AT5G43745	84.9	0	1344
Bra035989	AT5G43750	84.3	3.83e-132	370
Bra035990	AT2G33130	60.2	2.46e-35	116
Bra035993	AT5G43840	71.8	1.85e-129	368
Bra035994	AT5G43850	88.8	2.59e-131	365
Bra036000	AT5G43860	85.3	1.31e-199	549
Bra036001	AT5G43870	86.1	1.09e-253	697
Bra036003	AT5G43950	79	0	978
Bra036015	AT5G44190	82	8.36e-216	595
Bra036016	AT5G44210	69	1.35e-87	255
Bra036017	AT5G44265	78.9	1.64e-24	90.1
Bra036020	AT5G44300	88.6	1.09e-72	211
Bra036023	AT2G43465	64.8	2.37e-42	144
Bra036025	AT3G49760	67.1	7.08e-58	178
Bra036034	AT3G49845	63.9	3.65e-15	65.5
Bra036036	AT3G49880	88.7	0	872
Bra036037	AT3G49900	79.3	7.8e-245	677
Bra036038	AT3G49910	97.9	1.89e-95	271
Bra036040	AT3G49940	78.8	8.49e-134	376
Bra036041	AT3G49950	82.6	3.35e-245	672
Bra036042	AT2G25240	76.3	6.97e-209	578
Bra036044	AT3G50000	87.9	4.87e-254	693
Bra036055	AT3G50100	79.7	4.49e-232	639
Bra036058	AT3G50210	90.1	8.41e-232	631
Bra036059	AT3G50220	91	1.35e-212	582
Bra036060	AT3G50240	85.5	0	1611
Bra036061	AT3G50260	80.1	3.22e-79	231
Bra036069	AT3G50270	74.1	1.47e-243	671
Bra036072	AT3G50340	91.6	1.63e-262	715
Bra036073	AT3G50350	80.6	2.7e-65	197
Bra036074	AT3G50370	63.3	0	2007
Bra036080	AT3G50390	79.3	4.97e-214	597
Bra036081	AT5G63250	72	1.2e-49	154
Bra036083	AT3G50470	73.7	1.14e-96	280
Bra036089	AT3G50530	88.6	0	1075
Bra036091	AT3G50570	68.2	2.88e-69	211
Bra036092	AT3G50590	88.7	0	2722
Bra036093	AT3G50610	74.8	1.61e-118	337
Bra036094	AT3G50620	87.4	2.03e-215	590
Bra036096	AT3G50640	71.5	1.84e-75	222
Bra036097	AT3G50660	90.1	0	899
Bra036098	AT3G50700	76.8	4.49e-223	619
Bra036102	AT5G27290	88.3	1.04e-209	576
Bra036105	AT5G27230	56.4	4.61e-297	842
Bra036107	AT5G27220	60	1.7e-187	579
Bra036108	AT5G27210	84.9	7.04e-191	525
Bra036109	AT5G27200	83.1	3.88e-67	199
Bra036110	AT5G27150	92.6	0	983
Bra036113	AT5G27990	58	1.15e-65	200
Bra036115	AT5G28030	90.1	2.49e-208	571
Bra036121	AT5G30490	79	3.91e-111	318
Bra036122	AT5G30495	73.8	1.53e-92	268
Bra036123	AT5G29000	76.6	3.43e-191	535
Bra036127	AT5G28830	77	1.91e-164	460
Bra036128	AT5G28750	88.4	9.55e-72	211
Bra036132	AT5G28610	78.5	1.91e-33	113
Bra036134	AT5G28490	84.9	1.46e-114	323
Bra036135	AT5G49550	86.4	7.71e-47	147
Bra036136	AT3G04320	58.6	4.08e-73	220
Bra036137	AT5G49540	91.8	9.17e-64	197
Bra036139	AT5G49510	93.8	1.78e-124	348
Bra036140	AT5G49480	77.4	9.68e-82	238
Bra036141	AT5G49470	72.3	0	1060
Bra036142	AT5G49460	98.7	0	1179
Bra036144	AT5G49340	81.4	6.15e-277	756
Bra036147	AT5G49270	87.4	0	1172
Bra036150	AT4G25710	51.2	4.74e-107	319
Bra036153	AT5G48970	94	1.57e-234	639
Bra036154	AT5G48940	92	2.79e-268	786
Bra036161	AT5G48760	95.6	4.73e-141	391
Bra036163	AT5G48657	71.6	1.61e-95	280
Bra036169	AT5G48470	87.9	7.43e-247	675
Bra036170	AT5G48460	92.5	0	1180
Bra036172	AT5G48430	76.2	9.39e-231	635
Bra036173	AT3G01880	66.1	6.24e-290	799
Bra036174	AT5G48400	73.8	0	1203
Bra036177	AT5G48370	91.8	8.49e-276	751
Bra036179	AT5G03780	52.2	9.44e-123	362
Bra036181	AT5G48240	66.6	8.04e-143	406
Bra036184	AT5G48160	75.3	5.67e-293	806
Bra036192	AT5G47850	69.6	0	957
Bra036194	AT5G47820	91.2	0	1781
Bra036199	AT3G30340	83.2	2.22e-176	495
Bra036201	AT3G30260	81.5	4.62e-130	367
Bra036202	AT3G30210	73.6	1.96e-140	395
Bra036205	AT3G29760	80	1.49e-136	398
Bra036208	AT3G29590	84.9	1.11e-284	775
Bra036213	AT3G29385	61.6	1.22e-85	253
Bra036218	AT3G29100	92.3	6.73e-137	382
Bra036221	AT3G29070	80.6	2.71e-115	327
Bra036223	AT3G29035	70	2.56e-164	460
Bra036225	AT3G29030	91	7.12e-174	478
Bra036226	AT4G03010	86.6	9.86e-189	528
Bra036227	AT4G03000	65	6.5e-298	834
Bra036228	AT4G02990	81.5	5.61e-162	471
Bra036229	AT4G02980	91.4	3.92e-136	378
Bra036233	AT4G02940	74.2	1.28e-293	809
Bra036236	AT2G26970	78.4	1.39e-119	338
Bra036238	AT4G02810	56.9	6.79e-91	271
Bra036239	AT4G02780	83.8	0	1347
Bra036240	AT4G02770	90.4	5.39e-132	372
Bra036241	AT4G02760	66.5	2.68e-182	518
Bra036243	AT4G02725	74.2	9.24e-60	181
Bra036246	AT4G02720	72.3	1.75e-100	303
Bra036247	AT4G02715	63.8	1.31e-67	204
Bra036248	AT4G02710	59.1	0	1066
Bra036249	AT4G02700	86.1	0	1063
Bra036250	AT4G02650	79.3	3.6e-297	820
Bra036251	AT4G02640	71.7	6.99e-184	516
Bra036252	AT4G02630	84.4	3.75e-281	769
Bra036254	AT4G02610	92	1.86e-177	489
Bra036255	AT4G02600	85	4.26e-317	863
Bra036257	AT4G02570	95.5	0	1406
Bra036258	AT4G02530	83.6	1.14e-110	317
Bra036260	AT2G02930	90.6	1.57e-140	390
Bra036261	AT4G02510	80.4	0	1646
Bra036262	AT4G02500	93.7	0	908
Bra036263	AT4G02485	85.2	2.48e-135	378
Bra036266	AT4G02440	64.5	5.77e-179	501
Bra036267	AT4G02430	91.6	8.31e-122	350
Bra036270	AT1G54385	81	2.45e-265	735
Bra036273	AT4G02360	86.5	1.22e-87	252
Bra036276	AT4G02340	91.5	1.81e-229	624
Bra036278	AT4G02330	91.4	0	989
Bra036279	AT4G02320	73.9	4.5e-267	736
Bra036280	AT4G02300	67.7	5.01e-250	694
Bra036282	AT4G02280	93.8	0	1541
Bra036283	AT4G02260	89.6	0	1581
Bra036284	AT4G02250	77.2	1.49e-89	258
Bra036286	AT4G02220	86.4	7.41e-264	719
Bra036287	AT4G02195	89.7	1.15e-174	484
Bra036288	AT4G01930	66.9	7.29e-316	908
Bra036290	AT4G02160	75.3	3.78e-81	238
Bra036291	AT4G02140	80.4	7.26e-52	158
Bra036295	AT4G02075	76.6	5.42e-94	273
Bra036299	AT4G02030	82.3	0	1221
Bra036300	AT4G02020	72.9	0	1172
Bra036301	AT4G01970	84.2	0	1536
Bra036302	AT4G01960	72.9	5.23e-70	214
Bra036309	AT4G01883	83.2	8.68e-109	310
Bra036310	AT4G01860	83.7	0	2181
Bra036312	AT4G01840	77.6	1.39e-210	583
Bra036313	AT4G01810	90.9	0	1580
Bra036315	AT4G01720	81	1.11e-239	664
Bra036316	AT4G01700	86.4	2.46e-184	507
Bra036317	AT4G01680	85.8	2.43e-213	585
Bra036318	AT4G01670	80.8	2.92e-111	319
Bra036319	AT4G01660	82.9	0	969
Bra036321	AT4G01610	87.6	5.98e-243	662
Bra036322	AT4G01600	78.6	5.28e-122	345
Bra036324	AT4G01570	75.2	2.41e-246	705
Bra036325	AT4G01560	87.7	8.14e-219	600
Bra036329	AT1G44960	87.1	6.48e-156	433
Bra036330	AT1G44970	89.6	1.05e-230	630
Bra036333	AT1G45110	92	2.22e-206	568
Bra036334	AT1G45130	91.7	0	1418
Bra036339	AT1G45201	80	7.29e-295	804
Bra036345	AT3G26200	92.8	0	945
Bra036348	AT3G26110	57.8	1.16e-29	103
Bra036354	AT3G25990	74.8	1.8e-192	536
Bra036355	AT3G25970	80.5	0	1038
Bra036356	AT3G25930	76.7	1.33e-75	221
Bra036359	AT3G25905	62.5	1.88e-30	102
Bra036365	AT3G26060	84.8	2.75e-120	340
Bra036377	AT2G14660	82.8	2.55e-93	266
Bra036391	AT2G14680	78.4	0	962
Bra036392	AT2G14690	76.3	3.66e-295	810
Bra036395	AT5G37500	77.7	0	1286
Bra036405	AT2G15090	89.5	2.08e-309	839
Bra036406	AT2G15230	87.6	8.07e-259	705
Bra036407	AT2G15240	89.8	3.26e-169	466
Bra036409	AT2G15290	86.8	2.49e-171	475
Bra036410	AT2G15310	90.6	5.78e-128	367
Bra036418	AT3G03980	81.1	1.96e-140	394
Bra036422	AT3G03960	96.9	0	1016
Bra036426	AT3G03940	94.3	0	1211
Bra036428	AT3G03910	94.9	4.87e-296	800
Bra036430	AT3G03810	91.6	0	1206
Bra036433	AT3G03773	90.6	8.31e-97	277
Bra036436	AT3G03760	81.8	6.34e-117	336
Bra036437	AT3G03740	93	5.47e-281	766
Bra036438	AT3G03720	90.9	0	1048
Bra036441	AT3G03730	54.3	4.15e-136	394
Bra036442	AT3G03690	93.6	1.93e-198	546
Bra036443	AT3G03680	90.5	0	1753
Bra036447	AT3G03640	87.8	0	951
Bra036448	AT3G03630	84.3	3.6e-218	602
Bra036450	AT3G03610	91.4	1.55e-216	592
Bra036452	AT2G20190	90.4	0	2416
Bra036453	AT2G20210	89.9	1.45e-56	186
Bra036458	AT2G20270	53.3	4.71e-51	162
Bra036462	AT2G20310	58.4	7.41e-145	419
Bra036463	AT2G20320	79.2	0	1498
Bra036464	AT2G20330	79.3	0	993
Bra036468	AT2G20390	83.7	6.56e-98	282
Bra036469	AT2G20400	51	1.32e-85	263
Bra036473	AT2G20470	90.7	0	964
Bra036474	AT2G20480	78.1	9.86e-26	89
Bra036476	AT1G27410	76.2	7.72e-237	651
Bra036477	AT2G20495	84.5	1.56e-152	427
Bra036478	AT2G36070	71.5	3.57e-226	628
Bra036479	AT5G48920	66.2	1.76e-26	100
Bra036480	AT5G48930	93.9	1.11e-303	821
Bra036481	AT2G20562	75.3	1.66e-37	119
Bra036482	AT2G20570	74.6	9.74e-211	587
Bra036489	AT2G20585	88.4	2.85e-43	137
Bra036490	AT2G20610	89.3	6.04e-309	837
Bra036491	AT2G20650	89.1	0	995
Bra036492	AT2G20670	84.8	4.73e-174	482
Bra036495	AT2G20690	76.2	3.31e-127	361
Bra036496	AT2G20720	58.6	6.19e-114	337
Bra036497	AT2G20725	78.8	5.92e-123	351
Bra036498	AT2G20740	80.3	3.35e-126	355
Bra036499	AT2G20750	84.2	2.9e-168	465
Bra036502	AT2G20815	66.3	9.1e-166	478
Bra036504	AT2G20825	87.4	1.34e-156	432
Bra036507	AT2G20840	92.3	1.92e-167	464
Bra036510	AT5G24318	82.7	3.38e-274	749
Bra036512	AT5G24430	91.8	0	1066
Bra036515	AT5G24440	64.2	8.05e-126	362
Bra036516	AT5G24460	82.4	6.16e-176	487
Bra036518	AT5G24490	82.5	1.35e-171	477
Bra036519	AT5G24510	70	1.19e-45	142
Bra036520	AT5G24590	70.8	7.01e-215	598
Bra036523	AT5G24710	87.6	0	2227
Bra036524	AT5G24850	85	0	983
Bra036527	AT5G24890	76.3	5.33e-89	262
Bra036530	AT5G25060	86.4	0	1409
Bra036534	AT5G25150	89.7	1.5e-282	788
Bra036537	AT5G25240	73.5	1.81e-61	184
Bra036539	AT2G47840	85.2	1.94e-115	326
Bra036542	AT5G25350	75.8	2.32e-254	712
Bra036543	AT5G25390	80.1	4.35e-102	291
Bra036544	AT1G65550	87.2	1.8e-316	881
Bra036548	AT5G25630	64.7	2.18e-246	689
Bra036554	AT5G25820	73.2	3.76e-316	870
Bra036556	AT5G25840	87.3	3.37e-100	285
Bra036560	AT5G26090	81.5	2.15e-94	280
Bra036561	AT3G44170	60.1	5.64e-68	203
Bra036568	AT5G26210	88.7	5.56e-151	421
Bra036570	AT5G26220	90	1.57e-143	399
Bra036575	AT5G26340	94.2	0	966
Bra036577	AT5G26570	87.1	0	1996
Bra036579	AT5G26594	86.6	5.64e-81	234
Bra036581	AT5G26692	71.4	3.35e-33	108
Bra036583	AT5G26731	62.4	7.75e-32	106
Bra036585	AT5G26710	87.7	0	1261
Bra036586	AT5G26700	83.9	9.65e-118	333
Bra036588	AT5G26660	77.1	3.27e-184	512
Bra036589	AT5G26620	89.7	2.21e-41	129
Bra036591	AT5G26610	72.1	8.93e-128	365
Bra036592	AT5G26749	57.8	1.88e-63	190
Bra036593	AT5G26751	96.3	7.15e-293	792
Bra036595	AT3G05810	78.6	8.87e-55	166
Bra036596	AT5G26830	85.6	0	1252
Bra036597	AT5G26850	90.5	0	1735
Bra036598	AT5G26910	71.8	0	1030
Bra036602	AT5G26960	84.6	1.17e-248	681
Bra036605	AT5G27020	58	6.01e-45	147
Bra036606	AT5G27930	87.3	3.39e-238	651
Bra036607	AT5G27920	82.9	1.7e-217	620
Bra036610	AT5G27870	81.8	0	983
Bra036612	AT5G27830	82.2	6.61e-170	473
Bra036615	AT5G27720	91.5	6.13e-77	223
Bra036616	AT5G27710	80.2	2.92e-192	531
Bra036618	AT5G27700	93.8	2.53e-54	162
Bra036619	AT5G27670	84.1	2.79e-81	236
Bra036620	AT5G27650	68.1	0	1208
Bra036622	AT5G27560	83.3	1.51e-196	543
Bra036623	AT5G27550	83.3	0	1193
Bra036630	AT5G27450	86.6	1.2e-230	632
Bra036635	AT1G63010	91.1	0	1231
Bra036636	AT1G62990	96.9	1.04e-203	557
Bra036637	AT1G62981	75	2.8e-173	484
Bra036638	AT1G62980	87.4	1.87e-161	446
Bra036640	AT1G62975	69.8	3.59e-104	301
Bra036646	AT1G62940	94.1	0	990
Bra036647	AT1G62800	84.7	3.63e-256	699
Bra036650	AT1G62710	84.8	6.83e-311	844
Bra036651	AT1G62680	70.5	4.34e-43	160
Bra036658	AT1G62085	72.7	1.16e-149	434
Bra036661	AT1G62400	95.4	6.58e-272	738
Bra036664	AT1G62070	50	1.07e-09	53.9
Bra036665	AT2G04750	85.6	0	1097
Bra036666	AT2G14070	66.7	7.54e-31	107
Bra036667	AT2G14110	88.9	1.66e-124	348
Bra036668	AT3G25290	79.9	7.75e-227	624
Bra036670	AT3G24790	82	2.22e-221	609
Bra036672	AT2G20900	87.4	0	878
Bra036673	AT2G20710	80.7	6.61e-285	778
Bra036677	AT2G20440	92	1.25e-296	803
Bra036680	AT2G20370	85.6	0	1078
Bra036684	AT2G20340	90	0	882
Bra036687	AT2G20300	88.5	0	1286
Bra036688	AT2G20290	79.3	0	2154
Bra036690	AT2G20250	57.4	9.99e-166	481
Bra036691	AT2G20208	71.7	3.98e-26	92.4
Bra036694	AT2G20080	57.9	1.48e-56	174
Bra036696	AT2G19980	78	5.79e-99	282
Bra036697	AT2G19950	82.7	0	994
Bra036701	AT2G19800	89	2.03e-220	601
Bra036704	AT2G19780	80.8	7e-84	260
Bra036705	AT2G19770	94	1.09e-95	271
Bra036711	AT2G19690	80.6	4.31e-81	235
Bra036713	AT2G19640	78.9	4.46e-212	586
Bra036714	AT5G35160	95.3	0	1234
Bra036715	AT3G04660	61	1.88e-163	463
Bra036716	AT2G19580	85.6	3.15e-177	489
Bra036718	AT1G64760	87.6	2.6e-314	852
Bra036719	AT2G19500	82.9	1.12e-308	840
Bra036720	AT2G19480	87.6	1.89e-203	563
Bra036721	AT2G19470	89.4	3.78e-287	780
Bra036722	AT2G19450	84.8	0	874
Bra036726	AT2G19260	59.6	2.65e-208	592
Bra036729	AT2G19160	85.8	1.14e-270	735
Bra036734	AT1G33270	82.9	3.95e-213	600
Bra036738	AT1G33990	90.6	2.15e-221	606
Bra036745	AT1G34220	67.7	1.24e-217	618
Bra036746	AT1G34270	88.3	2.21e-310	842
Bra036747	AT1G34300	82.3	0	1342
Bra036748	AT1G34350	76.6	7.8e-95	272
Bra036750	AT1G34370	77.9	1.98e-280	768
Bra036751	AT1G34420	81	2.38e-278	805
Bra036752	AT3G16550	57.6	2.21e-178	510
Bra036755	AT1G34580	83.2	4.18e-298	816
Bra036757	AT1G34770	84.4	5.95e-137	384
Bra036758	AT1G34780	77.3	5.62e-168	469
Bra036760	AT1G35460	84.2	2.41e-125	355
Bra036761	AT1G35580	94.6	0	1087
Bra036763	AT1G35680	84.7	4.53e-114	323
Bra036764	AT1G35720	93.7	6.97e-212	580
Bra036766	AT1G36050	95.8	9.47e-279	759
Bra036771	AT1G36160	93.4	0	4170
Bra036772	AT4G13520	90.3	1.45e-33	108
Bra036774	AT1G36370	89.1	0	1085
Bra036775	AT1G36390	82.5	8.14e-86	252
Bra036780	AT3G51720	73.9	6.91e-169	478
Bra036782	AT3G51670	91.9	4.82e-273	742
Bra036786	AT3G51640	74.1	0	1055
Bra036787	AT3G51630	85.1	1.62e-265	741
Bra036788	AT3G51600	91.3	1.29e-70	206
Bra036790	AT3G51570	72.5	0	1695
Bra036791	AT3G51550	88.6	0	1592
Bra036792	AT3G51540	59.4	1.43e-131	386
Bra036793	AT3G51510	80.5	5.37e-95	273
Bra036795	AT3G51480	86	0	1549
Bra036801	AT5G67060	85.7	3.82e-111	318
Bra036805	AT5G67370	86.3	3.87e-203	558
Bra036809	AT3G51410	81	4.23e-124	353
Bra036811	AT3G51390	82.3	1.07e-207	571
Bra036812	AT3G51380	88.8	8.01e-51	157
Bra036814	AT3G51360	81.4	4.17e-289	790
Bra036815	AT3G51350	67.5	4e-239	667
Bra036816	AT3G51325	88.5	2.13e-56	168
Bra036817	AT3G51320	81.9	1.2e-297	815
Bra036818	AT3G51310	88.8	0	1373
Bra036821	AT3G51290	85.6	0	911
Bra036823	AT3G51270	82.2	3.74e-247	681
Bra036827	AT3G51250	81.7	1.7e-254	699
Bra036828	AT3G51240	93	1.96e-250	681
Bra036829	AT3G51220	80.5	4.02e-96	276
Bra036830	AT3G51200	67.6	3.48e-40	128
Bra036832	AT3G51180	62.4	7.73e-184	524
Bra036836	AT3G51120	77.8	0	1788
Bra036839	AT3G51030	90.4	5.6e-75	217
Bra036842	AT3G50990	76.4	3.41e-180	501
Bra036843	AT3G50980	65.5	3.99e-24	89.7
Bra036845	AT3G50950	85.1	0	1464
Bra036846	AT3G50930	84.2	2.01e-318	869
Bra036850	AT3G50910	76.8	3.49e-218	605
Bra036853	AT3G50880	80	5.62e-146	409
Bra036854	AT3G50870	64.1	2.43e-118	341
Bra036857	AT3G50845	83.9	4.79e-86	248
Bra036863	AT3G50790	86.3	1.76e-262	715
Bra036865	AT4G14510	70.4	0	1108
Bra036868	AT4G14580	74.4	1.92e-215	600
Bra036876	AT4G14605	87.4	2.17e-205	578
Bra036877	AT4G14620	69.3	7.31e-155	438
Bra036881	AT4G25000	87.3	2.49e-263	717
Bra036883	AT4G14690	85.5	2.87e-110	312
Bra036884	AT4G14716	94.4	3.7e-141	390
Bra036885	AT4G14720	78.9	4.32e-165	462
Bra036887	AT4G14723	76.1	3.91e-61	182
Bra036891	AT4G14730	74.6	8.56e-118	335
Bra036892	AT4G14740	90.5	2.69e-280	766
Bra036896	AT4G14746	78.5	1.08e-129	363
Bra036899	AT4G14760	68.5	0	1844
Bra036900	AT4G14770	72.5	5.86e-316	872
Bra036903	AT4G14790	84.5	0	941
Bra036905	AT4G14815	66.7	2.58e-56	172
Bra036906	AT4G14819	84	7.45e-60	178
Bra036907	AT4G14820	75.9	9.05e-305	845
Bra036908	AT4G14860	65.4	5.91e-76	226
Bra036909	AT4G14870	72.3	1.71e-68	205
Bra036911	AT4G14890	86.4	1.09e-88	254
Bra036916	AT4G14940	91	0	1204
Bra036918	AT4G14990	79.5	0	1102
Bra036920	AT4G15010	91.6	4.57e-248	676
Bra036921	AT4G15020	76.5	5.31e-282	783
Bra036922	AT4G15030	72.3	4.21e-113	325
Bra036923	AT4G15040	83.4	0	1069
Bra036925	AT1G10190	64.2	4.26e-192	536
Bra036926	AT1G43620	68.3	2.38e-288	793
Bra036927	AT1G43690	83	0	956
Bra036928	AT1G26900	75.8	2.26e-260	720
Bra036929	AT1G43790	73	4.06e-50	154
Bra036935	AT1G43900	92	3.41e-182	505
Bra036936	AT1G43910	91.8	3.94e-290	790
Bra036937	AT1G43980	80.4	0	897
Bra036938	AT1G44000	83.1	1.44e-161	447
Bra036941	AT1G44130	75.2	1.68e-228	629
Bra036945	AT1G44318	80.7	1.84e-218	602
Bra036946	AT1G44350	86.7	5.72e-184	514
Bra036948	AT1G44446	91.6	0	1022
Bra036951	AT1G44608	62.4	6.74e-67	202
Bra036955	AT1G44750	91.8	3.91e-231	635
Bra036958	AT1G44760	91.6	2.44e-136	383
Bra036964	AT1G44770	88.4	2.91e-166	461
Bra036965	AT1G44780	61.6	2.6e-127	376
Bra036966	AT1G44790	86.6	8.86e-118	332
Bra036969	AT4G33880	84.6	1.51e-172	483
Bra036970	AT4G33890	61.7	4.48e-119	347
Bra036971	AT4G33905	78.9	3.01e-146	409
Bra036979	AT4G33740	63.8	5.84e-116	347
Bra036984	AT4G33710	68.3	2.02e-78	229
Bra036989	AT4G33670	93.7	2.5e-207	568
Bra036990	AT4G33660	95	1.04e-08	46.2
Bra036995	AT1G61190	62.9	0	923
Bra037001	AT4G33580	79.3	2.98e-169	471
Bra037002	AT4G33565	63.2	1.17e-98	294
Bra037007	AT4G33420	88.2	1.52e-195	540
Bra037009	AT4G33360	85.1	3.64e-216	592
Bra037010	AT4G33280	67.2	2.8e-182	521
Bra037013	AT4G33230	80.6	0	955
Bra037014	AT4G33210	86.4	0	1140
Bra037021	AT4G33140	78.4	9.63e-184	510
Bra037029	AT4G33030	90.2	2.82e-313	850
Bra037032	AT4G32960	87.4	7.56e-157	436
Bra037033	AT4G32950	84	1.36e-202	557
Bra037034	AT4G32930	92	7.44e-123	342
Bra037040	AT4G32860	84.4	1.88e-107	305
Bra037042	AT4G32770	86.5	0	912
Bra037043	AT4G32760	82.6	0	1001
Bra037049	AT4G32650	82.8	0	1014
Bra037053	AT4G32510	88.8	0	1163
Bra037055	AT4G13530	63	5.89e-105	304
Bra037057	AT4G14080	85.4	3.74e-316	857
Bra037058	AT4G14100	84.4	7.21e-136	378
Bra037062	AT4G14280	78.5	0	1162
Bra037067	AT4G14780	85.1	3.48e-231	632
Bra037069	AT4G14805	65.6	2.82e-75	226
Bra037070	AT4G14840	74.7	1.25e-241	673
Bra037071	AT4G14850	88.8	0	1211
Bra037075	AT3G31910	51.9	4.46e-27	106
Bra037076	AT3G47090	79.5	5.76e-275	795
Bra037079	AT4G14965	92.9	2.76e-161	446
Bra037086	AT4G15180	76.6	0	3502
Bra037088	AT4G15215	88.6	0	2457
Bra037091	AT1G56050	83.7	2.27e-236	649
Bra037092	AT1G56040	74	7.63e-108	327
Bra037093	AT1G56000	90.6	1.12e-249	681
Bra037096	AT1G55890	76	3.64e-81	254
Bra037097	AT1G55865	51.5	4.65e-70	223
Bra037098	AT1G55850	80	0	1180
Bra037101	AT1G55775	62.8	6.22e-52	161
Bra037104	AT1G55670	92.6	1.74e-98	280
Bra037117	AT5G67340	77	1.06e-289	810
Bra037118	AT5G67320	85.1	7.34e-274	761
Bra037120	AT5G67250	82.5	1.46e-305	834
Bra037123	AT3G46730	66.4	0	1016
Bra037124	AT5G67190	82.1	6.29e-102	290
Bra037125	AT5G67170	79.4	3.29e-168	474
Bra037127	AT5G67070	81.1	1.87e-66	196
Bra037129	AT5G67050	79.5	1.81e-279	764
Bra037131	AT5G66985	71.1	3.08e-34	112
Bra037133	AT5G66960	92.1	0	1476
Bra037134	AT5G66950	84.3	0	1366
Bra037136	AT5G66930	89.8	3.57e-131	369
Bra037137	AT5G66920	90.4	0	994
Bra037139	AT5G66900	81.7	0	1129
Bra037140	AT5G55380	77.6	8.08e-187	518
Bra037141	AT5G66890	74.2	2.08e-170	483
Bra037145	AT5G66840	53.9	3.67e-141	415
Bra037147	AT5G66816	74.1	2.9e-23	84.7
Bra037151	AT5G66730	72.3	8.47e-226	630
Bra037152	AT5G66710	74.1	3.79e-207	575
Bra037154	AT5G66700	76.9	7.46e-109	311
Bra037157	AT5G66675	83.7	4.03e-236	649
Bra037159	AT5G66640	58.5	8.99e-181	516
Bra037160	AT5G66620	66.6	6.71e-191	542
Bra037162	AT5G66590	84.9	7.48e-109	308
Bra037163	AT5G66580	86.5	3.51e-91	261
Bra037164	AT5G66570	97	4.86e-231	629
Bra037165	AT5G66550	86.1	1.15e-122	346
Bra037166	AT5G66540	80.5	1.59e-233	652
Bra037168	AT5G66470	89.5	1.71e-275	751
Bra037169	AT3G47840	76.1	0	1031
Bra037171	AT5G66440	62.3	5.92e-87	258
Bra037173	AT5G66320	76.3	4.52e-179	499
Bra037174	AT1G77370	67.5	1.54e-61	185
Bra037176	AT5G66390	92	2.21e-227	620
Bra037178	AT5G66260	90.9	1.04e-61	182
Bra037179	AT5G66250	77.5	2.78e-85	253
Bra037180	AT5G66230	74.2	6.61e-114	340
Bra037182	AT5G66190	90.1	3.84e-236	645
Bra037183	AT5G66150	78.4	0	1600
Bra037184	AT5G66130	77.5	1.05e-298	822
Bra037185	AT5G66120	87.3	2.79e-269	735
Bra037186	AT5G66100	71.4	1.12e-83	267
Bra037187	AT5G66060	91.7	8.69e-196	536
Bra037188	AT5G66055	84.5	7.64e-47	158
Bra037190	AT5G66050	83.1	1.61e-145	409
Bra037191	AT5G66040	78	1.18e-64	191
Bra037194	AT5G65960	74.3	4.36e-183	513
Bra037195	AT5G65930	90.7	0	2123
Bra037196	AT2G10940	77.3	1.08e-54	177
Bra037197	AT2G11520	81.2	5.27e-277	760
Bra037199	AT2G11810	88.3	2.47e-306	831
Bra037204	AT1G49860	75.5	4.4e-140	393
Bra037205	AT2G13290	89.3	1.42e-245	669
Bra037206	AT2G13350	87.4	5.84e-227	625
Bra037207	AT2G13360	95.5	9.71e-291	786
Bra037208	AT2G13370	84	0	2678
Bra037210	AT2G13560	92	0	1134
Bra037213	AT2G13680	94.8	0	3615
Bra037214	AT2G14170	90.8	0	925
Bra037215	AT2G14255	82	1.77e-269	744
Bra037216	AT2G18520	82.2	1.49e-241	663
Bra037218	AT2G18480	85.9	4.33e-291	796
Bra037221	AT2G18380	79.7	1.61e-65	201
Bra037222	AT2G18370	86.2	1.03e-62	186
Bra037224	AT2G18350	79.4	5.2e-139	391
Bra037225	AT2G18330	87.6	0	993
Bra037228	AT2G18245	78	7.06e-217	599
Bra037229	AT2G18230	95.4	2.62e-151	418
Bra037234	AT2G18170	96.7	2.78e-271	734
Bra037237	AT2G18100	84.4	0	1034
Bra037238	AT2G18090	74.6	0	1117
Bra037240	AT2G18050	61.1	5.38e-45	145
Bra037241	AT2G18030	91.4	3.27e-157	436
Bra037243	AT2G18010	85	1.6e-63	187
Bra037247	AT2G17880	74.2	1.82e-66	199
Bra037260	AT2G17680	78.8	1.82e-159	445
Bra037262	AT2G17670	65.5	3.72e-104	317
Bra037267	AT2G17510	90.6	0	1717
Bra037270	AT2G17480	83.1	0	924
Bra037271	AT2G17440	80.5	1.02e-117	356
Bra037272	AT2G17430	82.5	9.1e-309	843
Bra037274	AT2G17420	81.5	4.25e-208	573
Bra037277	AT2G17290	91.5	0	896
Bra037279	AT2G17250	80.1	8.62001e-319	873
Bra037282	AT2G17090	65.6	9.76e-224	622
Bra037283	AT2G17040	84.9	6.46e-163	452
Bra037284	AT2G17020	85	0	939
Bra037287	AT2G16800	82.2	1.95e-198	550
Bra037288	AT2G16790	88.3	2.97e-110	312
Bra037289	AT2G16780	90.6	2.07e-255	698
Bra037290	AT2G16770	74.8	4.12e-105	303
Bra037296	AT2G16600	92.3	1.07e-118	332
Bra037299	AT2G16485	62.1	0	1837
Bra037301	AT2G16460	92.3	5.45e-137	383
Bra037305	AT1G05940	89.6	0	951
Bra037306	AT4G00026	68.3	9.35e-127	362
Bra037309	AT4G00030	79.4	1.58e-115	327
Bra037313	AT4G00080	85.4	1.2e-120	340
Bra037314	AT4G00090	89.3	1.03e-283	771
Bra037315	AT4G00110	94.9	4.72e-299	810
Bra037316	AT1G73440	62.1	4.13e-56	179
Bra037319	AT4G00150	76.4	8.18e-237	663
Bra037320	AT4G00180	80.4	5.94e-119	338
Bra037321	AT4G00200	73.3	1.57e-143	407
Bra037322	AT4G00210	71.6	6.8e-107	306
Bra037323	AT4G00220	76.9	2.38e-114	325
Bra037325	AT4G31010	81.9	2.51e-220	608
Bra037326	AT4G00230	89.1	0	1318
Bra037327	AT4G00231	76.9	3.55e-257	707
Bra037330	AT4G00310	60.2	3.61e-85	257
Bra037331	AT4G00330	84.9	2.02e-238	654
Bra037333	AT4G00335	59.8	1.18e-39	130
Bra037334	AT4G00340	78.6	0	1275
Bra037335	AT4G00350	84.9	0	876
Bra037337	AT4G00370	83.1	0	877
Bra037340	AT4G00440	72.9	0	1055
Bra037344	AT4G00490	86.7	0	967
Bra037346	AT4G00550	90.6	2.45e-318	862
Bra037349	AT4G00590	59.8	4.54e-131	379
Bra037350	AT4G00620	84.5	3.42e-215	591
Bra037352	AT4G00680	91.2	1.33e-86	254
Bra037353	AT4G00710	93	0	905
Bra037354	AT4G00720	91.3	8.82e-315	853
Bra037355	AT4G00730	83.5	0	1230
Bra037362	AT4G01330	92.1	5.74e-308	836
Bra037364	AT4G01290	70.5	0	1267
Bra037365	AT4G01280	73.3	1.44e-134	384
Bra037367	AT4G01270	72.9	4.26e-244	677
Bra037368	AT4G01250	85.8	2.21e-171	476
Bra037369	AT4G01230	84.8	5.98e-142	397
Bra037379	AT4G01190	75.6	1.3e-206	583
Bra037381	AT4G01140	69.1	2.85e-143	405
Bra037382	AT4G01120	70.6	1.49e-145	416
Bra037383	AT4G01100	89.9	5.51e-234	639
Bra037385	AT4G01080	78.6	2.19e-250	687
Bra037389	AT4G01050	82.6	6.43e-235	652
Bra037390	AT4G01037	81.5	2.26e-270	751
Bra037391	AT4G01030	77.9	0	1025
Bra037393	AT4G01000	70.1	4.03e-177	500
Bra037394	AT4G00990	63	0	1026
Bra037396	AT4G00980	70.9	7.79e-233	646
Bra037397	AT1G64780	92.4	0	898
Bra037399	AT4G00950	80	1.13e-148	417
Bra037400	AT1G43245	62.7	1.93e-208	591
Bra037401	AT4G00940	69	3.94e-107	313
Bra037403	AT4G00905	83.7	1.32e-151	422
Bra037404	AT4G00900	93.3	0	1927
Bra037405	AT4G00880	77	8.71e-68	200
Bra037406	AT4G00860	78.3	1.54e-46	143
Bra037408	AT4G00830	62.5	2.42e-176	501
Bra037409	AT4G00810	99.1	4.3e-49	151
Bra037410	AT4G00800	82.5	0	2853
Bra037411	AT4G00780	67.6	6.85e-142	400
Bra037412	AT4G01410	87.4	1.85e-138	387
Bra037413	AT4G01440	86.8	4.23e-232	635
Bra037414	AT4G01460	69.9	9.88e-126	361
Bra037415	AT4G01470	96.8	1.81e-170	469
Bra037418	AT4G01510	65.9	8.32e-99	288
Bra037419	AT5G49330	75.6	5.4e-185	514
Bra037427	AT5G49240	60.1	3.22e-94	279
Bra037428	AT5G49220	74.9	5.75e-185	518
Bra037429	AT5G49215	86.3	2.91e-283	771
Bra037430	AT5G49210	75	4.19e-90	261
Bra037432	AT5G49190	93.9	0	1531
Bra037435	AT5G49130	89	4.07e-318	864
Bra037436	AT5G49120	62.4	3.41e-43	139
Bra037438	AT5G49060	76	8.12e-187	520
Bra037440	AT5G49020	87.8	0	888
Bra037441	AT5G49015	75	1.48e-28	97.4
Bra037442	AT5G49010	84.5	7.26e-122	344
Bra037446	AT5G48950	79.6	6.18e-85	245
Bra037454	AT5G48910	84.2	0	1010
Bra037455	AT5G48890	72.8	4.58e-86	249
Bra037456	AT5G48850	92.5	1.69e-202	555
Bra037457	AT5G48840	84.6	1.74e-185	513
Bra037458	AT5G48830	77.7	1.47e-274	754
Bra037459	AT5G48820	60	3.43e-79	236
Bra037460	AT5G48800	92.6	0	1065
Bra037461	AT5G48810	84.3	2.39e-81	235
Bra037462	AT5G48790	89.3	3.79e-202	555
Bra037463	AT5G48740	88.6	0	1495
Bra037464	AT5G48730	78.9	7.62e-181	518
Bra037465	AT5G48720	83.7	5.02e-172	478
Bra037466	AT5G48690	74.7	3.2e-140	402
Bra037467	AT5G48680	65.7	7.32e-68	207
Bra037469	AT5G48660	94.9	1.55e-106	305
Bra037471	AT5G48655	72.7	3.84e-95	275
Bra037472	AT5G48650	62	1.56e-132	391
Bra037473	AT5G48640	93.3	2.73e-138	386
Bra037474	AT5G48610	63.9	8.82e-156	449
Bra037475	AT5G48590	82.3	3.45e-190	527
Bra037476	AT5G48580	85.3	2.85e-96	275
Bra037477	AT5G48570	87.5	0	976
Bra037478	AT5G48560	72.3	4.08e-218	610
Bra037479	AT5G48545	87.8	3.26e-120	338
Bra037480	AT5G48540	86.2	4.84e-164	454
Bra037481	AT3G07440	80.9	2.2e-128	362
Bra037482	AT5G48520	91.5	0	1122
Bra037484	AT5G48480	62.5	1.29e-51	162
Bra037488	AT5G48390	88.2	0	1606
Bra037489	AT5G48385	79.9	1.3e-253	705
Bra037491	AT5G48360	59.8	3.91e-262	746
Bra037492	AT5G48340	79.3	6.4e-277	761
Bra037494	AT5G48310	78.8	0	1713
Bra037495	AT5G48300	90.3	0	914
Bra037498	AT5G48270	90.4	1.58e-213	584
Bra037501	AT5G48230	97.3	3e-278	756
Bra037502	AT5G48220	86.8	4.14e-229	629
Bra037505	AT5G48210	64.3	3.19e-43	135
Bra037506	AT5G48180	73.6	1.34e-138	395
Bra037511	AT5G48090	74.6	2.49e-178	511
Bra037512	AT5G48060	87	0	1819
Bra037513	AT5G48040	75.4	8.72e-230	634
Bra037515	AT5G48020	91.4	6.82e-246	669
Bra037516	AT5G47960	94.2	5.03e-149	413
Bra037517	AT5G47970	89.7	1.3e-264	719
Bra037518	AT5G47940	58.9	1.57e-260	743
Bra037520	AT5G47910	90.2	0	1645
Bra037521	AT5G47900	82.3	1.06e-267	734
Bra037522	AT5G47890	85.7	1.69e-57	171
Bra037523	AT5G47880	94.2	2.32e-297	806
Bra037524	AT5G47870	82.6	9.61e-114	322
Bra037525	AT5G47860	88.1	2.86e-273	744
Bra037526	AT5G47840	74.7	9.56e-136	384
Bra037527	AT5G47830	82.6	1.23e-95	274
Bra037529	AT3G32940	66.4	1.56e-275	767
Bra037530	AT3G32930	84.8	2.75e-147	410
Bra037531	AT5G20140	88.2	1.9e-209	577
Bra037533	AT3G19290	71.5	1.79e-181	510
Bra037539	AT3G19100	93.3	0	1053
Bra037544	AT3G18990	93.2	3.07e-228	624
Bra037551	AT3G18900	76.3	3.1e-280	770
Bra037564	AT3G18770	76.6	6.59e-303	834
Bra037565	AT3G18750	91.7	0	958
Bra037566	AT1G36240	99.1	2.91e-76	220
Bra037567	AT3G18715	74.7	1.37e-50	154
Bra037569	AT3G18690	74.3	5.98e-100	288
Bra037570	AT3G18660	92	0	1276
Bra037572	AT3G18640	56.9	3.05e-192	557
Bra037574	AT3G18600	82.5	2.76e-312	855
Bra037576	AT3G18580	86.6	7.22e-130	364
Bra037578	AT3G18560	77.8	1.94e-100	288
Bra037580	AT3G18490	85	3.92e-301	821
Bra037587	AT3G18380	80.9	2.22e-190	528
Bra037588	AT3G18360	67.9	1.34e-112	326
Bra037590	AT3G18350	90	0	1220
Bra037591	AT3G18295	64.3	7.47e-83	243
Bra037594	AT3G18260	85.7	1.19e-134	377
Bra037595	AT3G18250	74.6	3.86e-21	78.2
Bra037596	AT3G18230	71.4	4.74e-303	838
Bra037599	AT3G44730	84	0	1704
Bra037601	AT5G35210	76.6	0	2286
Bra037606	AT3G44820	85.9	0	1075
Bra037607	AT3G44880	91.3	0	1016
Bra037609	AT3G44890	87.2	9.9e-111	314
Bra037610	AT3G44900	85.9	0	1416
Bra037611	AT3G44940	71.6	1.33e-84	251
Bra037623	AT3G45040	91.5	0	986
Bra037624	AT3G45050	84	4.68e-68	202
Bra037625	AT3G45060	95.8	0	1023
Bra037629	AT3G45160	73	2.72e-25	89.7
Bra037635	AT2G44770	97	5.72e-190	520
Bra037638	AT2G44740	91.6	1.76e-127	357
Bra037639	AT2G44670	84	1.08e-49	151
Bra037643	AT2G44590	86.7	0	1033
Bra037645	AT2G44530	87.1	2.86e-248	679
Bra037646	AT2G44520	84.3	1.91e-260	712
Bra037651	AT2G44450	93.7	0	982
Bra037652	AT2G44400	78.1	9.72e-86	257
Bra037653	AT2G44380	78	3.1e-157	436
Bra037654	AT2G28270	70.8	4.06e-135	380
Bra037656	AT2G44360	86.9	9.67e-67	197
Bra037657	AT2G44350	95.6	0	911
Bra037660	AT2G44260	79.7	0	964
Bra037664	AT2G44160	91.4	0	1136
Bra037665	AT2G44120	95.5	1.72e-162	449
Bra037666	AT2G44110	80.8	1.18e-280	776
Bra037669	AT2G44060	89.9	9.71e-202	562
Bra037670	AT2G44050	89	3.74e-130	365
Bra037674	AT2G43940	80.6	1.77e-137	384
Bra037676	AT2G43890	93.3	1.61e-269	732
Bra037677	AT2G43880	91	2.14e-256	697
Bra037681	AT2G43760	83.1	4.38e-114	322
Bra037687	AT2G43720	84.5	1.65e-83	241
Bra037688	AT2G43690	75	0	978
Bra037691	AT3G29800	58	2.25e-142	412
Bra037694	AT2G43640	92.6	1.01e-67	199
Bra037697	AT2G43630	71.7	6.6e-112	339
Bra037698	AT2G43610	92.3	1.49e-189	520
Bra037700	AT1G70250	65.7	1.6e-291	813
Bra037701	AT2G43560	85.7	1.24e-122	346
Bra037702	AT2G43550	80	1.84e-48	148
Bra037704	AT2G43540	81	1.68e-85	248
Bra037713	AT2G43480	87.7	9.53e-219	598
Bra037714	AT3G59540	98.6	4.01e-43	133
Bra037717	AT2G43390	84.1	9.26e-67	196
Bra037718	AT2G43340	74.1	2.34e-85	248
Bra037719	AT2G43330	92.1	0	908
Bra037720	AT2G43320	89.2	9.18e-225	615
Bra037721	AT2G43310	91.2	1.79e-79	229
Bra037722	AT2G43290	87.6	2.89e-93	269
Bra037723	AT2G43280	84.3	7.87e-111	315
Bra037727	AT2G43250	77.5	0	897
Bra037729	AT2G43230	84	3.24e-262	716
Bra037739	AT2G43050	82.8	1.22e-306	836
Bra037742	AT2G43010	71.3	1.09e-194	546
Bra037744	AT2G42975	79.5	1.56e-80	236
Bra037746	AT2G42950	82	6.47e-300	818
Bra037748	AT5G63610	91.8	1.17998e-319	865
Bra037750	AT5G63680	96.9	0	960
Bra037751	AT5G63700	64.2	1.59e-239	671
Bra037756	AT5G63870	89.3	2.6e-279	758
Bra037758	AT5G63900	59.8	7.28e-229	643
Bra037762	AT5G64090	74.3	1.8e-208	581
Bra037764	AT5G64130	72.1	1.34e-61	184
Bra037768	AT5G64210	71.3	6.69e-169	471
Bra037769	AT5G64220	81.2	0	1523
Bra037770	AT5G64270	90.2	0	2055
Bra037775	AT5G64350	91.1	6.86e-75	216
Bra037777	AT5G64400	92.9	8.09e-39	128
Bra037778	AT5G64520	81.6	9.54e-162	465
Bra037781	AT5G64560	85.5	2.04e-217	600
Bra037783	AT5G64600	85.5	0	871
Bra037784	AT5G64610	90.1	6.34e-296	803
Bra037785	AT5G64620	81.1	7.47e-90	259
Bra037787	AT5G64650	90.6	1.74e-100	285
Bra037791	AT5G64700	90.3	2.81e-224	614
Bra037792	AT5G64720	73.1	1.57e-78	229
Bra037795	AT5G64790	87.2	0	878
Bra037798	AT5G64850	85.6	5.1e-53	162
Bra037799	AT5G64860	85.5	0	976
Bra037800	AT5G64920	72.4	2.21e-124	358
Bra037803	AT5G65000	92.3	4.59e-205	563
Bra037805	AT5G65120	62.7	4.92e-115	333
Bra037810	AT5G65270	95.1	1.22e-148	412
Bra037811	AT5G65300	80.8	1.02e-63	191
Bra037812	AT5G65340	86.9	1.47e-150	419
Bra037820	AT5G65520	87.7	1.47e-112	319
Bra037821	AT5G65550	78.8	3.22e-264	725
Bra037825	AT5G65710	84.3	2.66e-312	889
Bra037826	AT5G65720	87.5	7.56e-288	783
Bra037827	AT5G65780	70.5	7.72e-249	728
Bra037831	AT5G65830	84.6	3.43e-93	276
Bra037832	AT5G65840	78.9	1.25e-144	405
Bra037833	AT5G65920	83.8	1.97e-261	716
Bra037835	AT5G67620	84.6	1.4e-105	300
Bra037844	AT5G67500	90.3	3.4e-171	474
Bra037845	AT5G67450	77.4	1.46e-116	332
Bra037848	AT5G67410	75.4	2.98e-139	394
Bra037849	AT5G67400	85.7	2.28e-207	569
Bra037859	AT4G08390	86.7	2.09e-197	547
Bra037860	AT4G08500	64.5	1e-259	724
Bra037862	AT4G08540	69.2	1.72e-256	710
Bra037863	AT4G08550	71.6	0	893
Bra037865	AT4G08570	87.3	1.77e-86	249
Bra037874	AT4G08700	76.1	3.2e-172	482
Bra037877	AT4G08780	86.3	1.15e-217	597
Bra037878	AT4G08790	84.3	2.87e-181	502
Bra037879	AT5G55320	64.2	2.68e-146	416
Bra037880	AT4G08920	94.1	0	1299
Bra037881	AT4G08940	80.6	4.37e-229	630
Bra037887	AT4G09820	72.9	2.55e-247	685
Bra037889	AT4G09890	97.7	5.54e-58	172
Bra037891	AT4G09900	89.4	1.22e-228	625
Bra037892	AT1G30910	85.2	4.43e-205	562
Bra037894	AT4G09950	72.2	9.98e-135	386
Bra037895	AT4G09960	89	1.66e-132	375
Bra037896	AT4G09980	75.5	0	1303
Bra037897	AT1G72690	72.5	1.58e-24	87.8
Bra037899	AT4G10010	81.6	0	1010
Bra037902	AT4G10090	82.4	2.3e-151	422
Bra037905	AT4G10100	88.3	3.34e-56	168
Bra037906	AT4G10540	85.5	0	1320
Bra037907	AT4G10110	84.4	1.77e-97	278
Bra037908	AT4G10130	80.6	1.54e-97	279
Bra037919	AT4G10465	88.5	6.27e-114	321
Bra037920	AT4G10480	85.9	1.35e-104	300
Bra037921	AT4G10490	84.3	1.02e-218	600
Bra037922	AT4G10600	55.6	6.61e-80	238
Bra037923	AT4G10610	83.3	2.69e-192	531
Bra037924	AT4G10620	82.4	0	945
Bra037927	AT5G50335	79.7	1.64e-33	109
Bra037931	AT5G50300	90.6	0	931
Bra037932	AT5G50230	86.2	7.89e-309	844
Bra037933	AT5G50210	84.3	0	1181
Bra037935	AT5G50170	87.9	0	1751
Bra037938	AT5G50150	91.2	1.18e-289	785
Bra037939	AT5G50130	89.1	2.43e-196	549
Bra037942	AT5G50100	86.1	3.79e-85	247
Bra037943	AT5G50030	76.5	5.02e-95	273
Bra037944	AT5G49990	93.7	0	995
Bra037945	AT5G49950	83.9	0	917
Bra037948	AT5G49880	83.9	0	1078
Bra037951	AT5G49830	79.9	0	1183
Bra037952	AT5G49760	81.6	0	1357
Bra037953	AT5G49740	84.6	0	1248
Bra037954	AT1G54020	77.7	2.15e-218	601
Bra037958	AT1G54040	76.1	1.29e-150	423
Bra037961	AT1G54070	74	2.06e-59	178
Bra037962	AT1G54080	88.6	4.56e-244	670
Bra037963	AT1G54095	69.3	1.12e-65	196
Bra037966	AT1G54130	86.2	0	1185
Bra037967	AT1G54150	73.7	7.29e-196	545
Bra037968	AT1G54160	75.2	1.16e-122	351
Bra037969	AT1G54170	65	1.01e-218	619
Bra037976	AT1G54220	85.7	0	880
Bra037978	AT1G55090	93.3	0	1379
Bra037980	AT1G55120	86.5	0	1033
Bra037981	AT1G55170	81.6	1.17e-151	424
Bra037982	AT1G55180	87.3	0	1395
Bra037984	AT1G55205	79.3	5.27e-44	139
Bra037988	AT1G55260	74	7.64e-94	272
Bra037990	AT1G55300	94.5	1.43e-92	270
Bra037992	AT1G55320	86.2	0	1276
Bra037995	AT1G55350	93.1	0	3900
Bra037996	AT1G55365	58.1	1.96e-40	130
Bra037997	AT1G55370	78.4	4.88e-187	524
Bra038001	AT1G55570	91.9	0	1073
Bra038002	AT1G55580	88	4.17e-247	679
Bra038005	AT1G55590	90.8	0	996
Bra038008	AT1G55630	83.1	1.79e-159	459
Bra038009	AT1G55640	66.8	2.31e-81	239
Bra038010	AT1G55650	52	3.38e-84	257
Bra038012	AT1G55690	80.3	0	926
Bra038013	AT1G55770	73.7	2.89e-81	238
Bra038015	AT1G55820	55.6	1.7e-200	573
Bra038020	AT1G55830	71.2	2.9e-221	618
Bra038022	AT1G55860	81	0	5455
Bra038023	AT1G55870	79.7	0	1051
Bra038025	AT1G55880	90.7	1.35e-255	699
Bra038027	AT5G25410	63.8	1.89e-164	464
Bra038032	AT1G55960	75.8	1.48e-173	489
Bra038034	AT1G56020	65.3	1.12e-133	385
Bra038035	AT1G56060	79	9.5e-31	101
Bra038036	AT5G01230	97.4	3.41e-224	610
Bra038041	AT3G30165	56.3	4.55e-12	57
Bra038042	AT3G03826	55.2	9.22e-14	60.1
Bra038045	AT4G16140	57.1	8.19e-09	51.6
Bra038047	AT4G16050	55	8.71e-217	619
Bra038049	AT4G15980	74.4	0	936
Bra038055	AT4G12720	72.2	4.78e-162	452
Bra038058	AT4G15940	93.3	4.51e-150	416
Bra038059	AT4G15930	85.5	1.12e-65	194
Bra038062	AT4G15880	69.6	4.06e-228	635
Bra038063	AT4G15830	84.8	4.43e-169	469
Bra038065	AT4G15790	53	1.97e-21	84.7
Bra038083	AT4G15430	90.5	0	1351
Bra038084	AT4G15420	88.9	0	991
Bra038088	AT4G15210	91.6	0	953
Bra038089	AT4G15160	75.6	4.14e-54	175
Bra038092	AT4G15110	87.3	0	987
Bra038097	AT1G53050	88.6	0	1144
Bra038100	AT1G53140	89.6	0	1410
Bra038102	AT1G48130	90.7	8.09e-147	407
Bra038106	AT1G53165	86.6	0	1089
Bra038110	AT1G53200	59.6	3.16e-243	684
Bra038113	AT3G15010	72.6	8.65e-175	493
Bra038114	AT1G53290	91.4	1.35e-233	637
Bra038116	AT1G53300	79.9	0	1015
Bra038119	AT3G17540	59.8	4.39e-161	457
Bra038123	AT1G53400	93.9	2.03e-77	223
Bra038124	AT1G53440	76.4	0	1335
Bra038125	AT2G06925	88	5.83e-96	273
Bra038127	AT1G53500	94.1	0	1281
Bra038129	AT1G53590	79	0	1127
Bra038132	AT1G53635	74.2	1.2e-11	54.7
Bra038139	AT1G53650	82.2	1.49e-156	439
Bra038140	AT1G53680	91.5	5.9e-153	423
Bra038143	AT5G41010	96.1	1.98e-33	107
Bra038144	AT1G57850	65.8	5.36e-87	258
Bra038157	AT1G56580	91.6	5.75e-102	289
Bra038161	AT1G56460	67.9	8.45e-168	480
Bra038162	AT1G56450	93	2.22e-170	469
Bra038164	AT1G56430	87.4	3.83e-210	576
Bra038165	AT1G56420	80.6	2.19e-81	238
Bra038167	AT2G25160	67.1	6.91e-234	651
Bra038168	AT1G56320	87.2	2.26e-99	282
Bra038169	AT1G56330	97.9	1.05e-138	384
Bra038170	AT1G56300	86.9	1.49e-94	270
Bra038172	AT1G56260	79.7	4.1e-63	188
Bra038174	AT1G56250	82.6	2.21e-161	449
Bra038176	AT1G56230	86.1	0	1318
Bra038181	AT1G65920	83.1	0	1633
Bra038189	AT1G65890	78.8	0	951
Bra038204	AT3G19360	69.6	1.97e-176	494
Bra038212	AT3G19508	91.4	5.37e-51	154
Bra038217	AT3G19553	92.5	0	875
Bra038220	AT3G19590	94.6	3.75e-239	650
Bra038222	AT3G19615	79.6	1.09e-46	144
Bra038227	AT3G19680	84.1	8.44e-272	745
Bra038228	AT3G19700	76.9	2.52e-277	798
Bra038229	AT3G19720	88.2	0	1332
Bra038230	AT3G19740	84.9	0	1583
Bra038232	AT3G19800	80.7	1.59e-129	364
Bra038233	AT3G19820	93.8	0	1085
Bra038235	AT3G19850	81.2	3.25e-316	864
Bra038237	AT3G19870	83.7	0	1809
Bra038238	AT3G19895	85.2	0	889
Bra038239	AT3G19900	82.5	8.88e-126	354
Bra038243	AT3G19940	87.9	0	916
Bra038246	AT3G19950	74.6	1.46e-162	458
Bra038247	AT3G19980	96.7	3.44e-230	625
Bra038249	AT3G20000	84.5	7.22e-192	528
Bra038252	AT3G20050	98.2	0	1009
Bra038254	AT3G20090	77.1	4.57e-284	779
Bra038261	AT3G20310	76.8	7.95e-112	320
Bra038266	AT3G46000	94.9	5.68e-91	261
Bra038269	AT3G45900	79.7	1.66e-181	508
Bra038270	AT3G45890	82.3	0	909
Bra038271	AT3G45880	82.1	1.83e-217	596
Bra038272	AT3G45870	91.7	1.49e-244	667
Bra038273	AT3G45830	66.3	0	1533
Bra038277	AT3G45750	69.3	1.81e-184	530
Bra038279	AT3G45740	86.2	1.87e-236	647
Bra038280	AT3G45650	85.4	0	951
Bra038281	AT3G45640	84.8	8.84e-232	633
Bra038282	AT3G45630	74.7	0	1260
Bra038283	AT3G45620	81.3	3.13e-301	821
Bra038286	AT3G45430	82.4	0	1103
Bra038287	AT3G45410	76.6	0	1004
Bra038288	AT3G45400	89.3	9.54e-318	860
Bra038289	AT3G45330	81.9	0	1090
Bra038291	AT3G45300	93.4	1.2e-279	759
Bra038292	AT3G45280	88.4	6.04e-162	449
Bra038294	AT3G45230	69	2.35e-47	151
Bra038298	AT3G45190	87.3	0	1344
Bra038299	AT3G45090	84.2	0	1134
Bra038307	AT1G69400	80.5	2.07e-182	508
Bra038310	AT1G64850	85.8	1.66e-99	283
Bra038311	AT1G69340	92.9	0	1040
Bra038313	AT1G69310	65.8	1.09e-117	339
Bra038315	AT1G69290	82.4	0	1047
Bra038316	AT1G69270	78.1	2.68e-285	783
Bra038317	AT1G55750	82.3	0	881
Bra038318	AT1G69250	56.1	2.59e-120	359
Bra038320	AT1G69240	85.6	1.41e-247	681
Bra038321	AT1G26355	71.7	3.8e-47	146
Bra038322	AT1G69210	70.9	1.69e-131	375
Bra038324	AT1G69170	59.9	1.54e-130	377
Bra038326	AT1G69120	92.2	4.76e-168	464
Bra038327	AT1G69070	76.6	0	1216
Bra038329	AT1G69050	86	5.98e-54	162
Bra038330	AT1G69040	95.1	1.02e-312	846
Bra038331	AT1G69030	83.9	4.05e-150	424
Bra038333	AT1G68980	76.8	0	919
Bra038340	AT1G68890	86.5	0	2920
Bra038341	AT1G68880	66.1	1.17e-46	146
Bra038343	AT1G68875	64.2	4.98e-64	192
Bra038346	AT1G68840	75.5	9.7e-183	509
Bra038350	AT1G68800	65.2	3.37e-129	373
Bra038353	AT1G68790	60.6	4.85e-227	677
Bra038355	AT1G68760	84.2	1.07e-87	251
Bra038357	AT1G68740	90.1	0	1383
Bra038358	AT1G68730	66.3	7.83e-67	200
Bra038359	AT1G68720	95.4	2.99e-109	339
Bra038360	AT1G68670	68.6	5.28e-152	432
Bra038368	AT4G09750	92.9	3.81e-223	608
Bra038369	AT4G09760	89.1	1.64e-235	642
Bra038371	AT4G09720	85.7	1.16e-139	388
Bra038372	AT4G09680	69.8	0	1718
Bra038377	AT4G09650	85.9	3.86e-131	369
Bra038379	AT1G65280	86.6	1.24e-272	755
Bra038380	AT4G09580	86.8	3.43e-171	474
Bra038381	AT4G09350	80.7	1.87e-137	385
Bra038384	AT4G09150	81.3	0	1563
Bra038386	AT4G09100	71.4	9.57e-68	200
Bra038389	AT4G09040	75.2	3.05e-146	412
Bra038390	AT1G35230	83.3	2.31e-11	55.1
Bra038402	AT4G08980	91.5	9.4e-226	615
Bra038403	AT1G31040	86.5	9.42e-138	386
Bra038405	AT1G31070	93.8	0	937
Bra038410	AT1G31120	92.5	0	1425
Bra038412	AT1G31170	96.7	3.13e-74	223
Bra038414	AT2G23510	78	3.82e-255	700
Bra038422	AT1G31360	91.2	0	1232
Bra038423	AT1G31430	82.5	3.82e-302	829
Bra038424	AT1G31440	88	1.37e-227	629
Bra038426	AT1G31500	75.7	1.39e-224	619
Bra038427	AT1G31600	83.9	2.07e-212	587
Bra038432	AT1G31710	87.1	0	1019
Bra038434	AT1G31720	67	3.66e-86	251
Bra038436	AT1G31750	84.1	4.21e-18	76.6
Bra038437	AT1G31800	84.3	0	938
Bra038439	AT1G31812	82.6	7.96e-49	149
Bra038440	AT1G11420	53	9.05e-149	437
Bra038441	AT4G14145	85.2	9.76e-72	210
Bra038442	AT4G14130	91.3	3.48e-207	565
Bra038444	AT4G14110	87.3	1.46e-126	354
Bra038445	AT4G14090	79.3	2.34e-268	734
Bra038446	AT4G16280	76.6	7.11e-308	858
Bra038447	AT4G16330	85.1	2.68e-197	546
Bra038448	AT4G16340	95.9	0	3408
Bra038451	AT4G16380	74.9	2.16e-65	204
Bra038453	AT4G16390	89.6	9.16e-290	808
Bra038458	AT4G16430	86.8	2.03e-287	783
Bra038459	AT4G16440	84	1.44e-306	833
Bra038460	AT4G16442	75.7	9.57e-87	253
Bra038462	AT4G23355	62.9	1.33e-195	546
Bra038465	AT4G16447	84.1	2.33e-68	201
Bra038468	AT4G16470	78.4	3.15e-266	731
Bra038469	AT4G16480	94.5	0	1077
Bra038470	AT4G16490	90.9	3.92e-167	479
Bra038480	AT4G16515	66.3	2.52e-32	112
Bra038486	AT4G16563	83.6	3.03e-287	785
Bra038487	AT4G16566	83.6	1.84e-90	259
Bra038488	AT4G16570	85.9	0	1253
Bra038489	AT4G16580	84.2	9.62e-274	749
Bra038490	AT4G16600	88.9	0	889
Bra038493	AT4G16640	79.2	4.77e-202	558
Bra038495	AT4G16650	92.9	0	1025
Bra038497	AT4G16670	72.2	9.28e-185	520
Bra038498	AT4G16680	80.5	0	1231
Bra038499	AT4G16690	82.7	1.33e-159	443
Bra038500	AT4G16695	88.5	3.41e-27	93.2
Bra038501	AT4G16700	83.6	6.46e-279	760
Bra038502	AT4G16710	88.1	2.05e-109	309
Bra038503	AT4G16720	99.5	1.08e-145	403
Bra038504	AT4G16730	72.9	1.98e-269	744
Bra038505	AT4G16745	85.2	0	883
Bra038506	AT2G22620	88.3	0	1257
Bra038507	AT2G22610	80.2	0	1466
Bra038509	AT2G22570	84.4	4.32e-151	420
Bra038511	AT2G22540	90.9	5.19e-123	348
Bra038514	AT3G44870	76.7	9.22e-195	540
Bra038519	AT2G22480	87.5	0	959
Bra038520	AT2G22475	83.6	1.65e-166	464
Bra038521	AT2G22470	63.6	1.01e-24	91.3
Bra038522	AT2G22450	88.9	1.35e-302	823
Bra038523	AT2G22430	86.6	1.05e-138	394
Bra038525	AT2G22425	87	8.89e-52	156
Bra038528	AT2G22400	84.6	0	1336
Bra038535	AT2G22290	95.7	8.46e-140	388
Bra038536	AT2G22260	73.7	6.62e-152	429
Bra038537	AT2G22250	91.4	2.51e-301	819
Bra038538	AT2G22240	97.3	0	987
Bra038539	AT2G22230	80.9	1.18e-116	331
Bra038540	AT2G22180	74.5	1.04e-143	408
Bra038544	AT2G18640	83.1	2.1e-214	590
Bra038546	AT2G18690	69.7	5.36e-139	395
Bra038548	AT2G18700	90.2	0	1577
Bra038552	AT2G18750	89	0	1045
Bra038553	AT2G18876	82	8.29e-211	583
Bra038555	AT2G18890	94.2	5.84e-261	709
Bra038558	AT2G18969	75.4	1.25e-78	231
Bra038560	AT2G19010	71.9	1.18e-189	527
Bra038561	AT2G19070	78.7	5.68e-274	748
Bra038562	AT2G19080	86	8.26e-189	521
Bra038563	AT2G19090	81.3	0	1192
Bra038565	AT1G21720	99	6.52e-147	406
Bra038566	AT2G19130	81.4	0	1235
Bra038579	AT1G61360	84.5	0	1403
Bra038585	AT1G61560	81.3	0	908
Bra038591	AT1G61590	92.5	5.35e-286	776
Bra038594	AT1G61600	83.1	1.03e-253	696
Bra038595	AT5G62960	91.5	1.24e-235	642
Bra038600	AT5G63000	92.5	1.58e-132	369
Bra038601	AT5G63010	78.2	4.4e-192	531
Bra038604	AT5G63050	76	1.27e-179	499
Bra038606	AT5G63090	91.8	3.92e-122	342
Bra038608	AT5G63130	81.2	3.88e-104	297
Bra038609	AT5G63135	84.2	2.26e-45	141
Bra038613	AT2G42160	84.5	1.65e-287	785
Bra038614	AT5G63180	92.7	1.59e-293	795
Bra038615	AT5G63190	91.4	0	1245
Bra038617	AT5G63220	91	2.29e-217	595
Bra038618	AT5G63225	77	1.07e-62	186
Bra038619	AT5G63260	70	1.53e-155	446
Bra038620	AT5G63270	84	6.54e-39	123
Bra038621	AT5G63310	85.8	1.49e-136	382
Bra038625	AT5G63350	78.4	1.97e-165	461
Bra038627	AT5G63390	85.2	0	933
Bra038629	AT5G63420	87.9	0	1538
Bra038630	AT5G63440	96.1	4.31e-159	439
Bra038637	AT5G63480	75.3	5.49e-68	204
Bra038638	AT5G63490	90.4	0	906
Bra038639	AT5G63500	98.6	3.31e-42	130
Bra038645	AT5G63560	94.6	1.41e-298	808
Bra038646	AT5G63570	96.4	0	892
Bra038648	AT5G63590	82.8	3.25e-189	521
Bra038649	AT5G63620	92.9	2.34e-295	800
Bra038650	AT5G63630	78.8	0	1094
Bra038651	AT5G63640	74.1	1.53e-190	536
Bra038652	AT5G63650	94.4	1.08e-229	628
Bra038655	AT5G63690	85.6	4.62e-84	243
Bra038656	AT5G63710	93.8	0	927
Bra038658	AT5G63730	51.1	3.29e-162	466
Bra038659	AT5G63750	52.1	7.82e-166	479
Bra038661	AT5G63770	90.8	0	1350
Bra038662	AT5G63780	79.6	3.68e-200	553
Bra038665	AT3G11591	90.5	2.78e-36	115
Bra038666	AT3G11600	82.9	3.04e-62	185
Bra038668	AT3G11640	66.9	1.41e-61	187
Bra038669	AT3G11650	71.4	9.09e-101	292
Bra038671	AT3G11660	88	7.73e-133	371
Bra038672	AT3G11680	82.7	1.23e-283	776
Bra038673	AT3G11690	76.8	1.08e-122	348
Bra038675	AT3G11710	85.6	0	1036
Bra038678	AT3G11750	78.1	2.21e-73	216
Bra038679	AT3G11760	80.9	0	1046
Bra038682	AT3G11830	97.7	0	1014
Bra038686	AT3G11920	79.3	0	908
Bra038688	AT3G11930	77.9	9.09e-110	313
Bra038689	AT3G11940	95.2	1.4e-138	385
Bra038691	AT3G11980	90.1	0	1103
Bra038695	AT3G12030	95.9	1.3e-126	354
Bra038700	AT3G12145	79.7	8.76e-128	367
Bra038701	AT3G12160	99.1	3.87e-157	433
Bra038703	AT3G12200	75.9	2.53e-290	799
Bra038717	AT3G12410	65.1	1.62e-103	298
Bra038724	AT3G12480	75	2.81e-129	369
Bra038733	AT3G12570	89.6	0	919
Bra038734	AT3G12580	97.5	0	1232
Bra038735	AT3G12590	88.2	0	1985
Bra038739	AT3G12630	90.6	1.12e-95	273
Bra038743	AT3G12685	69.5	2.05e-98	285
Bra038744	AT3G12690	86.8	0	989
Bra038753	AT4G21860	79.1	2e-114	324
Bra038756	AT4G21760	85.1	0	926
Bra038758	AT4G21745	70.8	9.88e-65	194
Bra038759	AT4G21740	64.5	1.88e-55	170
Bra038762	AT4G21705	82.6	5.91e-305	830
Bra038763	AT4G21680	91.8	0	1075
Bra038764	AT4G21670	82.7	0	1515
Bra038766	AT4G21650	82.5	0	1214
Bra038773	AT4G36230	59.6	1.56e-20	81.6
Bra038774	AT4G21440	81.1	1.01e-197	546
Bra038775	AT4G21430	73.6	0	1279
Bra038777	AT4G21326	65.2	0	897
Bra038778	AT4G21323	74.6	0	1084
Bra038780	AT4G21200	89.6	4.1e-226	617
Bra038783	AT4G21160	89.9	1.35e-217	596
Bra038785	AT4G21120	90.1	0	1051
Bra038791	AT4G20990	78.7	1.49e-163	453
Bra038794	AT4G20900	72	7.52e-218	605
Bra038797	AT4G20850	92.5	0	2372
Bra038798	AT4G20840	82.7	0	901
Bra038801	AT4G20780	85.1	1.92e-100	290
Bra038803	AT4G20420	64.6	1.94e-46	147
Bra038805	AT4G20360	93.6	1.34e-312	848
Bra038806	AT4G20325	89.3	9.34e-184	505
Bra038813	AT2G18670	70.6	4.71e-84	245
Bra038815	AT2G18710	93.8	0	973
Bra038816	AT2G18730	91.5	0	912
Bra038819	AT2G18800	88.2	5.07e-154	429
Bra038821	AT2G18850	85.2	0	927
Bra038825	AT4G13020	88	6.62e-285	775
Bra038827	AT2G18860	75.7	2e-121	354
Bra038829	AT2G18900	89.1	0	1449
Bra038831	AT2G18915	90.8	0	1144
Bra038834	AT2G18950	90.7	4.92e-239	655
Bra038835	AT2G18960	97.6	0	1815
Bra038836	AT2G19000	66.1	6.25e-37	121
Bra038842	AT2G19110	63.8	0	1417
Bra038844	AT2G19170	94	0	1549
Bra038850	AT2G19270	66.8	5.92e-121	352
Bra038853	AT2G19280	68.1	1.82e-150	452
Bra038854	AT3G28430	83.8	0	1349
Bra038856	AT2G19320	64.2	3.16e-23	83.6
Bra038857	AT2G19330	90.6	1.59e-144	414
Bra038863	AT3G50820	95.2	7.41e-226	616
Bra038866	AT3G50900	83.3	1.87e-66	195
Bra038872	AT2G14080	60.6	0	959
Bra038876	AT3G51000	85.4	7.5e-211	578
Bra038877	AT3G51040	81.4	3.15e-141	394
Bra038880	AT3G51060	78.8	2.7e-160	453
Bra038881	AT3G51070	81.8	0	1305
Bra038882	AT3G51080	66.1	2.57e-116	336
Bra038889	AT3G51230	70.7	3.35e-84	248
Bra038895	AT3G51370	90.6	2.04e-252	687
Bra038899	AT3G51430	78	1.42e-222	611
Bra038900	AT3G51460	91.4	0	1110
Bra038901	AT3G51470	88.9	2.58e-235	642
Bra038902	AT3G51490	89.9	0	1247
Bra038903	AT3G51500	69.8	3.49e-25	90.9
Bra038905	AT3G51520	80.5	4.16e-192	530
Bra038907	AT3G51590	79	1.89e-64	191
Bra038909	AT3G51610	92.1	2.46e-148	412
Bra038910	AT3G51620	70	0	1066
Bra038911	AT3G51740	84.8	5.39e-278	788
Bra038912	AT1G56345	80.7	5.65e-171	475
Bra038913	AT1G56350	84	1.88e-280	767
Bra038920	AT1G56440	77	7.76e-238	669
Bra038926	AT1G56560	85.9	0	1077
Bra038928	AT1G56555	65.8	9.62e-34	115
Bra038929	AT1G58170	81.6	1.99e-109	310
Bra038934	AT1G58520	92.1	0	1363
Bra038936	AT5G35330	68.2	4.71e-112	323
Bra038937	AT5G35200	88	0	897
Bra038938	AT5G35180	86.4	0	1304
Bra038939	AT5G35170	75.5	7.74e-285	784
Bra038941	AT5G35110	76.7	8.84e-42	133
Bra038942	AT5G35100	87.9	1.05e-158	442
Bra038944	AT5G35090	59.2	1.49e-54	168
Bra038945	AT5G34940	84	0	922
Bra038946	AT5G34850	88.4	0	893
Bra038948	AT5G33280	91	0	1350
Bra038949	AT5G33290	83.5	1.08e-271	744
Bra038950	AT5G33300	68.9	9.62e-188	530
Bra038952	AT5G33320	91.4	5.5e-254	694
Bra038954	AT5G33340	79.4	2.63e-245	674
Bra038955	AT5G33370	94	4.65e-253	688
Bra038956	AT5G32470	84.5	0	983
Bra038957	AT5G37310	94.7	0	1124
Bra038959	AT5G37380	56.4	4.64e-149	428
Bra038960	AT4G13990	77.6	6.82e-285	781
Bra038962	AT4G14020	50.4	9.81e-27	95.1
Bra038968	AT4G14050	89.5	0	996
Bra038972	AT1G54790	80.1	9.59e-241	659
Bra038977	AT1G55000	85.5	2.59e-135	380
Bra038992	AT1G54860	85.3	3.45e-117	330
Bra038995	AT2G19350	95.1	3.16e-69	201
Bra038996	AT2G19385	71.8	1.71e-130	370
Bra038997	AT2G19390	79.6	0	1753
Bra038998	AT2G19400	94.6	0	976
Bra038999	AT2G19410	85.5	0	1336
Bra039002	AT2G19430	86.4	4.27e-238	650
Bra039004	AT2G19570	82.3	4.68e-177	490
Bra039010	AT2G19670	90.5	9.5e-243	662
Bra039012	AT2G19710	70.4	0	1115
Bra039013	AT2G19720	93.8	1.11e-88	253
Bra039020	AT2G19790	100	1.24e-103	291
Bra039022	AT2G19810	83.9	1.47e-229	628
Bra039025	AT4G29130	88.3	4.34e-318	863
Bra039026	AT2G19870	93.2	2.03e-171	486
Bra039029	AT2G19900	94.2	0	1083
Bra039030	AT2G19930	75.2	0	1420
Bra039031	AT2G19970	79.8	1.55e-107	304
Bra039034	AT2G20000	84.8	0	1139
Bra039035	AT2G20010	90.9	0	1684
Bra039041	AT3G28900	95	3.04e-75	218
Bra039044	AT3G28850	80.1	4.9e-234	645
Bra039047	AT3G28740	83.2	3.09e-303	827
Bra039048	AT3G28710	100	1.53e-264	716
Bra039050	AT3G28600	78	4.02e-266	731
Bra039052	AT3G28580	88.1	8.57e-277	760
Bra039053	AT3G28510	85.1	6.21e-279	767
Bra039061	AT3G28180	93.2	0	1242
Bra039067	AT3G27810	89.7	2.41e-150	417
Bra039071	AT3G27660	80.5	3.48e-96	276
Bra039072	AT3G27650	96.1	9.08e-86	246
Bra039073	AT3G27640	85.1	2.77e-304	831
Bra039076	AT3G27470	92.7	6.23e-288	779
Bra039077	AT3G27440	93.1	4.69e-301	831
Bra039084	AT3G27300	89.3	0	938
Bra039085	AT3G27290	63.2	7.77e-146	417
Bra039086	AT3G27280	92.8	1.5e-173	479
Bra039088	AT3G27260	71.3	1.1e-293	821
Bra039090	AT3G27230	88.8	7.58e-268	729
Bra039091	AT3G27160	84	1.12e-60	187
Bra039094	AT3G27050	92.2	7.91e-112	315
Bra039095	AT3G27020	94.1	0	1287
Bra039097	AT3G27000	99	1.38e-293	792
Bra039099	AT3G26980	93.3	1.57e-77	224
Bra039104	AT3G26934	59.4	1.21e-25	92.8
Bra039105	AT3G01650	76.1	3.15e-249	687
Bra039106	AT3G01630	86.5	0	890
Bra039110	AT3G01520	84	6.29e-105	297
Bra039111	AT3G01516	69.4	1.6e-73	219
Bra039113	AT3G01500	93.8	1.94e-216	593
Bra039114	AT3G01490	91.5	3.97e-276	750
Bra039115	AT3G01480	85.6	2.19e-257	704
Bra039116	AT3G01470	65.6	4.65e-103	300
Bra039118	AT3G01440	82.1	2.4e-128	360
Bra039120	AT3G01420	85.1	0	1140
Bra039122	AT3G01380	92.9	0	1822
Bra039123	AT3G01370	81.9	0	1539
Bra039124	AT3G01360	84.7	4.71e-187	517
Bra039125	AT3G01350	85.6	0	888
Bra039127	AT3G01330	71.6	2.97e-170	478
Bra039128	AT3G01311	72.2	2.83e-134	380
Bra039130	AT3G01290	95.4	1.1e-190	523
Bra039132	AT3G01250	73.2	2.37e-69	206
Bra039133	AT3G01240	64.6	6.69e-47	147
Bra039134	AT3G01230	55.2	1.07e-31	108
Bra039135	AT3G01220	84.5	5.31e-137	387
Bra039137	AT3G01190	88.5	1.14e-207	569
Bra039138	AT3G01180	81	0	1234
Bra039139	AT3G01170	77.7	4.32e-114	324
Bra039140	AT3G01160	60.4	1.74e-198	577
Bra039141	AT3G01150	91.5	7.19e-262	713
Bra039142	AT3G01140	76	2.03e-182	508
Bra039145	AT3G01100	90.4	0	1254
Bra039146	AT3G01090	94.3	0	954
Bra039149	AT3G01040	93.6	0	1014
Bra039150	AT3G02080	98.6	4.16e-102	288
Bra039151	AT3G02090	91.5	0	882
Bra039152	AT3G02100	80.2	2.65e-258	708
Bra039155	AT3G02110	91.3	0	903
Bra039156	AT3G02125	60.8	1.09e-121	354
Bra039158	AT3G02150	68.5	3.15e-138	394
Bra039159	AT3G02160	70.9	4.75e-175	492
Bra039161	AT3G02190	94.1	9.48e-32	103
Bra039162	AT3G02200	86.5	1.79e-256	701
Bra039163	AT3G02210	89.2	0	874
Bra039164	AT3G02220	83	8.57e-122	344
Bra039165	AT3G02230	97.5	2.12e-274	741
Bra039167	AT3G02260	90	0	8455
Bra039168	AT3G02290	84.7	2.25e-134	379
Bra039169	AT3G02300	94.7	0	914
Bra039172	AT3G02360	96.5	0	941
Bra039175	AT3G02450	81.2	0	933
Bra039178	AT3G02610	89.7	1.25e-260	710
Bra039179	AT3G02600	89.1	1.41e-232	635
Bra039180	AT3G02580	90.1	9.77e-195	533
Bra039181	AT3G02570	92.3	2.39e-291	790
Bra039182	AT3G02560	90	1.09e-118	334
Bra039185	AT2G23140	86.6	0	1021
Bra039186	AT2G23170	90.6	0	1069
Bra039187	AT2G23180	85.7	0	902
Bra039189	AT2G23190	85.6	1.13e-317	864
Bra039190	AT2G23200	67.9	0	1067
Bra039192	AT2G23260	77.2	4.64e-256	703
Bra039196	AT2G23360	71.1	0	1062
Bra039197	AT2G23370	59.1	9.85e-119	342
Bra039198	AT2G23420	94.4	0	1064
Bra039199	AT2G23430	52.4	6.38e-41	135
Bra039200	AT2G23440	70.2	2e-31	104
Bra039201	AT2G23450	77	0	1084
Bra039206	AT2G23600	80.4	1.12e-157	439
Bra039207	AT2G23640	75	8.46e-108	307
Bra039211	AT2G23755	69.2	1.48e-44	145
Bra039212	AT2G23760	65.9	7.6e-230	652
Bra039214	AT2G23790	84	6.93e-194	536
Bra039216	AT2G23800	87	1.52e-208	575
Bra039218	AT2G23820	77.5	5.58e-135	380
Bra039219	AT2G23960	90.1	7.85e-144	407
Bra039220	AT2G23970	87.1	1.17e-163	452
Bra039223	AT2G24000	61.2	3.92e-204	573
Bra039224	AT2G24020	83.3	2.23e-91	264
Bra039225	AT5G04010	52.3	3.49e-88	263
Bra039229	AT2G24100	73.2	9.22e-215	598
Bra039230	AT2G24120	90.3	0	1750
Bra039232	AT2G24130	86.7	0	1125
Bra039233	AT2G24140	64.5	1.59e-113	331
Bra039234	AT2G24150	78.3	7.81e-198	546
Bra039235	AT2G24170	93.8	0	1191
Bra039236	AT2G24180	85.2	1.1e-315	858
Bra039238	AT2G24220	88.8	1.16e-213	603
Bra039241	AT2G24240	94.3	0	878
Bra039252	AT1G61050	71.3	2.1e-196	551
Bra039261	AT2G46735	70.4	1.64e-68	204
Bra039263	AT2G46700	87.6	0	1030
Bra039267	AT2G46660	88.3	0	944
Bra039271	AT2G46600	85.2	2.52e-76	222
Bra039273	AT2G46580	84.8	5.74e-129	360
Bra039274	AT2G46570	88.4	0	1057
Bra039277	AT2G46540	93.8	4.54e-36	115
Bra039281	AT2G46495	79.1	1.2e-219	604
Bra039282	AT2G46494	73.6	1.29e-155	438
Bra039285	AT2G46230	87.2	4.93e-129	360
Bra039290	AT2G46090	82.7	1.89e-223	613
Bra039291	AT2G46080	89.6	2.06e-220	603
Bra039292	AT2G46070	94.9	1.78e-266	724
Bra039294	AT2G46040	61.9	6.55e-242	674
Bra039295	AT2G46030	96.1	4.11e-105	301
Bra039297	AT2G46000	79.6	2.61e-100	288
Bra039299	AT2G42395	59.4	1.52e-24	90.1
Bra039308	AT2G45860	97.1	1.23e-14	62
Bra039309	AT2G45850	80.9	1.15e-142	407
Bra039311	AT2G45820	68.7	1.52e-58	181
Bra039312	AT2G45810	90.6	4.06e-317	863
Bra039320	AT2G45740	96.6	3.02e-159	440
Bra039321	AT2G45730	85.5	4.18e-265	725
Bra039322	AT2G45700	78	0	1059
Bra039325	AT2G45620	67.6	0	943
Bra039326	AT2G45590	69.8	8.13e-283	791
Bra039328	AT2G45570	79	2.9e-290	794
Bra039331	AT2G45520	71.8	4.9e-86	253
Bra039332	AT2G45500	74.1	1.4e-235	652
Bra039334	AT2G45480	70.6	4.88e-191	536
Bra039337	AT2G45440	90.4	1.28e-252	687
Bra039338	AT2G45430	92.2	6.46e-178	493
Bra039340	AT3G12730	84.7	6.22e-135	378
Bra039344	AT3G12820	73.6	9.1e-118	335
Bra039345	AT3G12830	87.1	3.24e-76	221
Bra039346	AT3G12870	87.4	1.97e-116	329
Bra039351	AT3G12890	83.7	2.25e-147	411
Bra039353	AT3G12910	84.1	7.19e-176	488
Bra039354	AT3G12920	77	2.96e-171	478
Bra039355	AT3G12930	83.2	1.53e-138	387
Bra039356	AT3G12950	95	0	1052
Bra039357	AT3G12955	87.9	1.11e-82	238
Bra039358	AT3G12960	80.7	1.44e-42	133
Bra039359	AT3G12980	77.2	0	2378
Bra039364	AT3G13040	77.7	1.85e-203	569
Bra039365	AT3G13050	81.8	7.26e-291	795
Bra039366	AT3G13060	84.7	0	1023
Bra039369	AT3G13090	83.4	0	2389
Bra039372	AT3G13150	74.8	1.68e-87	278
Bra039374	AT3G13170	90	4.54e-242	660
Bra039376	AT3G13180	92.7	0	956
Bra039378	AT3G13220	93	0	1258
Bra039380	AT3G13224	72.7	9.19e-150	426
Bra039381	AT3G13225	68.7	0	1015
Bra039382	AT3G13226	65.3	3.02e-162	459
Bra039384	AT3G13310	79.4	9.05e-81	235
Bra039394	AT3G13570	79.4	2.65e-129	366
Bra039398	AT2G29880	63	3.52e-128	367
Bra039402	AT3G13440	80.8	1.06e-144	408
Bra039404	AT3G05860	52.8	6.9e-96	283
Bra039408	AT3G05830	82.9	6.52e-122	354
Bra039409	AT3G05800	79.7	2.3e-88	258
Bra039412	AT3G05750	66.6	5.14e-294	833
Bra039413	AT3G05740	90.2	0	1015
Bra039414	AT3G05730	64	8.89e-33	108
Bra039415	AT3G05725	83.9	6.03e-77	223
Bra039416	AT3G05720	71.1	3.01e-208	587
Bra039417	AT3G05710	86.6	1.85e-185	513
Bra039419	AT3G05620	88.2	0	975
Bra039421	AT3G05610	87.5	0	1072
Bra039422	AT3G05600	88.2	5.48e-232	632
Bra039427	AT3G05570	86.7	2.5e-51	155
Bra039431	AT3G05530	99.8	2.95e-299	810
Bra039435	AT3G05480	82.8	1.33e-266	729
Bra039436	AT3G05470	79.6	0	1188
Bra039437	AT3G05460	60.3	5.54e-13	60.5
Bra039438	AT3G05450	56.5	4.38e-50	168
Bra039439	AT3G05420	91	0	1177
Bra039440	AT3G05410	89	2.99e-113	323
Bra039442	AT3G05390	88.8	2.15e-312	846
Bra039443	AT3G05380	76.5	0	1426
Bra039444	AT3G05350	89.3	0	1247
Bra039445	AT3G05340	80.5	2.02e-251	698
Bra039448	AT3G05270	73.4	6.48e-209	605
Bra039449	AT3G05250	63.2	8.91e-112	321
Bra039450	AT3G05240	78.9	0	928
Bra039451	AT3G05230	91	6.27e-111	312
Bra039453	AT3G05210	81.5	3.65e-216	598
Bra039454	AT3G05200	80.2	9.41e-206	570
Bra039455	AT3G05180	82.9	2.31e-230	632
Bra039457	AT3G05160	82.4	8.66e-273	746
Bra039458	AT3G05140	82.7	1.35e-301	822
Bra039462	AT3G42950	86.3	0	879
Bra039463	AT3G05100	86.9	2.64e-208	572
Bra039464	AT3G05090	91.3	0	1202
Bra039465	AT3G05070	83	9.55e-66	196
Bra039469	AT3G05030	92.3	0	977
Bra039472	AT4G08630	69.7	0	895
Bra039473	AT3G05000	98.8	6.24e-123	343
Bra039474	AT3G04980	54.8	9.47e-273	813
Bra039475	AT3G04970	82.5	6.54e-217	599
Bra039477	AT3G04960	65.5	6.64e-92	293
Bra039480	AT4G13330	79.8	2.9e-256	701
Bra039481	AT3G24535	68.9	1.18e-69	208
Bra039482	AT5G35220	84.2	0	897
Bra039485	AT5G35840	88.5	0	1918
Bra039486	AT5G35910	75.6	0	1244
Bra039488	AT5G36120	75.8	7.19e-83	242
Bra039489	AT5G36160	85.7	1.28e-275	749
Bra039492	AT1G64870	65	1.37e-133	380
Bra039494	AT5G36170	86.7	9.2e-270	738
Bra039495	AT5G36220	88	0	891
Bra039496	AT5G36230	94.1	2.66e-278	756
Bra039500	AT5G14280	52.7	5.17e-62	198
Bra039502	AT5G37180	92.2	0	1555
Bra039503	AT5G37260	76	2.22e-140	398
Bra039504	AT1G10230	65.6	1.93e-62	189
Bra039511	AT5G44460	87.2	1.41e-105	300
Bra039516	AT5G44550	87.4	1.94e-113	321
Bra039517	AT5G44610	72.5	1.31e-10	59.3
Bra039524	AT5G44680	83.7	3.75e-188	532
Bra039526	AT5G44710	92.2	6.17e-62	183
Bra039527	AT2G40560	54.1	3.7e-89	268
Bra039529	AT5G45020	89.2	7.76e-229	623
Bra039530	AT5G45040	79.4	4.4e-101	288
Bra039533	AT5G45100	66.2	8.72e-118	340
Bra039538	AT3G59380	81.8	6.68e-154	434
Bra039540	AT4G15530	94.3	0	1629
Bra039541	AT4G15520	93.2	1.63e-153	424
Bra039542	AT4G15510	88	3.11e-147	413
Bra039543	AT3G21540	78.6	0	986
Bra039545	AT4G15490	83.2	1.64e-302	823
Bra039548	AT4G15450	75.1	2.46e-183	512
Bra039553	AT4G15415	92.9	2.98e-300	819
Bra039554	AT4G15396	76.7	1.59e-275	754
Bra039555	AT4G15390	77.1	9.23e-243	668
Bra039557	AT4G15280	73.8	1.89e-250	692
Bra039558	AT4G15248	80.2	7.99e-53	160
Bra039559	AT4G15240	84.5	8.53e-300	816
Bra039565	AT4G15120	72.1	3.35e-65	198
Bra039566	AT4G15080	84.4	0	1102
Bra039574	AT1G36150	60.8	2.75e-39	135
Bra039579	AT1G36730	86.4	6.92e-196	550
Bra039603	AT2G18510	86.1	6.93e-168	472
Bra039604	AT2G18500	68.1	2.67e-124	358
Bra039607	AT2G18470	89	1.05e-258	723
Bra039611	AT2G18410	88.1	2.47e-235	644
Bra039613	AT2G18390	98.9	1.1e-131	366
Bra039616	AT2G18340	52.9	9.82e-16	79
Bra039617	AT2G18328	80.5	1.23e-42	132
Bra039618	AT2G18300	76.2	1.15e-152	432
Bra039620	AT2G18280	87.1	8.88e-245	669
Bra039622	AT2G18260	82	1.84e-162	453
Bra039623	AT2G18250	89.6	2.61e-96	276
Bra039625	AT2G18240	72.2	6.32e-102	293
Bra039628	AT2G18220	83.3	0	991
Bra039631	AT2G18160	87.1	1.29e-72	215
Bra039637	AT4G08280	78.5	3.6e-61	183
Bra039647	AT1G50030	92.7	0	4486
Bra039652	AT1G49850	72.1	5.6e-116	331
Bra039656	AT1G53160	76.5	7.19e-83	242
Bra039657	AT1G53163	69	5.29e-102	299
Bra039659	AT1G53190	74.4	1.55e-249	688
Bra039665	AT1G53250	70.6	9.39e-139	398
Bra039667	AT1G53380	83	9.66e-262	717
Bra039668	AT1G53390	84.2	0	1814
Bra039672	AT1G53450	79.7	3.17e-266	728
Bra039674	AT1G53490	73.8	1.87e-171	478
Bra039676	AT1G53510	85	0	986
Bra039678	AT1G53520	74.8	3.6e-138	390
Bra039679	AT1G79930	88.7	0	1403
Bra039680	AT1G53560	71.2	6.45e-79	230
Bra039682	AT1G53600	78.4	7.43e-252	714
Bra039683	AT1G53670	82.4	2.47e-121	341
Bra039686	AT5G25030	63.2	2.09e-74	223
Bra039688	AT1G53750	99.3	3.15e-311	840
Bra039689	AT1G53760	83.8	1.64e-161	448
Bra039691	AT1G53770	75.4	1.2e-308	846
Bra039692	AT1G53800	73.5	1.56e-268	742
Bra039694	AT1G53840	81	0	911
Bra039697	AT1G53875	74	2.15e-104	299
Bra039699	AT1G53880	87.3	9.75e-232	635
Bra039700	AT1G53903	82.5	5.29e-72	210
Bra039704	AT4G14970	82.4	0	2310
Bra039706	AT4G14950	93.2	1.17e-243	665
Bra039707	AT4G14930	85.7	1.96e-192	530
Bra039708	AT4G14880	96.6	5.18e-221	603
Bra039715	AT4G14750	85.5	1.5e-177	501
Bra039721	AT4G14660	86.5	9.42e-116	325
Bra039723	AT4G14640	86.1	4.04e-44	142
Bra039725	AT3G22950	96.1	2.14e-128	357
Bra039727	AT4G14630	90	8.53e-140	389
Bra039730	AT4G14615	92	1.69e-44	137
Bra039731	AT4G14570	83.7	0	1328
Bra039733	AT1G65620	95.5	5.82e-137	380
Bra039735	AT5G49630	90.9	0	878
Bra039737	AT1G65690	77.9	1.55e-124	353
Bra039740	AT1G65820	69.5	2.97e-91	262
Bra039742	AT1G65840	93.8	0	936
Bra039743	AT1G66120	80.1	0	956
Bra039745	AT1G65910	79.6	1.17e-307	845
Bra039746	AT1G65930	98	3.49e-305	823
Bra039747	AT1G65980	96.9	1.82e-112	315
Bra039750	AT1G66140	74.4	2.33e-115	331
Bra039752	AT1G66160	71.6	2.65e-206	575
Bra039753	AT1G66170	74.1	0	1102
Bra039754	AT1G66190	66.9	4.01e-80	241
Bra039756	AT1G66200	92.9	4.32e-262	710
Bra039757	AT1G66250	91.4	0	879
Bra039759	AT2G01918	70.7	4.78e-79	239
Bra039761	AT1G66345	70.8	3.3e-110	338
Bra039762	AT1G66350	85.4	1.05e-298	815
Bra039768	AT4G08160	86.1	0	1247
Bra039773	AT4G06676	83	3.8e-184	509
Bra039774	AT4G06744	70.8	5.12e-163	462
Bra039779	AT3G53380	87.9	0	1225
Bra039780	AT3G53390	75.9	9.75e-305	835
Bra039786	AT3G53400	81.4	1.2e-271	743
Bra039787	AT3G53430	99.4	2.11e-113	318
Bra039799	AT3G53520	88	6.2e-285	775
Bra039807	AT3G53610	97.7	8.1e-149	412
Bra039811	AT3G53700	91	4.96e-120	377
Bra039812	AT3G53710	80.6	6.09e-250	687
Bra039816	AT3G32980	91	6.65e-235	641
Bra039818	AT2G14750	88.4	2.08e-178	491
Bra039819	AT2G14760	68.5	3.21e-149	423
Bra039820	AT2G14820	87.1	0	1041
Bra039821	AT2G14825	88.4	1.09e-96	274
Bra039822	AT2G14835	90.9	9.39e-232	632
Bra039823	AT5G26000	69.4	7.1e-286	786
Bra039826	AT2G14850	66.7	5.73e-119	342
Bra039829	AT2G14890	63.9	3.54e-11	58.5
Bra039830	AT2G14900	79.6	2.95e-58	174
Bra039831	AT2G14910	80.7	1.32e-204	567
Bra039832	AT2G14960	93.7	0	1115
Bra039836	AT2G15300	72.5	1.26e-300	838
Bra039837	AT2G15320	90	2.29e-133	386
Bra039840	AT2G15440	78.5	5.31e-130	373
Bra039843	AT2G15590	76.4	2.54e-73	216
Bra039845	AT2G15680	82.2	8.01e-106	301
Bra039846	AT4G00893	59.8	1.08e-149	427
Bra039847	AT2G15760	78.8	9.22e-155	434
Bra039851	AT2G16190	51.6	1.65e-94	280
Bra039852	AT2G16230	86.6	1.42e-279	765
Bra039855	AT4G14550	84.3	1.06e-130	367
Bra039856	AT4G14500	87.7	1.39e-279	761
Bra039857	AT3G50710	55.2	1.78e-157	449
Bra039858	AT4G14480	87.1	4.74e-297	809
Bra039859	AT4G14455	92.4	1.91e-81	234
Bra039860	AT4G14430	86.3	7.96e-143	399
Bra039861	AT4G14420	92.4	2.59e-101	287
Bra039862	AT1G30545	79.2	1.65e-133	374
Bra039863	AT1G30560	89.4	0	893
Bra039865	AT1G30580	96.4	3.33e-283	766
Bra039868	AT1G30800	73.3	7.63e-108	310
Bra039873	AT1G30880	89.1	3.93e-62	185
Bra039874	AT1G30890	92	2.46e-180	496
Bra039878	AT1G30950	90.3	3.05e-295	801
Bra039888	AT1G42430	90	6e-264	720
Bra039893	AT2G17940	62.1	9.93e-67	203
Bra039894	AT2G17950	72.6	6.2e-131	373
Bra039904	AT2G17972	79.3	1.46e-82	240
Bra039905	AT2G17975	79.7	2.76e-134	379
Bra039906	AT2G17990	80.5	1.09e-161	454
Bra039907	AT2G18000	70	5.15e-127	360
Bra039911	AT2G18020	96.9	2.33e-185	508
Bra039914	AT5G32450	74.3	1.71e-119	342
Bra039917	AT2G18120	72.6	3.93e-108	309
Bra039920	AT2G18150	88.4	9.7e-213	583
Bra039921	AT2G22630	84.6	6.06e-106	304
Bra039927	AT2G22770	79.8	1.56e-160	450
Bra039934	AT2G22790	67.6	3.14e-140	398
Bra039935	AT2G22795	70.9	1.26e-31	131
Bra039937	AT2G22880	69.1	2.25e-53	163
Bra039938	AT2G22900	87.6	3.45e-315	852
Bra039939	AT5G49160	71.3	0	2073
Bra039940	AT2G22950	94.6	0	1866
Bra039942	AT2G23070	89.6	3.86e-273	744
Bra039943	AT2G23090	94.9	6.95e-48	145
Bra039944	AT2G23093	86	3.89e-287	781
Bra039945	AT2G47130	85.7	2.17e-151	422
Bra039946	AT2G23120	64.8	2.34e-23	84.3
Bra039947	AT3G22380	75.4	0	1627
Bra039948	AT3G22400	91.7	0	1644
Bra039949	AT3G22410	84.8	4.37e-241	660
Bra039952	AT3G22420	73.3	8.28993e-320	880
Bra039954	AT3G22430	72.2	6.77e-232	646
Bra039956	AT3G22490	88.5	2.02e-156	435
Bra039957	AT3G22510	79.1	1.19e-58	177
Bra039958	AT3G22520	78.9	1.45e-301	830
Bra039959	AT3G22530	76.9	1.41e-93	270
Bra039962	AT3G22550	82.8	1.14e-151	423
Bra039964	AT2G29125	72.2	9.32e-32	107
Bra039965	AT2G29190	77.9	0	993
Bra039969	AT2G30670	86.7	2.67e-159	442
Bra039971	AT2G29340	83.9	1.93e-160	447
Bra039976	AT2G29350	83.8	4.32e-155	432
Bra039979	AT2G29410	83	4.04e-191	531
Bra039980	AT2G29420	85	7.2e-139	387
Bra039982	AT2G29460	82.1	1.15e-134	377
Bra039983	AT2G29470	84.4	2.07e-136	381
Bra039984	AT2G29480	88.6	1.66e-145	404
Bra039985	AT2G29540	75.3	1.87e-39	127
Bra039986	AT2G29530	68.6	1.28e-46	144
Bra039988	AT2G29580	81.5	1.76e-253	697
Bra039998	AT2G29735	67.3	2.88e-55	167
Bra039999	AT1G33120	95.9	1.8e-130	363
Bra040001	AT1G33110	93.7	0	901
Bra040010	AT1G33240	75.8	7.84e-231	654
Bra040011	AT1G33250	85.6	0	949
Bra040013	AT1G33260	84.5	1.07e-210	579
Bra040019	AT3G07620	93.5	2.71e-270	743
Bra040020	AT3G07650	84.1	3.55e-201	557
Bra040021	AT3G07660	78.2	0	1165
Bra040022	AT3G07670	91.9	0	916
Bra040023	AT3G07680	96.2	2.17e-147	407
Bra040025	AT3G07750	93.3	2.66e-185	510
Bra040027	AT3G07770	88	0	1348
Bra040028	AT3G07780	87.2	7.94e-316	863
Bra040029	AT3G07790	83.3	1.05e-288	790
Bra040030	AT3G07800	84.5	4.38e-138	386
Bra040031	AT3G07810	82.2	3.14e-263	724
Bra040032	AT3G07820	91.5	2.14e-272	739
Bra040037	AT3G07880	93.9	3.14e-125	353
Bra040043	AT3G07960	95.1	0	1019
Bra040044	AT3G25080	57.3	1.42e-46	151
Bra040045	AT3G08020	79.8	0	1147
Bra040048	AT3G08505	79.2	1.19e-177	493
Bra040050	AT3G08550	94	0	942
Bra040054	AT3G08680	85.2	0	907
Bra040059	AT3G08790	79	0	927
Bra040061	AT3G08870	74.5	0	1009
Bra040062	AT3G08880	68.7	6.11e-87	253
Bra040066	AT4G32140	90.4	3.37e-247	677
Bra040067	AT4G32150	94.5	5.41e-142	395
Bra040068	AT4G32175	87.1	3.99e-148	412
Bra040069	AT4G32180	95.7	0	1701
Bra040073	AT4G32272	86.3	6.1e-214	588
Bra040078	AT4G32440	72.3	5.82e-178	498
Bra040079	AT4G32470	91	8.64e-76	219
Bra040080	AT4G32520	89.4	0	943
Bra040085	AT4G32551	83.8	0	1350
Bra040086	AT4G32570	80.2	6.16e-197	545
Bra040089	AT4G38170	70.4	9.5e-196	552
Bra040092	AT4G16750	85.2	2e-102	291
Bra040093	AT4G16760	93.1	0	1260
Bra040094	AT4G16780	91.2	7.8e-179	493
Bra040095	AT4G16790	62.8	2.15e-156	452
Bra040100	AT4G16830	65.2	3.98e-106	314
Bra040101	AT4G16850	88.9	1.01e-179	501
Bra040102	AT4G16970	70.3	0	1164
Bra040104	AT4G17000	61.3	2.17e-228	647
Bra040105	AT4G17010	78.1	3.95e-73	216
Bra040106	AT4G17020	91.4	4.12e-307	833
Bra040107	AT4G17030	90	1.97e-173	477
Bra040108	AT4G17040	96.1	3.16e-202	554
Bra040110	AT4G17060	82	1.09e-137	395
Bra040111	AT4G17070	83.7	6.96e-222	607
Bra040113	AT3G05150	92.6	1.27e-311	845
Bra040115	AT3G04920	98.5	2.38e-85	244
Bra040120	AT3G04790	89.5	2.57e-168	466
Bra040131	AT4G38130	91.8	0	941
Bra040133	AT3G04590	73.5	5.09e-138	399
Bra040134	AT3G04580	94.1	0	1389
Bra040136	AT3G04550	78.8	5.91e-241	664
Bra040139	AT3G04350	82.9	0	1001
Bra040141	AT3G04300	91.7	7.46e-65	190
Bra040142	AT3G04260	91.6	0	1563
Bra040143	AT2G43220	51.8	1.27e-191	549
Bra040144	AT3G04240	95.6	0	1053
Bra040145	AT5G18380	91.8	6.58e-96	272
Bra040147	AT3G04110	71.3	0	1051
Bra040152	AT3G04070	82.3	1.88e-209	577
Bra040156	AT1G52415	74.3	1.73e-63	188
Bra040157	AT4G28400	88.6	3.38e-185	509
Bra040158	AT4G17490	72	8.12e-134	379
Bra040160	AT4G17510	90.5	2.87e-153	424
Bra040163	AT4G17540	86.1	3.19e-148	417
Bra040164	AT4G17550	85.8	0	901
Bra040165	AT4G17565	54.2	7.98e-133	384
Bra040168	AT4G17610	85.2	0	3031
Bra040171	AT4G17640	78.2	7.91e-159	442
Bra040176	AT4G17695	76.3	1.8e-148	419
Bra040178	AT4G17730	86.9	3.01e-115	331
Bra040179	AT4G17750	72	3.64e-222	618
Bra040181	AT4G17785	74.7	5.11e-191	530
Bra040182	AT4G17790	88.8	2.16e-157	437
Bra040183	AT4G17800	94.2	4.27e-150	421
Bra040184	AT3G04570	83	2.96e-154	434
Bra040185	AT3G04560	81.1	2.14e-202	563
Bra040186	AT3G04530	85.5	7.9e-179	493
Bra040187	AT3G04520	92.1	8.11e-236	644
Bra040188	AT3G04510	89.6	7.15e-128	357
Bra040189	AT3G04500	92.5	2.62e-133	374
Bra040190	AT3G04490	92.2	0	2100
Bra040195	AT3G04460	73.8	1.24e-153	438
Bra040196	AT3G04450	66.6	2.61e-152	437
Bra040197	AT3G04380	75.2	2.83e-266	750
Bra040198	AT3G04360	84	1.72e-187	524
Bra040200	AT1G65120	55.2	0	1184
Bra040201	AT3G04340	86.6	0	2156
Bra040211	AT3G04140	83.4	0	901
Bra040212	AT3G04130	78.1	2.18e-211	594
Bra040215	AT3G05520	92.9	7.18e-209	574
Bra040216	AT3G05500	93.5	9.65e-147	409
Bra040218	AT3G05440	51.9	1.92e-58	178
Bra040221	AT3G06400	96.5	0	1773
Bra040224	AT3G06360	76.2	3.64e-49	152
Bra040225	AT3G06350	87.1	0	996
Bra040232	AT3G06180	84.7	9.07e-110	313
Bra040237	AT3G06010	88.9	0	1823
Bra040238	AT3G05990	78.2	2.58e-299	818
Bra040243	AT3G05950	93.4	1.56e-155	430
Bra040244	AT3G05930	82.2	4.46e-127	357
Bra040247	AT3G05890	94.4	2.87e-30	99.8
Bra040250	AT3G05850	78.3	0	1206
Bra040252	AT3G05820	84.7	0	1101
Bra040257	AT1G45688	90.4	4.23e-200	552
Bra040260	AT1G45249	75.7	2.69e-186	521
Bra040261	AT1G45233	76.7	3.36e-226	626
Bra040262	AT1G45231	68.9	4.1e-237	663
Bra040271	AT3G06440	78.6	3.06e-278	766
Bra040274	AT3G06490	87.3	7.18e-198	545
Bra040279	AT3G06600	69.2	4.52e-72	216
Bra040280	AT3G06610	92.2	5.76e-64	189
Bra040281	AT3G06620	86.5	0	1279
Bra040283	AT3G36659	79.1	1.07e-73	228
Bra040284	AT3G06660	63.1	1.32e-150	431
Bra040285	AT3G06670	87.7	0	1392
Bra040286	AT3G06700	93.4	3.45e-36	115
Bra040287	AT3G06730	86.9	6.19e-109	308
Bra040288	AT3G06740	66	1.22e-53	165
Bra040292	AT3G06790	85.5	6.39e-138	387
Bra040294	AT3G06840	76.7	8.24e-93	268
Bra040297	AT3G06868	70.3	6.65e-129	373
Bra040298	AT3G06910	67.9	2.07e-191	540
Bra040299	AT3G06960	80	7.69e-281	767
Bra040300	AT4G19570	52	5.24e-104	317
Bra040301	AT1G44900	92.7	0	1668
Bra040305	AT1G44890	66.4	2.4e-116	336
Bra040306	AT1G44835	83.9	1.4e-170	474
Bra040309	AT1G44830	78.6	1.03e-85	251
Bra040311	AT2G45420	86	3.93e-130	368
Bra040313	AT2G45400	85	2.13e-205	567
Bra040314	AT2G45360	87.3	7.34e-131	367
Bra040322	AT2G45190	89.3	2.79e-150	417
Bra040323	AT2G45140	89.2	4e-147	409
Bra040324	AT2G45130	87.8	1.75e-149	416
Bra040329	AT2G45050	80.2	5.03e-121	345
Bra040330	AT2G44990	88.9	0	1090
Bra040331	AT2G44970	86.2	7.48e-291	794
Bra040332	AT2G44950	86	0	1378
Bra040334	AT2G44925	50.5	1.67e-24	91.7
Bra040336	AT2G44900	82.4	0	1030
Bra040337	AT2G44850	73.8	5.04e-140	400
Bra040341	AT4G13430	94.5	0	967
Bra040347	AT4G13700	89.6	1.18e-304	830
Bra040358	AT3G07070	90	6.66e-271	738
Bra040362	AT3G07120	65.3	1.39e-105	313
Bra040368	AT3G07270	83.1	1.71e-273	747
Bra040370	AT3G07290	81.1	3.01e-148	458
Bra040376	AT3G07410	94	1.32e-140	391
Bra040381	AT1G36060	75.6	4.58e-155	436
Bra040386	AT1G36980	99.3	4.31e-99	285
Bra040388	AT1G38131	91.3	0	1064
Bra040394	AT3G04630	78	1.16e-119	343
Bra040398	AT3G04730	91.9	4.21e-153	424
Bra040399	AT4G11510	51.8	2.51e-16	66.6
Bra040401	AT3G04740	83.9	0	2700
Bra040402	AT3G04750	77.7	0	964
Bra040403	AT3G04760	54.7	2.35e-46	171
Bra040405	AT3G04780	96.6	6.71e-124	345
Bra040409	AT4G34670	93.1	5.18e-175	482
Bra040410	AT3G04860	84.5	1.06e-182	503
Bra040411	AT3G04870	93.4	0	1051
Bra040412	AT3G04880	86.5	1.68e-188	520
Bra040413	AT3G04890	76.6	1.5e-89	262
Bra040414	AT3G04910	85.1	0	1162
Bra040416	AT3G04930	72.8	4.6e-202	565
Bra040418	AT3G04945	61.5	3.28e-23	82.4
Bra040419	AT3G63000	90.8	3.52e-274	745
Bra040420	AT3G63010	91.3	2.48e-249	678
Bra040421	AT3G63030	79.9	1.16e-103	303
Bra040423	AT3G63050	52.7	2.21e-30	106
Bra040424	AT1G59560	58.8	4.14e-135	387
Bra040426	AT3G63070	76.9	0	1502
Bra040427	AT3G63190	83.9	3.76e-124	355
Bra040428	AT3G63200	87.3	8.38e-243	664
Bra040431	AT3G63110	84.2	1.15e-203	560
Bra040432	AT3G63130	74.1	1.49e-164	477
Bra040433	AT3G63140	86.5	4.69e-235	645
Bra040434	AT3G63150	91.1	0	1164
Bra040435	AT3G63170	82.7	2.6e-151	424
Bra040436	AT3G63180	62.8	0	991
Bra040437	AT3G63210	70.5	1.64e-114	334
Bra040438	AT3G63230	50	7.31e-21	81.6
Bra040439	AT3G63250	88.9	4.13e-212	582
Bra040441	AT3G63270	88.5	3.97e-248	677
Bra040442	AT3G63280	81.3	3.44e-295	814
Bra040443	AT3G63290	68.7	4.87e-197	549
Bra040444	AT3G63300	88.1	2.47e-270	742
Bra040445	AT3G63310	94.1	2.64e-152	422
Bra040446	AT3G63340	79	0	1666
Bra040447	AT3G63400	60.2	8.28e-155	453
Bra040448	AT3G63490	80.2	1.08e-177	495
Bra040450	AT3G63530	85.9	2.95e-161	446
Bra040452	AT1G63610	76.8	2.1e-162	455
Bra040466	AT1G65240	82.6	3.09e-294	801
Bra040467	AT1G64800	65	6.13e-44	139
Bra040473	AT2G47050	86	2.19e-135	378
Bra040474	AT2G47040	83.8	0	1009
Bra040475	AT2G47000	93.1	0	2199
Bra040476	AT2G46990	87.1	2.09e-99	283
Bra040479	AT2G46860	95.8	5.09e-150	415
Bra040485	AT2G46780	83.8	2.1e-155	438
Bra040486	AT2G46770	85.8	6.26e-232	634
Bra040489	AT5G50800	87.8	3.14e-169	470
Bra040495	AT5G49660	91.2	0	1044
Bra040498	AT5G49665	80.1	0	1116
Bra040508	AT3G01300	90.2	1.31e-309	841
Bra040509	AT3G01310	94.1	0	1986
Bra040510	AT3G01320	77.4	0	1955
Bra040512	AT3G01390	92.7	7.45e-60	178
Bra040514	AT3G01410	74.8	8.23e-144	406
Bra040515	AT3G01430	73.4	4.4e-93	268
Bra040516	AT3G01435	70.7	4.34e-68	201
Bra040518	AT3G01460	79.9	0	3365
Bra040525	AT3G05727	78.5	8.33e-43	133
Bra040531	AT3G05630	89.7	0	1949
Bra040544	AT1G61610	79	0	1369
Bra040545	AT3G01660	79.9	7.02e-156	434
Bra040549	AT3G01760	86.1	6.14e-276	753
Bra040550	AT3G01840	66.5	2.94e-275	766
Bra040551	AT3G01870	77.3	1.36e-287	789
Bra040552	AT3G01900	83.5	3.67e-294	803
Bra040553	AT3G01940	98.4	1.2e-36	117
Bra040555	AT3G01960	81.3	9.32e-72	211
Bra040557	AT3G01970	76.9	4.18e-69	204
Bra040558	AT3G19340	90.1	0	869
Bra040560	AT1G53860	79.3	1.14e-230	637
Bra040561	AT1G53850	98.7	1.06e-166	459
Bra040563	AT1G53830	85.4	0	970
Bra040564	AT1G53820	73.4	3.77e-147	416
Bra040571	AT4G16310	79	0	2424
Bra040573	AT4G16370	94.8	0	1457
Bra040577	AT4G16400	60.6	2.2e-75	225
Bra040578	AT4G16420	92.4	0	884
Bra040580	AT4G16444	87.6	2.18e-105	299
Bra040591	AT3G02530	96.4	0	1013
Bra040592	AT3G02520	95	6.2e-172	474
Bra040593	AT3G02680	81.9	5.92e-288	791
Bra040594	AT3G02720	92.3	6.41e-278	753
Bra040595	AT4G14980	72.6	3.53e-243	673
Bra040597	AT3G02740	83.7	9.28e-299	814
Bra040603	AT3G02820	81.6	2.21e-136	387
Bra040604	AT3G02830	88.1	1.23e-169	479
Bra040605	AT3G02840	76.6	1.86e-193	538
Bra040606	AT3G02850	91.9	0	1415
Bra040607	AT3G02870	92.2	3.75e-175	496
Bra040608	AT3G02875	88	2.06e-284	773
Bra040609	AT3G02880	81.6	3.72e-285	791
Bra040612	AT2G15280	79.8	2.55e-99	285
Bra040613	AT2G15270	83.2	3.02e-59	183
Bra040621	AT5G43150	81.9	4.67e-55	165
Bra040624	AT1G66880	67.1	0	1377
Bra040626	AT1G66860	89.6	1.34e-279	761
Bra040627	AT1G66850	72.2	4.76e-46	142
Bra040632	AT1G66740	87.8	1.48e-114	323
Bra040636	AT2G17750	62.5	1.1e-188	528
Bra040637	AT3G05050	81.7	0	934
Bra040638	AT3G05020	80.4	2.4e-61	184
Bra040639	AT3G05170	88.9	1.54e-205	563
Bra040643	AT3G05220	68.1	3.05e-95	301
Bra040646	AT3G05320	84	8.47e-215	593
Bra040647	AT3G05330	76	1.13e-204	572
Bra040648	AT3G05345	85.8	2.46e-148	434
Bra040651	AT4G16500	68.1	2.72e-50	154
Bra040655	AT4G08330	83	1.1e-93	268
Bra040656	AT4G08320	73.1	1.51e-201	561
Bra040662	AT1G49560	63.7	3.99e-121	351
Bra040666	AT1G50190	59.1	5.77e-232	654
Bra040667	AT1G49660	77.9	3.71e-185	512
Bra040669	AT1G49750	81.5	9.14e-150	439
Bra040671	AT1G49770	60.2	2.18e-111	325
Bra040678	AT2G19520	87.6	0	885
Bra040680	AT2G19530	71.3	5.04e-88	257
Bra040681	AT2G19540	54.1	6.64e-129	377
Bra040682	AT2G19560	94.7	7.59e-285	772
Bra040685	AT3G53090	88.9	0	2026
Bra040686	AT3G53100	87.5	8.24e-228	623
Bra040687	AT3G53110	89.7	6.45e-289	790
Bra040688	AT3G53120	85.7	5.51e-117	332
Bra040689	AT3G53140	90.8	2.83e-239	652
Bra040690	AT3G53150	87	0	884
Bra040692	AT4G15140	73	1.48e-77	227
Bra040695	AT4G15093	92.9	7.21e-190	520
Bra040696	AT4G15090	82.9	0	1370
Bra040700	AT3G01680	91	0	1360
Bra040703	AT3G02030	85.6	0	1126
Bra040704	AT3G02040	84.6	1.54e-218	600
Bra040705	AT3G19330	76.1	7.78e-187	521
Bra040706	AT3G02050	86.9	0	1308
Bra040707	AT3G02060	93.9	0	1469
Bra040708	AT3G02065	84.1	8.79e-300	818
Bra040709	AT3G02070	89	2.73e-89	259
Bra040716	AT2G14620	86.6	3.39e-198	543
Bra040720	AT1G13710	90.2	0	919
Bra040722	AT1G13690	95.4	1.06e-116	327
Bra040723	AT1G13680	84.7	7.8e-215	598
Bra040725	AT1G13635	84.4	8.82e-175	485
Bra040726	AT1G13630	73.4	7.84e-66	214
Bra040728	AT1G13620	63.8	6.54e-22	80.9
Bra040733	AT4G06534	72.2	1.3e-143	416
Bra040736	AT4G16510	85	9.64e-138	385
Bra040738	AT3G60640	83.8	4.96e-67	197
Bra040741	AT4G16610	77.8	2.25e-98	283
Bra040742	AT4G16620	82.4	5.92e-204	563
Bra040743	AT4G16630	85.8	0	1133
Bra040749	AT1G47128	81.8	1.02e-278	761
Bra040752	AT1G47200	76	3.36e-67	202
Bra040753	AT1G47210	84.1	3.07e-222	610
Bra040754	AT4G12650	97.1	0	1242
Bra040756	AT4G12740	78.9	4.92e-196	554
Bra040757	AT4G12790	91.8	5.62e-183	503
Bra040762	AT2G29090	88.8	1.26e-295	805
Bra040769	AT1G32310	89	1.45e-43	136
Bra040770	AT1G32250	93.4	2.27e-108	305
Bra040771	AT2G26670	84.2	1.57e-165	459
Bra040773	AT1G29070	85.5	1.68e-78	229
Bra040776	AT1G54390	93	2.21e-148	417
Bra040781	AT1G56080	79.5	2.78e-137	390
Bra040782	AT3G33530	85.3	0	1887
Bra040783	AT4G00872	59.7	3.24e-62	189
Bra040784	AT1G14800	60	5.37e-71	231
Bra040785	AT1G56110	95.3	8.16e-305	832
Bra040788	AT5G36940	85.1	0	1021
Bra040789	AT3G20490	54.6	5.7e-153	445
Bra040791	AT1G47240	91.4	0	931
Bra040792	AT1G47230	80.5	8.73e-201	556
Bra040795	AT1G47130	63.1	7.87e-15	62.4
Bra040801	AT4G13510	93.6	0	913
Bra040802	AT4G13450	81.8	3.45e-120	340
Bra040803	AT1G76900	88.9	3.52e-284	774
Bra040805	AT2G13620	91.8	0	1453
Bra040810	AT4G13750	79.2	0	4207
Bra040812	AT1G48660	73.6	1.2e-312	856
Bra040813	AT1G53000	94.1	1.23e-197	542
Bra040816	AT2G07040	72.6	1.17e-304	841
Bra040819	AT3G26330	77.5	1.65e-290	794
Bra040821	AT3G26300	82	2.17e-308	839
Bra040822	AT2G20050	81	0	1724
Bra040823	AT4G08670	60.1	7.2e-59	183
Bra040826	AT3G22740	85.2	6.41e-187	517
Bra040828	AT3G22690	83.4	0	1302
Bra040830	AT3G22660	80.3	6.87e-152	426
Bra040831	AT3G22630	97.1	1.21e-142	395
Bra040834	AT3G22590	93	9.18e-270	734
Bra040835	AT3G22560	78.9	2.7e-92	266
Bra040837	AT4G27890	73.6	6.77e-137	388
Bra040838	AT4G27910	73	0	1481
Bra040840	AT4G27970	84.7	1.64e-304	830
Bra040849	AT1G36940	73.5	4.39e-87	254
Bra040850	AT5G39830	89.7	2.67e-269	736
Bra040851	AT5G39840	81.9	0	1262
Bra040853	AT5G39850	96.2	4.89e-125	350
Bra040854	AT1G22530	69.8	5.78e-241	684
Bra040855	AT1G22500	77.2	6.89e-213	587
Bra040857	AT1G22480	73	1.96e-74	221
Bra040858	AT1G22470	74.5	2.72e-59	180
Bra040859	AT1G47280	75.3	3.02e-32	106
Bra040860	AT1G47278	85.7	1.14e-31	105
Bra040861	AT3G23560	85.2	4.11e-288	786
Bra040863	AT5G50330	89.5	1.92e-313	850
Bra040873	AT1G44820	85.1	1.03e-283	771
Bra040883	AT4G11690	75.4	9.04e-93	295
Bra040884	AT4G11720	77.3	0	1035
Bra040885	AT4G11740	78.2	4.45e-272	752
Bra040886	AT4G11750	58.9	6.64e-149	426
Bra040892	AT3G51830	86.2	0	1049
Bra040893	AT3G51820	93.3	7.23e-261	709
Bra040895	AT3G51800	86.1	3.46e-243	665
Bra040896	AT3G51750	61.8	5.74e-25	90.1
Bra040898	AT5G21080	86.4	0	1667
Bra040902	AT5G21100	80.5	0	978
Bra040904	AT3G20370	74.1	5.17e-209	578
Bra040908	AT2G10970	76.8	1.21e-79	233
Bra040914	AT1G64530	84.3	0	1354
Bra040915	AT1G64520	95.9	5.45e-184	505
Bra040916	AT1G64510	87.1	1.69e-122	345
Bra040917	AT1G64500	83.5	3.05e-218	600
Bra040918	AT1G64490	74.2	1.08e-40	130
Bra040920	AT5G23960	77.3	1.82e-318	868
Bra040923	AT3G16390	65.5	2.53e-240	666
Bra040925	AT4G18195	87.3	7.76e-219	603
Bra040927	AT2G28900	87.2	7.04e-92	262
Bra040928	AT2G28910	87.3	4.44e-82	251
Bra040930	AT2G28940	89.8	2.58e-178	499
Bra040933	AT5G52920	91.7	0	1058
Bra040934	AT5G52950	76.8	0	1343
Bra040935	AT5G52975	79.5	2.12e-71	208
Bra040937	AT5G52980	85.8	3.21e-128	360
Bra040941	AT2G18550	77.1	1.43e-115	328
Bra040946	AT1G49510	79.3	1.96e-125	354
Bra040948	AT5G01840	62	8.24e-87	259
Bra040955	AT1G47420	84.8	2e-107	310
Bra040956	AT1G47410	72.9	5.55e-102	291
Bra040959	AT1G52590	91.3	4.49e-110	310
Bra040962	AT1G60870	93.2	6.89e-78	227
Bra040963	AT3G59930	60.4	2.8e-29	99.8
Bra040965	AT1G60920	66	5.84e-74	221
Bra040966	AT4G11680	73.2	2.06e-209	582
Bra040967	AT4G11670	85.5	0	1921
Bra040968	AT4G11660	70.8	2.9e-132	382
Bra040974	AT2G02070	85.9	6.58e-277	767
Bra040975	ATCG00660	69.8	1.52e-49	153
Bra040977	ATCG00680	91.5	0	966
Bra040978	ATCG00740	68.9	6.12e-155	442
Bra040980	ATCG00780	83	8.95e-49	153
Bra040981	ATCG00800	61.8	8.11e-98	284
Bra040982	ATCG00830	92.3	1.92e-89	261
Bra040984	AT1G17080	86.1	3.56e-93	266
Bra040991	AT1G36320	84.8	3.52e-242	664
Bra040992	AT1G36310	84.3	2.9e-202	560
Bra040996	AT4G11780	71	7.11e-195	550
Bra040997	AT4G21920	59.1	4.31e-22	84
Bra041007	AT1G44910	76.3	0	1034
Bra041008	AT1G44920	78.6	2.22e-126	360
Bra041012	AT2G28890	85	0	1059
Bra041014	AT4G26260	88.1	6.82e-208	569
Bra041018	AT1G53645	66.7	1.2e-187	535
Bra041021	AT3G05880	85.2	3.9e-30	99.4
Bra041023	AT3G11580	77.8	1.92e-138	394
Bra041025	AT1G53700	88.8	2.09e-302	823
Bra041026	AT3G62660	92.9	3.82e-255	692
Bra041027	AT3G62670	53.6	7.62e-120	355
Bra041033	AT4G14410	71.9	7.7e-123	352
Bra041034	AT3G22150	88.9	0	1454
Bra041037	AT2G47070	74.4	0	1258
Bra041038	ATCG00160	78	8.91e-114	323
Bra041042	AT2G20110	65.4	3.39e-218	614
Bra041043	AT2G20120	93.3	1.21e-173	479
Bra041046	AT4G37390	91.5	0	1077
Bra041055	ATCG01090	80.9	2.32e-81	238
Bra041065	AT3G50780	88.5	8.05e-143	408
Bra041072	AT1G11080	89.6	0	898
Bra041073	AT1G11090	84.4	1.79e-203	559
Bra041076	AT5G50690	88.5	5.34e-191	525
Bra041079	AT1G52140	86.1	3.48e-127	356
Bra041082	AT2G22140	78	2.06e-262	726
Bra041095	AT1G53320	85.8	6.06e-239	653
Bra041096	AT2G03470	65.7	3.56e-186	534
Bra041103	AT1G11915	88.4	6.66e-232	631
Bra041105	ATCG00520	80	1.58e-108	307
Bra041106	ATCG00540	87.2	2.69e-206	566
Bra041107	ATCG00580	97.6	2.32e-55	165
Bra041113	AT3G32904	58.8	7.9e-117	347
Bra041119	AT2G15780	88.5	3.52e-87	256
Bra041120	ATCG00120	85.7	5.12e-293	801
Bra041122	ATCG00350	97.2	0	1098
Bra041123	ATCG00280	94.9	3.69e-47	155
Bra041145	ATCG01240	84	1.41e-81	237
Bra041156	AT3G21680	78.2	4.91e-55	167
