pathway_id	brapa_gene	arabidopsis_agi	symbol
ath04144	Bra000005	AT2G37550	AGD7
ath00073	Bra000014	AT2G37700	AT2G37700
ath01110	Bra000014	AT2G37700	AT2G37700
ath04136	Bra000023	AT2G37840	AT2G37840
ath04142	Bra000035	AT2G38020	VCL1
ath04145	Bra000035	AT2G38020	VCL1
ath04148	Bra000035	AT2G38020	VCL1
ath00061	Bra000037	AT2G38040	CAC3
ath00620	Bra000037	AT2G38040	CAC3
ath00640	Bra000037	AT2G38040	CAC3
ath01100	Bra000037	AT2G38040	CAC3
ath01110	Bra000037	AT2G38040	CAC3
ath01200	Bra000037	AT2G38040	CAC3
ath01212	Bra000037	AT2G38040	CAC3
ath04016	Bra000052	AT2G38310	PYL4
ath04075	Bra000052	AT2G38310	PYL4
ath00250	Bra000060	AT2G38400	AGT3
ath00260	Bra000060	AT2G38400	AGT3
ath00270	Bra000060	AT2G38400	AGT3
ath00280	Bra000060	AT2G38400	AGT3
ath00630	Bra000060	AT2G38400	AGT3
ath01100	Bra000060	AT2G38400	AGT3
ath01110	Bra000060	AT2G38400	AGT3
ath01200	Bra000060	AT2G38400	AGT3
ath01210	Bra000060	AT2G38400	AGT3
ath04016	Bra000064	AT2G38470	WRKY33
ath04626	Bra000064	AT2G38470	WRKY33
ath00240	Bra000085	AT2G38680	AT2G38680
ath01100	Bra000085	AT2G38680	AT2G38680
ath01232	Bra000085	AT2G38680	AT2G38680
ath03082	Bra000097	AT2G38810	HTA8
ath04075	Bra000105	AT2G38910	CPK20
ath04626	Bra000105	AT2G38910	CPK20
ath00073	Bra000109	AT2G38995	AT2G38995
ath01110	Bra000109	AT2G38995	AT2G38995
ath00940	Bra000113	AT2G39040	AT2G39040
ath01100	Bra000113	AT2G39040	AT2G39040
ath01110	Bra000113	AT2G39040	AT2G39040
ath03013	Bra000126	AT2G39260	AT2G39260
ath03015	Bra000126	AT2G39260	AT2G39260
ath00564	Bra000127	AT2G39290	PGP1
ath01100	Bra000127	AT2G39290	PGP1
ath03010	Bra000131	AT2G39390	AT2G39390
ath00510	Bra000139	AT2G39630	AT2G39630
ath01100	Bra000139	AT2G39630	AT2G39630
ath03015	Bra000153	AT2G39840	TOPP4
ath04156	Bra000153	AT2G39840	TOPP4
ath04519	Bra000153	AT2G39840	TOPP4
ath03010	Bra000159	AT2G40010	AT2G40010
ath03020	Bra000162	AT2G40030	NRPD1B
ath00562	Bra000168	AT2G40116	AT2G40116
ath01100	Bra000168	AT2G40116	AT2G40116
ath04070	Bra000168	AT2G40116	AT2G40116
ath04141	Bra000182	AT2G40290	AT2G40290
ath04156	Bra000182	AT2G40290	AT2G40290
ath03010	Bra000193	AT2G40590	AT2G40590
ath03040	Bra000198	AT2G40650	AT2G40650
ath04075	Bra000199	AT2G40670	RR16
ath00940	Bra000211	AT2G40890	CYP98A3
ath00941	Bra000211	AT2G40890	CYP98A3
ath00945	Bra000211	AT2G40890	CYP98A3
ath01100	Bra000211	AT2G40890	CYP98A3
ath01110	Bra000211	AT2G40890	CYP98A3
ath04016	Bra000214	AT3G56800	CAM3
ath04070	Bra000214	AT3G56800	CAM3
ath04075	Bra000214	AT3G56800	CAM3
ath04626	Bra000214	AT3G56800	CAM3
ath04082	Bra000217	AT2G41190	AT2G41190
ath00562	Bra000219	AT2G41210	PIP5K5
ath01100	Bra000219	AT2G41210	PIP5K5
ath04070	Bra000219	AT2G41210	PIP5K5
ath04144	Bra000219	AT2G41210	PIP5K5
ath04075	Bra000224	AT2G41310	RR3
ath00908	Bra000229	AT2G41510	CKX1
ath01110	Bra000229	AT2G41510	CKX1
ath01100	Bra000230	AT2G41530	SFGH
ath01200	Bra000230	AT2G41530	SFGH
ath03022	Bra000232	AT2G41630	TFIIB
ath02010	Bra000236	AT2G41700	ABCA1
ath04120	Bra000249	AT2G41980	AT2G41980
ath00230	Bra000253	AT2G42070	NUDX23
ath00740	Bra000253	AT2G42070	NUDX23
ath01100	Bra000253	AT2G42070	NUDX23
ath00260	Bra000260	AT2G42490	AT2G42490
ath00350	Bra000260	AT2G42490	AT2G42490
ath00360	Bra000260	AT2G42490	AT2G42490
ath00410	Bra000260	AT2G42490	AT2G42490
ath00950	Bra000260	AT2G42490	AT2G42490
ath00960	Bra000260	AT2G42490	AT2G42490
ath01100	Bra000260	AT2G42490	AT2G42490
ath01110	Bra000260	AT2G42490	AT2G42490
ath04519	Bra000268	AT2G42590	GRF9
ath03010	Bra000285	AT2G43030	AT2G43030
ath00480	Bra000302	AT2G43350	GPX3
ath01100	Bra000302	AT2G43350	GPX3
ath00620	Bra000305	AT2G43430	GLX2-1
ath01100	Bra000305	AT2G43430	GLX2-1
ath00520	Bra000311	AT2G43590	AT2G43590
ath01100	Bra000311	AT2G43590	AT2G43590
ath00520	Bra000312	AT2G43600	AT2G43600
ath01100	Bra000312	AT2G43600	AT2G43600
ath00061	Bra000321	AT2G43710	SSI2
ath01040	Bra000321	AT2G43710	SSI2
ath01100	Bra000321	AT2G43710	SSI2
ath01212	Bra000321	AT2G43710	SSI2
ath00040	Bra000331	AT2G43860	AT2G43860
ath01100	Bra000331	AT2G43860	AT2G43860
ath00040	Bra000332	AT2G43870	AT2G43870
ath01100	Bra000332	AT2G43870	AT2G43870
ath00400	Bra000336	AT5G34930	AT5G34930
ath01100	Bra000336	AT5G34930	AT5G34930
ath01110	Bra000336	AT5G34930	AT5G34930
ath01230	Bra000336	AT5G34930	AT5G34930
ath00261	Bra000338	AT2G44040	AT2G44040
ath00300	Bra000338	AT2G44040	AT2G44040
ath01100	Bra000338	AT2G44040	AT2G44040
ath01110	Bra000338	AT2G44040	AT2G44040
ath01230	Bra000338	AT2G44040	AT2G44040
ath00500	Bra000354	AT2G44570	GH9B12
ath01100	Bra000354	AT2G44570	GH9B12
ath03008	Bra000359	AT2G44680	CKB4
ath03083	Bra000359	AT2G44680	CKB4
ath04712	Bra000359	AT2G44680	CKB4
ath03060	Bra000368	AT2G45070	SEC61_BETA
ath04141	Bra000368	AT2G45070	SEC61_BETA
ath04145	Bra000368	AT2G45070	SEC61_BETA
ath00564	Bra000374	AT2G45150	CDS4
ath01100	Bra000374	AT2G45150	CDS4
ath01110	Bra000374	AT2G45150	CDS4
ath04070	Bra000374	AT2G45150	CDS4
ath04136	Bra000376	AT2G45170	ATG8E
ath04145	Bra000376	AT2G45170	ATG8E
ath04156	Bra000376	AT2G45170	ATG8E
ath04130	Bra000379	AT2G45200	GOS12
ath04075	Bra000380	AT2G45210	SAUR36
ath00040	Bra000382	AT2G45220	AT2G45220
ath01100	Bra000382	AT2G45220	AT2G45220
ath00400	Bra000384	AT2G45300	AT2G45300
ath01100	Bra000384	AT2G45300	AT2G45300
ath01110	Bra000384	AT2G45300	AT2G45300
ath01230	Bra000384	AT2G45300	AT2G45300
ath00053	Bra000385	AT2G45310	GAE4
ath00520	Bra000385	AT2G45310	GAE4
ath01100	Bra000385	AT2G45310	GAE4
ath01240	Bra000385	AT2G45310	GAE4
ath01250	Bra000385	AT2G45310	GAE4
ath00563	Bra000387	AT4G17910	AT4G17910
ath01100	Bra000387	AT4G17910	AT4G17910
ath00564	Bra000394	AT2G45670	AT2G45670
ath00565	Bra000394	AT2G45670	AT2G45670
ath01100	Bra000394	AT2G45670	AT2G45670
ath04122	Bra000397	AT2G45695	AT2G45695
ath03082	Bra000409	AT2G46020	BRM
ath03010	Bra000413	AT1G14620	DECOY
ath04075	Bra000421	AT2G46370	JAR1
ath03060	Bra000424	AT2G46470	OXA1L
ath00020	Bra000428	AT2G46505	SDH4
ath00190	Bra000428	AT2G46505	SDH4
ath01100	Bra000428	AT2G46505	SDH4
ath01110	Bra000428	AT2G46505	SDH4
ath01200	Bra000428	AT2G46505	SDH4
ath03040	Bra000445	AT2G47250	AT2G47250
ath04141	Bra000454	AT2G47470	UNE5
ath03010	Bra000455	AT2G47610	AT2G47610
ath03082	Bra000456	AT2G47620	SWI3A
ath00520	Bra000457	AT2G47650	UXS4
ath01100	Bra000457	AT2G47650	UXS4
ath01250	Bra000457	AT2G47650	UXS4
ath00480	Bra000460	AT2G47730	GSTF8
ath01100	Bra000460	AT2G47730	GSTF8
ath00460	Bra000461	AT4G22100	BGLU3
ath00500	Bra000461	AT4G22100	BGLU3
ath00999	Bra000461	AT4G22100	BGLU3
ath01100	Bra000461	AT4G22100	BGLU3
ath01110	Bra000461	AT4G22100	BGLU3
ath00400	Bra000473	AT2G29690	ASA2
ath01100	Bra000473	AT2G29690	ASA2
ath01110	Bra000473	AT2G29690	ASA2
ath01230	Bra000473	AT2G29690	ASA2
ath00480	Bra000474	AT2G29450	GSTU5
ath01100	Bra000474	AT2G29450	GSTU5
ath03015	Bra000475	AT2G29400	TOPP1
ath04156	Bra000475	AT2G29400	TOPP1
ath04519	Bra000475	AT2G29400	TOPP1
ath00960	Bra000477	AT2G29310	AT2G29310
ath01100	Bra000477	AT2G29310	AT2G29310
ath01110	Bra000477	AT2G29310	AT2G29310
ath04145	Bra000494	AT2G28390	AT2G28390
ath04075	Bra000497	AT2G28085	AT2G28085
ath03010	Bra000501	AT2G27710	AT2G27710
ath03250	Bra000503	AT2G27600	SKD1
ath03272	Bra000503	AT2G27600	SKD1
ath04144	Bra000503	AT2G27600	SKD1
ath00195	Bra000507	AT2G27510	FD3
ath01100	Bra000507	AT2G27510	FD3
ath00770	Bra000509	AT2G27490	ATCOAE
ath01100	Bra000509	AT2G27490	ATCOAE
ath01240	Bra000509	AT2G27490	ATCOAE
ath04626	Bra000510	AT2G27480	AT2G27480
ath03030	Bra000520	AT5G22110	DPB2
ath03410	Bra000520	AT5G22110	DPB2
ath03420	Bra000520	AT5G22110	DPB2
ath04016	Bra000528	AT2G27050	EIL1
ath04075	Bra000528	AT2G27050	EIL1
ath00280	Bra000534	AT2G26800	AT2G26800
ath00650	Bra000534	AT2G26800	AT2G26800
ath01100	Bra000534	AT2G26800	AT2G26800
ath04146	Bra000534	AT2G26800	AT2G26800
ath03050	Bra000537	AT2G26590	RPN13
ath00130	Bra000548	AT2G24850	TAT3
ath00270	Bra000548	AT2G24850	TAT3
ath00350	Bra000548	AT2G24850	TAT3
ath00360	Bra000548	AT2G24850	TAT3
ath00400	Bra000548	AT2G24850	TAT3
ath00950	Bra000548	AT2G24850	TAT3
ath00960	Bra000548	AT2G24850	TAT3
ath01100	Bra000548	AT2G24850	TAT3
ath01110	Bra000548	AT2G24850	TAT3
ath03008	Bra000550	AT2G25420	AT2G25420
ath04142	Bra000552	AT2G25730	AT2G25730
ath00906	Bra000558	AT2G26170	CYP711A1
ath01110	Bra000558	AT2G26170	CYP711A1
ath04075	Bra000560	AT4G00050	UNE10
ath00902	Bra000568	AT2G24210	TPS10
ath01110	Bra000568	AT2G24210	TPS10
ath04142	Bra000573	AT2G23150	NRAMP3
ath00240	Bra000581	AT2G21550	AT2G21550
ath00670	Bra000581	AT2G21550	AT2G21550
ath00790	Bra000581	AT2G21550	AT2G21550
ath01100	Bra000581	AT2G21550	AT2G21550
ath01232	Bra000581	AT2G21550	AT2G21550
ath01240	Bra000581	AT2G21550	AT2G21550
ath04142	Bra000591	AT2G42005	AT2G42005
ath00500	Bra000594	AT5G49720	GH9A1
ath01100	Bra000594	AT5G49720	GH9A1
ath00511	Bra000598	AT5G49900	AT5G49900
ath00600	Bra000598	AT5G49900	AT5G49900
ath01100	Bra000598	AT5G49900	AT5G49900
ath04382	Bra000598	AT5G49900	AT5G49900
ath00750	Bra000603	AT5G49970	PPOX
ath00230	Bra000623	AT5G50370	AT5G50370
ath00730	Bra000623	AT5G50370	AT5G50370
ath01100	Bra000623	AT5G50370	AT5G50370
ath01110	Bra000623	AT5G50370	AT5G50370
ath01232	Bra000623	AT5G50370	AT5G50370
ath01240	Bra000623	AT5G50370	AT5G50370
ath00100	Bra000625	AT5G50375	CPI1
ath01100	Bra000625	AT5G50375	CPI1
ath01110	Bra000625	AT5G50375	CPI1
ath00520	Bra000628	AT5G50750	RGP4
ath01100	Bra000628	AT5G50750	RGP4
ath01250	Bra000628	AT5G50750	RGP4
ath03008	Bra000634	AT4G07410	PCN
ath00270	Bra000637	AT4G08040	ACS11
ath01100	Bra000637	AT4G08040	ACS11
ath01110	Bra000637	AT4G08040	ACS11
ath04142	Bra000639	AT4G08180	ORP1C
ath03250	Bra000641	AT4G08350	GTA2
ath00220	Bra000659	AT4G08900	ARGAH1
ath00330	Bra000659	AT4G08900	ARGAH1
ath01100	Bra000659	AT4G08900	ARGAH1
ath01110	Bra000659	AT4G08900	ARGAH1
ath01230	Bra000659	AT4G08900	ARGAH1
ath04148	Bra000659	AT4G08900	ARGAH1
ath03010	Bra000666	AT5G40080	AT5G40080
ath00500	Bra000667	AT4G09020	ISA3
ath01100	Bra000667	AT4G09020	ISA3
ath01110	Bra000667	AT4G09020	ISA3
ath03430	Bra000674	AT4G09140	MLH1
ath03460	Bra000674	AT4G09140	MLH1
ath00052	Bra000681	AT4G09510	CINV2
ath00500	Bra000681	AT4G09510	CINV2
ath01100	Bra000681	AT4G09510	CINV2
ath01110	Bra000681	AT4G09510	CINV2
ath04075	Bra000682	AT4G09530	AT4G09530
ath04075	Bra000684	AT4G09570	CPK4
ath04626	Bra000684	AT4G09570	CPK4
ath00190	Bra000699	AT4G10040	CYTC-2
ath01100	Bra000699	AT4G10040	CYTC-2
ath04120	Bra000702	AT4G10180	DET1
ath04141	Bra000703	AT4G10250	ATHSP22.0
ath00051	Bra000704	AT4G10260	AT4G10260
ath00500	Bra000704	AT4G10260	AT4G10260
ath00520	Bra000704	AT4G10260	AT4G10260
ath01100	Bra000704	AT4G10260	AT4G10260
ath01110	Bra000704	AT4G10260	AT4G10260
ath01250	Bra000704	AT4G10260	AT4G10260
ath00196	Bra000708	AT4G10340	LHCB5
ath01100	Bra000708	AT4G10340	LHCB5
ath00051	Bra000720	AT4G30570	AT4G30570
ath00520	Bra000720	AT4G30570	AT4G30570
ath00541	Bra000720	AT4G30570	AT4G30570
ath01100	Bra000720	AT4G30570	AT4G30570
ath01110	Bra000720	AT4G30570	AT4G30570
ath01240	Bra000720	AT4G30570	AT4G30570
ath01250	Bra000720	AT4G30570	AT4G30570
ath04626	Bra000741	AT4G11260	SGT1B
ath00860	Bra000755	AT4G11910	AT4G11910
ath01110	Bra000755	AT4G11910	AT4G11910
ath04120	Bra000756	AT4G11920	CCS52A2
ath04144	Bra000766	AT4G12230	AT4G12230
ath04075	Bra000772	AT4G12410	AT4G12410
ath04142	Bra000774	AT4G12460	ORP2B
ath03022	Bra000782	AT4G12610	RAP74
ath04141	Bra000787	AT4G04210	PUX4
ath00410	Bra000788	AT4G04320	AT4G04320
ath00640	Bra000788	AT4G04320	AT4G04320
ath01100	Bra000788	AT4G04320	AT4G04320
ath04146	Bra000788	AT4G04320	AT4G04320
ath00970	Bra000791	AT4G04350	EMB2369
ath00190	Bra000802	AT4G04640	ATPC1
ath00195	Bra000802	AT4G04640	ATPC1
ath01100	Bra000802	AT4G04640	ATPC1
ath03008	Bra000809	AT4G04940	AT4G04940
ath04146	Bra000826	AT4G03410	AT4G03410
ath04626	Bra000836	AT4G03290	AT4G03290
ath00195	Bra000837	AT4G03280	PETC
ath01100	Bra000837	AT4G03280	PETC
ath00860	Bra000839	AT4G03240	FH
ath04075	Bra000842	AT4G03190	GRH1
ath04626	Bra000853	AT4G02930	AT4G02930
ath03040	Bra000860	AT4G02840	AT4G02840
ath00190	Bra000871	AT4G02620	AT4G02620
ath01100	Bra000871	AT4G02620	AT4G02620
ath04142	Bra000871	AT4G02620	AT4G02620
ath04145	Bra000871	AT4G02620	AT4G02620
ath00190	Bra000873	AT4G02580	AT4G02580
ath01100	Bra000873	AT4G02580	AT4G02580
ath00380	Bra000882	AT4G02405	AT4G02405
ath03410	Bra000883	AT4G02390	PARP2
ath00520	Bra000892	AT4G19760	AT4G19760
ath01100	Bra000892	AT4G19760	AT4G19760
ath04141	Bra000895	AT4G02080	SAR2
ath03430	Bra000896	AT4G02070	MSH6
ath03030	Bra000897	AT4G02060	PRL
ath00561	Bra000903	AT4G01950	GPAT3
ath00564	Bra000903	AT4G01950	GPAT3
ath01100	Bra000903	AT4G01950	GPAT3
ath01110	Bra000903	AT4G01950	GPAT3
ath00270	Bra000914	AT4G01850	SAM-2
ath00670	Bra000914	AT4G01850	SAM-2
ath00999	Bra000914	AT4G01850	SAM-2
ath01100	Bra000914	AT4G01850	SAM-2
ath01110	Bra000914	AT4G01850	SAM-2
ath01230	Bra000914	AT4G01850	SAM-2
ath01240	Bra000914	AT4G01850	SAM-2
ath03060	Bra000915	AT4G01800	AGY1
ath04626	Bra000937	AT4G01010	CNGC13
ath04016	Bra000938	AT4G01026	PYL7
ath04075	Bra000938	AT4G01026	PYL7
ath03010	Bra000953	AT4G01310	AT4G01310
ath00900	Bra000954	AT4G01320	ATSTE24
ath01110	Bra000954	AT4G01320	ATSTE24
ath04016	Bra000955	AT4G01370	MPK4
ath04626	Bra000955	AT4G01370	MPK4
ath03018	Bra000965	AT4G00660	RH8
ath00620	Bra000967	AT4G00570	NAD-ME2
ath00710	Bra000967	AT4G00570	NAD-ME2
ath01100	Bra000967	AT4G00570	NAD-ME2
ath01200	Bra000967	AT4G00570	NAD-ME2
ath04626	Bra000985	AT3G01830	AT3G01830
ath00230	Bra000986	AT3G01820	AT3G01820
ath00730	Bra000986	AT3G01820	AT3G01820
ath01100	Bra000986	AT3G01820	AT3G01820
ath01110	Bra000986	AT3G01820	AT3G01820
ath01232	Bra000986	AT3G01820	AT3G01820
ath01240	Bra000986	AT3G01820	AT3G01820
ath03010	Bra000989	AT3G01790	AT3G01790
ath03010	Bra000991	AT3G01740	AT3G01740
ath00514	Bra000993	AT3G01720	AT3G01720
ath00040	Bra000998	AT3G01640	GLCAK
ath00053	Bra000998	AT3G01640	GLCAK
ath00520	Bra000998	AT3G01640	GLCAK
ath01100	Bra000998	AT3G01640	GLCAK
ath01250	Bra000998	AT3G01640	GLCAK
ath03008	Bra000999	AT3G01610	CDC48C
ath00010	Bra001000	AT3G01590	AT3G01590
ath01100	Bra001000	AT3G01590	AT3G01590
ath01110	Bra001000	AT3G01590	AT3G01590
ath03040	Bra001004	AT3G01540	DRH1
ath00040	Bra001011	AT3G01270	AT3G01270
ath01100	Bra001011	AT3G01270	AT3G01270
ath00270	Bra001020	AT3G01120	MTO1
ath01100	Bra001020	AT3G01120	MTO1
ath01110	Bra001020	AT3G01120	MTO1
ath00270	Bra001046	AT3G02470	SAMDC
ath00330	Bra001046	AT3G02470	SAMDC
ath01100	Bra001046	AT3G02470	SAMDC
ath01110	Bra001046	AT3G02470	SAMDC
ath03420	Bra001050	AT3G02540	RAD23C
ath04141	Bra001050	AT3G02540	RAD23C
ath00061	Bra001057	AT3G02630	AT3G02630
ath01040	Bra001057	AT3G02630	AT3G02630
ath01100	Bra001057	AT3G02630	AT3G02630
ath01212	Bra001057	AT3G02630	AT3G02630
ath00970	Bra001061	AT3G02760	AT3G02760
ath00900	Bra001063	AT3G02780	IPP2
ath01100	Bra001063	AT3G02780	IPP2
ath01110	Bra001063	AT3G02780	IPP2
ath04146	Bra001079	AT3G03490	PEX19-1
ath00940	Bra001084	AT3G03670	AT3G03670
ath01100	Bra001084	AT3G03670	AT3G03670
ath01110	Bra001084	AT3G03670	AT3G03670
ath03018	Bra001085	AT3G03710	RIF10
ath00270	Bra001090	AT3G03780	MS2
ath00450	Bra001090	AT3G03780	MS2
ath01100	Bra001090	AT3G03780	MS2
ath01110	Bra001090	AT3G03780	MS2
ath01230	Bra001090	AT3G03780	MS2
ath00010	Bra001095	AT3G04050	AT3G04050
ath00620	Bra001095	AT3G04050	AT3G04050
ath01100	Bra001095	AT3G04050	AT3G04050
ath01110	Bra001095	AT3G04050	AT3G04050
ath01200	Bra001095	AT3G04050	AT3G04050
ath01230	Bra001095	AT3G04050	AT3G04050
ath00970	Bra001114	AT3G04600	AT3G04600
ath03015	Bra001118	AT3G04680	CLPS3
ath00270	Bra001131	AT3G04940	CYSD1
ath00920	Bra001131	AT3G04940	CYSD1
ath01100	Bra001131	AT3G04940	CYSD1
ath01110	Bra001131	AT3G04940	CYSD1
ath01200	Bra001131	AT3G04940	CYSD1
ath01230	Bra001131	AT3G04940	CYSD1
ath01320	Bra001131	AT3G04940	CYSD1
ath04146	Bra001144	AT3G05290	PNC1
ath00564	Bra001150	AT3G05510	AT3G05510
ath03010	Bra001154	AT3G05560	AT3G05560
ath03015	Bra001155	AT3G05580	TOPP9
ath04156	Bra001155	AT3G05580	TOPP9
ath04519	Bra001155	AT3G05580	TOPP9
ath03010	Bra001156	AT3G05590	RPL18
ath00061	Bra001177	AT3G05970	LACS6
ath00071	Bra001177	AT3G05970	LACS6
ath01100	Bra001177	AT3G05970	LACS6
ath01212	Bra001177	AT3G05970	LACS6
ath04146	Bra001177	AT3G05970	LACS6
ath04136	Bra001197	AT3G06420	ATG8H
ath04145	Bra001197	AT3G06420	ATG8H
ath04156	Bra001197	AT3G06420	ATG8H
ath03040	Bra001200	AT3G06480	AT3G06480
ath03008	Bra001203	AT3G06530	AT3G06530
ath00592	Bra001207	AT4G13010	AT4G13010
ath01110	Bra001207	AT4G13010	AT4G13010
ath00280	Bra001220	AT3G06850	BCE2
ath00640	Bra001220	AT3G06850	BCE2
ath00785	Bra001220	AT3G06850	BCE2
ath01100	Bra001220	AT3G06850	BCE2
ath01110	Bra001220	AT3G06850	BCE2
ath01210	Bra001220	AT3G06850	BCE2
ath03008	Bra001232	AT3G07050	NSN1
ath04626	Bra001254	AT3G07490	AGD11
ath04814	Bra001287	AT3G10180	AT3G10180
ath00260	Bra001289	AT3G10050	OMR1
ath00290	Bra001289	AT3G10050	OMR1
ath01100	Bra001289	AT3G10050	OMR1
ath01110	Bra001289	AT3G10050	OMR1
ath01200	Bra001289	AT3G10050	OMR1
ath01230	Bra001289	AT3G10050	OMR1
ath03015	Bra001296	AT3G09880	ATB'_BETA
ath04382	Bra001296	AT3G09880	ATB'_BETA
ath04082	Bra001315	AT3G09330	AT3G09330
ath00460	Bra001320	AT3G09260	PYK10
ath00500	Bra001320	AT3G09260	PYK10
ath00999	Bra001320	AT3G09260	PYK10
ath01100	Bra001320	AT3G09260	PYK10
ath01110	Bra001320	AT3G09260	PYK10
ath03010	Bra001324	AT3G09200	AT3G09200
ath00860	Bra001325	AT3G09150	HY2
ath01110	Bra001325	AT3G09150	HY2
ath00520	Bra001338	AT3G08900	RGP3
ath01100	Bra001338	AT3G08900	RGP3
ath01250	Bra001338	AT3G08900	RGP3
ath00250	Bra001341	AT3G08860	PYD4
ath00260	Bra001341	AT3G08860	PYD4
ath00270	Bra001341	AT3G08860	PYD4
ath00280	Bra001341	AT3G08860	PYD4
ath00630	Bra001341	AT3G08860	PYD4
ath01100	Bra001341	AT3G08860	PYD4
ath01110	Bra001341	AT3G08860	PYD4
ath01200	Bra001341	AT3G08860	PYD4
ath01210	Bra001341	AT3G08860	PYD4
ath04136	Bra001342	AT3G08850	RAPTOR1
ath04142	Bra001342	AT3G08850	RAPTOR1
ath04156	Bra001342	AT3G08850	RAPTOR1
ath03083	Bra001347	AT3G08690	UBC11
ath04120	Bra001347	AT3G08690	UBC11
ath04141	Bra001347	AT3G08690	UBC11
ath03022	Bra001354	AT3G10330	AT3G10330
ath04144	Bra001371	AT3G10640	VPS60.1
ath04075	Bra001373	AT3G10660	CPK2
ath04626	Bra001373	AT3G10660	CPK2
ath04130	Bra001422	AT3G11820	SYP121
ath04142	Bra001425	AT3G11900	ANT1
ath00130	Bra001429	AT3G11945	HST
ath01100	Bra001429	AT3G11945	HST
ath01110	Bra001429	AT3G11945	HST
ath01240	Bra001429	AT3G11945	HST
ath00190	Bra001444	AT3G12260	AT3G12260
ath01100	Bra001444	AT3G12260	AT3G12260
ath00670	Bra001447	AT3G12290	AT3G12290
ath01100	Bra001447	AT3G12290	AT3G12290
ath01200	Bra001447	AT3G12290	AT3G12290
ath01240	Bra001447	AT3G12290	AT3G12290
ath03250	Bra001451	AT3G12400	ELC
ath03272	Bra001451	AT3G12400	ELC
ath04144	Bra001451	AT3G12400	ELC
ath00010	Bra001470	AT3G12780	PGK1
ath00710	Bra001470	AT3G12780	PGK1
ath01100	Bra001470	AT3G12780	PGK1
ath01110	Bra001470	AT3G12780	PGK1
ath01200	Bra001470	AT3G12780	PGK1
ath01230	Bra001470	AT3G12780	PGK1
ath04146	Bra001471	AT3G12800	SDRB
ath03008	Bra001474	AT3G12860	AT3G12860
ath00999	Bra001476	AT3G12900	AT3G12900
ath01110	Bra001476	AT3G12900	AT3G12900
ath03050	Bra001500	AT3G13330	PA200
ath00053	Bra001503	AT3G13390	sks11
ath01100	Bra001503	AT3G13390	sks11
ath03018	Bra001507	AT3G13470	Cpn60beta2
ath04156	Bra001507	AT3G13470	Cpn60beta2
ath04120	Bra001519	AT3G13672	AT3G13672
ath03018	Bra001524	AT3G13860	HSP60-3A
ath04156	Bra001524	AT3G13860	HSP60-3A
ath03010	Bra001526	AT3G13882	AT3G13882
ath00562	Bra001545	AT3G14270	FAB1B
ath01100	Bra001545	AT3G14270	FAB1B
ath04070	Bra001545	AT3G14270	FAB1B
ath04142	Bra001545	AT3G14270	FAB1B
ath04145	Bra001545	AT3G14270	FAB1B
ath00630	Bra001550	AT3G14415	GOX2
ath01100	Bra001550	AT3G14415	GOX2
ath01110	Bra001550	AT3G14415	GOX2
ath01200	Bra001550	AT3G14415	GOX2
ath04146	Bra001550	AT3G14415	GOX2
ath00900	Bra001556	AT3G29430	AT3G29430
ath01100	Bra001556	AT3G29430	AT3G29430
ath01110	Bra001556	AT3G29430	AT3G29430
ath00620	Bra001575	AT3G14940	PPC3
ath00710	Bra001575	AT3G14940	PPC3
ath01100	Bra001575	AT3G14940	PPC3
ath01200	Bra001575	AT3G14940	PPC3
ath04144	Bra001581	AT3G15060	RABA1g
ath04142	Bra001585	AT3G15160	AT3G15160
ath00040	Bra001605	AT3G15720	AT3G15720
ath01100	Bra001605	AT3G15720	AT3G15720
ath00010	Bra001645	AT3G16950	LPD1
ath00020	Bra001645	AT3G16950	LPD1
ath00260	Bra001645	AT3G16950	LPD1
ath00280	Bra001645	AT3G16950	LPD1
ath00310	Bra001645	AT3G16950	LPD1
ath00380	Bra001645	AT3G16950	LPD1
ath00620	Bra001645	AT3G16950	LPD1
ath00630	Bra001645	AT3G16950	LPD1
ath00640	Bra001645	AT3G16950	LPD1
ath00670	Bra001645	AT3G16950	LPD1
ath00785	Bra001645	AT3G16950	LPD1
ath01100	Bra001645	AT3G16950	LPD1
ath01110	Bra001645	AT3G16950	LPD1
ath01200	Bra001645	AT3G16950	LPD1
ath01210	Bra001645	AT3G16950	LPD1
ath01240	Bra001645	AT3G16950	LPD1
ath00730	Bra001646	AT3G16990	AT3G16990
ath01100	Bra001646	AT3G16990	AT3G16990
ath00230	Bra001664	AT3G17470	CRSH
ath01100	Bra001664	AT3G17470	CRSH
ath04712	Bra001671	AT3G17609	HYH
ath00770	Bra001695	AT3G18030	HAL3A
ath01100	Bra001695	AT3G18030	HAL3A
ath01240	Bra001695	AT3G18030	HAL3A
ath03430	Bra001709	AT3G18524	MSH2
ath00908	Bra001737	AT3G19160	IPT8
ath01100	Bra001737	AT3G19160	IPT8
ath01110	Bra001737	AT3G19160	IPT8
ath00600	Bra001740	AT3G19260	LOH2
ath01100	Bra001740	AT3G19260	LOH2
ath00260	Bra001747	AT3G19480	AT3G19480
ath00270	Bra001747	AT3G19480	AT3G19480
ath01100	Bra001747	AT3G19480	AT3G19480
ath01110	Bra001747	AT3G19480	AT3G19480
ath01200	Bra001747	AT3G19480	AT3G19480
ath01230	Bra001747	AT3G19480	AT3G19480
ath04016	Bra001760	AT3G19690	AT3G19690
ath04075	Bra001760	AT3G19690	AT3G19690
ath04626	Bra001760	AT3G19690	AT3G19690
ath04814	Bra001776	AT3G20150	AT3G20150
ath04075	Bra001789	AT3G20410	CPK9
ath04626	Bra001789	AT3G20410	CPK9
ath03040	Bra001792	AT3G20550	DDL
ath04016	Bra001802	AT3G20770	EIN3
ath04075	Bra001802	AT3G20770	EIN3
ath00760	Bra001810	AT3G21070	NADK1
ath01100	Bra001810	AT3G21070	NADK1
ath01240	Bra001810	AT3G21070	NADK1
ath04016	Bra001818	AT3G21220	MKK5
ath04075	Bra001818	AT3G21220	MKK5
ath04626	Bra001818	AT3G21220	MKK5
ath00130	Bra001819	AT3G21230	4CL5
ath00940	Bra001819	AT3G21230	4CL5
ath01100	Bra001819	AT3G21230	4CL5
ath01110	Bra001819	AT3G21230	4CL5
ath03020	Bra001864	AT3G22320	NRPB5
ath03420	Bra001864	AT3G22320	NRPB5
ath00230	Bra001891	AT3G22890	APS1
ath00261	Bra001891	AT3G22890	APS1
ath00450	Bra001891	AT3G22890	APS1
ath00920	Bra001891	AT3G22890	APS1
ath01100	Bra001891	AT3G22890	APS1
ath01110	Bra001891	AT3G22890	APS1
ath01320	Bra001891	AT3G22890	APS1
ath00010	Bra001896	AT3G22960	PKP-ALPHA
ath00620	Bra001896	AT3G22960	PKP-ALPHA
ath01100	Bra001896	AT3G22960	PKP-ALPHA
ath01110	Bra001896	AT3G22960	PKP-ALPHA
ath01200	Bra001896	AT3G22960	PKP-ALPHA
ath01230	Bra001896	AT3G22960	PKP-ALPHA
ath04075	Bra001899	AT3G23030	IAA2
ath00061	Bra001919	AT3G23790	AAE16
ath00071	Bra001919	AT3G23790	AAE16
ath01100	Bra001919	AT3G23790	AAE16
ath01212	Bra001919	AT3G23790	AAE16
ath04146	Bra001919	AT3G23790	AAE16
ath00480	Bra001931	AT3G24170	GR1
ath01100	Bra001931	AT3G24170	GR1
ath03018	Bra001934	AT3G23990	HSP60
ath04156	Bra001934	AT3G23990	HSP60
ath00970	Bra001942	AT1G48520	GATB
ath01100	Bra001942	AT1G48520	GATB
ath03440	Bra001944	AT3G24340	CHR40
ath00280	Bra001946	AT3G24360	AT3G24360
ath00410	Bra001946	AT3G24360	AT3G24360
ath00640	Bra001946	AT3G24360	AT3G24360
ath01100	Bra001946	AT3G24360	AT3G24360
ath01200	Bra001946	AT3G24360	AT3G24360
ath00940	Bra001952	AT3G24503	ALDH2C4
ath01110	Bra001952	AT3G24503	ALDH2C4
ath00062	Bra001974	AT2G16280	KCS9
ath01100	Bra001974	AT2G16280	KCS9
ath01110	Bra001974	AT2G16280	KCS9
ath04626	Bra001974	AT2G16280	KCS9
ath00230	Bra001980	AT2G16570	ASE1
ath00250	Bra001980	AT2G16570	ASE1
ath01100	Bra001980	AT2G16570	ASE1
ath01110	Bra001980	AT2G16570	ASE1
ath04141	Bra001982	AT2G16595	AT2G16595
ath00940	Bra001986	AT5G42180	PER64
ath01100	Bra001986	AT5G42180	PER64
ath01110	Bra001986	AT5G42180	PER64
ath03040	Bra001999	AT2G16860	AT2G16860
ath04120	Bra002005	AT2G16920	UBC23
ath00020	Bra002023	AT2G17130	IDH2
ath01100	Bra002023	AT2G17130	IDH2
ath01110	Bra002023	AT2G17130	IDH2
ath01200	Bra002023	AT2G17130	IDH2
ath01210	Bra002023	AT2G17130	IDH2
ath01230	Bra002023	AT2G17130	IDH2
ath04141	Bra002028	AT2G17200	DSK2
ath00260	Bra002047	AT2G17265	HSK
ath00270	Bra002047	AT2G17265	HSK
ath01100	Bra002047	AT2G17265	HSK
ath01110	Bra002047	AT2G17265	HSK
ath01230	Bra002047	AT2G17265	HSK
ath00900	Bra002053	AT2G17370	HMG2
ath01100	Bra002053	AT2G17370	HMG2
ath01110	Bra002053	AT2G17370	HMG2
ath04142	Bra002054	AT2G17380	AP19
ath04075	Bra002090	AT2G17770	BZIP27
ath04142	Bra002092	AT2G17790	VPS35A
ath04144	Bra002092	AT2G17790	VPS35A
ath04144	Bra002096	AT2G17840	ERD7
ath00310	Bra002100	AT2G17900	SDG37
ath01100	Bra002100	AT2G17900	SDG37
ath00541	Bra002104	AT5G17770	CBR
ath00400	Bra002119	AT5G17990	TRP1
ath01100	Bra002119	AT5G17990	TRP1
ath01110	Bra002119	AT5G17990	TRP1
ath01230	Bra002119	AT5G17990	TRP1
ath00520	Bra002129	AT5G18070	DRT101
ath01100	Bra002129	AT5G18070	DRT101
ath01250	Bra002129	AT5G18070	DRT101
ath04075	Bra002131	AT5G18030	AT5G18030
ath04146	Bra002133	AT5G18100	CSD3
ath00220	Bra002139	AT5G18170	GDH1
ath00250	Bra002139	AT5G18170	GDH1
ath00910	Bra002139	AT5G18170	GDH1
ath01100	Bra002139	AT5G18170	GDH1
ath01200	Bra002139	AT5G18170	GDH1
ath00052	Bra002141	AT5G18200	AT5G18200
ath00520	Bra002141	AT5G18200	AT5G18200
ath01100	Bra002141	AT5G18200	AT5G18200
ath01250	Bra002141	AT5G18200	AT5G18200
ath00061	Bra002142	AT5G18210	AT5G18210
ath00780	Bra002142	AT5G18210	AT5G18210
ath01100	Bra002142	AT5G18210	AT5G18210
ath01110	Bra002142	AT5G18210	AT5G18210
ath01212	Bra002142	AT5G18210	AT5G18210
ath01240	Bra002142	AT5G18210	AT5G18210
ath00230	Bra002150	AT5G18280	APY2
ath00240	Bra002150	AT5G18280	APY2
ath01100	Bra002150	AT5G18280	APY2
ath01110	Bra002150	AT5G18280	APY2
ath01232	Bra002150	AT5G18280	APY2
ath03015	Bra002158	AT5G18440	NUFIP
ath00909	Bra002165	AT5G44630	AT5G44630
ath03082	Bra002173	AT5G18620	CHR17
ath00860	Bra002177	AT5G18660	PCB2
ath01100	Bra002177	AT5G18660	PCB2
ath01110	Bra002177	AT5G18660	PCB2
ath00190	Bra002186	AT5G18800	AT5G18800
ath01100	Bra002186	AT5G18800	AT5G18800
ath00330	Bra002192	AT5G18900	AT5G18900
ath01100	Bra002192	AT5G18900	AT5G18900
ath00270	Bra002194	AT5G18930	BUD2
ath00330	Bra002194	AT5G18930	BUD2
ath01100	Bra002194	AT5G18930	BUD2
ath01110	Bra002194	AT5G18930	BUD2
ath00908	Bra002204	AT5G19040	IPT5
ath01100	Bra002204	AT5G19040	IPT5
ath01110	Bra002204	AT5G19040	IPT5
ath00563	Bra002215	AT5G19130	AT5G19130
ath01100	Bra002215	AT5G19130	AT5G19130
ath04120	Bra002219	AT5G19180	ECR1
ath03013	Bra002227	AT5G19320	RANGAP2
ath03015	Bra002233	AT5G19400	SMG7
ath02010	Bra002234	AT5G19410	ABCG23
ath04981	Bra002234	AT5G19410	ABCG23
ath00940	Bra002236	AT5G19440	AT5G19440
ath01100	Bra002236	AT5G19440	AT5G19440
ath01110	Bra002236	AT5G19440	AT5G19440
ath04144	Bra002249	AT5G19610	GNL2
ath00040	Bra002257	AT5G19730	AT5G19730
ath01100	Bra002257	AT5G19730	AT5G19730
ath04145	Bra002261	AT5G19770	TUA3
ath04517	Bra002261	AT5G19770	TUA3
ath04814	Bra002261	AT5G19770	TUA3
ath00940	Bra002270	AT5G19880	AT5G19880
ath01100	Bra002270	AT5G19880	AT5G19880
ath01110	Bra002270	AT5G19880	AT5G19880
ath03050	Bra002279	AT5G19990	RPT6A
ath00052	Bra002286	AT5G20250	DIN10
ath01100	Bra002286	AT5G20250	DIN10
ath00500	Bra002289	AT5G20280	SPS1F
ath01100	Bra002289	AT5G20280	SPS1F
ath01110	Bra002289	AT5G20280	SPS1F
ath03010	Bra002290	AT5G20290	AT5G20290
ath03440	Bra002302	AT5G20420	CHR42
ath04626	Bra002305	AT5G20480	EFR
ath04075	Bra002338	AT5G20900	JAZ12
ath04156	Bra002341	AT5G20920	EIF2_BETA
ath00380	Bra002347	AT5G20960	AO1
ath01100	Bra002347	AT5G20960	AO1
ath04016	Bra002358	AT5G21120	EIL2
ath04075	Bra002358	AT5G21120	EIL2
ath00908	Bra002371	AT5G21482	CKX7
ath01110	Bra002371	AT5G21482	CKX7
ath04016	Bra002374	AT5G21930	PAA2
ath03018	Bra002400	AT5G22250	CAF1b
ath03082	Bra002406	AT5G22330	RIN1
ath03010	Bra002411	AT5G22440	AT5G22440
ath03410	Bra002414	AT5G22470	AT5G22470
ath00073	Bra002416	AT5G22500	FAR1
ath01110	Bra002416	AT5G22500	FAR1
ath04146	Bra002416	AT5G22500	FAR1
ath00052	Bra002417	AT5G22510	INV-E
ath00500	Bra002417	AT5G22510	INV-E
ath01100	Bra002417	AT5G22510	INV-E
ath01110	Bra002417	AT5G22510	INV-E
ath00400	Bra002423	AT5G22630	ADT5
ath01100	Bra002423	AT5G22630	ADT5
ath01110	Bra002423	AT5G22630	ADT5
ath01230	Bra002423	AT5G22630	ADT5
ath04142	Bra002427	AT5G22780	AT5G22780
ath04144	Bra002427	AT5G22780	AT5G22780
ath00910	Bra002451	AT5G60780	NRT2.3
ath00910	Bra002453	AT5G60770	NRT2.4
ath03010	Bra002460	AT5G60670	AT5G60670
ath04141	Bra002464	AT5G60640	PDIL1-4
ath00900	Bra002468	AT5G60600	HDS
ath01100	Bra002468	AT5G60600	HDS
ath01110	Bra002468	AT5G60600	HDS
ath00750	Bra002473	AT5G60540	PDX2
ath01100	Bra002473	AT5G60540	PDX2
ath01240	Bra002473	AT5G60540	PDX2
ath00900	Bra002476	AT5G60510	cPT9
ath01110	Bra002476	AT5G60510	cPT9
ath04075	Bra002479	AT5G60450	ARF4
ath03013	Bra002483	AT1G07930	AT1G07930
ath04142	Bra002485	AT5G60360	ALP
ath00230	Bra002487	AT5G60340	AAK6
ath01100	Bra002487	AT5G60340	AAK6
ath01110	Bra002487	AT5G60340	AAK6
ath01232	Bra002487	AT5G60340	AAK6
ath01240	Bra002487	AT5G60340	AAK6
ath03008	Bra002487	AT5G60340	AAK6
ath04712	Bra002512	AT5G60100	PRR3
ath03013	Bra002519	AT5G59950	AT5G59950
ath03015	Bra002519	AT5G59950	AT5G59950
ath03040	Bra002519	AT5G59950	AT5G59950
ath04144	Bra002527	AT5G59840	AT5G59840
ath04141	Bra002539	AT5G59720	HSP18.2
ath00240	Bra002565	AT5G59440	ZEU1
ath01100	Bra002565	AT5G59440	ZEU1
ath01232	Bra002565	AT5G59440	ZEU1
ath04142	Bra002568	AT5G59420	ORP3C
ath04144	Bra002589	AT5G59150	RABA2D
ath04016	Bra002594	AT5G59220	HAI1
ath04075	Bra002594	AT5G59220	HAI1
ath03022	Bra002595	AT5G59230	AT5G59230
ath00900	Bra002618	AT5G58784	AT5G58784
ath01110	Bra002618	AT5G58784	AT5G58784
ath00562	Bra002622	AT5G58730	Mik
ath01100	Bra002622	AT5G58730	Mik
ath01110	Bra002622	AT5G58730	Mik
ath00562	Bra002626	AT5G58690	PLC5
ath01100	Bra002626	AT5G58690	PLC5
ath04070	Bra002626	AT5G58690	PLC5
ath00900	Bra002637	AT5G58560	FOLK
ath01110	Bra002637	AT5G58560	FOLK
ath03015	Bra002647	AT5G58470	TAF15b
ath03040	Bra002647	AT5G58470	TAF15b
ath03082	Bra002649	AT5G37055	SEF
ath00620	Bra002660	AT5G58330	AT5G58330
ath00710	Bra002660	AT5G58330	AT5G58330
ath01100	Bra002660	AT5G58330	AT5G58330
ath01200	Bra002660	AT5G58330	AT5G58330
ath02010	Bra002664	AT5G58270	ABCB25
ath00230	Bra002666	AT5G58240	FHIT
ath01100	Bra002666	AT5G58240	FHIT
ath03082	Bra002667	AT5G58230	MSI1
ath03083	Bra002667	AT5G58230	MSI1
ath00500	Bra002673	AT5G58090	AT5G58090
ath01100	Bra002673	AT5G58090	AT5G58090
ath04130	Bra002675	AT5G58060	YKT61
ath03050	Bra002684	AT5G57950	AT5G57950
ath00040	Bra002710	AT5G57655	AT5G57655
ath00051	Bra002710	AT5G57655	AT5G57655
ath01100	Bra002710	AT5G57655	AT5G57655
ath00780	Bra002715	AT5G57590	BIO1
ath01100	Bra002715	AT5G57590	BIO1
ath01240	Bra002715	AT5G57590	BIO1
ath04075	Bra002719	AT5G57560	TCH4
ath00561	Bra002728	AT5G57440	GS1
ath01100	Bra002728	AT5G57440	GS1
ath01110	Bra002728	AT5G57440	GS1
ath00190	Bra002733	AT5G57350	HA3
ath01100	Bra002733	AT5G57350	HA3
ath04075	Bra002733	AT5G57350	HA3
ath00130	Bra002740	AT5G57300	AT5G57300
ath01100	Bra002740	AT5G57300	AT5G57300
ath01110	Bra002740	AT5G57300	AT5G57300
ath01240	Bra002740	AT5G57300	AT5G57300
ath00350	Bra002753	AT5G57170	AT5G57170
ath00360	Bra002753	AT5G57170	AT5G57170
ath01100	Bra002753	AT5G57170	AT5G57170
ath03450	Bra002755	AT5G57160	ATLIG4
ath04016	Bra002766	AT5G57050	ABI2
ath04075	Bra002766	AT5G57050	ABI2
ath00906	Bra002769	AT5G57030	LUT2
ath01100	Bra002769	AT5G57030	LUT2
ath01110	Bra002769	AT5G57030	LUT2
ath04075	Bra002788	AT5G56860	GNC
ath00270	Bra002793	AT5G56760	SERAT1
ath00543	Bra002793	AT5G56760	SERAT1
ath00920	Bra002793	AT5G56760	SERAT1
ath01100	Bra002793	AT5G56760	SERAT1
ath01110	Bra002793	AT5G56760	SERAT1
ath01200	Bra002793	AT5G56760	SERAT1
ath01230	Bra002793	AT5G56760	SERAT1
ath00020	Bra002797	AT5G56720	c-NAD-MDH3
ath00270	Bra002797	AT5G56720	c-NAD-MDH3
ath00566	Bra002797	AT5G56720	c-NAD-MDH3
ath00620	Bra002797	AT5G56720	c-NAD-MDH3
ath00630	Bra002797	AT5G56720	c-NAD-MDH3
ath00710	Bra002797	AT5G56720	c-NAD-MDH3
ath01100	Bra002797	AT5G56720	c-NAD-MDH3
ath01110	Bra002797	AT5G56720	c-NAD-MDH3
ath01200	Bra002797	AT5G56720	c-NAD-MDH3
ath00970	Bra002799	AT5G56680	SYNC1
ath00010	Bra002801	AT5G56630	PFK7
ath00030	Bra002801	AT5G56630	PFK7
ath00051	Bra002801	AT5G56630	PFK7
ath00052	Bra002801	AT5G56630	PFK7
ath01100	Bra002801	AT5G56630	PFK7
ath01110	Bra002801	AT5G56630	PFK7
ath01200	Bra002801	AT5G56630	PFK7
ath01230	Bra002801	AT5G56630	PFK7
ath03018	Bra002801	AT5G56630	PFK7
ath04148	Bra002806	AT5G56580	MKK6
ath04517	Bra002806	AT5G56580	MKK6
ath04519	Bra002806	AT5G56580	MKK6
ath04620	Bra002806	AT5G56580	MKK6
ath04626	Bra002806	AT5G56580	MKK6
ath00053	Bra002814	AT1G32300	GulLO1
ath01100	Bra002814	AT1G32300	GulLO1
ath01240	Bra002814	AT1G32300	GulLO1
ath00010	Bra002822	AT5G56350	AT5G56350
ath00620	Bra002822	AT5G56350	AT5G56350
ath01100	Bra002822	AT5G56350	AT5G56350
ath01110	Bra002822	AT5G56350	AT5G56350
ath01200	Bra002822	AT5G56350	AT5G56350
ath01230	Bra002822	AT5G56350	AT5G56350
ath04626	Bra002828	AT5G56270	WRKY2
ath03013	Bra002845	AT5G56130	TEX1
ath03040	Bra002845	AT5G56130	TEX1
ath00190	Bra002848	AT5G56090	COX15
ath00860	Bra002848	AT5G56090	COX15
ath01100	Bra002848	AT5G56090	COX15
ath01110	Bra002848	AT5G56090	COX15
ath01240	Bra002848	AT5G56090	COX15
ath00520	Bra002849	AT3G42850	AT3G42850
ath01100	Bra002849	AT3G42850	AT3G42850
ath01250	Bra002849	AT3G42850	AT3G42850
ath03015	Bra002879	AT5G55670	AT5G55670
ath03250	Bra002879	AT5G55670	AT5G55670
ath00040	Bra002891	AT5G55590	QRT1
ath01100	Bra002891	AT5G55590	QRT1
ath00073	Bra002910	AT5G55350	AT5G55350
ath01110	Bra002910	AT5G55350	AT5G55350
ath04122	Bra002930	AT5G55130	CNX5
ath00020	Bra002934	AT5G55070	AT5G55070
ath00310	Bra002934	AT5G55070	AT5G55070
ath00380	Bra002934	AT5G55070	AT5G55070
ath00785	Bra002934	AT5G55070	AT5G55070
ath01100	Bra002934	AT5G55070	AT5G55070
ath01110	Bra002934	AT5G55070	AT5G55070
ath01200	Bra002934	AT5G55070	AT5G55070
ath01210	Bra002934	AT5G55070	AT5G55070
ath00010	Bra002942	AT5G54960	PDC2
ath01100	Bra002942	AT5G54960	PDC2
ath01110	Bra002942	AT5G54960	PDC2
ath00260	Bra002954	AT5G54810	TSB1
ath00400	Bra002954	AT5G54810	TSB1
ath01100	Bra002954	AT5G54810	TSB1
ath01110	Bra002954	AT5G54810	TSB1
ath01230	Bra002954	AT5G54810	TSB1
ath00730	Bra002957	AT5G54770	THI1
ath01100	Bra002957	AT5G54770	THI1
ath01240	Bra002957	AT5G54770	THI1
ath03082	Bra002970	AT5G54640	RAT5
ath03010	Bra002973	AT5G54600	RPL24
ath00460	Bra002978	AT5G54570	BGLU41
ath00500	Bra002978	AT5G54570	BGLU41
ath00999	Bra002978	AT5G54570	BGLU41
ath01100	Bra002978	AT5G54570	BGLU41
ath01110	Bra002978	AT5G54570	BGLU41
ath00196	Bra002999	AT5G54270	LHCB3
ath01100	Bra002999	AT5G54270	LHCB3
ath03440	Bra003000	AT5G54260	MRE11
ath03450	Bra003000	AT5G54260	MRE11
ath00860	Bra003004	AT5G54190	PORA
ath01100	Bra003004	AT5G54190	PORA
ath01110	Bra003004	AT5G54190	PORA
ath03020	Bra003013	AT4G14520	AT4G14520
ath04075	Bra003026	AT5G53890	PSKR2
ath00270	Bra003029	AT5G53850	AT5G53850
ath01100	Bra003029	AT5G53850	AT5G53850
ath03018	Bra003035	AT5G53770	AT5G53770
ath00750	Bra003045	AT5G53580	PLR1
ath01100	Bra003045	AT5G53580	PLR1
ath04142	Bra003049	AT5G53530	VPS26A
ath04144	Bra003049	AT5G53530	VPS26A
ath03013	Bra003054	AT5G53480	AT5G53480
ath03083	Bra003066	AT5G53300	UBC10
ath04120	Bra003066	AT5G53300	UBC10
ath04141	Bra003066	AT5G53300	UBC10
ath04136	Bra003091	AT5G53000	TAP46
ath00906	Bra003121	AT5G52570	BETA-OHASE_2
ath01100	Bra003121	AT5G52570	BETA-OHASE_2
ath01110	Bra003121	AT5G52570	BETA-OHASE_2
ath04141	Bra003123	AT3G53230	AtCDC48B
ath00360	Bra003126	AT3G53260	PAL2
ath00940	Bra003126	AT3G53260	PAL2
ath01100	Bra003126	AT3G53260	PAL2
ath01110	Bra003126	AT3G53260	PAL2
ath02010	Bra003137	AT3G53480	ABCG37
ath03010	Bra003155	AT3G53740	AT3G53740
ath03050	Bra003162	AT3G53970	AT3G53970
ath03010	Bra003176	AT3G54210	AT3G54210
ath04130	Bra003177	AT3G54300	VAMP727
ath04142	Bra003177	AT3G54300	VAMP727
ath04145	Bra003177	AT3G54300	VAMP727
ath00240	Bra003186	AT3G54470	AT3G54470
ath01100	Bra003186	AT3G54470	AT3G54470
ath01240	Bra003186	AT3G54470	AT3G54470
ath00620	Bra003190	AT3G54600	DJ1F
ath01100	Bra003190	AT3G54600	DJ1F
ath00541	Bra003192	AT3G54690	SETH3
ath01100	Bra003192	AT3G54690	SETH3
ath01250	Bra003192	AT3G54690	SETH3
ath00196	Bra003198	AT3G54890	LHCA1
ath01100	Bra003198	AT3G54890	LHCA1
ath00230	Bra003204	AT3G55010	PUR5
ath01100	Bra003204	AT3G55010	PUR5
ath01110	Bra003204	AT3G55010	PUR5
ath00860	Bra003256	AT3G56940	CRD1
ath01100	Bra003256	AT3G56940	CRD1
ath01110	Bra003256	AT3G56940	CRD1
ath04075	Bra003265	AT3G57040	ARR9
ath00100	Bra003269	AT3G57140	SDP1-LIKE
ath00561	Bra003269	AT3G57140	SDP1-LIKE
ath00564	Bra003269	AT3G57140	SDP1-LIKE
ath00565	Bra003269	AT3G57140	SDP1-LIKE
ath00590	Bra003269	AT3G57140	SDP1-LIKE
ath00591	Bra003269	AT3G57140	SDP1-LIKE
ath00592	Bra003269	AT3G57140	SDP1-LIKE
ath01100	Bra003269	AT3G57140	SDP1-LIKE
ath01110	Bra003269	AT3G57140	SDP1-LIKE
ath03008	Bra003270	AT3G57150	NAP57
ath00040	Bra003286	AT3G57510	ADPG1
ath01100	Bra003286	AT3G57510	ADPG1
ath04075	Bra003287	AT3G57530	CPK32
ath04626	Bra003287	AT3G57530	CPK32
ath04141	Bra003314	AT3G58030	AT3G58030
ath00563	Bra003321	AT3G58130	AT3G58130
ath01100	Bra003321	AT3G58130	AT3G58130
ath03018	Bra003342	AT3G58560	AT3G58560
ath00564	Bra003358	AT3G58830	AT3G58830
ath01100	Bra003358	AT3G58830	AT3G58830
ath03013	Bra003360	AT3G59020	AT3G59020
ath00330	Bra003362	AT3G59050	PAO3
ath00410	Bra003362	AT3G59050	PAO3
ath00770	Bra003362	AT3G59050	PAO3
ath01100	Bra003362	AT3G59050	PAO3
ath04626	Bra003376	AT3G59440	AT3G59440
ath03010	Bra003383	AT3G59650	AT3G59650
ath03018	Bra003391	AT2G43810	LSM6B
ath03040	Bra003391	AT2G43810	LSM6B
ath00670	Bra003397	AT3G59970	MTHFR1
ath01100	Bra003397	AT3G59970	MTHFR1
ath01200	Bra003397	AT3G59970	MTHFR1
ath03008	Bra003407	AT3G60250	CKB3
ath03083	Bra003407	AT3G60250	CKB3
ath04712	Bra003407	AT3G60250	CKB3
ath00062	Bra003408	AT3G60340	AT3G60340
ath01100	Bra003408	AT3G60340	AT3G60340
ath01212	Bra003408	AT3G60340	AT3G60340
ath04142	Bra003408	AT3G60340	AT3G60340
ath00280	Bra003417	AT3G60510	AT3G60510
ath00410	Bra003417	AT3G60510	AT3G60510
ath00640	Bra003417	AT3G60510	AT3G60510
ath01100	Bra003417	AT3G60510	AT3G60510
ath01200	Bra003417	AT3G60510	AT3G60510
ath03010	Bra003427	AT4G00100	RPS13A
ath02010	Bra003445	AT4G01830	ABCB5
ath00770	Bra003453	AT3G61530	PANB2
ath01100	Bra003453	AT3G61530	PANB2
ath01110	Bra003453	AT3G61530	PANB2
ath01240	Bra003453	AT3G61530	PANB2
ath00010	Bra003460	AT3G61610	AT3G61610
ath01100	Bra003460	AT3G61610	AT3G61610
ath01110	Bra003460	AT3G61610	AT3G61610
ath04136	Bra003466	AT3G61710	ATG6
ath04145	Bra003466	AT3G61710	ATG6
ath04120	Bra003473	AT3G61790	AT3G61790
ath03420	Bra003474	AT3G61800	AT3G61800
ath04075	Bra003484	AT3G62100	IAA30
ath00270	Bra003488	AT3G62130	LCD
ath01100	Bra003488	AT3G62130	LCD
ath02010	Bra003490	AT3G62150	ABCB21
ath00480	Bra003522	AT3G63080	GPX5
ath01100	Bra003522	AT3G63080	GPX5
ath00130	Bra003524	AT3G63410	APG1
ath01100	Bra003524	AT3G63410	APG1
ath01110	Bra003524	AT3G63410	APG1
ath01240	Bra003524	AT3G63410	APG1
ath00591	Bra003526	AT3G45140	LOX2
ath00592	Bra003526	AT3G45140	LOX2
ath01100	Bra003526	AT3G45140	LOX2
ath01110	Bra003526	AT3G45140	LOX2
ath02010	Bra003527	AT1G59870	PEN3
ath00740	Bra003531	AT1G79790	FHY1
ath01100	Bra003531	AT1G79790	FHY1
ath01110	Bra003531	AT1G79790	FHY1
ath01240	Bra003531	AT1G79790	FHY1
ath04146	Bra003533	AT1G79810	TED3
ath00260	Bra003537	AT1G79870	AT1G79870
ath00630	Bra003537	AT1G79870	AT1G79870
ath01100	Bra003537	AT1G79870	AT1G79870
ath01110	Bra003537	AT1G79870	AT1G79870
ath01200	Bra003537	AT1G79870	AT1G79870
ath03060	Bra003539	AT1G79940	ATERDJ2A
ath04141	Bra003539	AT1G79940	ATERDJ2A
ath00230	Bra003547	AT1G80050	APT2
ath01100	Bra003547	AT1G80050	APT2
ath01232	Bra003547	AT1G80050	APT2
ath04075	Bra003551	AT1G80100	HP6
ath03440	Bra003556	AT1G80210	BRCC36A
ath00260	Bra003564	AT1G80380	AT1G80380
ath00561	Bra003564	AT1G80380	AT1G80380
ath00630	Bra003564	AT1G80380	AT1G80380
ath01100	Bra003564	AT1G80380	AT1G80380
ath01110	Bra003564	AT1G80380	AT1G80380
ath01200	Bra003564	AT1G80380	AT1G80380
ath03013	Bra003578	AT1G80680	SAR3
ath03010	Bra003583	AT1G80750	AT1G80750
ath04145	Bra003591	AT1G80910	AT1G80910
ath00564	Bra003595	AT1G80950	AT1G80950
ath00565	Bra003595	AT1G80950	AT1G80950
ath01100	Bra003595	AT1G80950	AT1G80950
ath03420	Bra003599	AT1G79650	RAD23B
ath04141	Bra003599	AT1G79650	RAD23B
ath00010	Bra003606	AT1G79530	GAPCP-1
ath00710	Bra003606	AT1G79530	GAPCP-1
ath01100	Bra003606	AT1G79530	GAPCP-1
ath01110	Bra003606	AT1G79530	GAPCP-1
ath01200	Bra003606	AT1G79530	GAPCP-1
ath01230	Bra003606	AT1G79530	GAPCP-1
ath00541	Bra003608	AT1G79500	AtkdsA1
ath01100	Bra003608	AT1G79500	AtkdsA1
ath01250	Bra003608	AT1G79500	AtkdsA1
ath04148	Bra003610	AT1G79450	ALIS5
ath00270	Bra003617	AT1G79230	MST1
ath00920	Bra003617	AT1G79230	MST1
ath01100	Bra003617	AT1G79230	MST1
ath04122	Bra003617	AT1G79230	MST1
ath03018	Bra003622	AT1G79090	AT1G79090
ath00195	Bra003624	AT1G79040	PSBR
ath01100	Bra003624	AT1G79040	PSBR
ath00190	Bra003633	AT1G78900	VHA-A
ath01100	Bra003633	AT1G78900	VHA-A
ath04142	Bra003633	AT1G78900	VHA-A
ath04145	Bra003633	AT1G78900	VHA-A
ath00480	Bra003644	AT1G78380	GSTU19
ath01100	Bra003644	AT1G78380	GSTU19
ath00480	Bra003645	AT1G78370	GSTU20
ath01100	Bra003645	AT1G78370	GSTU20
ath00480	Bra003646	AT1G78340	GSTU22
ath01100	Bra003646	AT1G78340	GSTU22
ath00480	Bra003647	AT1G78320	GSTU23
ath01100	Bra003647	AT1G78320	GSTU23
ath04519	Bra003649	AT1G78300	GRF2
ath04016	Bra003650	AT1G78290	SNRK2-8
ath04075	Bra003650	AT1G78290	SNRK2-8
ath03010	Bra003662	AT1G77940	AT1G77940
ath04075	Bra003665	AT1G77850	ARF17
ath00910	Bra003670	AT1G77760	NIA1
ath01100	Bra003670	AT1G77760	NIA1
ath01310	Bra003670	AT1G77760	NIA1
ath04075	Bra003674	AT1G77690	LAX3
ath00270	Bra003675	AT1G77670	AT1G77670
ath01100	Bra003675	AT1G77670	AT1G77670
ath00061	Bra003678	AT1G77590	LACS9
ath00071	Bra003678	AT1G77590	LACS9
ath01100	Bra003678	AT1G77590	LACS9
ath01212	Bra003678	AT1G77590	LACS9
ath04146	Bra003678	AT1G77590	LACS9
ath03030	Bra003683	AT1G77470	RFC3
ath03410	Bra003683	AT1G77470	RFC3
ath03420	Bra003683	AT1G77470	RFC3
ath03430	Bra003683	AT1G77470	RFC3
ath00270	Bra003687	AT1G77330	AT1G77330
ath01100	Bra003687	AT1G77330	AT1G77330
ath01110	Bra003687	AT1G77330	AT1G77330
ath04120	Bra003692	AT1G77000	SKP2B
ath03018	Bra003705	AT1G76860	LSM3B
ath03040	Bra003705	AT1G76860	LSM3B
ath00670	Bra003710	AT1G76730	COG0212
ath01100	Bra003710	AT1G76730	COG0212
ath04981	Bra003710	AT1G76730	COG0212
ath04626	Bra003712	AT1G76650	CML38
ath03083	Bra003735	AT1G75950	SKP1
ath04120	Bra003735	AT1G75950	SKP1
ath04141	Bra003735	AT1G75950	SKP1
ath00620	Bra003738	AT1G79750	NADP-ME4
ath00710	Bra003738	AT1G79750	NADP-ME4
ath01100	Bra003738	AT1G79750	NADP-ME4
ath01200	Bra003738	AT1G79750	NADP-ME4
ath00220	Bra003758	AT1G75330	OTC
ath01100	Bra003758	AT1G75330	OTC
ath01110	Bra003758	AT1G75330	OTC
ath01230	Bra003758	AT1G75330	OTC
ath03410	Bra003760	AT1G75230	AT1G75230
ath00970	Bra003767	AT3G48110	EDD1
ath04075	Bra003772	AT1G75080	BZR1
ath00260	Bra003781	AT1G74920	ALDH10A8
ath00670	Bra003781	AT1G74920	ALDH10A8
ath01100	Bra003781	AT1G74920	ALDH10A8
ath04075	Bra003782	AT1G74890	ARR15
ath00130	Bra003789	AT1G74710	EDS16
ath01100	Bra003789	AT1G74710	EDS16
ath01110	Bra003789	AT1G74710	EDS16
ath01240	Bra003789	AT1G74710	EDS16
ath00940	Bra003795	AT1G74540	CYP98A8
ath01110	Bra003795	AT1G74540	CYP98A8
ath03010	Bra003808	AT1G07070	AT1G07070
ath00564	Bra003814	AT1G74210	GDPD5
ath03015	Bra003827	AT1G73820	AT1G73820
ath00592	Bra003833	AT1G73680	ALPHA_DOX2
ath01110	Bra003833	AT1G73680	ALPHA_DOX2
ath00564	Bra003840	AT1G73600	AT1G73600
ath04016	Bra003842	AT1G73500	MKK9
ath04120	Bra003855	AT1G73177	BNS
ath00230	Bra003858	AT1G73080	PEPR1
ath01100	Bra003858	AT1G73080	PEPR1
ath03272	Bra003859	AT1G73030	VPS46.2
ath04144	Bra003859	AT1G73030	VPS46.2
ath00052	Bra003861	AT1G72990	BGAL17
ath00511	Bra003861	AT1G72990	BGAL17
ath00531	Bra003861	AT1G72990	BGAL17
ath00600	Bra003861	AT1G72990	BGAL17
ath00604	Bra003861	AT1G72990	BGAL17
ath01100	Bra003861	AT1G72990	BGAL17
ath04142	Bra003861	AT1G72990	BGAL17
ath00073	Bra003862	AT1G72970	HTH
ath03015	Bra003913	AT1G71800	CSTF64
ath00500	Bra003946	AT1G70710	GH9B1
ath01100	Bra003946	AT1G70710	GH9B1
ath00073	Bra003948	AT1G70670	CLO4
ath03010	Bra003963	AT1G70190	AT1G70190
ath00480	Bra003970	AT1G69930	GSTU11
ath01100	Bra003970	AT1G69930	GSTU11
ath03010	Bra003984	AT1G66580	SAG24
ath03010	Bra003991	AT1G69620	RPL34
ath00620	Bra004016	AT1G68750	PPC4
ath00710	Bra004016	AT1G68750	PPC4
ath01100	Bra004016	AT1G68750	PPC4
ath01200	Bra004016	AT1G68750	PPC4
ath00062	Bra004034	AT1G68530	KCS6
ath01100	Bra004034	AT1G68530	KCS6
ath01110	Bra004034	AT1G68530	KCS6
ath04626	Bra004034	AT1G68530	KCS6
ath00500	Bra004054	AT1G68020	ATTPS6
ath01100	Bra004054	AT1G68020	ATTPS6
ath01110	Bra004054	AT1G68020	ATTPS6
ath00260	Bra004055	AT1G68010	HPR
ath00630	Bra004055	AT1G68010	HPR
ath01100	Bra004055	AT1G68010	HPR
ath01110	Bra004055	AT1G68010	HPR
ath01200	Bra004055	AT1G68010	HPR
ath00562	Bra004056	AT1G68000	PIS1
ath00564	Bra004056	AT1G68000	PIS1
ath01100	Bra004056	AT1G68000	PIS1
ath04070	Bra004056	AT1G68000	PIS1
ath04075	Bra004076	AT1G67710	ARR11
ath03060	Bra004079	AT1G67680	AT1G67680
ath03460	Bra004084	AT1G67500	REV3
ath00510	Bra004085	AT1G67490	GCS1
ath01100	Bra004085	AT1G67490	GCS1
ath04141	Bra004085	AT1G67490	GCS1
ath03050	Bra004106	AT5G45010	DSS1(V)
ath03440	Bra004106	AT5G45010	DSS1(V)
ath00130	Bra004109	AT1G65060	4CL3
ath00940	Bra004109	AT1G65060	4CL3
ath01100	Bra004109	AT1G65060	4CL3
ath01110	Bra004109	AT1G65060	4CL3
ath00040	Bra004119	AT1G65570	AT1G65570
ath01100	Bra004119	AT1G65570	AT1G65570
ath00511	Bra004121	AT1G65590	HEXO3
ath00513	Bra004121	AT1G65590	HEXO3
ath00520	Bra004121	AT1G65590	HEXO3
ath00531	Bra004121	AT1G65590	HEXO3
ath00600	Bra004121	AT1G65590	HEXO3
ath00603	Bra004121	AT1G65590	HEXO3
ath00604	Bra004121	AT1G65590	HEXO3
ath01100	Bra004121	AT1G65590	HEXO3
ath04142	Bra004121	AT1G65590	HEXO3
ath03082	Bra004123	AT1G65650	UCH2
ath03018	Bra004124	AT1G65700	LSM8
ath03040	Bra004124	AT1G65700	LSM8
ath03018	Bra004139	AT5G38890	AT5G38890
ath03008	Bra004140	AT2G03820	NMD3
ath03013	Bra004140	AT2G03820	NMD3
ath04075	Bra004149	AT1G66150	TMK1
ath03013	Bra004158	AT1G66260	AT1G66260
ath03015	Bra004158	AT1G66260	AT1G66260
ath03040	Bra004158	AT1G66260	AT1G66260
ath04016	Bra004160	AT1G66340	ETR1
ath04075	Bra004160	AT1G66340	ETR1
ath04016	Bra004166	AT1G66410	CAM4
ath04070	Bra004166	AT1G66410	CAM4
ath04075	Bra004166	AT1G66410	CAM4
ath04626	Bra004166	AT1G66410	CAM4
ath00051	Bra004168	AT1G66430	AT1G66430
ath00500	Bra004168	AT1G66430	AT1G66430
ath00520	Bra004168	AT1G66430	AT1G66430
ath01100	Bra004168	AT1G66430	AT1G66430
ath01110	Bra004168	AT1G66430	AT1G66430
ath01250	Bra004168	AT1G66430	AT1G66430
ath03015	Bra004171	AT1G66500	AT1G66500
ath00970	Bra004173	AT1G66520	pde194
ath01100	Bra004173	AT1G66520	pde194
ath04120	Bra004176	AT1G66660	AT1G66660
ath00620	Bra004214	AT1G67280	AT1G67280
ath01100	Bra004214	AT1G67280	AT1G67280
ath00730	Bra004226	AT1G67440	emb1688
ath01100	Bra004226	AT1G67440	emb1688
ath04075	Bra004246	AT1G50990	BSK11
ath00062	Bra004251	AT1G67730	KCR1
ath01040	Bra004251	AT1G67730	KCR1
ath01100	Bra004251	AT1G67730	KCR1
ath01110	Bra004251	AT1G67730	KCR1
ath01212	Bra004251	AT1G67730	KCR1
ath00511	Bra004263	AT1G67830	FXG1
ath04142	Bra004263	AT1G67830	FXG1
ath03010	Bra004323	AT1G68590	PSRP3/1
ath04075	Bra004329	AT1G68640	PAN
ath00940	Bra004343	AT1G68850	AT1G68850
ath01100	Bra004343	AT1G68850	AT1G68850
ath01110	Bra004343	AT1G68850	AT1G68850
ath00400	Bra004376	AT1G69370	CM3
ath01100	Bra004376	AT1G69370	CM3
ath01110	Bra004376	AT1G69370	CM3
ath01230	Bra004376	AT1G69370	CM3
ath00071	Bra004386	AT1G69500	CYP704B1
ath00073	Bra004386	AT1G69500	CYP704B1
ath01100	Bra004386	AT1G69500	CYP704B1
ath00220	Bra004395	AT3G27740	CARA
ath00240	Bra004395	AT3G27740	CARA
ath00250	Bra004395	AT3G27740	CARA
ath01100	Bra004395	AT3G27740	CARA
ath01110	Bra004395	AT3G27740	CARA
ath01240	Bra004395	AT3G27740	CARA
ath00600	Bra004404	AT1G69640	SBH1
ath01100	Bra004404	AT1G69640	SBH1
ath00480	Bra004409	AT2G48150	GPX4
ath01100	Bra004409	AT2G48150	GPX4
ath00510	Bra004431	AT2G47760	ALG3
ath00513	Bra004431	AT2G47760	ALG3
ath01100	Bra004431	AT2G47760	ALG3
ath04075	Bra004432	AT2G47750	GH3.9
ath03040	Bra004445	AT2G47580	U1A
ath00040	Bra004447	AT2G47550	AT2G47550
ath01100	Bra004447	AT2G47550	AT2G47550
ath04016	Bra004449	AT2G40940	ERS1
ath04075	Bra004449	AT2G40940	ERS1
ath00020	Bra004450	AT2G47510	FUM1
ath00620	Bra004450	AT2G47510	FUM1
ath01100	Bra004450	AT2G47510	FUM1
ath01110	Bra004450	AT2G47510	FUM1
ath01200	Bra004450	AT2G47510	FUM1
ath03040	Bra004464	AT2G47330	AT2G47330
ath03082	Bra004471	AT2G47210	AT2G47210
ath04144	Bra004475	AT3G62290	ARFA1E
ath04626	Bra004479	AT2G47060	PTI1-4
ath04075	Bra004489	AT2G46970	PIL1
ath04712	Bra004503	AT2G46830	CCA1
ath00053	Bra004510	AT2G46760	GulLO6
ath01100	Bra004510	AT2G46760	GulLO6
ath01240	Bra004510	AT2G46760	GulLO6
ath00053	Bra004511	AT2G46750	GulLO2
ath01100	Bra004511	AT2G46750	GulLO2
ath01240	Bra004511	AT2G46750	GulLO2
ath00062	Bra004513	AT2G46720	KCS13
ath01100	Bra004513	AT2G46720	KCS13
ath01110	Bra004513	AT2G46720	KCS13
ath04626	Bra004513	AT2G46720	KCS13
ath04075	Bra004515	AT2G46690	AT2G46690
ath03040	Bra004523	AT3G61860	RS31
ath04142	Bra004526	AT2G46560	AT2G46560
ath04075	Bra004530	AT2G46530	ARF11
ath03013	Bra004531	AT2G46520	AT2G46520
ath00520	Bra004535	AT2G46480	GAUT2
ath01100	Bra004535	AT2G46480	GAUT2
ath04626	Bra004537	AT2G46430	CNGC3
ath04712	Bra004545	AT2G46340	SPA1
ath00500	Bra004590	AT2G40840	DPE2
ath01100	Bra004590	AT2G40840	DPE2
ath01110	Bra004590	AT2G40840	DPE2
ath04075	Bra004597	AT2G41070	EEL
ath04075	Bra004600	AT2G41140	CRK1
ath04626	Bra004600	AT2G41140	CRK1
ath04626	Bra004620	AT2G41410	AT2G41410
ath00510	Bra004624	AT2G41490	GPT
ath01100	Bra004624	AT2G41490	GPT
ath00564	Bra004628	AT2G41540	GPDHC1
ath01100	Bra004628	AT2G41540	GPDHC1
ath01110	Bra004628	AT2G41540	GPDHC1
ath00450	Bra004639	AT2G41680	NTRC
ath00020	Bra004720	AT2G42790	CSY3
ath00630	Bra004720	AT2G42790	CSY3
ath01100	Bra004720	AT2G42790	CSY3
ath01110	Bra004720	AT2G42790	CSY3
ath01200	Bra004720	AT2G42790	CSY3
ath01210	Bra004720	AT2G42790	CSY3
ath01230	Bra004720	AT2G42790	CSY3
ath00330	Bra004737	AT2G43020	PAO2
ath00410	Bra004737	AT2G43020	PAO2
ath00770	Bra004737	AT2G43020	PAO2
ath01100	Bra004737	AT2G43020	PAO2
ath00330	Bra004742	AT2G43080	AT-P4H-1
ath01100	Bra004742	AT2G43080	AT-P4H-1
ath00290	Bra004743	AT2G43090	AT2G43090
ath00660	Bra004743	AT2G43090	AT2G43090
ath01100	Bra004743	AT2G43090	AT2G43090
ath01110	Bra004743	AT2G43090	AT2G43090
ath01210	Bra004743	AT2G43090	AT2G43090
ath01230	Bra004743	AT2G43090	AT2G43090
ath00290	Bra004744	AT2G43100	IPMI2
ath00966	Bra004744	AT2G43100	IPMI2
ath01100	Bra004744	AT2G43100	IPMI2
ath01110	Bra004744	AT2G43100	IPMI2
ath01210	Bra004744	AT2G43100	IPMI2
ath04144	Bra004750	AT2G43160	AT2G43160
ath03008	Bra004751	AT2G43190	POP4
ath00780	Bra004758	AT2G43360	BIO2
ath01100	Bra004758	AT2G43360	BIO2
ath01240	Bra004758	AT2G43360	BIO2
ath00100	Bra004762	AT2G43420	AT2G43420
ath01100	Bra004762	AT2G43420	AT2G43420
ath01110	Bra004762	AT2G43420	AT2G43420
ath00520	Bra004771	AT2G43570	CHI
ath01100	Bra004771	AT2G43570	CHI
ath00520	Bra004772	AT2G43620	AT2G43620
ath01100	Bra004772	AT2G43620	AT2G43620
ath00270	Bra004781	AT2G43750	OASB
ath00920	Bra004781	AT2G43750	OASB
ath01100	Bra004781	AT2G43750	OASB
ath01110	Bra004781	AT2G43750	OASB
ath01200	Bra004781	AT2G43750	OASB
ath01230	Bra004781	AT2G43750	OASB
ath01320	Bra004781	AT2G43750	OASB
ath03040	Bra004783	AT2G43770	AT2G43770
ath04016	Bra004784	AT2G43790	MPK6
ath04075	Bra004784	AT2G43790	MPK6
ath04626	Bra004784	AT2G43790	MPK6
ath00562	Bra004796	AT2G43980	ITPK4
ath01100	Bra004796	AT2G43980	ITPK4
ath04136	Bra004808	AT2G44140	AT2G44140
ath04145	Bra004808	AT2G44140	AT2G44140
ath03040	Bra004812	AT2G44200	AT2G44200
ath04122	Bra004822	AT2G44270	ROL5
ath00460	Bra004837	AT2G44460	BGLU28
ath00500	Bra004837	AT2G44460	BGLU28
ath00999	Bra004837	AT2G44460	BGLU28
ath01100	Bra004837	AT2G44460	BGLU28
ath01110	Bra004837	AT2G44460	BGLU28
ath00460	Bra004838	AT5G24540	BGLU31
ath00500	Bra004838	AT5G24540	BGLU31
ath00999	Bra004838	AT5G24540	BGLU31
ath01100	Bra004838	AT5G24540	BGLU31
ath01110	Bra004838	AT5G24540	BGLU31
ath00460	Bra004839	AT2G44490	PEN2
ath00500	Bra004839	AT2G44490	PEN2
ath00999	Bra004839	AT2G44490	PEN2
ath01100	Bra004839	AT2G44490	PEN2
ath01110	Bra004839	AT2G44490	PEN2
ath00500	Bra004846	AT2G44560	GH9B11
ath01100	Bra004846	AT2G44560	GH9B11
ath00190	Bra004851	AT2G44620	MTACP-1
ath01100	Bra004851	AT2G44620	MTACP-1
ath00510	Bra004854	AT2G44660	AT2G44660
ath01100	Bra004854	AT2G44660	AT2G44660
ath04145	Bra004857	AT2G44690	ARAC9
ath04148	Bra004857	AT2G44690	ARAC9
ath04517	Bra004857	AT2G44690	ARAC9
ath04518	Bra004857	AT2G44690	ARAC9
ath04519	Bra004857	AT2G44690	ARAC9
ath04620	Bra004857	AT2G44690	ARAC9
ath05100	Bra004857	AT2G44690	ARAC9
ath00564	Bra004869	AT2G44810	DAD1
ath00592	Bra004869	AT2G44810	DAD1
ath01100	Bra004869	AT2G44810	DAD1
ath01110	Bra004869	AT2G44810	DAD1
ath03013	Bra004882	AT2G45000	EMB2766
ath03440	Bra004897	AT2G45280	RAD51C
ath03460	Bra004897	AT2G45280	RAD51C
ath00030	Bra004898	AT2G45290	AT2G45290
ath00710	Bra004898	AT2G45290	AT2G45290
ath01100	Bra004898	AT2G45290	AT2G45290
ath01110	Bra004898	AT2G45290	AT2G45290
ath01200	Bra004898	AT2G45290	AT2G45290
ath01230	Bra004898	AT2G45290	AT2G45290
ath03013	Bra004926	AT2G45640	SAP18
ath03015	Bra004926	AT2G45640	SAP18
ath04146	Bra004930	AT2G45690	SSE1
ath03060	Bra004937	AT2G45770	CPFTSY
ath00051	Bra004938	AT2G45790	PMM
ath00520	Bra004938	AT2G45790	PMM
ath01100	Bra004938	AT2G45790	PMM
ath01110	Bra004938	AT2G45790	PMM
ath01240	Bra004938	AT2G45790	PMM
ath01250	Bra004938	AT2G45790	PMM
ath00500	Bra004944	AT2G45880	BAM7
ath01100	Bra004944	AT2G45880	BAM7
ath01110	Bra004944	AT2G45880	BAM7
ath00073	Bra004951	AT2G45970	CYP86A8
ath01100	Bra004951	AT2G45970	CYP86A8
ath00510	Bra004979	AT2G40190	LEW3
ath00513	Bra004979	AT2G40190	LEW3
ath01100	Bra004979	AT2G40190	LEW3
ath00196	Bra004989	AT2G40100	LHCB4.3
ath01100	Bra004989	AT2G40100	LHCB4.3
ath04146	Bra004997	AT2G39970	PXN
ath03060	Bra004998	AT2G39960	AT2G39960
ath04075	Bra005000	AT2G39940	COI1
ath00500	Bra005001	AT2G39930	ISA1
ath01100	Bra005001	AT2G39930	ISA1
ath01110	Bra005001	AT2G39930	ISA1
ath00330	Bra005012	AT2G39800	P5CS1
ath01100	Bra005012	AT2G39800	P5CS1
ath01110	Bra005012	AT2G39800	P5CS1
ath01230	Bra005012	AT2G39800	P5CS1
ath02010	Bra005036	AT2G39480	ABCB6
ath00563	Bra005040	AT2G39445	AT2G39445
ath01100	Bra005040	AT2G39445	AT2G39445
ath03030	Bra005041	AT2G39440	AT2G39440
ath02010	Bra005048	AT2G39350	ABCG1
ath04981	Bra005048	AT2G39350	ABCG1
ath00230	Bra005057	AT2G39270	AT2G39270
ath00730	Bra005057	AT2G39270	AT2G39270
ath01100	Bra005057	AT2G39270	AT2G39270
ath01110	Bra005057	AT2G39270	AT2G39270
ath01232	Bra005057	AT2G39270	AT2G39270
ath01240	Bra005057	AT2G39270	AT2G39270
ath04120	Bra005063	AT2G39090	APC7
ath04141	Bra005067	AT2G38960	ERO2
ath03040	Bra005086	AT2G38770	EMB2765
ath03040	Bra005088	AT2G38730	AT2G38730
ath04081	Bra005106	AT2G38460	IREG1
ath00230	Bra005126	AT2G38280	FAC1
ath01100	Bra005126	AT2G38280	FAC1
ath01110	Bra005126	AT2G38280	FAC1
ath01232	Bra005126	AT2G38280	FAC1
ath04820	Bra005126	AT2G38280	FAC1
ath00601	Bra005132	AT2G38152	AT2G38152
ath00603	Bra005132	AT2G38152	AT2G38152
ath01100	Bra005132	AT2G38152	AT2G38152
ath00601	Bra005133	AT2G38150	AT2G38150
ath00603	Bra005133	AT2G38150	AT2G38150
ath01100	Bra005133	AT2G38150	AT2G38150
ath03010	Bra005134	AT2G38140	PSRP4
ath04075	Bra005136	AT2G38120	AUX1
ath00561	Bra005137	AT2G38110	GPAT6
ath00564	Bra005137	AT2G38110	GPAT6
ath01100	Bra005137	AT2G38110	GPAT6
ath01110	Bra005137	AT2G38110	GPAT6
ath00010	Bra005159	AT2G37790	AKR4C10
ath00040	Bra005159	AT2G37790	AKR4C10
ath00053	Bra005159	AT2G37790	AKR4C10
ath00561	Bra005159	AT2G37790	AKR4C10
ath00620	Bra005159	AT2G37790	AKR4C10
ath01100	Bra005159	AT2G37790	AKR4C10
ath01110	Bra005159	AT2G37790	AKR4C10
ath01240	Bra005159	AT2G37790	AKR4C10
ath04130	Bra005233	AT2G36900	MEMB11
ath00908	Bra005245	AT2G36780	AT2G36780
ath01110	Bra005245	AT2G36780	AT2G36780
ath04144	Bra005253	AT2G36680	AT2G36680
ath03010	Bra005258	AT2G36620	RPL24A
ath00500	Bra005269	AT2G36390	SBE2.1
ath01100	Bra005269	AT2G36390	SBE2.1
ath01110	Bra005269	AT2G36390	SBE2.1
ath04075	Bra005287	AT2G36270	ABI5
ath03040	Bra005297	AT2G36130	AT2G36130
ath00030	Bra005344	AT2G35390	AT2G35390
ath00230	Bra005344	AT2G35390	AT2G35390
ath01100	Bra005344	AT2G35390	AT2G35390
ath01110	Bra005344	AT2G35390	AT2G35390
ath01200	Bra005344	AT2G35390	AT2G35390
ath01230	Bra005344	AT2G35390	AT2G35390
ath00940	Bra005346	AT2G35380	AT2G35380
ath01100	Bra005346	AT2G35380	AT2G35380
ath01110	Bra005346	AT2G35380	AT2G35380
ath04519	Bra005368	AT2G35110	GRL
ath00230	Bra005371	AT2G35040	AT2G35040
ath00670	Bra005371	AT2G35040	AT2G35040
ath01100	Bra005371	AT2G35040	AT2G35040
ath01110	Bra005371	AT2G35040	AT2G35040
ath00520	Bra005373	AT2G35020	GlcNAc1pUT2
ath00541	Bra005373	AT2G35020	GlcNAc1pUT2
ath01100	Bra005373	AT2G35020	GlcNAc1pUT2
ath01250	Bra005373	AT2G35020	GlcNAc1pUT2
ath00563	Bra005376	AT2G34980	SETH1
ath01100	Bra005376	AT2G34980	SETH1
ath04156	Bra005377	AT2G34970	AT2G34970
ath04626	Bra005378	AT2G34930	AT2G34930
ath00240	Bra005384	AT2G34890	AT2G34890
ath01100	Bra005384	AT2G34890	AT2G34890
ath01232	Bra005384	AT2G34890	AT2G34890
ath01240	Bra005384	AT2G34890	AT2G34890
ath00940	Bra005392	AT2G34790	MEE23
ath01100	Bra005392	AT2G34790	MEE23
ath01110	Bra005392	AT2G34790	MEE23
ath00904	Bra005415	AT2G34555	ATGA2OX3
ath01110	Bra005415	AT2G34555	ATGA2OX3
ath03010	Bra005418	AT2G34520	RPS14
ath00100	Bra005420	AT2G34500	CYP710A1
ath01100	Bra005420	AT2G34500	CYP710A1
ath01110	Bra005420	AT2G34500	CYP710A1
ath03010	Bra005421	AT2G34480	AT2G34480
ath00940	Bra005456	AT2G34060	AT2G34060
ath01100	Bra005456	AT2G34060	AT2G34060
ath01110	Bra005456	AT2G34060	AT2G34060
ath04075	Bra005465	AT2G33860	ETT
ath04141	Bra005483	AT5G35080	OS9
ath03010	Bra005490	AT5G55140	AT5G55140
ath04144	Bra005500	AT2G33385	arpc2b
ath04517	Bra005500	AT2G33385	arpc2b
ath04519	Bra005500	AT2G33385	arpc2b
ath05100	Bra005500	AT2G33385	arpc2b
ath00073	Bra005501	AT2G33380	RD20
ath03040	Bra005504	AT2G33340	MAC3B
ath04120	Bra005504	AT2G33340	MAC3B
ath00380	Bra005513	AT2G33230	YUC7
ath01100	Bra005513	AT2G33230	YUC7
ath04075	Bra005513	AT2G33230	YUC7
ath00071	Bra005522	AT2G33150	PKT3
ath00280	Bra005522	AT2G33150	PKT3
ath00592	Bra005522	AT2G33150	PKT3
ath01040	Bra005522	AT2G33150	PKT3
ath01100	Bra005522	AT2G33150	PKT3
ath01110	Bra005522	AT2G33150	PKT3
ath01212	Bra005522	AT2G33150	PKT3
ath04146	Bra005522	AT2G33150	PKT3
ath04120	Bra005541	AT2G32950	COP1
ath04712	Bra005541	AT2G32950	COP1
ath04141	Bra005546	AT2G32920	PDIL2-3
ath00500	Bra005581	AT2G32290	BAM6
ath01100	Bra005581	AT2G32290	BAM6
ath01110	Bra005581	AT2G32290	BAM6
ath00904	Bra005596	AT2G32440	KAO2
ath01100	Bra005596	AT2G32440	KAO2
ath01110	Bra005596	AT2G32440	KAO2
ath03018	Bra005602	AT2G32550	AT2G32550
ath03040	Bra005605	AT2G32600	AT2G32600
ath03018	Bra005614	AT2G32070	AT2G32070
ath03013	Bra005651	AT2G31660	SAD2
ath00051	Bra005662	AT5G01930	MAN6
ath01100	Bra005662	AT5G01930	MAN6
ath00010	Bra005672	AT5G01670	AT5G01670
ath00040	Bra005672	AT5G01670	AT5G01670
ath00053	Bra005672	AT5G01670	AT5G01670
ath00561	Bra005672	AT5G01670	AT5G01670
ath00620	Bra005672	AT5G01670	AT5G01670
ath01100	Bra005672	AT5G01670	AT5G01670
ath01110	Bra005672	AT5G01670	AT5G01670
ath01240	Bra005672	AT5G01670	AT5G01670
ath03440	Bra005674	AT5G01630	BRCA2B
ath03460	Bra005674	AT5G01630	BRCA2B
ath00860	Bra005677	AT5G01600	FER1
ath03015	Bra005691	AT5G01290	AT5G01290
ath00561	Bra005694	AT5G01220	SQD2
ath00566	Bra005694	AT5G01220	SQD2
ath01100	Bra005694	AT5G01220	SQD2
ath01110	Bra005694	AT5G01220	SQD2
ath04082	Bra005712	AT5G02170	AT5G02170
ath04814	Bra005719	AT5G02370	AT5G02370
ath00510	Bra005722	AT5G02410	ALG10
ath01100	Bra005722	AT5G02410	ALG10
ath04141	Bra005733	AT5G03340	AtCDC48C
ath00230	Bra005735	AT5G03300	ADK2
ath01100	Bra005735	AT5G03300	ADK2
ath01232	Bra005735	AT5G03300	ADK2
ath04120	Bra005748	AT5G02880	UPL4
ath04144	Bra005767	AT5G03520	RAB8C
ath04081	Bra005771	AT5G03570	IREG2
ath00053	Bra005775	AT5G03630	ATMDAR2
ath01100	Bra005775	AT5G03630	ATMDAR2
ath04016	Bra005778	AT5G03730	CTR1
ath04075	Bra005778	AT5G03730	CTR1
ath03010	Bra005784	AT3G10090	AT3G10090
ath04626	Bra005785	AT2G36180	AT2G36180
ath00040	Bra005799	AT5G04310	AT5G04310
ath01100	Bra005799	AT5G04310	AT5G04310
ath00960	Bra005802	AT5G04370	NAMT1
ath00073	Bra005811	AT5G04660	CYP77A4
ath03010	Bra005820	AT2G05220	AT2G05220
ath00460	Bra005825	AT5G04885	AT5G04885
ath00500	Bra005825	AT5G04885	AT5G04885
ath00999	Bra005825	AT5G04885	AT5G04885
ath01100	Bra005825	AT5G04885	AT5G04885
ath01110	Bra005825	AT5G04885	AT5G04885
ath00860	Bra005827	AT5G04900	NOL
ath01100	Bra005827	AT5G04900	NOL
ath01110	Bra005827	AT5G04900	NOL
ath04148	Bra005828	AT5G04930	ALA1
ath00270	Bra005831	AT5G04950	NAS1
ath00999	Bra005831	AT5G04950	NAS1
ath01100	Bra005831	AT5G04950	NAS1
ath01110	Bra005831	AT5G04950	NAS1
ath00040	Bra005833	AT5G04970	AT5G04970
ath01100	Bra005833	AT5G04970	AT5G04970
ath04120	Bra005836	AT5G05080	UBC22
ath00511	Bra005854	AT5G05460	ENGase85A
ath04120	Bra005857	AT5G05560	EMB2771
ath03060	Bra005862	AT5G05670	AT5G05670
ath00905	Bra005863	AT5G05690	CPD
ath01100	Bra005863	AT5G05690	CPD
ath01110	Bra005863	AT5G05690	CPD
ath04130	Bra005866	AT5G05760	SYP31
ath03050	Bra005867	AT5G05780	RPN8A
ath03008	Bra005881	AT2G47990	SWA1
ath03083	Bra005900	AT5G06600	UBP12
ath04075	Bra005914	AT5G06839	TGA10
ath04075	Bra005928	AT5G07210	RR21
ath04130	Bra005968	AT5G08080	SYP132
ath00330	Bra005974	AT5G08170	EMB1873
ath01100	Bra005974	AT5G08170	EMB1873
ath01110	Bra005974	AT5G08170	EMB1873
ath00900	Bra005985	AT5G08335	ATSTE14B
ath01110	Bra005985	AT5G08335	ATSTE14B
ath00740	Bra005986	AT5G08340	AT5G08340
ath01100	Bra005986	AT5G08340	AT5G08340
ath01110	Bra005986	AT5G08340	AT5G08340
ath01240	Bra005986	AT5G08340	AT5G08340
ath04016	Bra006010	AT5G08590	SNRK2.1
ath04075	Bra006010	AT5G08590	SNRK2.1
ath00190	Bra006013	AT5G08690	AT5G08690
ath01100	Bra006013	AT5G08690	AT5G08690
ath00280	Bra006017	AT5G09300	AT5G09300
ath00640	Bra006017	AT5G09300	AT5G09300
ath00785	Bra006017	AT5G09300	AT5G09300
ath01100	Bra006017	AT5G09300	AT5G09300
ath01110	Bra006017	AT5G09300	AT5G09300
ath01210	Bra006017	AT5G09300	AT5G09300
ath04519	Bra006018	AT5G09310	AT5G09310
ath00190	Bra006029	AT5G09650	PPa6
ath03020	Bra006039	AT5G09920	NRPB4
ath03420	Bra006039	AT5G09920	NRPB4
ath00250	Bra006053	AT5G10240	ASN3
ath01100	Bra006053	AT5G10240	ASN3
ath01110	Bra006053	AT5G10240	ASN3
ath01230	Bra006053	AT5G10240	ASN3
ath03010	Bra006056	AT5G10360	EMB3010
ath03040	Bra006057	AT5G10370	AT5G10370
ath00062	Bra006062	AT5G10480	PAS2
ath01040	Bra006062	AT5G10480	PAS2
ath01100	Bra006062	AT5G10480	PAS2
ath01110	Bra006062	AT5G10480	PAS2
ath01212	Bra006062	AT5G10480	PAS2
ath00500	Bra006090	AT5G11110	SPS2F
ath01100	Bra006090	AT5G11110	SPS2F
ath01110	Bra006090	AT5G11110	SPS2F
ath00220	Bra006103	AT5G11520	ASP3
ath00250	Bra006103	AT5G11520	ASP3
ath00270	Bra006103	AT5G11520	ASP3
ath00330	Bra006103	AT5G11520	ASP3
ath00350	Bra006103	AT5G11520	ASP3
ath00360	Bra006103	AT5G11520	ASP3
ath00400	Bra006103	AT5G11520	ASP3
ath00710	Bra006103	AT5G11520	ASP3
ath00950	Bra006103	AT5G11520	ASP3
ath00960	Bra006103	AT5G11520	ASP3
ath01100	Bra006103	AT5G11520	ASP3
ath01110	Bra006103	AT5G11520	ASP3
ath01200	Bra006103	AT5G11520	ASP3
ath01210	Bra006103	AT5G11520	ASP3
ath01230	Bra006103	AT5G11520	ASP3
ath00620	Bra006107	AT5G11670	NADP-ME2
ath00710	Bra006107	AT5G11670	NADP-ME2
ath01100	Bra006107	AT5G11670	NADP-ME2
ath01200	Bra006107	AT5G11670	NADP-ME2
ath00052	Bra006111	AT5G11720	AT5G11720
ath00500	Bra006111	AT5G11720	AT5G11720
ath01100	Bra006111	AT5G11720	AT5G11720
ath01110	Bra006111	AT5G11720	AT5G11720
ath00250	Bra006138	AT5G12040	AT5G12040
ath01100	Bra006138	AT5G12040	AT5G12040
ath03040	Bra006143	AT5G12190	AT5G12190
ath03018	Bra006173	AT5G12980	AT5G12980
ath00030	Bra006181	AT5G13110	G6PD2
ath00480	Bra006181	AT5G13110	G6PD2
ath01100	Bra006181	AT5G13110	G6PD2
ath01110	Bra006181	AT5G13110	G6PD2
ath01200	Bra006181	AT5G13110	G6PD2
ath04075	Bra006196	AT5G13370	AT5G13370
ath00190	Bra006199	AT5G13440	AT5G13440
ath01100	Bra006199	AT5G13440	AT5G13440
ath04148	Bra006199	AT5G13440	AT5G13440
ath03015	Bra006202	AT5G13480	FY
ath00514	Bra006204	AT5G13500	AT5G13500
ath00860	Bra006208	AT5G13630	GUN5
ath01100	Bra006208	AT5G13630	GUN5
ath01110	Bra006208	AT5G13630	GUN5
ath00330	Bra006210	AT5G13700	PAO1
ath00410	Bra006210	AT5G13700	PAO1
ath01100	Bra006210	AT5G13700	PAO1
ath00100	Bra006211	AT5G13710	SMT1
ath01100	Bra006211	AT5G13710	SMT1
ath01110	Bra006211	AT5G13710	SMT1
ath04120	Bra006219	AT5G13840	FZR3
ath03410	Bra006223	AT5G13920	AT5G13920
ath00310	Bra006226	AT5G13960	SUVH4
ath01100	Bra006226	AT5G13960	SUVH4
ath00511	Bra006227	AT5G13980	AT5G13980
ath00260	Bra006235	AT5G14060	CARAB-AK-LYS
ath00261	Bra006235	AT5G14060	CARAB-AK-LYS
ath00270	Bra006235	AT5G14060	CARAB-AK-LYS
ath00300	Bra006235	AT5G14060	CARAB-AK-LYS
ath01100	Bra006235	AT5G14060	CARAB-AK-LYS
ath01110	Bra006235	AT5G14060	CARAB-AK-LYS
ath01210	Bra006235	AT5G14060	CARAB-AK-LYS
ath01230	Bra006235	AT5G14060	CARAB-AK-LYS
ath03082	Bra006242	AT5G14170	CHC1
ath03010	Bra006248	AT5G14320	EMB3137
ath00010	Bra006258	AT5G14500	AT5G14500
ath01100	Bra006258	AT5G14500	AT5G14500
ath01110	Bra006258	AT5G14500	AT5G14500
ath03018	Bra006261	AT5G14580	AT5G14580
ath00020	Bra006262	AT5G14590	AT5G14590
ath00480	Bra006262	AT5G14590	AT5G14590
ath01100	Bra006262	AT5G14590	AT5G14590
ath01110	Bra006262	AT5G14590	AT5G14590
ath01200	Bra006262	AT5G14590	AT5G14590
ath01210	Bra006262	AT5G14590	AT5G14590
ath01230	Bra006262	AT5G14590	AT5G14590
ath04146	Bra006262	AT5G14590	AT5G14590
ath00562	Bra006277	AT5G15070	AT5G15070
ath01100	Bra006277	AT5G15070	AT5G15070
ath04070	Bra006277	AT5G15070	AT5G15070
ath00040	Bra006279	AT5G15110	AT5G15110
ath01100	Bra006279	AT5G15110	AT5G15110
ath03410	Bra006287	AT5G15170	TDP1
ath03010	Bra006289	AT5G15200	AT5G15200
ath03010	Bra006290	AT5G15220	AT5G15220
ath00040	Bra006303	AT5G15490	UGD3
ath00053	Bra006303	AT5G15490	UGD3
ath00520	Bra006303	AT5G15490	UGD3
ath00541	Bra006303	AT5G15490	UGD3
ath01100	Bra006303	AT5G15490	UGD3
ath01240	Bra006303	AT5G15490	UGD3
ath01250	Bra006303	AT5G15490	UGD3
ath00061	Bra006305	AT5G15530	BCCP2
ath00620	Bra006305	AT5G15530	BCCP2
ath00640	Bra006305	AT5G15530	BCCP2
ath01100	Bra006305	AT5G15530	BCCP2
ath01110	Bra006305	AT5G15530	BCCP2
ath01200	Bra006305	AT5G15530	BCCP2
ath01212	Bra006305	AT5G15530	BCCP2
ath03008	Bra006320	AT5G15750	AT5G15750
ath03010	Bra006340	AT5G16130	AT5G16130
ath00061	Bra006352	AT5G16390	CAC1
ath00620	Bra006352	AT5G16390	CAC1
ath00640	Bra006352	AT5G16390	CAC1
ath01100	Bra006352	AT5G16390	CAC1
ath01110	Bra006352	AT5G16390	CAC1
ath01200	Bra006352	AT5G16390	CAC1
ath01212	Bra006352	AT5G16390	CAC1
ath00562	Bra006368	AT5G16760	ITPK1
ath01100	Bra006368	AT5G16760	ITPK1
ath04070	Bra006368	AT5G16760	ITPK1
ath00190	Bra006374	AT2G20800	NDB4
ath01100	Bra006374	AT2G20800	NDB4
ath04142	Bra006375	AT2G20790	AT2G20790
ath00040	Bra006395	AT5G17310	UGP2
ath00052	Bra006395	AT5G17310	UGP2
ath00500	Bra006395	AT5G17310	UGP2
ath00520	Bra006395	AT5G17310	UGP2
ath00541	Bra006395	AT5G17310	UGP2
ath01100	Bra006395	AT5G17310	UGP2
ath01110	Bra006395	AT5G17310	UGP2
ath01240	Bra006395	AT5G17310	UGP2
ath01250	Bra006395	AT5G17310	UGP2
ath00250	Bra006397	AT5G17330	GAD
ath00410	Bra006397	AT5G17330	GAD
ath00430	Bra006397	AT5G17330	GAD
ath00650	Bra006397	AT5G17330	GAD
ath01100	Bra006397	AT5G17330	GAD
ath01110	Bra006397	AT5G17330	GAD
ath03010	Bra006425	AT5G17870	PSRP6
ath00270	Bra006429	AT5G17920	ATMS1
ath00450	Bra006429	AT5G17920	ATMS1
ath01100	Bra006429	AT5G17920	ATMS1
ath01110	Bra006429	AT5G17920	ATMS1
ath01230	Bra006429	AT5G17920	ATMS1
ath04075	Bra006430	AT5G18010	SAUR19
ath03008	Bra006443	AT3G03920	AT3G03920
ath03018	Bra006446	AT5G18230	AT5G18230
ath04519	Bra006457	AT5G18410	PIR121
ath04120	Bra006470	AT5G18650	AT5G18650
ath04141	Bra006513	AT5G19660	S1P
ath00510	Bra006514	AT5G19690	STT3A
ath00513	Bra006514	AT5G19690	STT3A
ath01100	Bra006514	AT5G19690	STT3A
ath04141	Bra006514	AT5G19690	STT3A
ath04146	Bra006515	AT5G19750	AT5G19750
ath03013	Bra006519	AT5G19820	emb2734
ath03008	Bra006530	AT5G20020	RAN2
ath03013	Bra006530	AT5G20020	RAN2
ath03250	Bra006530	AT5G20020	RAN2
ath00541	Bra006538	AT5G20080	AT5G20080
ath04145	Bra006541	AT5G20110	AT5G20110
ath04517	Bra006541	AT5G20110	AT5G20110
ath04814	Bra006541	AT5G20110	AT5G20110
ath03010	Bra006546	AT5G20180	AT5G20180
ath04081	Bra006551	AT5G20270	HHP1
ath04814	Bra006561	AT5G20490	XIK
ath03420	Bra006565	AT5G20570	RBX1
ath04120	Bra006565	AT5G20570	RBX1
ath04141	Bra006565	AT5G20570	RBX1
ath04075	Bra006576	AT5G20810	AT5G20810
ath00500	Bra006578	AT5G20830	SUS1
ath01100	Bra006578	AT5G20830	SUS1
ath01110	Bra006578	AT5G20830	SUS1
ath00562	Bra006579	AT5G20840	AT5G20840
ath01100	Bra006579	AT5G20840	AT5G20840
ath04142	Bra006579	AT5G20840	AT5G20840
ath03440	Bra006580	AT5G20850	RAD51
ath03460	Bra006580	AT5G20850	RAD51
ath00460	Bra006587	AT5G20940	AT5G20940
ath00500	Bra006587	AT5G20940	AT5G20940
ath00999	Bra006587	AT5G20940	AT5G20940
ath01100	Bra006587	AT5G20940	AT5G20940
ath01110	Bra006587	AT5G20940	AT5G20940
ath04141	Bra006588	AT5G20970	AT5G20970
ath00270	Bra006589	AT5G20980	MS3
ath00450	Bra006589	AT5G20980	MS3
ath01100	Bra006589	AT5G20980	MS3
ath01110	Bra006589	AT5G20980	MS3
ath01230	Bra006589	AT5G20980	MS3
ath00790	Bra006590	AT5G20990	B73
ath01100	Bra006590	AT5G20990	B73
ath01240	Bra006590	AT5G20990	B73
ath04120	Bra006641	AT5G22920	AT5G22920
ath04144	Bra006645	AT5G22950	VPS24.1
ath03060	Bra006659	AT5G60460	AT5G60460
ath04141	Bra006659	AT5G60460	AT5G60460
ath04145	Bra006659	AT5G60460	AT5G60460
ath03018	Bra006677	AT5G60170	AT5G60170
ath03082	Bra006688	AT5G59870	HTA6
ath03018	Bra006698	AT5G59710	VIP2
ath00520	Bra006722	AT5G59290	UXS3
ath01100	Bra006722	AT5G59290	UXS3
ath01250	Bra006722	AT5G59290	UXS3
ath03250	Bra006723	AT1G35440	CYCT1
ath04120	Bra006730	AT5G59140	AT5G59140
ath00071	Bra006743	AT5G58860	CYP86A1
ath00073	Bra006743	AT5G58860	CYP86A1
ath00562	Bra006749	AT5G58670	PLC1
ath01100	Bra006749	AT5G58670	PLC1
ath04070	Bra006749	AT5G58670	PLC1
ath03020	Bra006791	AT5G57980	RPB5C
ath03420	Bra006791	AT5G57980	RPB5C
ath00790	Bra006795	AT5G57850	ADCL
ath01240	Bra006795	AT5G57850	ADCL
ath00940	Bra006797	AT5G57840	AT5G57840
ath00941	Bra006797	AT5G57840	AT5G57840
ath00945	Bra006797	AT5G57840	AT5G57840
ath01100	Bra006797	AT5G57840	AT5G57840
ath01110	Bra006797	AT5G57840	AT5G57840
ath00561	Bra006807	AT5G57690	DGK4
ath00564	Bra006807	AT5G57690	DGK4
ath01100	Bra006807	AT5G57690	DGK4
ath01110	Bra006807	AT5G57690	DGK4
ath04070	Bra006807	AT5G57690	DGK4
ath03440	Bra006820	AT5G57450	XRCC3
ath04517	Bra006821	AT5G57410	AT5G57410
ath00010	Bra006825	AT5G57330	AT5G57330
ath01100	Bra006825	AT5G57330	AT5G57330
ath01110	Bra006825	AT5G57330	AT5G57330
ath00071	Bra006879	AT3G51840	ACX4
ath00410	Bra006879	AT3G51840	ACX4
ath00592	Bra006879	AT3G51840	ACX4
ath00640	Bra006879	AT3G51840	ACX4
ath01040	Bra006879	AT3G51840	ACX4
ath01100	Bra006879	AT3G51840	ACX4
ath01110	Bra006879	AT3G51840	ACX4
ath01200	Bra006879	AT3G51840	ACX4
ath01212	Bra006879	AT3G51840	ACX4
ath04146	Bra006879	AT3G51840	ACX4
ath04141	Bra006889	AT3G51980	AT3G51980
ath03020	Bra006896	AT3G52090	NRPB11
ath03420	Bra006896	AT3G52090	NRPB11
ath03010	Bra006904	AT3G52150	PSRP2
ath03015	Bra006904	AT3G52150	PSRP2
ath03018	Bra006904	AT3G52150	PSRP2
ath04141	Bra006909	AT3G52190	PHF1
ath03015	Bra006911	AT3G52210	AT3G52210
ath00910	Bra006942	AT3G52720	ACA1
ath01100	Bra006942	AT3G52720	ACA1
ath00053	Bra006954	AT3G52880	MDAR1
ath01100	Bra006954	AT3G52880	MDAR1
ath00908	Bra006973	AT3G53160	UGT73C7
ath01110	Bra006973	AT3G53160	UGT73C7
ath04075	Bra006984	AT3G53250	AT3G53250
ath03040	Bra007004	AT3G53500	RS2Z32
ath00300	Bra007013	AT3G53580	AT3G53580
ath00470	Bra007013	AT3G53580	AT3G53580
ath01100	Bra007013	AT3G53580	AT3G53580
ath01110	Bra007013	AT3G53580	AT3G53580
ath01230	Bra007013	AT3G53580	AT3G53580
ath00190	Bra007016	AT3G53620	PPa4
ath04141	Bra007027	AT3G53800	Fes1B
ath00240	Bra007034	AT3G53900	UPP
ath01100	Bra007034	AT3G53900	UPP
ath01232	Bra007034	AT3G53900	UPP
ath00010	Bra007041	AT3G54050	HCEF1
ath00030	Bra007041	AT3G54050	HCEF1
ath00051	Bra007041	AT3G54050	HCEF1
ath00710	Bra007041	AT3G54050	HCEF1
ath01100	Bra007041	AT3G54050	HCEF1
ath01110	Bra007041	AT3G54050	HCEF1
ath01200	Bra007041	AT3G54050	HCEF1
ath00310	Bra007048	AT4G13460	SUVH9
ath01100	Bra007048	AT4G13460	SUVH9
ath04141	Bra007049	AT3G54130	AT3G54130
ath00500	Bra007060	AT3G54270	AT3G54270
ath01110	Bra007060	AT3G54270	AT3G54270
ath00520	Bra007071	AT3G54420	EP3
ath01100	Bra007071	AT3G54420	EP3
ath00260	Bra007085	AT3G54640	TSA1
ath00400	Bra007085	AT3G54640	TSA1
ath01100	Bra007085	AT3G54640	TSA1
ath01110	Bra007085	AT3G54640	TSA1
ath01230	Bra007085	AT3G54640	TSA1
ath00480	Bra007087	AT3G54660	GR
ath01100	Bra007087	AT3G54660	GR
ath04075	Bra007105	AT3G54850	PUB14
ath04142	Bra007106	AT3G54860	ATVPS33
ath04145	Bra007106	AT3G54860	ATVPS33
ath04148	Bra007106	AT3G54860	ATVPS33
ath00040	Bra007116	AT3G54920	PMR6
ath01100	Bra007116	AT3G54920	PMR6
ath03015	Bra007117	AT3G54930	AT3G54930
ath04382	Bra007117	AT3G54930	AT3G54930
ath04142	Bra007118	AT3G54940	AT3G54940
ath04626	Bra007118	AT3G54940	AT3G54940
ath04141	Bra007120	AT3G54960	PDIL1-3
ath00480	Bra007130	AT3G55040	GSTL2
ath01100	Bra007130	AT3G55040	GSTL2
ath02010	Bra007141	AT3G55110	ABCG18
ath04981	Bra007141	AT3G55110	ABCG18
ath00941	Bra007142	AT3G55120	TT5
ath01100	Bra007142	AT3G55120	TT5
ath01110	Bra007142	AT3G55120	TT5
ath00940	Bra007148	AT3G55180	AT3G55180
ath01100	Bra007148	AT3G55180	AT3G55180
ath01110	Bra007148	AT3G55180	AT3G55180
ath00062	Bra007154	AT3G55360	CER10
ath01040	Bra007154	AT3G55360	CER10
ath01100	Bra007154	AT3G55360	CER10
ath01110	Bra007154	AT3G55360	CER10
ath01212	Bra007154	AT3G55360	CER10
ath00450	Bra007159	AT3G55400	OVA1
ath00970	Bra007159	AT3G55400	OVA1
ath01100	Bra007159	AT3G55400	OVA1
ath04142	Bra007167	AT3G55480	PAT2
ath04130	Bra007178	AT3G55600	AT3G55600
ath00330	Bra007179	AT3G55610	P5CS2
ath01100	Bra007179	AT3G55610	P5CS2
ath01110	Bra007179	AT3G55610	P5CS2
ath01230	Bra007179	AT3G55610	P5CS2
ath03008	Bra007180	AT3G55620	eIF6A
ath00710	Bra007192	AT3G55800	SBPASE
ath01100	Bra007192	AT3G55800	SBPASE
ath01200	Bra007192	AT3G55800	SBPASE
ath00562	Bra007201	AT3G55940	AT3G55940
ath01100	Bra007201	AT3G55940	AT3G55940
ath04070	Bra007201	AT3G55940	AT3G55940
ath00541	Bra007210	AT3G56040	UGP3
ath00561	Bra007210	AT3G56040	UGP3
ath00566	Bra007210	AT3G56040	UGP3
ath01100	Bra007210	AT3G56040	UGP3
ath00860	Bra007215	AT3G56090	FER3
ath00052	Bra007235	AT3G56310	AT3G56310
ath00561	Bra007235	AT3G56310	AT3G56310
ath00600	Bra007235	AT3G56310	AT3G56310
ath00603	Bra007235	AT3G56310	AT3G56310
ath01100	Bra007235	AT3G56310	AT3G56310
ath03010	Bra007238	AT3G56340	AT3G56340
ath04146	Bra007239	AT3G56350	AT3G56350
ath04075	Bra007242	AT3G56380	RR17
ath00073	Bra007263	AT3G56700	FAR6
ath01110	Bra007263	AT3G56700	FAR6
ath04146	Bra007263	AT3G56700	FAR6
ath00650	Bra007273	AT3G56840	AT3G56840
ath01100	Bra007273	AT3G56840	AT3G56840
ath04075	Bra007274	AT3G56850	AREB3
ath03040	Bra007277	AT3G56860	UBA2A
ath03013	Bra007281	AT3G56900	AT3G56900
ath03010	Bra007282	AT3G56910	PSRP5
ath03008	Bra007292	AT3G57000	AT3G57000
ath03020	Bra007300	AT3G57080	NRPE5
ath03420	Bra007300	AT3G57080	NRPE5
ath04075	Bra007306	AT3G57130	BOP1
ath00563	Bra007308	AT3G57170	AT3G57170
ath01100	Bra007308	AT3G57170	AT3G57170
ath00510	Bra007312	AT3G57220	AT3G57220
ath01100	Bra007312	AT3G57220	AT3G57220
ath03082	Bra007318	AT3G57300	INO80
ath04141	Bra007320	AT3G57340	AT3G57340
ath03013	Bra007321	AT3G57350	AT3G57350
ath00052	Bra007333	AT3G57520	SIP2
ath01100	Bra007333	AT3G57520	SIP2
ath00230	Bra007336	AT3G57550	AGK2
ath01100	Bra007336	AT3G57550	AGK2
ath01232	Bra007336	AT3G57550	AGK2
ath00220	Bra007337	AT3G57560	NAGK
ath01100	Bra007337	AT3G57560	NAGK
ath01110	Bra007337	AT3G57560	NAGK
ath01210	Bra007337	AT3G57560	NAGK
ath01230	Bra007337	AT3G57560	NAGK
ath00230	Bra007342	AT3G57610	ADSS
ath00250	Bra007342	AT3G57610	ADSS
ath01100	Bra007342	AT3G57610	ADSS
ath01232	Bra007342	AT3G57610	ADSS
ath01240	Bra007342	AT3G57610	ADSS
ath00561	Bra007344	AT3G57650	LPAT2
ath00564	Bra007344	AT3G57650	LPAT2
ath01100	Bra007344	AT3G57650	LPAT2
ath01110	Bra007344	AT3G57650	LPAT2
ath03020	Bra007345	AT3G57660	NRPA1
ath03008	Bra007367	AT3G57940	AT3G57940
ath00970	Bra007382	AT3G58140	AT3G58140
ath04130	Bra007383	AT3G58170	BS14A
ath03015	Bra007398	AT3G58500	PP2A-4
ath04136	Bra007398	AT3G58500	PP2A-4
ath04382	Bra007398	AT3G58500	PP2A-4
ath00190	Bra007415	AT3G58730	AT3G58730
ath01100	Bra007415	AT3G58730	AT3G58730
ath04142	Bra007415	AT3G58730	AT3G58730
ath04145	Bra007415	AT3G58730	AT3G58730
ath00020	Bra007417	AT3G58750	CSY2
ath00630	Bra007417	AT3G58750	CSY2
ath01100	Bra007417	AT3G58750	CSY2
ath01110	Bra007417	AT3G58750	CSY2
ath01200	Bra007417	AT3G58750	CSY2
ath01210	Bra007417	AT3G58750	CSY2
ath01230	Bra007417	AT3G58750	CSY2
ath04075	Bra007430	AT3G59060	PIL6
ath04156	Bra007447	AT3G59410	GCN2
ath00051	Bra007452	AT3G59480	AT3G59480
ath00500	Bra007452	AT3G59480	AT3G59480
ath00520	Bra007452	AT3G59480	AT3G59480
ath01100	Bra007452	AT3G59480	AT3G59480
ath01110	Bra007452	AT3G59480	AT3G59480
ath01250	Bra007452	AT3G59480	AT3G59480
ath03020	Bra007463	AT3G59600	NRPB8B
ath03420	Bra007463	AT3G59600	NRPB8B
ath00590	Bra007472	AT3G59710	AT3G59710
ath00790	Bra007472	AT3G59710	AT3G59710
ath01100	Bra007472	AT3G59710	AT3G59710
ath03018	Bra007478	AT3G59810	LSM6A
ath03040	Bra007478	AT3G59810	LSM6A
ath00040	Bra007483	AT3G59850	AT3G59850
ath01100	Bra007483	AT3G59850	AT3G59850
ath00460	Bra007508	AT3G60130	BGLU16
ath00500	Bra007508	AT3G60130	BGLU16
ath00999	Bra007508	AT3G60130	BGLU16
ath01100	Bra007508	AT3G60130	BGLU16
ath01110	Bra007508	AT3G60130	BGLU16
ath00240	Bra007512	AT3G60180	AT3G60180
ath01100	Bra007512	AT3G60180	AT3G60180
ath01232	Bra007512	AT3G60180	AT3G60180
ath01240	Bra007512	AT3G60180	AT3G60180
ath00190	Bra007524	AT3G60330	HA7
ath01100	Bra007524	AT3G60330	HA7
ath04075	Bra007524	AT3G60330	HA7
ath03018	Bra007540	AT3G60500	CER7
ath00564	Bra007548	AT3G60620	CDS5
ath01100	Bra007548	AT3G60620	CDS5
ath01110	Bra007548	AT3G60620	CDS5
ath04070	Bra007548	AT3G60620	CDS5
ath00040	Bra007554	AT3G60730	AT3G60730
ath01100	Bra007554	AT3G60730	AT3G60730
ath03050	Bra007565	AT3G60820	PBF1
ath03010	Bra007572	AT3G61110	RS27A
ath00520	Bra007573	AT3G61130	GAUT1
ath01100	Bra007573	AT3G61130	GAUT1
ath00902	Bra007585	AT3G61220	SDR1
ath01110	Bra007585	AT3G61220	SDR1
ath03018	Bra007587	AT3G61240	AT3G61240
ath00270	Bra007611	AT3G61510	ACS1
ath01100	Bra007611	AT3G61510	ACS1
ath01110	Bra007611	AT3G61510	ACS1
ath04016	Bra007611	AT3G61510	ACS1
ath03018	Bra007620	AT3G61620	RRP41
ath04814	Bra007622	AT3G61650	TUBG1
ath04075	Bra007639	AT3G61900	AT3G61900
ath00760	Bra007656	AT3G62040	AT3G62040
ath01100	Bra007656	AT3G62040	AT3G62040
ath03272	Bra007659	AT3G62080	AT3G62080
ath04144	Bra007659	AT3G62080	AT3G62080
ath04075	Bra007660	AT3G62090	PIL2
ath00970	Bra007663	AT3G62120	AT3G62120
ath04141	Bra007687	AT3G62600	ATERDJ3B
ath00460	Bra007699	AT4G27830	BGLU10
ath00500	Bra007699	AT4G27830	BGLU10
ath00999	Bra007699	AT4G27830	BGLU10
ath01100	Bra007699	AT4G27830	BGLU10
ath01110	Bra007699	AT4G27830	BGLU10
ath00190	Bra007701	AT3G62790	AT3G62790
ath01100	Bra007701	AT3G62790	AT3G62790
ath00940	Bra007707	AT3G62860	AT3G62860
ath01100	Bra007707	AT3G62860	AT3G62860
ath01110	Bra007707	AT3G62860	AT3G62860
ath04075	Bra007720	AT3G62980	TIR1
ath00908	Bra007743	AT3G63440	CKX6
ath01110	Bra007743	AT3G63440	CKX6
ath04141	Bra007745	AT3G63460	AT3G63460
ath00860	Bra007748	AT2G30390	FC2
ath01100	Bra007748	AT2G30390	FC2
ath01110	Bra007748	AT2G30390	FC2
ath01240	Bra007748	AT2G30390	FC2
ath00860	Bra007749	AT2G26540	HEMD
ath01100	Bra007749	AT2G26540	HEMD
ath01110	Bra007749	AT2G26540	HEMD
ath01240	Bra007749	AT2G26540	HEMD
ath00562	Bra007756	AT2G26420	PIP5K3
ath01100	Bra007756	AT2G26420	PIP5K3
ath04070	Bra007756	AT2G26420	PIP5K3
ath04144	Bra007756	AT2G26420	PIP5K3
ath04146	Bra007757	AT2G26350	PEX10
ath04016	Bra007759	AT2G26330	ER
ath00062	Bra007766	AT2G26250	KCS10
ath01100	Bra007766	AT2G26250	KCS10
ath01110	Bra007766	AT2G26250	KCS10
ath04626	Bra007766	AT2G26250	KCS10
ath04016	Bra007769	AT2G26070	RTE1
ath04016	Bra007772	AT2G26040	PYL2
ath04075	Bra007772	AT2G26040	PYL2
ath04142	Bra007775	AT2G25940	ALPHA-VPE
ath00040	Bra007797	AT5G52560	USP
ath00052	Bra007797	AT5G52560	USP
ath00053	Bra007797	AT5G52560	USP
ath00520	Bra007797	AT5G52560	USP
ath00541	Bra007797	AT5G52560	USP
ath01100	Bra007797	AT5G52560	USP
ath01110	Bra007797	AT5G52560	USP
ath01250	Bra007797	AT5G52560	USP
ath03082	Bra007814	AT2G25170	PKL
ath00480	Bra007819	AT2G25080	GPX1
ath01100	Bra007819	AT2G25080	GPX1
ath00940	Bra007831	AT2G24800	AT2G24800
ath01100	Bra007831	AT2G24800	AT2G24800
ath01110	Bra007831	AT2G24800	AT2G24800
ath00190	Bra007845	AT2G24520	HA5
ath01100	Bra007845	AT2G24520	HA5
ath04075	Bra007845	AT2G24520	HA5
ath04142	Bra007911	AT1G70330	ENT1
ath00910	Bra007912	AT1G70410	BCA4
ath01100	Bra007912	AT1G70410	BCA4
ath03010	Bra007929	AT1G70600	AT1G70600
ath04075	Bra007937	AT1G70700	TIFY7
ath00562	Bra007954	AT1G71010	FAB1C
ath01100	Bra007954	AT1G71010	FAB1C
ath04070	Bra007954	AT1G71010	FAB1C
ath04142	Bra007954	AT1G71010	FAB1C
ath04145	Bra007954	AT1G71010	FAB1C
ath00030	Bra007961	AT1G71100	RSW10
ath00710	Bra007961	AT1G71100	RSW10
ath01100	Bra007961	AT1G71100	RSW10
ath01110	Bra007961	AT1G71100	RSW10
ath01200	Bra007961	AT1G71100	RSW10
ath01230	Bra007961	AT1G71100	RSW10
ath00062	Bra007966	AT1G71160	KCS7
ath01100	Bra007966	AT1G71160	KCS7
ath01110	Bra007966	AT1G71160	KCS7
ath04626	Bra007966	AT1G71160	KCS7
ath00280	Bra007967	AT1G71180	AT1G71180
ath01100	Bra007967	AT1G71180	AT1G71180
ath00340	Bra007994	AT1G71920	HISN6B
ath00350	Bra007994	AT1G71920	HISN6B
ath00360	Bra007994	AT1G71920	HISN6B
ath00400	Bra007994	AT1G71920	HISN6B
ath00960	Bra007994	AT1G71920	HISN6B
ath01100	Bra007994	AT1G71920	HISN6B
ath01110	Bra007994	AT1G71920	HISN6B
ath01230	Bra007994	AT1G71920	HISN6B
ath04156	Bra008029	AT1G72340	AT1G72340
ath03010	Bra008030	AT1G72370	P40
ath00591	Bra008037	AT1G72520	LOX4
ath00592	Bra008037	AT1G72520	LOX4
ath01100	Bra008037	AT1G72520	LOX4
ath01110	Bra008037	AT1G72520	LOX4
ath00260	Bra008051	AT1G72810	AT1G72810
ath00750	Bra008051	AT1G72810	AT1G72810
ath01100	Bra008051	AT1G72810	AT1G72810
ath01110	Bra008051	AT1G72810	AT1G72810
ath01230	Bra008051	AT1G72810	AT1G72810
ath00230	Bra008057	AT1G72880	AT1G72880
ath00240	Bra008057	AT1G72880	AT1G72880
ath00760	Bra008057	AT1G72880	AT1G72880
ath01100	Bra008057	AT1G72880	AT1G72880
ath01110	Bra008057	AT1G72880	AT1G72880
ath01232	Bra008057	AT1G72880	AT1G72880
ath04016	Bra008064	AT1G73000	PYL3
ath04075	Bra008064	AT1G73000	PYL3
ath00750	Bra008066	AT1G73010	PS2
ath01100	Bra008066	AT1G73010	PS2
ath01240	Bra008066	AT1G73010	PS2
ath00240	Bra008117	AT1G73980	AT1G73980
ath01100	Bra008117	AT1G73980	AT1G73980
ath01232	Bra008117	AT1G73980	AT1G73980
ath00901	Bra008124	AT1G74000	SS3
ath01100	Bra008124	AT1G74000	SS3
ath01110	Bra008124	AT1G74000	SS3
ath00901	Bra008126	AT1G74010	AT1G74010
ath01100	Bra008126	AT1G74010	AT1G74010
ath01110	Bra008126	AT1G74010	AT1G74010
ath00901	Bra008127	AT1G74020	SS2
ath01100	Bra008127	AT1G74020	SS2
ath01110	Bra008127	AT1G74020	SS2
ath00380	Bra008132	AT1G74100	SOT16
ath00966	Bra008132	AT1G74100	SOT16
ath01100	Bra008132	AT1G74100	SOT16
ath01110	Bra008132	AT1G74100	SOT16
ath01210	Bra008132	AT1G74100	SOT16
ath00860	Bra008152	AT1G74470	AT1G74470
ath00900	Bra008152	AT1G74470	AT1G74470
ath01100	Bra008152	AT1G74470	AT1G74470
ath01110	Bra008152	AT1G74470	AT1G74470
ath00561	Bra008174	AT1G75020	LPAT4
ath00564	Bra008174	AT1G75020	LPAT4
ath01100	Bra008174	AT1G75020	LPAT4
ath01110	Bra008174	AT1G75020	LPAT4
ath00053	Bra008188	AT1G75270	DHAR2
ath00480	Bra008188	AT1G75270	DHAR2
ath01100	Bra008188	AT1G75270	DHAR2
ath03022	Bra008202	AT1G75510	AT1G75510
ath04016	Bra008226	AT2G26020	PDF1.2b
ath04145	Bra008227	AT1G75840	ARAC5
ath04148	Bra008227	AT1G75840	ARAC5
ath04517	Bra008227	AT1G75840	ARAC5
ath04518	Bra008227	AT1G75840	ARAC5
ath04519	Bra008227	AT1G75840	ARAC5
ath04620	Bra008227	AT1G75840	ARAC5
ath05100	Bra008227	AT1G75840	ARAC5
ath00460	Bra008230	AT1G75940	ATA27
ath00500	Bra008230	AT1G75940	ATA27
ath00999	Bra008230	AT1G75940	ATA27
ath01100	Bra008230	AT1G75940	ATA27
ath01110	Bra008230	AT1G75940	ATA27
ath00900	Bra008261	AT1G76490	HMG1
ath01100	Bra008261	AT1G76490	HMG1
ath01110	Bra008261	AT1G76490	HMG1
ath00196	Bra008265	AT1G76570	AT1G76570
ath01100	Bra008265	AT1G76570	AT1G76570
ath00592	Bra008271	AT1G76680	OPR1
ath01100	Bra008271	AT1G76680	OPR1
ath01110	Bra008271	AT1G76680	OPR1
ath00190	Bra008288	AT3G42640	HA8
ath01100	Bra008288	AT3G42640	HA8
ath04075	Bra008288	AT3G42640	HA8
ath00940	Bra008291	AT1G77100	AT1G77100
ath01100	Bra008291	AT1G77100	AT1G77100
ath01110	Bra008291	AT1G77100	AT1G77100
ath04144	Bra008294	AT1G77140	VPS45
ath00940	Bra008307	AT1G77420	AT1G77420
ath01100	Bra008307	AT1G77420	AT1G77420
ath01110	Bra008307	AT1G77420	AT1G77420
ath00562	Bra008331	AT1G77740	PIP5K2
ath01100	Bra008331	AT1G77740	PIP5K2
ath04070	Bra008331	AT1G77740	PIP5K2
ath04144	Bra008331	AT1G77740	PIP5K2
ath00010	Bra008342	AT1G78050	PGM
ath00260	Bra008342	AT1G78050	PGM
ath01100	Bra008342	AT1G78050	PGM
ath01110	Bra008342	AT1G78050	PGM
ath01200	Bra008342	AT1G78050	PGM
ath01230	Bra008342	AT1G78050	PGM
ath00500	Bra008344	AT1G78090	TPPB
ath01100	Bra008344	AT1G78090	TPPB
ath01110	Bra008344	AT1G78090	TPPB
ath00908	Bra008354	AT1G78270	UGT85A4
ath01110	Bra008354	AT1G78270	UGT85A4
ath00760	Bra008370	AT1G78590	NADK3
ath01100	Bra008370	AT1G78590	NADK3
ath01240	Bra008370	AT1G78590	NADK3
ath00790	Bra008376	AT1G78660	GGH1
ath01240	Bra008376	AT1G78660	GGH1
ath03440	Bra008393	AT1G79050	RECA1
ath04142	Bra008401	AT1G79190	AT1G79190
ath04156	Bra008401	AT1G79190	AT1G79190
ath03050	Bra008402	AT1G16470	PAB1
ath00010	Bra008421	AT1G79550	PGK
ath00710	Bra008421	AT1G79550	PGK
ath01100	Bra008421	AT1G79550	PGK
ath01110	Bra008421	AT1G79550	PGK
ath01200	Bra008421	AT1G79550	PGK
ath01230	Bra008421	AT1G79550	PGK
ath04130	Bra008425	AT1G79590	SYP52
ath00564	Bra008434	AT1G80860	PLMT
ath01100	Bra008434	AT1G80860	PLMT
ath01110	Bra008434	AT1G80860	PLMT
ath04142	Bra008437	AT1G80830	NRAMP1
ath00940	Bra008438	AT1G80820	CCR2
ath01100	Bra008438	AT1G80820	CCR2
ath01110	Bra008438	AT1G80820	CCR2
ath00290	Bra008463	AT1G80560	IMD2
ath00660	Bra008463	AT1G80560	IMD2
ath01100	Bra008463	AT1G80560	IMD2
ath01110	Bra008463	AT1G80560	IMD2
ath01210	Bra008463	AT1G80560	IMD2
ath01230	Bra008463	AT1G80560	IMD2
ath00270	Bra008478	AT1G80360	AT1G80360
ath00380	Bra008478	AT1G80360	AT1G80360
ath01100	Bra008478	AT1G80360	AT1G80360
ath00904	Bra008480	AT1G80340	GA3OX2
ath01100	Bra008480	AT1G80340	GA3OX2
ath01110	Bra008480	AT1G80340	GA3OX2
ath00904	Bra008481	AT1G80330	GA3OX4
ath01100	Bra008481	AT1G80330	GA3OX4
ath01110	Bra008481	AT1G80330	GA3OX4
ath00130	Bra008507	AT1G64970	G-TMT
ath01100	Bra008507	AT1G64970	G-TMT
ath01110	Bra008507	AT1G64970	G-TMT
ath01240	Bra008507	AT1G64970	G-TMT
ath03010	Bra008512	AT1G64880	AT1G64880
ath00564	Bra008515	AT4G00240	PLDBETA2
ath00565	Bra008515	AT4G00240	PLDBETA2
ath01100	Bra008515	AT4G00240	PLDBETA2
ath01110	Bra008515	AT4G00240	PLDBETA2
ath04144	Bra008515	AT4G00240	PLDBETA2
ath00073	Bra008519	AT4G00360	CYP86A2
ath01100	Bra008519	AT4G00360	CYP86A2
ath03020	Bra008554	AT4G01590	AT4G01590
ath00240	Bra008557	AT4G02120	AT4G02120
ath01100	Bra008557	AT4G02120	AT4G02120
ath01232	Bra008557	AT4G02120	AT4G02120
ath01240	Bra008557	AT4G02120	AT4G02120
ath03013	Bra008559	AT4G02150	MOS6
ath00563	Bra008568	AT5G17250	AT5G17250
ath01100	Bra008568	AT5G17250	AT5G17250
ath04144	Bra008579	AT5G17060	ARFB1B
ath03040	Bra008595	AT5G16780	DOT2
ath00970	Bra008602	AT5G16715	EMB2247
ath00220	Bra008612	AT5G16570	GLN1
ath00250	Bra008612	AT5G16570	GLN1
ath00630	Bra008612	AT5G16570	GLN1
ath00910	Bra008612	AT5G16570	GLN1
ath01100	Bra008612	AT5G16570	GLN1
ath01110	Bra008612	AT5G16570	GLN1
ath01230	Bra008612	AT5G16570	GLN1
ath04075	Bra008612	AT5G16570	GLN1
ath00520	Bra008616	AT5G16510	RGP5
ath01100	Bra008616	AT5G16510	RGP5
ath01250	Bra008616	AT5G16510	RGP5
ath00061	Bra008632	AT5G16230	AT5G16230
ath01040	Bra008632	AT5G16230	AT5G16230
ath01100	Bra008632	AT5G16230	AT5G16230
ath01212	Bra008632	AT5G16230	AT5G16230
ath00970	Bra008658	AT1G72550	AT1G72550
ath00270	Bra008662	AT5G15950	AT5G15950
ath00330	Bra008662	AT5G15950	AT5G15950
ath01100	Bra008662	AT5G15950	AT5G15950
ath01110	Bra008662	AT5G15950	AT5G15950
ath04712	Bra008669	AT5G15840	CO
ath00520	Bra008677	AT5G15770	GNA1
ath01100	Bra008677	AT5G15770	GNA1
ath01250	Bra008677	AT5G15770	GNA1
ath03010	Bra008678	AT5G15760	PSRP3/2
ath00520	Bra008683	AT5G15650	RGP2
ath01100	Bra008683	AT5G15650	RGP2
ath01250	Bra008683	AT5G15650	RGP2
ath04626	Bra008699	AT5G15410	DND1
ath00010	Bra008718	AT5G15140	AT5G15140
ath00052	Bra008718	AT5G15140	AT5G15140
ath01100	Bra008718	AT5G15140	AT5G15140
ath01110	Bra008718	AT5G15140	AT5G15140
ath04626	Bra008733	AT5G14870	CNGC18
ath00330	Bra008735	AT5G14800	P5CR
ath01100	Bra008735	AT5G14800	P5CR
ath01110	Bra008735	AT5G14800	P5CR
ath01230	Bra008735	AT5G14800	P5CR
ath00630	Bra008737	AT5G14780	FDH
ath01100	Bra008737	AT5G14780	FDH
ath01200	Bra008737	AT5G14780	FDH
ath00250	Bra008739	AT5G14760	AO
ath00760	Bra008739	AT5G14760	AO
ath01100	Bra008739	AT5G14760	AO
ath01240	Bra008739	AT5G14760	AO
ath00040	Bra008748	AT5G14650	AT5G14650
ath01100	Bra008748	AT5G14650	AT5G14650
ath00510	Bra008753	AT5G14480	AT5G14480
ath01100	Bra008753	AT5G14480	AT5G14480
ath00905	Bra008760	AT5G14400	CYP724A1
ath01100	Bra008760	AT5G14400	CYP724A1
ath01110	Bra008760	AT5G14400	CYP724A1
ath00860	Bra008772	AT5G14220	HEMG2
ath01100	Bra008772	AT5G14220	HEMG2
ath01110	Bra008772	AT5G14220	HEMG2
ath01240	Bra008772	AT5G14220	HEMG2
ath03008	Bra008783	AT5G14050	AT5G14050
ath04141	Bra008785	AT5G14030	AT5G14030
ath00941	Bra008792	AT5G13930	TT4
ath01100	Bra008792	AT5G13930	TT4
ath01110	Bra008792	AT5G13930	TT4
ath04712	Bra008792	AT5G13930	TT4
ath00561	Bra008812	AT5G13640	PDAT
ath01100	Bra008812	AT5G13640	PDAT
ath01110	Bra008812	AT5G13640	PDAT
ath02010	Bra008817	AT5G13580	ABCG6
ath04981	Bra008817	AT5G13580	ABCG6
ath03018	Bra008818	AT5G13570	DCP2
ath00590	Bra008823	AT5G13520	AT5G13520
ath01100	Bra008823	AT5G13520	AT5G13520
ath03010	Bra008824	AT5G13510	EMB3136
ath00030	Bra008831	AT5G13420	TRA2
ath00710	Bra008831	AT5G13420	TRA2
ath01100	Bra008831	AT5G13420	TRA2
ath01110	Bra008831	AT5G13420	TRA2
ath01200	Bra008831	AT5G13420	TRA2
ath01230	Bra008831	AT5G13420	TRA2
ath04144	Bra008838	AT5G13300	SFC
ath00260	Bra008840	AT5G13280	AK-LYS1
ath00261	Bra008840	AT5G13280	AK-LYS1
ath00270	Bra008840	AT5G13280	AK-LYS1
ath00300	Bra008840	AT5G13280	AK-LYS1
ath01100	Bra008840	AT5G13280	AK-LYS1
ath01110	Bra008840	AT5G13280	AK-LYS1
ath01210	Bra008840	AT5G13280	AK-LYS1
ath01230	Bra008840	AT5G13280	AK-LYS1
ath04075	Bra008846	AT5G13220	JAZ10
ath04626	Bra008851	AT5G13160	PBS1
ath00670	Bra008861	AT5G13050	5-FCL
ath01100	Bra008861	AT5G13050	5-FCL
ath04981	Bra008861	AT5G13050	5-FCL
ath04075	Bra008879	AT5G12480	CPK7
ath04626	Bra008879	AT5G12480	CPK7
ath04145	Bra008903	AT5G12250	TUB6
ath04517	Bra008903	AT5G12250	TUB6
ath04814	Bra008903	AT5G12250	TUB6
ath00240	Bra008908	AT5G12200	PYD2
ath00410	Bra008908	AT5G12200	PYD2
ath00770	Bra008908	AT5G12200	PYD2
ath01100	Bra008908	AT5G12200	PYD2
ath04075	Bra008910	AT5G12180	CPK17
ath04626	Bra008910	AT5G12180	CPK17
ath00052	Bra008926	AT5G11920	cwINV6
ath00500	Bra008926	AT5G11920	cwINV6
ath01100	Bra008926	AT5G11920	cwINV6
ath01110	Bra008926	AT5G11920	cwINV6
ath00300	Bra008931	AT5G11880	AT5G11880
ath00470	Bra008931	AT5G11880	AT5G11880
ath01100	Bra008931	AT5G11880	AT5G11880
ath01110	Bra008931	AT5G11880	AT5G11880
ath01230	Bra008931	AT5G11880	AT5G11880
ath00730	Bra008967	AT5G11380	DXPS3
ath00900	Bra008967	AT5G11380	DXPS3
ath01100	Bra008967	AT5G11380	DXPS3
ath01110	Bra008967	AT5G11380	DXPS3
ath00380	Bra008971	AT5G11320	YUC4
ath01100	Bra008971	AT5G11320	YUC4
ath04075	Bra008971	AT5G11320	YUC4
ath03008	Bra008979	AT5G11240	AT5G11240
ath04130	Bra008987	AT5G11150	VAMP713
ath04142	Bra008987	AT5G11150	VAMP713
ath04145	Bra008987	AT5G11150	VAMP713
ath03060	Bra008992	AT1G53530	AT1G53530
ath04075	Bra008999	AT5G10990	AT5G10990
ath03018	Bra009001	AT5G10960	AT5G10960
ath00220	Bra009004	AT5G10920	AT5G10920
ath00250	Bra009004	AT5G10920	AT5G10920
ath01100	Bra009004	AT5G10920	AT5G10920
ath01110	Bra009004	AT5G10920	AT5G10920
ath01230	Bra009004	AT5G10920	AT5G10920
ath00460	Bra009043	AT5G10300	MES5
ath01100	Bra009043	AT5G10300	MES5
ath01110	Bra009043	AT5G10300	MES5
ath00500	Bra009057	AT5G10100	TPPI
ath01100	Bra009057	AT5G10100	TPPI
ath01110	Bra009057	AT5G10100	TPPI
ath00195	Bra009066	AT5G10000	FD4
ath01100	Bra009066	AT5G10000	FD4
ath00941	Bra009101	AT5G05270	CHIL
ath01100	Bra009101	AT5G05270	CHIL
ath01110	Bra009101	AT5G05270	CHIL
ath04016	Bra009113	AT5G05440	PYL5
ath04075	Bra009113	AT5G05440	PYL5
ath03013	Bra009125	AT5G05680	MOS7
ath00400	Bra009130	AT5G05730	ASA1
ath01100	Bra009130	AT5G05730	ASA1
ath01110	Bra009130	AT5G05730	ASA1
ath01230	Bra009130	AT5G05730	ASA1
ath00908	Bra009142	AT5G05860	UGT76C2
ath01110	Bra009142	AT5G05860	UGT76C2
ath00908	Bra009143	AT5G05870	UGT76C1
ath01110	Bra009143	AT5G05870	UGT76C1
ath00230	Bra009151	AT5G05930	GC1
ath01100	Bra009151	AT5G05930	GC1
ath00790	Bra009156	AT5G05980	DFB
ath01100	Bra009156	AT5G05980	DFB
ath01240	Bra009156	AT5G05980	DFB
ath04981	Bra009156	AT5G05980	DFB
ath00561	Bra009162	AT5G06090	GPAT7
ath00564	Bra009162	AT5G06090	GPAT7
ath01100	Bra009162	AT5G06090	GPAT7
ath01110	Bra009162	AT5G06090	GPAT7
ath03010	Bra009165	AT3G11510	AT3G11510
ath04144	Bra009166	AT5G06140	SNX1
ath04142	Bra009172	AT5G06260	AT5G06260
ath03083	Bra009187	AT5G06350	AT5G06350
ath04120	Bra009196	AT5G06460	UBA_2
ath02010	Bra009203	AT5G06530	ABCG22
ath04981	Bra009203	AT5G06530	ABCG22
ath00620	Bra009208	AT5G06580	AT5G06580
ath01100	Bra009208	AT5G06580	AT5G06580
ath00940	Bra009220	AT5G06720	PA2
ath01100	Bra009220	AT5G06720	PA2
ath01110	Bra009220	AT5G06720	PA2
ath00940	Bra009221	AT5G06730	AT5G06730
ath01100	Bra009221	AT5G06730	AT5G06730
ath01110	Bra009221	AT5G06730	AT5G06730
ath00220	Bra009263	AT5G07440	GDH2
ath00250	Bra009263	AT5G07440	GDH2
ath00910	Bra009263	AT5G07440	GDH2
ath01100	Bra009263	AT5G07440	GDH2
ath01200	Bra009263	AT5G07440	GDH2
ath00040	Bra009265	AT1G69940	PPME1
ath01100	Bra009265	AT1G69940	PPME1
ath04016	Bra009266	AT5G07390	RBOHA
ath04626	Bra009266	AT5G07390	RBOHA
ath00562	Bra009268	AT5G07370	IPK2a
ath01100	Bra009268	AT5G07370	IPK2a
ath04070	Bra009268	AT5G07370	IPK2a
ath00904	Bra009285	AT5G07200	GA20OX3
ath01100	Bra009285	AT5G07200	GA20OX3
ath01110	Bra009285	AT5G07200	GA20OX3
ath04016	Bra009287	AT5G07180	ERL2
ath00941	Bra009312	AT5G07990	TT7
ath00944	Bra009312	AT5G07990	TT7
ath01100	Bra009312	AT5G07990	TT7
ath01110	Bra009312	AT5G07990	TT7
ath00564	Bra009316	AT5G08030	GDPD6
ath00250	Bra009319	AT5G08100	ASPGA1
ath00460	Bra009319	AT5G08100	ASPGA1
ath01100	Bra009319	AT5G08100	ASPGA1
ath01110	Bra009319	AT5G08100	ASPGA1
ath03008	Bra009327	AT5G08180	AT5G08180
ath00860	Bra009334	AT5G08280	HEMC
ath01100	Bra009334	AT5G08280	HEMC
ath01110	Bra009334	AT5G08280	HEMC
ath01240	Bra009334	AT5G08280	HEMC
ath03040	Bra009335	AT5G08290	YLS8
ath00020	Bra009336	AT5G08300	AT5G08300
ath00640	Bra009336	AT5G08300	AT5G08300
ath01100	Bra009336	AT5G08300	AT5G08300
ath01110	Bra009336	AT5G08300	AT5G08300
ath01200	Bra009336	AT5G08300	AT5G08300
ath04712	Bra009338	AT5G08330	TCP11
ath04146	Bra009342	AT5G08470	PEX1
ath00190	Bra009347	AT5G08530	CI51
ath01100	Bra009347	AT5G08530	CI51
ath00010	Bra009352	AT5G08570	AT5G08570
ath00620	Bra009352	AT5G08570	AT5G08570
ath01100	Bra009352	AT5G08570	AT5G08570
ath01110	Bra009352	AT5G08570	AT5G08570
ath01200	Bra009352	AT5G08570	AT5G08570
ath01230	Bra009352	AT5G08570	AT5G08570
ath00941	Bra009358	AT5G08640	FLS1
ath01100	Bra009358	AT5G08640	FLS1
ath01110	Bra009358	AT5G08640	FLS1
ath00130	Bra009366	AT5G08740	NDC1
ath01100	Bra009366	AT5G08740	NDC1
ath01110	Bra009366	AT5G08740	NDC1
ath01240	Bra009366	AT5G08740	NDC1
ath00040	Bra009375	AT5G09280	AT5G09280
ath01100	Bra009375	AT5G09280	AT5G09280
ath04145	Bra009378	AT3G19770	VPS9A
ath03020	Bra009380	AT5G09380	AT5G09380
ath00020	Bra009392	AT4G32210	SDH3-2
ath00190	Bra009392	AT4G32210	SDH3-2
ath01100	Bra009392	AT4G32210	SDH3-2
ath01110	Bra009392	AT4G32210	SDH3-2
ath01200	Bra009392	AT4G32210	SDH3-2
ath00940	Bra009395	AT5G09640	SCPL19
ath01110	Bra009395	AT5G09640	SCPL19
ath00310	Bra009403	AT5G09790	ATXR5
ath01100	Bra009403	AT5G09790	ATXR5
ath04820	Bra009405	AT5G04990	SUN1
ath00310	Bra009409	AT5G04940	SUVH1
ath01100	Bra009409	AT5G04940	SUVH1
ath04144	Bra009411	AT5G04920	AT5G04920
ath00062	Bra009413	AT2G26640	KCS11
ath01100	Bra009413	AT2G26640	KCS11
ath01110	Bra009413	AT2G26640	KCS11
ath04626	Bra009413	AT2G26640	KCS11
ath03018	Bra009414	AT5G04895	ABO6
ath03060	Bra009418	AT1G23465	AT1G23465
ath04075	Bra009420	AT5G04870	CPK1
ath04626	Bra009420	AT5G04870	CPK1
ath03010	Bra009431	AT5G04800	AT5G04800
ath00073	Bra009437	AT5G04630	CYP77A9
ath00780	Bra009438	AT5G04620	BIOF
ath01100	Bra009438	AT5G04620	BIOF
ath01240	Bra009438	AT5G04620	BIOF
ath00920	Bra009441	AT5G04590	SIR
ath01100	Bra009441	AT5G04590	SIR
ath01320	Bra009441	AT5G04590	SIR
ath00562	Bra009444	AT5G04540	MTM2
ath01100	Bra009444	AT5G04540	MTM2
ath04070	Bra009444	AT5G04540	MTM2
ath00062	Bra009445	AT5G04530	KCS19
ath01100	Bra009445	AT5G04530	KCS19
ath01110	Bra009445	AT5G04530	KCS19
ath04626	Bra009445	AT5G04530	KCS19
ath04517	Bra009447	AT5G04510	PDK1
ath00910	Bra009479	AT5G04180	ACA3
ath01100	Bra009479	AT5G04180	ACA3
ath04626	Bra009480	AT5G04170	AT5G04170
ath00630	Bra009483	AT5G04140	GLU1
ath00910	Bra009483	AT5G04140	GLU1
ath00100	Bra009491	AT5G04040	SDP1
ath00561	Bra009491	AT5G04040	SDP1
ath00564	Bra009491	AT5G04040	SDP1
ath00565	Bra009491	AT5G04040	SDP1
ath00590	Bra009491	AT5G04040	SDP1
ath00591	Bra009491	AT5G04040	SDP1
ath00592	Bra009491	AT5G04040	SDP1
ath01100	Bra009491	AT5G04040	SDP1
ath01110	Bra009491	AT5G04040	SDP1
ath03060	Bra009499	AT5G03940	CPSRP54
ath00540	Bra009511	AT5G03770	KDTA
ath01100	Bra009511	AT5G03770	KDTA
ath00010	Bra009517	AT5G03690	FBA4
ath00030	Bra009517	AT5G03690	FBA4
ath00051	Bra009517	AT5G03690	FBA4
ath00710	Bra009517	AT5G03690	FBA4
ath01100	Bra009517	AT5G03690	FBA4
ath01110	Bra009517	AT5G03690	FBA4
ath01200	Bra009517	AT5G03690	FBA4
ath01230	Bra009517	AT5G03690	FBA4
ath00500	Bra009521	AT5G03650	SBE2.2
ath01100	Bra009521	AT5G03650	SBE2.2
ath01110	Bra009521	AT5G03650	SBE2.2
ath03083	Bra009530	AT5G03415	DPB
ath00020	Bra009537	AT5G03290	IDH-V
ath01100	Bra009537	AT5G03290	IDH-V
ath01110	Bra009537	AT5G03290	IDH-V
ath01200	Bra009537	AT5G03290	IDH-V
ath01210	Bra009537	AT5G03290	IDH-V
ath01230	Bra009537	AT5G03290	IDH-V
ath04016	Bra009539	AT5G03280	EIN2
ath04075	Bra009539	AT5G03280	EIN2
ath04120	Bra009542	AT5G03240	UBQ3
ath04141	Bra009548	AT5G03160	P58IPK
ath03010	Bra009560	AT3G09630	AT3G09630
ath04712	Bra009565	AT5G02810	PRR7
ath03013	Bra009581	AT5G02530	AT5G02530
ath03015	Bra009581	AT5G02530	AT5G02530
ath03040	Bra009581	AT5G02530	AT5G02530
ath03083	Bra009586	AT5G02470	DPA
ath00563	Bra009589	AT3G45100	SETH2
ath01100	Bra009589	AT3G45100	SETH2
ath03018	Bra009601	AT5G02270	ABCI20
ath04082	Bra009608	AT5G02180	AT5G02180
ath00770	Bra009615	AT5G02080	AT5G02080
ath01100	Bra009615	AT5G02080	AT5G02080
ath01240	Bra009615	AT5G02080	AT5G02080
ath04142	Bra009631	AT5G01180	PTR5
ath04075	Bra009636	AT5G01240	LAX1
ath03410	Bra009639	AT5G01310	APTX
ath04712	Bra009667	AT5G23280	AT5G23280
ath04146	Bra009670	AT5G23310	FSD3
ath03050	Bra009693	AT5G23540	AT5G23540
ath04075	Bra009697	AT5G23580	CDPK9
ath04626	Bra009697	AT5G23580	CDPK9
ath03020	Bra009704	AT5G23710	AT5G23710
ath04145	Bra009710	AT5G23860	TUB8
ath04517	Bra009710	AT5G23860	TUB8
ath04814	Bra009710	AT5G23860	TUB8
ath03015	Bra009712	AT5G23880	CPSF100
ath04814	Bra009714	AT5G23910	AT5G23910
ath00940	Bra009728	AT5G24070	AT5G24070
ath01100	Bra009728	AT5G24070	AT5G24070
ath01110	Bra009728	AT5G24070	AT5G24070
ath00500	Bra009747	AT5G24300	SS1
ath01100	Bra009747	AT5G24300	SS1
ath01110	Bra009747	AT5G24300	SS1
ath00310	Bra009752	AT5G24330	ATXR6
ath01100	Bra009752	AT5G24330	ATXR6
ath00030	Bra009758	AT5G24400	EMB2024
ath01100	Bra009758	AT5G24400	EMB2024
ath01110	Bra009758	AT5G24400	EMB2024
ath01200	Bra009758	AT5G24400	EMB2024
ath00030	Bra009759	AT5G24410	PGL4
ath01100	Bra009759	AT5G24410	PGL4
ath01110	Bra009759	AT5G24410	PGL4
ath01200	Bra009759	AT5G24410	PGL4
ath00030	Bra009763	AT5G24420	PGL5
ath01100	Bra009763	AT5G24420	PGL5
ath01110	Bra009763	AT5G24420	PGL5
ath01200	Bra009763	AT5G24420	PGL5
ath04712	Bra009768	AT5G24470	PRR5
ath03083	Bra009770	AT5G24520	TTG1
ath03018	Bra009814	AT5G25080	AT5G25080
ath03015	Bra009846	AT5G25510	AT5G25510
ath04382	Bra009846	AT5G25510	AT5G25510
ath00380	Bra009856	AT5G25620	YUC6
ath01100	Bra009856	AT5G25620	YUC6
ath04075	Bra009856	AT5G25620	YUC6
ath03008	Bra009860	AT5G25800	AT5G25800
ath00620	Bra009866	AT5G25880	NADP-ME3
ath00710	Bra009866	AT5G25880	NADP-ME3
ath01100	Bra009866	AT5G25880	NADP-ME3
ath01200	Bra009866	AT5G25880	NADP-ME3
ath04075	Bra009867	AT5G25890	IAA28
ath00904	Bra009868	AT5G25900	GA3
ath01100	Bra009868	AT5G25900	GA3
ath01110	Bra009868	AT5G25900	GA3
ath00860	Bra009876	AT5G26030	FC1
ath01100	Bra009876	AT5G26030	FC1
ath01110	Bra009876	AT5G26030	FC1
ath01240	Bra009876	AT5G26030	FC1
ath04142	Bra009891	AT5G26240	CLC-D
ath03030	Bra009908	AT5G26680	AT5G26680
ath03410	Bra009908	AT5G26680	AT5G26680
ath03450	Bra009908	AT5G26680	AT5G26680
ath04120	Bra009912	AT3G05870	APC11
ath00270	Bra009915	AT5G26600	AT5G26600
ath01100	Bra009915	AT5G26600	AT5G26600
ath03015	Bra009941	AT5G27840	TOPP8
ath04156	Bra009941	AT5G27840	TOPP8
ath04519	Bra009941	AT5G27840	TOPP8
ath03030	Bra009945	AT5G27740	EMB2775
ath03410	Bra009945	AT5G27740	EMB2775
ath03420	Bra009945	AT5G27740	EMB2775
ath03430	Bra009945	AT5G27740	EMB2775
ath00061	Bra009951	AT5G27600	LACS7
ath00071	Bra009951	AT5G27600	LACS7
ath01100	Bra009951	AT5G27600	LACS7
ath01212	Bra009951	AT5G27600	LACS7
ath04146	Bra009951	AT5G27600	LACS7
ath04146	Bra009953	AT5G27520	PNC2
ath03010	Bra009966	AT5G27395	AT5G27395
ath00270	Bra009967	AT5G27380	GSH2
ath00480	Bra009967	AT5G27380	GSH2
ath01100	Bra009967	AT5G27380	GSH2
ath01240	Bra009967	AT5G27380	GSH2
ath04075	Bra009970	AT5G27320	GID1C
ath03013	Bra009976	AT3G05040	HST
ath03008	Bra009978	AT5G27120	AT5G27120
ath00230	Bra009987	AT5G28050	AT5G28050
ath01100	Bra009987	AT5G28050	AT5G28050
ath03015	Bra009992	AT5G28210	AT5G28210
ath00053	Bra010011	AT5G28840	GME
ath00520	Bra010011	AT5G28840	GME
ath01100	Bra010011	AT5G28840	GME
ath01110	Bra010011	AT5G28840	GME
ath01240	Bra010011	AT5G28840	GME
ath01250	Bra010011	AT5G28840	GME
ath03015	Bra010012	AT5G28900	AT5G28900
ath04382	Bra010012	AT5G28900	AT5G28900
ath03010	Bra010018	AT5G30510	RPS1
ath04141	Bra010028	AT5G49570	PNG1
ath03020	Bra010031	AT5G49530	AT5G49530
ath04075	Bra010048	AT5G62000	ARF2
ath03060	Bra010053	AT5G62050	OXA1
ath00563	Bra010060	AT5G62130	AT5G62130
ath01100	Bra010060	AT5G62130	AT5G62130
ath04016	Bra010067	AT5G62230	ERL1
ath03010	Bra010071	AT5G62270	GCD1
ath00480	Bra010088	AT5G62480	GSTU9
ath01100	Bra010088	AT5G62480	GSTU9
ath00250	Bra010097	AT5G62530	ALDH12A1
ath00330	Bra010097	AT5G62530	ALDH12A1
ath01100	Bra010097	AT5G62530	ALDH12A1
ath03013	Bra010101	AT5G62600	MOS14
ath03250	Bra010101	AT5G62600	MOS14
ath04145	Bra010114	AT5G62700	TUB3
ath04517	Bra010114	AT5G62700	TUB3
ath04814	Bra010114	AT5G62700	TUB3
ath04146	Bra010124	AT5G62810	PEX14
ath04075	Bra010132	AT5G62920	ARR6
ath00010	Bra010164	AT1G32440	PKp3
ath00620	Bra010164	AT1G32440	PKp3
ath01100	Bra010164	AT1G32440	PKp3
ath01110	Bra010164	AT1G32440	PKp3
ath01200	Bra010164	AT1G32440	PKp3
ath01230	Bra010164	AT1G32440	PKp3
ath03040	Bra010168	AT1G32490	ESP3
ath04016	Bra010178	AT1G32640	MYC2
ath04075	Bra010178	AT1G32640	MYC2
ath00500	Bra010189	AT1G32900	GBSS1
ath01100	Bra010189	AT1G32900	GBSS1
ath01110	Bra010189	AT1G32900	GBSS1
ath03013	Bra010196	AT1G33410	SAR1
ath03040	Bra010207	AT1G33520	MOS2
ath00999	Bra010214	AT4G31940	CYP82C4
ath01110	Bra010214	AT4G31940	CYP82C4
ath00280	Bra010219	AT4G31810	AT4G31810
ath00410	Bra010219	AT4G31810	AT4G31810
ath00640	Bra010219	AT4G31810	AT4G31810
ath01100	Bra010219	AT4G31810	AT4G31810
ath01200	Bra010219	AT4G31810	AT4G31810
ath03010	Bra010227	AT4G31700	RPS6
ath03050	Bra010243	AT4G31300	PBA1
ath03022	Bra010271	AT4G30820	AT4G30820
ath03420	Bra010271	AT4G30820	AT4G30820
ath03040	Bra010295	AT4G30220	RUXF
ath00190	Bra010298	AT4G30190	HA2
ath01100	Bra010298	AT4G30190	HA2
ath04075	Bra010298	AT4G30190	HA2
ath00260	Bra010315	AT4G29840	MTO2
ath00750	Bra010315	AT4G29840	MTO2
ath01100	Bra010315	AT4G29840	MTO2
ath01110	Bra010315	AT4G29840	MTO2
ath01230	Bra010315	AT4G29840	MTO2
ath00540	Bra010323	AT4G29540	LpxA
ath01100	Bra010323	AT4G29540	LpxA
ath03010	Bra010329	AT4G29410	AT4G29410
ath00195	Bra010350	AT4G28750	PSAE-1
ath01100	Bra010350	AT4G28750	PSAE-1
ath03008	Bra010382	AT4G28200	AT4G28200
ath04120	Bra010392	AT4G27880	AT4G27880
ath00020	Bra010419	AT4G26970	ACO2
ath00630	Bra010419	AT4G26970	ACO2
ath01100	Bra010419	AT4G26970	ACO2
ath01110	Bra010419	AT4G26970	ACO2
ath01200	Bra010419	AT4G26970	ACO2
ath01210	Bra010419	AT4G26970	ACO2
ath01230	Bra010419	AT4G26970	ACO2
ath00190	Bra010437	AT4G26210	AT4G26210
ath01100	Bra010437	AT4G26210	AT4G26210
ath00052	Bra010438	AT5G23790	GolS5
ath01100	Bra010438	AT5G23790	GolS5
ath03040	Bra010459	AT4G25500	RS40
ath02010	Bra010464	AT4G25450	ABCB28
ath00040	Bra010482	AT4G24780	AT4G24780
ath01100	Bra010482	AT4G24780	AT4G24780
ath04142	Bra010489	AT4G24550	AT4G24550
ath03022	Bra010490	AT4G24440	AT4G24440
ath04075	Bra010501	AT4G36110	SAUR9
ath00330	Bra010509	AT4G35810	AT4G35810
ath01100	Bra010509	AT4G35810	AT4G35810
ath03020	Bra010510	AT4G35800	NRPB1
ath03420	Bra010510	AT4G35800	NRPB1
ath03040	Bra010514	AT4G35785	AT4G35785
ath03440	Bra010520	AT4G35740	RecQl3
ath03460	Bra010520	AT4G35740	RecQl3
ath00020	Bra010527	AT4G35650	IDH-III
ath01100	Bra010527	AT4G35650	IDH-III
ath01110	Bra010527	AT4G35650	IDH-III
ath01200	Bra010527	AT4G35650	IDH-III
ath01210	Bra010527	AT4G35650	IDH-III
ath01230	Bra010527	AT4G35650	IDH-III
ath00260	Bra010528	AT4G35630	PSAT
ath00270	Bra010528	AT4G35630	PSAT
ath00750	Bra010528	AT4G35630	PSAT
ath01100	Bra010528	AT4G35630	PSAT
ath01110	Bra010528	AT4G35630	PSAT
ath01200	Bra010528	AT4G35630	PSAT
ath01230	Bra010528	AT4G35630	PSAT
ath01240	Bra010528	AT4G35630	PSAT
ath00450	Bra010533	AT4G35460	NTRB
ath03010	Bra010538	AT4G23620	AT4G23620
ath03010	Bra010550	AT4G36130	AT4G36130
ath03008	Bra010564	AT1G63810	AT1G63810
ath03040	Bra010569	AT4G36690	ATU2AF65A
ath04120	Bra010575	AT4G36800	RCE1
ath00190	Bra010615	AT4G37830	AT4G37830
ath01100	Bra010615	AT4G37830	AT4G37830
ath00010	Bra010616	AT4G37840	HKL3
ath00051	Bra010616	AT4G37840	HKL3
ath00052	Bra010616	AT4G37840	HKL3
ath00500	Bra010616	AT4G37840	HKL3
ath00520	Bra010616	AT4G37840	HKL3
ath01100	Bra010616	AT4G37840	HKL3
ath01110	Bra010616	AT4G37840	HKL3
ath01200	Bra010616	AT4G37840	HKL3
ath01250	Bra010616	AT4G37840	HKL3
ath00260	Bra010622	AT4G37930	SHM1
ath00460	Bra010622	AT4G37930	SHM1
ath00630	Bra010622	AT4G37930	SHM1
ath00670	Bra010622	AT4G37930	SHM1
ath01100	Bra010622	AT4G37930	SHM1
ath01110	Bra010622	AT4G37930	SHM1
ath01200	Bra010622	AT4G37930	SHM1
ath01230	Bra010622	AT4G37930	SHM1
ath01240	Bra010622	AT4G37930	SHM1
ath04981	Bra010622	AT4G37930	SHM1
ath00940	Bra010627	AT4G37990	ELI3-2
ath01100	Bra010627	AT4G37990	ELI3-2
ath01110	Bra010627	AT4G37990	ELI3-2
ath02010	Bra010652	AT4G39850	ABCD1
ath04146	Bra010652	AT4G39850	ABCD1
ath03013	Bra010668	AT4G39680	AT4G39680
ath03015	Bra010668	AT4G39680	AT4G39680
ath03040	Bra010668	AT4G39680	AT4G39680
ath00230	Bra010689	AT2G21790	RNR1
ath00240	Bra010689	AT2G21790	RNR1
ath00480	Bra010689	AT2G21790	RNR1
ath01100	Bra010689	AT2G21790	RNR1
ath01232	Bra010689	AT2G21790	RNR1
ath00053	Bra010703	AT4G39120	IMPL2
ath00340	Bra010703	AT4G39120	IMPL2
ath00562	Bra010703	AT4G39120	IMPL2
ath01100	Bra010703	AT4G39120	IMPL2
ath01110	Bra010703	AT4G39120	IMPL2
ath01230	Bra010703	AT4G39120	IMPL2
ath04070	Bra010703	AT4G39120	IMPL2
ath00190	Bra010712	AT4G39080	VHA-A3
ath01100	Bra010712	AT4G39080	VHA-A3
ath04142	Bra010712	AT4G39080	VHA-A3
ath04145	Bra010712	AT4G39080	VHA-A3
ath04814	Bra010714	AT4G39050	AT4G39050
ath00270	Bra010725	AT4G38800	MTN1
ath01100	Bra010725	AT4G38800	MTN1
ath03050	Bra010735	AT4G38630	RPN10
ath04120	Bra010737	AT4G38600	KAK
ath00562	Bra010739	AT4G38570	PIS2
ath00564	Bra010739	AT4G38570	PIS2
ath01100	Bra010739	AT4G38570	PIS2
ath04070	Bra010739	AT4G38570	PIS2
ath04142	Bra010746	AT4G38350	AT4G38350
ath00970	Bra010749	AT3G46100	HRS1
ath03015	Bra010757	AT4G14300	AT4G14300
ath03040	Bra010764	AT1G30480	DRT111
ath03015	Bra010767	AT1G30460	CPSF30
ath00195	Bra010774	AT1G30380	PSAK
ath01100	Bra010774	AT1G30380	PSAK
ath04075	Bra010776	AT1G30330	ARF6
ath00010	Bra010796	AT1G30120	PDH-E1_BETA
ath00020	Bra010796	AT1G30120	PDH-E1_BETA
ath00620	Bra010796	AT1G30120	PDH-E1_BETA
ath00785	Bra010796	AT1G30120	PDH-E1_BETA
ath01100	Bra010796	AT1G30120	PDH-E1_BETA
ath01110	Bra010796	AT1G30120	PDH-E1_BETA
ath01200	Bra010796	AT1G30120	PDH-E1_BETA
ath01210	Bra010796	AT1G30120	PDH-E1_BETA
ath03050	Bra010849	AT1G29150	ATS9
ath04130	Bra010853	AT4G14600	AT4G14600
ath04130	Bra010866	AT1G28490	SYP61
ath00600	Bra010909	AT1G27980	DPL1
ath01100	Bra010909	AT1G27980	DPL1
ath03040	Bra010915	AT1G27900	AT1G27900
ath03040	Bra010926	AT1G27650	ATU2AF35A
ath03250	Bra010927	AT1G27630	CYCT1
ath03015	Bra010931	AT1G27595	AT1G27595
ath03008	Bra010934	AT1G27470	AT1G27470
ath00230	Bra010937	AT1G27450	APT1
ath01100	Bra010937	AT1G27450	APT1
ath01232	Bra010937	AT1G27450	APT1
ath03013	Bra010959	AT1G24310	AT1G24310
ath04626	Bra010974	AT1G24620	AT1G24620
ath03013	Bra010976	AT1G24706	THO2
ath03040	Bra010976	AT1G24706	THO2
ath00940	Bra010977	AT1G24735	AT1G24735
ath00941	Bra010977	AT1G24735	AT1G24735
ath00945	Bra010977	AT1G24735	AT1G24735
ath01100	Bra010977	AT1G24735	AT1G24735
ath01110	Bra010977	AT1G24735	AT1G24735
ath00540	Bra010979	AT1G25210	LpxC5
ath01100	Bra010979	AT1G25210	LpxC5
ath00400	Bra010980	AT1G25220	ASB1
ath01100	Bra010980	AT1G25220	ASB1
ath01110	Bra010980	AT1G25220	ASB1
ath01230	Bra010980	AT1G25220	ASB1
ath00900	Bra011010	AT1G26120	ICME-LIKE1
ath01100	Bra011010	AT1G26120	ICME-LIKE1
ath01110	Bra011010	AT1G26120	ICME-LIKE1
ath00230	Bra011012	AT1G26160	AT1G26160
ath00240	Bra011012	AT1G26160	AT1G26160
ath01100	Bra011012	AT1G26160	AT1G26160
ath01232	Bra011012	AT1G26160	AT1G26160
ath00600	Bra011016	AT1G26200	AT1G26200
ath01100	Bra011016	AT1G26200	AT1G26200
ath00380	Bra011018	AT1G26220	AT1G26220
ath01100	Bra011018	AT1G26220	AT1G26220
ath01110	Bra011018	AT1G26220	AT1G26220
ath00130	Bra011026	AT4G28420	AT4G28420
ath00270	Bra011026	AT4G28420	AT4G28420
ath00350	Bra011026	AT4G28420	AT4G28420
ath00360	Bra011026	AT4G28420	AT4G28420
ath00400	Bra011026	AT4G28420	AT4G28420
ath00950	Bra011026	AT4G28420	AT4G28420
ath00960	Bra011026	AT4G28420	AT4G28420
ath01100	Bra011026	AT4G28420	AT4G28420
ath01110	Bra011026	AT4G28420	AT4G28420
ath02010	Bra011043	AT4G28630	ABCB23
ath04075	Bra011045	AT4G28640	IAA11
ath00195	Bra011047	AT4G28660	PSB28
ath01100	Bra011047	AT4G28660	PSB28
ath00350	Bra011049	AT4G28680	TYRDC
ath00950	Bra011049	AT4G28680	TYRDC
ath01100	Bra011049	AT4G28680	TYRDC
ath01110	Bra011049	AT4G28680	TYRDC
ath04814	Bra011053	AT4G28710	XIH
ath00380	Bra011055	AT4G28720	YUC8
ath01100	Bra011055	AT4G28720	YUC8
ath04075	Bra011055	AT4G28720	YUC8
ath04145	Bra011072	AT4G28950	ROP9
ath04148	Bra011072	AT4G28950	ROP9
ath04517	Bra011072	AT4G28950	ROP9
ath04518	Bra011072	AT4G28950	ROP9
ath04519	Bra011072	AT4G28950	ROP9
ath04620	Bra011072	AT4G28950	ROP9
ath05100	Bra011072	AT4G28950	ROP9
ath00071	Bra011076	AT4G29010	AIM1
ath00592	Bra011076	AT4G29010	AIM1
ath01100	Bra011076	AT4G29010	AIM1
ath01110	Bra011076	AT4G29010	AIM1
ath01212	Bra011076	AT4G29010	AIM1
ath03050	Bra011079	AT4G29040	RPT2a
ath04075	Bra011082	AT4G29080	PAP2
ath03250	Bra011085	AT2G19830	SNF7.2
ath03272	Bra011085	AT2G19830	SNF7.2
ath04144	Bra011085	AT2G19830	SNF7.2
ath00010	Bra011089	AT4G29220	PFK1
ath00030	Bra011089	AT4G29220	PFK1
ath00051	Bra011089	AT4G29220	PFK1
ath00052	Bra011089	AT4G29220	PFK1
ath01100	Bra011089	AT4G29220	PFK1
ath01110	Bra011089	AT4G29220	PFK1
ath01200	Bra011089	AT4G29220	PFK1
ath01230	Bra011089	AT4G29220	PFK1
ath03018	Bra011089	AT4G29220	PFK1
ath04141	Bra011097	AT4G29330	DER1
ath04136	Bra011104	AT4G29380	VPS15
ath04145	Bra011104	AT4G29380	VPS15
ath00190	Bra011116	AT4G29480	AT4G29480
ath01100	Bra011116	AT4G29480	AT4G29480
ath00750	Bra011120	AT4G29530	AT4G29530
ath01100	Bra011120	AT4G29530	AT4G29530
ath01240	Bra011120	AT4G29530	AT4G29530
ath00230	Bra011128	AT4G29680	AT4G29680
ath00240	Bra011128	AT4G29680	AT4G29680
ath00500	Bra011128	AT4G29680	AT4G29680
ath00740	Bra011128	AT4G29680	AT4G29680
ath00760	Bra011128	AT4G29680	AT4G29680
ath00770	Bra011128	AT4G29680	AT4G29680
ath01100	Bra011128	AT4G29680	AT4G29680
ath01110	Bra011128	AT4G29680	AT4G29680
ath01232	Bra011128	AT4G29680	AT4G29680
ath00330	Bra011132	AT4G29720	PAO5
ath00410	Bra011132	AT4G29720	PAO5
ath01100	Bra011132	AT4G29720	PAO5
ath04016	Bra011137	AT4G29810	MKK2
ath03015	Bra011138	AT4G29820	CFIM-25
ath03018	Bra011139	AT4G29830	VIP3
ath00510	Bra011143	AT4G29870	AT4G29870
ath00513	Bra011143	AT4G29870	AT4G29870
ath04141	Bra011143	AT4G29870	AT4G29870
ath00790	Bra011157	AT4G30000	AT4G30000
ath01100	Bra011157	AT4G30000	AT4G30000
ath01240	Bra011157	AT4G30000	AT4G30000
ath04075	Bra011162	AT4G30080	ARF16
ath00561	Bra011184	AT4G30340	DGK7
ath00564	Bra011184	AT4G30340	DGK7
ath01100	Bra011184	AT4G30340	DGK7
ath01110	Bra011184	AT4G30340	DGK7
ath04070	Bra011184	AT4G30340	DGK7
ath04075	Bra011186	AT4G30360	CNGC17
ath04626	Bra011186	AT4G30360	CNGC17
ath00053	Bra011194	AT4G30440	GAE1
ath00520	Bra011194	AT4G30440	GAE1
ath01100	Bra011194	AT4G30440	GAE1
ath01240	Bra011194	AT4G30440	GAE1
ath01250	Bra011194	AT4G30440	GAE1
ath03060	Bra011198	AT2G23940	AT2G23940
ath04136	Bra011222	AT4G30790	AT4G30790
ath04081	Bra011228	AT4G30850	HHP2
ath00480	Bra011232	AT4G30920	LAP2
ath01100	Bra011232	AT4G30920	LAP2
ath00785	Bra011244	AT4G31050	AT4G31050
ath01100	Bra011244	AT4G31050	AT4G31050
ath01240	Bra011244	AT4G31050	AT4G31050
ath00500	Bra011249	AT4G31140	AT4G31140
ath01100	Bra011249	AT4G31140	AT4G31140
ath00970	Bra011251	AT4G31180	AT4G31180
ath00480	Bra011256	AT4G31290	AT4G31290
ath01100	Bra011256	AT4G31290	AT4G31290
ath03010	Bra011275	AT4G31460	AT4G31460
ath03022	Bra011293	AT4G31720	TAFII15
ath00190	Bra011329	AT4G32260	PDE334
ath00195	Bra011329	AT4G32260	PDE334
ath01100	Bra011329	AT4G32260	PDE334
ath00040	Bra011341	AT4G32370	AT4G32370
ath01100	Bra011341	AT4G32370	AT4G32370
ath00190	Bra011352	AT2G25610	AT2G25610
ath01100	Bra011352	AT2G25610	AT2G25610
ath04142	Bra011352	AT2G25610	AT2G25610
ath04145	Bra011352	AT2G25610	AT2G25610
ath00380	Bra011354	AT4G32540	YUC1
ath01100	Bra011354	AT4G32540	YUC1
ath04075	Bra011354	AT4G32540	YUC1
ath04141	Bra011366	AT4G32640	AT4G32640
ath00906	Bra011384	AT4G32810	CCD8
ath01110	Bra011384	AT4G32810	CCD8
ath00010	Bra011387	AT4G32840	PFK6
ath00030	Bra011387	AT4G32840	PFK6
ath00051	Bra011387	AT4G32840	PFK6
ath00052	Bra011387	AT4G32840	PFK6
ath01100	Bra011387	AT4G32840	PFK6
ath01110	Bra011387	AT4G32840	PFK6
ath01200	Bra011387	AT4G32840	PFK6
ath01230	Bra011387	AT4G32840	PFK6
ath03018	Bra011387	AT4G32840	PFK6
ath03013	Bra011395	AT4G32910	AT4G32910
ath04142	Bra011398	AT4G32940	GAMMA-VPE
ath00260	Bra011405	AT4G33010	GLDP1
ath00630	Bra011405	AT4G33010	GLDP1
ath00670	Bra011405	AT4G33010	GLDP1
ath00785	Bra011405	AT4G33010	GLDP1
ath01100	Bra011405	AT4G33010	GLDP1
ath01110	Bra011405	AT4G33010	GLDP1
ath01200	Bra011405	AT4G33010	GLDP1
ath00310	Bra011422	AT4G33150	AT4G33150
ath01100	Bra011422	AT4G33150	AT4G33150
ath01110	Bra011422	AT4G33150	AT4G33150
ath04814	Bra011426	AT4G33200	XI-I
ath00562	Bra011429	AT4G33240	FAB1A
ath01100	Bra011429	AT4G33240	FAB1A
ath04070	Bra011429	AT4G33240	FAB1A
ath04142	Bra011429	AT4G33240	FAB1A
ath04145	Bra011429	AT4G33240	FAB1A
ath04120	Bra011430	AT4G33270	CDC20.1
ath00400	Bra011449	AT4G33510	DHS2
ath01100	Bra011449	AT4G33510	DHS2
ath01110	Bra011449	AT4G33510	DHS2
ath01230	Bra011449	AT4G33510	DHS2
ath04016	Bra011450	AT4G33520	PAA1
ath00300	Bra011461	AT4G33680	AGD2
ath01100	Bra011461	AT4G33680	AGD2
ath01110	Bra011461	AT4G33680	AGD2
ath01230	Bra011461	AT4G33680	AGD2
ath04016	Bra011464	AT4G33720	AT4G33720
ath04075	Bra011464	AT4G33720	AT4G33720
ath04626	Bra011464	AT4G33720	AT4G33720
ath04016	Bra011465	AT4G33730	AT4G33730
ath04075	Bra011465	AT4G33730	AT4G33730
ath04626	Bra011465	AT4G33730	AT4G33730
ath00970	Bra011467	AT4G33760	AT4G33760
ath00562	Bra011468	AT4G33770	AT4G33770
ath01100	Bra011468	AT4G33770	AT4G33770
ath04070	Bra011468	AT4G33770	AT4G33770
ath00073	Bra011470	AT4G33790	CER4
ath01110	Bra011470	AT4G33790	CER4
ath04146	Bra011470	AT4G33790	CER4
ath00940	Bra011475	AT4G33870	AT4G33870
ath01100	Bra011475	AT4G33870	AT4G33870
ath01110	Bra011475	AT4G33870	AT4G33870
ath04075	Bra011485	AT4G34000	ABF3
ath04141	Bra011487	AT4G34100	CER9
ath00190	Bra011504	AT3G42050	AT3G42050
ath01100	Bra011504	AT3G42050	AT3G42050
ath04142	Bra011504	AT3G42050	AT3G42050
ath04145	Bra011504	AT3G42050	AT3G42050
ath00010	Bra011511	AT4G34240	ALDH3I1
ath00053	Bra011511	AT4G34240	ALDH3I1
ath00071	Bra011511	AT4G34240	ALDH3I1
ath00280	Bra011511	AT4G34240	ALDH3I1
ath00310	Bra011511	AT4G34240	ALDH3I1
ath00330	Bra011511	AT4G34240	ALDH3I1
ath00340	Bra011511	AT4G34240	ALDH3I1
ath00380	Bra011511	AT4G34240	ALDH3I1
ath00410	Bra011511	AT4G34240	ALDH3I1
ath00561	Bra011511	AT4G34240	ALDH3I1
ath00620	Bra011511	AT4G34240	ALDH3I1
ath00770	Bra011511	AT4G34240	ALDH3I1
ath01100	Bra011511	AT4G34240	ALDH3I1
ath01110	Bra011511	AT4G34240	ALDH3I1
ath01240	Bra011511	AT4G34240	ALDH3I1
ath00511	Bra011514	AT4G34260	FUC95A
ath03022	Bra011521	AT4G34340	TAF8
ath00900	Bra011522	AT4G34350	HDR
ath01100	Bra011522	AT4G34350	HDR
ath01110	Bra011522	AT4G34350	HDR
ath03082	Bra011533	AT4G34430	CHB3
ath04081	Bra011536	AT4G34460	AGB1
ath04082	Bra011536	AT4G34460	AGB1
ath00240	Bra011543	AT4G34570	THY-2
ath00670	Bra011543	AT4G34570	THY-2
ath00790	Bra011543	AT4G34570	THY-2
ath01100	Bra011543	AT4G34570	THY-2
ath01232	Bra011543	AT4G34570	THY-2
ath01240	Bra011543	AT4G34570	THY-2
ath03010	Bra011546	AT4G34620	SSR16
ath00100	Bra011549	AT4G34650	SQS2
ath00909	Bra011549	AT4G34650	SQS2
ath01100	Bra011549	AT4G34650	SQS2
ath01110	Bra011549	AT4G34650	SQS2
ath00190	Bra011556	AT2G16510	AT2G16510
ath01100	Bra011556	AT2G16510	AT2G16510
ath04142	Bra011556	AT2G16510	AT2G16510
ath04145	Bra011556	AT2G16510	AT2G16510
ath00230	Bra011558	AT4G34740	ASE2
ath00250	Bra011558	AT4G34740	ASE2
ath01100	Bra011558	AT4G34740	ASE2
ath01110	Bra011558	AT4G34740	ASE2
ath04075	Bra011559	AT4G34750	AT4G34750
ath04075	Bra011560	AT4G34760	AT4G34760
ath04075	Bra011562	AT4G34790	AT4G34790
ath04075	Bra011563	AT4G34800	AT4G34800
ath04075	Bra011564	AT4G34810	AT4G34810
ath00052	Bra011567	AT4G34860	A/N-InvB
ath00500	Bra011567	AT4G34860	A/N-InvB
ath01100	Bra011567	AT4G34860	A/N-InvB
ath01110	Bra011567	AT4G34860	A/N-InvB
ath00230	Bra011570	AT4G34890	XDH1
ath00232	Bra011570	AT4G34890	XDH1
ath01100	Bra011570	AT4G34890	XDH1
ath01110	Bra011570	AT4G34890	XDH1
ath01232	Bra011570	AT4G34890	XDH1
ath04146	Bra011570	AT4G34890	XDH1
ath04145	Bra011578	AT4G35020	RAC3
ath04148	Bra011578	AT4G35020	RAC3
ath04517	Bra011578	AT4G35020	RAC3
ath04518	Bra011578	AT4G35020	RAC3
ath04519	Bra011578	AT4G35020	RAC3
ath04620	Bra011578	AT4G35020	RAC3
ath05100	Bra011578	AT4G35020	RAC3
ath04075	Bra011596	AT4G35230	BSK1
ath00561	Bra011598	AT5G60620	GPAT9
ath00564	Bra011598	AT5G60620	GPAT9
ath01100	Bra011598	AT5G60620	GPAT9
ath01110	Bra011598	AT5G60620	GPAT9
ath00020	Bra011599	AT4G35260	IDH1
ath01100	Bra011599	AT4G35260	IDH1
ath01110	Bra011599	AT4G35260	IDH1
ath01200	Bra011599	AT4G35260	IDH1
ath01210	Bra011599	AT4G35260	IDH1
ath01230	Bra011599	AT4G35260	IDH1
ath04075	Bra011605	AT4G35310	CPK5
ath04626	Bra011605	AT4G35310	CPK5
ath04144	Bra011611	AT4G35380	AT4G35380
ath00020	Bra011642	AT4G35830	ACO1
ath00630	Bra011642	AT4G35830	ACO1
ath01100	Bra011642	AT4G35830	ACO1
ath01110	Bra011642	AT4G35830	ACO1
ath01200	Bra011642	AT4G35830	ACO1
ath01210	Bra011642	AT4G35830	ACO1
ath01230	Bra011642	AT4G35830	ACO1
ath04145	Bra011651	AT4G35950	RAC6
ath04148	Bra011651	AT4G35950	RAC6
ath04517	Bra011651	AT4G35950	RAC6
ath04518	Bra011651	AT4G35950	RAC6
ath04519	Bra011651	AT4G35950	RAC6
ath04620	Bra011651	AT4G35950	RAC6
ath05100	Bra011651	AT4G35950	RAC6
ath00310	Bra011653	AT4G35987	AT4G35987
ath01100	Bra011653	AT4G35987	AT4G35987
ath00010	Bra011674	AT4G36250	ALDH3F1
ath00053	Bra011674	AT4G36250	ALDH3F1
ath00071	Bra011674	AT4G36250	ALDH3F1
ath00280	Bra011674	AT4G36250	ALDH3F1
ath00310	Bra011674	AT4G36250	ALDH3F1
ath00330	Bra011674	AT4G36250	ALDH3F1
ath00340	Bra011674	AT4G36250	ALDH3F1
ath00380	Bra011674	AT4G36250	ALDH3F1
ath00410	Bra011674	AT4G36250	ALDH3F1
ath00561	Bra011674	AT4G36250	ALDH3F1
ath00620	Bra011674	AT4G36250	ALDH3F1
ath00770	Bra011674	AT4G36250	ALDH3F1
ath01100	Bra011674	AT4G36250	ALDH3F1
ath01110	Bra011674	AT4G36250	ALDH3F1
ath01240	Bra011674	AT4G36250	ALDH3F1
ath00905	Bra011678	AT4G36380	ROT3
ath01100	Bra011678	AT4G36380	ROT3
ath01110	Bra011678	AT4G36380	ROT3
ath04120	Bra011680	AT4G36410	UBC17
ath00906	Bra011685	AT4G36470	AT4G36470
ath01110	Bra011685	AT4G36470	AT4G36470
ath04075	Bra011706	AT4G36780	BEH2
ath00900	Bra011709	AT4G36810	GGPS1
ath01100	Bra011709	AT4G36810	GGPS1
ath01110	Bra011709	AT4G36810	GGPS1
ath04148	Bra011711	AT4G36850	AT4G36850
ath04122	Bra011714	AT4G35910	AT4G35910
ath03013	Bra011723	AT4G37130	AT4G37130
ath00860	Bra011734	AT4G37000	ACD2
ath01110	Bra011734	AT4G37000	ACD2
ath04075	Bra011740	AT4G36930	SPT
ath03082	Bra011751	AT4G37280	AT4G37280
ath00940	Bra011771	AT4G37520	AT4G37520
ath01100	Bra011771	AT4G37520	AT4G37520
ath01110	Bra011771	AT4G37520	AT4G37520
ath00460	Bra011774	AT4G37560	AT4G37560
ath00630	Bra011774	AT4G37560	AT4G37560
ath00910	Bra011774	AT4G37560	AT4G37560
ath01100	Bra011774	AT4G37560	AT4G37560
ath01200	Bra011774	AT4G37560	AT4G37560
ath00220	Bra011778	AT4G37670	NAGS2
ath01100	Bra011778	AT4G37670	NAGS2
ath01110	Bra011778	AT4G37670	NAGS2
ath01210	Bra011778	AT4G37670	NAGS2
ath01230	Bra011778	AT4G37670	NAGS2
ath04081	Bra011779	AT4G37680	HHP4
ath00100	Bra011783	AT4G37760	SQE3
ath00909	Bra011783	AT4G37760	SQE3
ath01100	Bra011783	AT4G37760	SQE3
ath01110	Bra011783	AT4G37760	SQE3
ath00270	Bra011784	AT4G37770	ACS8
ath01100	Bra011784	AT4G37770	ACS8
ath01110	Bra011784	AT4G37770	ACS8
ath00010	Bra011792	AT4G37870	PCK1
ath00020	Bra011792	AT4G37870	PCK1
ath00620	Bra011792	AT4G37870	PCK1
ath00710	Bra011792	AT4G37870	PCK1
ath01100	Bra011792	AT4G37870	PCK1
ath01110	Bra011792	AT4G37870	PCK1
ath01200	Bra011792	AT4G37870	PCK1
ath03018	Bra011794	AT4G37910	mtHsc70-1
ath04156	Bra011794	AT4G37910	mtHsc70-1
ath00940	Bra011798	AT4G37970	CAD6
ath01100	Bra011798	AT4G37970	CAD6
ath01110	Bra011798	AT4G37970	CAD6
ath00940	Bra011799	AT4G37980	ELI3-1
ath01100	Bra011799	AT4G37980	ELI3-1
ath01110	Bra011799	AT4G37980	ELI3-1
ath03060	Bra011812	AT4G40042	AT4G40042
ath04016	Bra011815	AT4G40010	SNRK2.7
ath04075	Bra011815	AT4G40010	SNRK2.7
ath00400	Bra011819	AT4G39980	DHS1
ath01100	Bra011819	AT4G39980	DHS1
ath01110	Bra011819	AT4G39980	DHS1
ath01230	Bra011819	AT4G39980	DHS1
ath00230	Bra011822	AT4G39940	AKN2
ath00920	Bra011822	AT4G39940	AKN2
ath01100	Bra011822	AT4G39940	AKN2
ath01320	Bra011822	AT4G39940	AKN2
ath03010	Bra011825	AT4G39880	AT4G39880
ath00562	Bra011830	AT4G39800	MIPS1
ath01100	Bra011830	AT4G39800	MIPS1
ath01110	Bra011830	AT4G39800	MIPS1
ath00500	Bra011835	AT4G39770	TPPH
ath01100	Bra011835	AT4G39770	TPPH
ath01110	Bra011835	AT4G39770	TPPH
ath00250	Bra011843	AT4G39660	AGT2
ath00260	Bra011843	AT4G39660	AGT2
ath00270	Bra011843	AT4G39660	AGT2
ath00280	Bra011843	AT4G39660	AGT2
ath00630	Bra011843	AT4G39660	AGT2
ath01100	Bra011843	AT4G39660	AGT2
ath01110	Bra011843	AT4G39660	AGT2
ath01200	Bra011843	AT4G39660	AGT2
ath01210	Bra011843	AT4G39660	AGT2
ath00430	Bra011844	AT4G39640	GGT1
ath00460	Bra011844	AT4G39640	GGT1
ath00480	Bra011844	AT4G39640	GGT1
ath00590	Bra011844	AT4G39640	GGT1
ath01100	Bra011844	AT4G39640	GGT1
ath00400	Bra011857	AT4G39540	SK2
ath01100	Bra011857	AT4G39540	SK2
ath01110	Bra011857	AT4G39540	SK2
ath01230	Bra011857	AT4G39540	SK2
ath04142	Bra011860	AT4G39420	AT4G39420
ath04075	Bra011862	AT4G39400	BRI1
ath04142	Bra011877	AT4G39090	RD19
ath04626	Bra011877	AT4G39090	RD19
ath00500	Bra011881	AT4G39010	GH9B18
ath01100	Bra011881	AT4G39010	GH9B18
ath00010	Bra011884	AT4G38970	FBA2
ath00030	Bra011884	AT4G38970	FBA2
ath00051	Bra011884	AT4G38970	FBA2
ath00710	Bra011884	AT4G38970	FBA2
ath01100	Bra011884	AT4G38970	FBA2
ath01110	Bra011884	AT4G38970	FBA2
ath01200	Bra011884	AT4G38970	FBA2
ath01230	Bra011884	AT4G38970	FBA2
ath04814	Bra011885	AT4G38950	AT4G38950
ath00230	Bra011888	AT4G38880	ASE3
ath00250	Bra011888	AT4G38880	ASE3
ath01100	Bra011888	AT4G38880	ASE3
ath01110	Bra011888	AT4G38880	ASE3
ath04075	Bra011889	AT4G38860	AT4G38860
ath00900	Bra011898	AT4G38460	GGR
ath01100	Bra011898	AT4G38460	GGR
ath01110	Bra011898	AT4G38460	GGR
ath00220	Bra011902	AT4G38220	AQI
ath01100	Bra011902	AT4G38220	AQI
ath01110	Bra011902	AT4G38220	AQI
ath01210	Bra011902	AT4G38220	AQI
ath01230	Bra011902	AT4G38220	AQI
ath03018	Bra011919	AT1G55490	CPN60B
ath04156	Bra011919	AT1G55490	CPN60B
ath03022	Bra011920	AT1G55520	TBP2
ath00790	Bra011921	AT2G28880	emb1997
ath01240	Bra011921	AT2G28880	emb1997
ath00520	Bra011928	AT2G28760	UXS6
ath01100	Bra011928	AT2G28760	UXS6
ath01250	Bra011928	AT2G28760	UXS6
ath03018	Bra011940	AT2G28540	AT2G28540
ath04075	Bra011955	AT2G28350	ARF10
ath04626	Bra011963	AT2G28260	CNGC15
ath00910	Bra011969	AT2G28210	ACA2
ath01100	Bra011969	AT2G28210	ACA2
ath03018	Bra011985	AT2G28000	CPN60A
ath04156	Bra011985	AT2G28000	CPN60A
ath03030	Bra012016	AT2G27470	NF-YB11
ath03082	Bra012016	AT2G27470	NF-YB11
ath03410	Bra012016	AT2G27470	NF-YB11
ath03420	Bra012016	AT2G27470	NF-YB11
ath00900	Bra012040	AT2G26930	CDPMEK
ath01100	Bra012040	AT2G26930	CDPMEK
ath01110	Bra012040	AT2G26930	CDPMEK
ath00905	Bra012046	AT2G26710	BAS1
ath01110	Bra012046	AT2G26710	BAS1
ath00564	Bra012049	AT2G26830	emb1187
ath01100	Bra012049	AT2G26830	emb1187
ath03013	Bra012053	AT5G51200	EMB3142
ath04075	Bra012058	AT5G66210	CPK28
ath04626	Bra012058	AT5G66210	CPK28
ath00510	Bra012091	AT5G66680	DGL1
ath00513	Bra012091	AT5G66680	DGL1
ath01100	Bra012091	AT5G66680	DGL1
ath04141	Bra012091	AT5G66680	DGL1
ath00940	Bra012092	AT5G26310	UGT72E3
ath01110	Bra012092	AT5G26310	UGT72E3
ath00020	Bra012100	AT5G66760	SDH1-1
ath00190	Bra012100	AT5G66760	SDH1-1
ath01100	Bra012100	AT5G66760	SDH1-1
ath01110	Bra012100	AT5G66760	SDH1-1
ath01200	Bra012100	AT5G66760	SDH1-1
ath03010	Bra012111	AT5G66860	AT5G66860
ath04016	Bra012113	AT5G66880	SNRK2.3
ath04075	Bra012113	AT5G66880	SNRK2.3
ath00906	Bra012127	AT5G67030	ABA1
ath01100	Bra012127	AT5G67030	ABA1
ath01110	Bra012127	AT5G67030	ABA1
ath03030	Bra012132	AT5G67100	ICU2
ath04075	Bra012133	AT5G67110	ALC
ath04075	Bra012146	AT5G67260	CYCD3
ath04142	Bra012154	AT5G67330	NRAMP4
ath04075	Bra012190	AT1G19850	MP
ath00195	Bra012203	AT1G20020	FNR2
ath01100	Bra012203	AT1G20020	FNR2
ath00100	Bra012204	AT1G20050	HYD1
ath01100	Bra012204	AT1G20050	HYD1
ath01110	Bra012204	AT1G20050	HYD1
ath03020	Bra012206	AT3G25940	AT3G25940
ath00592	Bra012232	AT1G20500	AT1G20500
ath01100	Bra012232	AT1G20500	AT1G20500
ath01110	Bra012232	AT1G20500	AT1G20500
ath00510	Bra012235	AT1G20575	DPMS1
ath01100	Bra012235	AT1G20575	DPMS1
ath00380	Bra012239	AT1G20630	CAT1
ath00630	Bra012239	AT1G20630	CAT1
ath01100	Bra012239	AT1G20630	CAT1
ath01110	Bra012239	AT1G20630	CAT1
ath01200	Bra012239	AT1G20630	CAT1
ath04016	Bra012239	AT1G20630	CAT1
ath04146	Bra012239	AT1G20630	CAT1
ath03040	Bra012260	AT1G20960	emb1507
ath00010	Bra012310	AT1G22170	AT1G22170
ath00260	Bra012310	AT1G22170	AT1G22170
ath01100	Bra012310	AT1G22170	AT1G22170
ath01110	Bra012310	AT1G22170	AT1G22170
ath01200	Bra012310	AT1G22170	AT1G22170
ath01230	Bra012310	AT1G22170	AT1G22170
ath00908	Bra012322	AT1G22380	UGT85A3
ath01110	Bra012322	AT1G22380	UGT85A3
ath00908	Bra012324	AT1G22400	UGT85A1
ath01110	Bra012324	AT1G22400	UGT85A1
ath00500	Bra012349	AT1G22880	CEL5
ath01100	Bra012349	AT1G22880	CEL5
ath04145	Bra012367	AT1G23220	AT1G23220
ath04517	Bra012367	AT1G23220	AT1G23220
ath04814	Bra012367	AT1G23220	AT1G23220
ath00073	Bra012369	AT1G23240	AT1G23240
ath00910	Bra012384	AT1G23730	BCA3
ath01100	Bra012384	AT1G23730	BCA3
ath00010	Bra012418	AT1G24180	IAR4
ath00020	Bra012418	AT1G24180	IAR4
ath00620	Bra012418	AT1G24180	IAR4
ath00785	Bra012418	AT1G24180	IAR4
ath01100	Bra012418	AT1G24180	IAR4
ath01110	Bra012418	AT1G24180	IAR4
ath01200	Bra012418	AT1G24180	IAR4
ath01210	Bra012418	AT1G24180	IAR4
ath00513	Bra012440	AT1G26810	GALT1
ath01100	Bra012440	AT1G26810	GALT1
ath03010	Bra012443	AT1G26750	AT1G26750
ath03010	Bra012444	AT1G26740	AT1G26740
ath04130	Bra012446	AT1G26670	VTI1B
ath03018	Bra012462	AT1G26230	Cpn60beta4
ath04156	Bra012462	AT1G26230	Cpn60beta4
ath00240	Bra012464	AT1G26190	AT1G26190
ath01100	Bra012464	AT1G26190	AT1G26190
ath01232	Bra012464	AT1G26190	AT1G26190
ath03013	Bra012465	AT1G26170	AT1G26170
ath03015	Bra012474	AT1G25490	RCN1
ath04382	Bra012474	AT1G25490	RCN1
ath00740	Bra012492	AT1G25230	AT1G25230
ath01100	Bra012492	AT1G25230	AT1G25230
ath04142	Bra012492	AT1G25230	AT1G25230
ath04075	Bra012495	AT1G24650	AT1G24650
ath03060	Bra012507	AT1G24490	ALB4
ath00230	Bra012519	AT4G20070	AAH
ath01100	Bra012519	AT4G20070	AAH
ath00906	Bra012551	AT4G19230	CYP707A1
ath01110	Bra012551	AT4G19230	CYP707A1
ath04142	Bra012577	AT4G18790	NRAMP5
ath03010	Bra012580	AT5G45775	AT5G45775
ath00630	Bra012602	AT4G18360	GOX3
ath01100	Bra012602	AT4G18360	GOX3
ath01110	Bra012602	AT4G18360	GOX3
ath01200	Bra012602	AT4G18360	GOX3
ath04146	Bra012602	AT4G18360	GOX3
ath00510	Bra012612	AT4G18230	AT4G18230
ath00513	Bra012612	AT4G18230	AT4G18230
ath01100	Bra012612	AT4G18230	AT4G18230
ath00040	Bra012613	AT4G18180	AT4G18180
ath01100	Bra012613	AT4G18180	AT4G18180
ath02010	Bra012617	AT2G07680	ABCC13
ath02010	Bra012621	AT4G18050	ABCB9
ath00562	Bra012624	AT4G18010	IP5PII
ath01100	Bra012624	AT4G18010	IP5PII
ath04144	Bra012634	AT4G17890	AGD8
ath00500	Bra012642	AT4G17770	TPS5
ath01100	Bra012642	AT4G17770	TPS5
ath01110	Bra012642	AT4G17770	TPS5
ath00062	Bra012662	AT4G17483	AT4G17483
ath01100	Bra012662	AT4G17483	AT4G17483
ath01212	Bra012662	AT4G17483	AT4G17483
ath04142	Bra012662	AT4G17483	AT4G17483
ath00010	Bra012671	AT4G17260	AT4G17260
ath00270	Bra012671	AT4G17260	AT4G17260
ath00620	Bra012671	AT4G17260	AT4G17260
ath00640	Bra012671	AT4G17260	AT4G17260
ath01100	Bra012671	AT4G17260	AT4G17260
ath01110	Bra012671	AT4G17260	AT4G17260
ath00500	Bra012676	AT4G17090	CT-BMY
ath01100	Bra012676	AT4G17090	CT-BMY
ath01110	Bra012676	AT4G17090	CT-BMY
ath00230	Bra012682	AT4G17050	UGLYAH
ath01100	Bra012682	AT4G17050	UGLYAH
ath04141	Bra012696	AT4G16660	AT4G16660
ath00071	Bra012731	AT4G16210	ECHIA
ath00280	Bra012731	AT4G16210	ECHIA
ath00310	Bra012731	AT4G16210	ECHIA
ath00360	Bra012731	AT4G16210	ECHIA
ath00380	Bra012731	AT4G16210	ECHIA
ath00410	Bra012731	AT4G16210	ECHIA
ath00640	Bra012731	AT4G16210	ECHIA
ath00650	Bra012731	AT4G16210	ECHIA
ath01100	Bra012731	AT4G16210	ECHIA
ath01110	Bra012731	AT4G16210	ECHIA
ath01212	Bra012731	AT4G16210	ECHIA
ath04144	Bra012739	AT4G16144	AMSH3
ath03040	Bra012753	AT4G15900	PRL1
ath00940	Bra012784	AT4G15480	UGT84A1
ath01110	Bra012784	AT4G15480	UGT84A1
ath04141	Bra012791	AT4G15410	PUX5
ath02010	Bra012797	AT4G15233	ABCG42
ath00190	Bra012809	AT3G52300	ATPQ
ath01100	Bra012809	AT3G52300	ATPQ
ath03022	Bra012813	AT3G52270	AT3G52270
ath00062	Bra012817	AT3G52160	KCS15
ath01100	Bra012817	AT3G52160	KCS15
ath01110	Bra012817	AT3G52160	KCS15
ath04626	Bra012817	AT3G52160	KCS15
ath00600	Bra012840	AT3G51730	AT3G51730
ath04142	Bra012840	AT3G51730	AT3G51730
ath04145	Bra012858	AT3G51300	ROP1
ath04148	Bra012858	AT3G51300	ROP1
ath04517	Bra012858	AT3G51300	ROP1
ath04518	Bra012858	AT3G51300	ROP1
ath04519	Bra012858	AT3G51300	ROP1
ath04620	Bra012858	AT3G51300	ROP1
ath05100	Bra012858	AT3G51300	ROP1
ath03050	Bra012861	AT3G51260	PAD1
ath00051	Bra012865	AT3G51160	MUR1
ath00541	Bra012865	AT3G51160	MUR1
ath01100	Bra012865	AT3G51160	MUR1
ath01250	Bra012865	AT3G51160	MUR1
ath04814	Bra012866	AT3G51150	AT3G51150
ath04142	Bra012884	AT3G50860	AT3G50860
ath04626	Bra012889	AT3G50770	CML41
ath04075	Bra012891	AT3G50750	BEH1
ath00940	Bra012892	AT3G50740	UGT72E1
ath01110	Bra012892	AT3G50740	UGT72E1
ath04016	Bra012897	AT3G50500	SNRK2.2
ath04075	Bra012897	AT3G50500	SNRK2.2
ath00562	Bra012908	AT3G50110	PEN3
ath01100	Bra012908	AT3G50110	PEN3
ath04070	Bra012908	AT3G50110	PEN3
ath04142	Bra012918	AT3G49870	ARLA1C
ath00270	Bra012924	AT3G49700	ACS9
ath01100	Bra012924	AT3G49700	ACS9
ath01110	Bra012924	AT3G49700	ACS9
ath00010	Bra012940	AT5G61580	PFK4
ath00030	Bra012940	AT5G61580	PFK4
ath00051	Bra012940	AT5G61580	PFK4
ath00052	Bra012940	AT5G61580	PFK4
ath01100	Bra012940	AT5G61580	PFK4
ath01110	Bra012940	AT5G61580	PFK4
ath01200	Bra012940	AT5G61580	PFK4
ath01230	Bra012940	AT5G61580	PFK4
ath03018	Bra012940	AT5G61580	PFK4
ath00511	Bra012945	AT5G61540	AT5G61540
ath04142	Bra012945	AT5G61540	AT5G61540
ath00030	Bra012963	AT5G61410	RPE
ath00040	Bra012963	AT5G61410	RPE
ath00710	Bra012963	AT5G61410	RPE
ath01100	Bra012963	AT5G61410	RPE
ath01110	Bra012963	AT5G61410	RPE
ath01200	Bra012963	AT5G61410	RPE
ath01230	Bra012963	AT5G61410	RPE
ath04712	Bra012964	AT5G61380	TOC1
ath04075	Bra012972	AT5G61270	PIF7
ath00531	Bra012974	AT5G61250	GUS1
ath01100	Bra012974	AT5G61250	GUS1
ath03010	Bra012980	AT5G61170	AT5G61170
ath03015	Bra012994	AT5G60940	AT5G60940
ath00240	Bra013014	AT5G23070	TK1b
ath01100	Bra013014	AT5G23070	TK1b
ath01232	Bra013014	AT5G23070	TK1b
ath00073	Bra013024	AT5G23190	CYP86B1
ath00020	Bra013027	AT5G23250	AT5G23250
ath00640	Bra013027	AT5G23250	AT5G23250
ath01100	Bra013027	AT5G23250	AT5G23250
ath01110	Bra013027	AT5G23250	AT5G23250
ath01200	Bra013027	AT5G23250	AT5G23250
ath03013	Bra013038	AT2G16950	TRN1
ath04075	Bra013061	AT2G16580	AT2G16580
ath00510	Bra013064	AT2G16530	AT2G16530
ath01100	Bra013064	AT2G16530	AT2G16530
ath03030	Bra013068	AT2G16440	MCM4
ath03440	Bra013077	AT2G16390	DRD1
ath00240	Bra013079	AT2G16370	THY-1
ath00670	Bra013079	AT2G16370	THY-1
ath00790	Bra013079	AT2G16370	THY-1
ath01100	Bra013079	AT2G16370	THY-1
ath01232	Bra013079	AT2G16370	THY-1
ath01240	Bra013079	AT2G16370	THY-1
ath04016	Bra013123	AT2G14580	PRB1
ath04075	Bra013123	AT2G14580	PRB1
ath04626	Bra013123	AT2G14580	PRB1
ath00330	Bra013127	AT2G14260	PIP
ath01100	Bra013127	AT2G14260	PIP
ath00300	Bra013138	AT2G13810	ALD1
ath01100	Bra013138	AT2G13810	ALD1
ath01110	Bra013138	AT2G13810	ALD1
ath01230	Bra013138	AT2G13810	ALD1
ath02010	Bra013141	AT2G13610	ABCG5
ath04981	Bra013141	AT2G13610	ABCG5
ath03013	Bra013145	AT2G13540	ABH1
ath03015	Bra013145	AT2G13540	ABH1
ath03040	Bra013145	AT2G13540	ABH1
ath00061	Bra013160	AT2G05990	MOD1
ath00780	Bra013160	AT2G05990	MOD1
ath01100	Bra013160	AT2G05990	MOD1
ath01110	Bra013160	AT2G05990	MOD1
ath01212	Bra013160	AT2G05990	MOD1
ath01240	Bra013160	AT2G05990	MOD1
ath00592	Bra013161	AT2G06050	OPR3
ath01100	Bra013161	AT2G06050	OPR3
ath01110	Bra013161	AT2G06050	OPR3
ath04144	Bra013163	AT2G06530	VPS2.1
ath00100	Bra013167	AT2G07050	CAS1
ath01100	Bra013167	AT2G07050	CAS1
ath01110	Bra013167	AT2G07050	CAS1
ath00190	Bra013168	AT2G07560	HA6
ath01100	Bra013168	AT2G07560	HA6
ath04075	Bra013168	AT2G07560	HA6
ath03030	Bra013169	AT2G07690	MCM5
ath04136	Bra013172	AT2G05630	ATG8D
ath04145	Bra013172	AT2G05630	ATG8D
ath04156	Bra013172	AT2G05630	ATG8D
ath00510	Bra013178	AT2G05320	AT2G05320
ath00513	Bra013178	AT2G05320	AT2G05320
ath01100	Bra013178	AT2G05320	AT2G05320
ath03013	Bra013182	AT2G05120	AT2G05120
ath00196	Bra013183	AT2G05070	LHCB2.2
ath01100	Bra013183	AT2G05070	LHCB2.2
ath04626	Bra013187	AT2G04880	ZAP1
ath00970	Bra013193	AT2G04842	EMB2761
ath00061	Bra013202	AT2G04540	AT2G04540
ath00780	Bra013202	AT2G04540	AT2G04540
ath01100	Bra013202	AT2G04540	AT2G04540
ath01212	Bra013202	AT2G04540	AT2G04540
ath01240	Bra013202	AT2G04540	AT2G04540
ath00400	Bra013209	AT2G04400	AT2G04400
ath01100	Bra013209	AT2G04400	AT2G04400
ath01110	Bra013209	AT2G04400	AT2G04400
ath01230	Bra013209	AT2G04400	AT2G04400
ath00061	Bra013210	AT2G04350	LACS8
ath00071	Bra013210	AT2G04350	LACS8
ath01100	Bra013210	AT2G04350	LACS8
ath01212	Bra013210	AT2G04350	LACS8
ath04146	Bra013210	AT2G04350	LACS8
ath00904	Bra013227	AT3G25180	CYP82G1
ath01110	Bra013227	AT3G25180	CYP82G1
ath00520	Bra013229	AT3G25140	QUA1
ath01100	Bra013229	AT3G25140	QUA1
ath04626	Bra013233	AT3G25070	RIN4
ath03010	Bra013239	AT3G24830	AT3G24830
ath04146	Bra013252	AT3G24570	AT3G24570
ath03460	Bra013255	AT3G24515	UBC37
ath00220	Bra013258	AT4G17830	AT4G17830
ath01100	Bra013258	AT4G17830	AT4G17830
ath01110	Bra013258	AT4G17830	AT4G17830
ath01210	Bra013258	AT4G17830	AT4G17830
ath01230	Bra013258	AT4G17830	AT4G17830
ath04016	Bra013262	AT4G17870	PYR1
ath04075	Bra013262	AT4G17870	PYR1
ath00906	Bra013298	AT4G18350	NCED2
ath01100	Bra013298	AT4G18350	NCED2
ath01110	Bra013298	AT4G18350	NCED2
ath00230	Bra013309	AT1G36280	AT1G36280
ath00250	Bra013309	AT1G36280	AT1G36280
ath01100	Bra013309	AT1G36280	AT1G36280
ath01110	Bra013309	AT1G36280	AT1G36280
ath01232	Bra013309	AT1G36280	AT1G36280
ath01240	Bra013309	AT1G36280	AT1G36280
ath00860	Bra013314	AT4G18480	CHLI1
ath01100	Bra013314	AT4G18480	CHLI1
ath01110	Bra013314	AT4G18480	CHLI1
ath03030	Bra013326	AT4G18590	AT4G18590
ath03420	Bra013326	AT4G18590	AT4G18590
ath03430	Bra013326	AT4G18590	AT4G18590
ath03440	Bra013326	AT4G18590	AT4G18590
ath03460	Bra013326	AT4G18590	AT4G18590
ath04016	Bra013334	AT4G18620	PYL13
ath04075	Bra013334	AT4G18620	PYL13
ath04144	Bra013349	AT4G18800	RABA1d
ath04144	Bra013368	AT4G19003	VPS25
ath00130	Bra013369	AT4G19010	AT4G19010
ath00940	Bra013369	AT4G19010	AT4G19010
ath01100	Bra013369	AT4G19010	AT4G19010
ath01110	Bra013369	AT4G19010	AT4G19010
ath00270	Bra013370	AT4G19020	CMT2
ath01100	Bra013370	AT4G19020	CMT2
ath04519	Bra013372	AT4G19050	AT4G19050
ath03022	Bra013384	AT4G20330	AT4G20330
ath03250	Bra013402	AT4G19560	CYCT1
ath04144	Bra013410	AT4G19640	ARA7
ath04145	Bra013410	AT4G19640	ARA7
ath04148	Bra013410	AT4G19640	ARA7
ath04075	Bra013416	AT4G19660	NPR4
ath00260	Bra013425	AT4G19710	AK-HSDH_II
ath00261	Bra013425	AT4G19710	AK-HSDH_II
ath00270	Bra013425	AT4G19710	AK-HSDH_II
ath00300	Bra013425	AT4G19710	AK-HSDH_II
ath01100	Bra013425	AT4G19710	AK-HSDH_II
ath01110	Bra013425	AT4G19710	AK-HSDH_II
ath01230	Bra013425	AT4G19710	AK-HSDH_II
ath00564	Bra013430	AT4G19860	AT4G19860
ath00592	Bra013430	AT4G19860	AT4G19860
ath01100	Bra013430	AT4G19860	AT4G19860
ath01110	Bra013430	AT4G19860	AT4G19860
ath03040	Bra013431	AT1G80070	SUS2
ath03022	Bra013452	AT4G20280	TAF11
ath04141	Bra013454	AT4G20310	AT4G20310
ath00240	Bra013456	AT4G20320	AT4G20320
ath01100	Bra013456	AT4G20320	AT4G20320
ath01232	Bra013456	AT4G20320	AT4G20320
ath01240	Bra013456	AT4G20320	AT4G20320
ath00510	Bra013507	AT4G21150	HAP6
ath00513	Bra013507	AT4G21150	HAP6
ath01100	Bra013507	AT4G21150	HAP6
ath04141	Bra013507	AT4G21150	HAP6
ath03060	Bra013510	AT4G21180	ATERDJ2B
ath04141	Bra013510	AT4G21180	ATERDJ2B
ath04120	Bra013534	AT4G21530	APC4
ath04144	Bra013536	AT4G21560	VPS28-1
ath03040	Bra013545	AT4G21660	AT4G21660
ath03020	Bra013550	AT4G21710	NRPB2
ath03420	Bra013550	AT4G21710	NRPB2
ath04141	Bra013566	AT4G21870	AT4G21870
ath04075	Bra013575	AT4G21940	CPK15
ath04626	Bra013575	AT4G21940	CPK15
ath00940	Bra013576	AT4G21960	PRXR1
ath01100	Bra013576	AT4G21960	PRXR1
ath01110	Bra013576	AT4G21960	PRXR1
ath00920	Bra013579	AT4G21990	APR3
ath01100	Bra013579	AT4G21990	APR3
ath01320	Bra013579	AT4G21990	APR3
ath00040	Bra013585	AT4G22080	RHS14
ath01100	Bra013585	AT4G22080	RHS14
ath04141	Bra013593	AT4G22150	PUX3
ath00564	Bra013612	AT4G22340	CDS2
ath01100	Bra013612	AT4G22340	CDS2
ath01110	Bra013612	AT4G22340	CDS2
ath04070	Bra013612	AT4G22340	CDS2
ath03040	Bra013613	AT4G22350	AT4G22350
ath03008	Bra013616	AT4G22380	AT4G22380
ath03040	Bra013616	AT4G22380	AT4G22380
ath04142	Bra013624	AT4G22540	ORP2A
ath04075	Bra013630	AT4G22620	AT4G22620
ath00100	Bra013643	AT4G22756	SMO1-2
ath01100	Bra013643	AT4G22756	SMO1-2
ath01110	Bra013643	AT4G22756	SMO1-2
ath00941	Bra013652	AT4G22880	LDOX
ath01100	Bra013652	AT4G22880	LDOX
ath01110	Bra013652	AT4G22880	LDOX
ath04120	Bra013655	AT4G22910	FZR2
ath00270	Bra013675	AT4G23100	GSH1
ath00340	Bra013675	AT4G23100	GSH1
ath00480	Bra013675	AT4G23100	GSH1
ath01100	Bra013675	AT4G23100	GSH1
ath01110	Bra013675	AT4G23100	GSH1
ath01240	Bra013675	AT4G23100	GSH1
ath00270	Bra013714	AT4G23600	CORI3
ath01100	Bra013714	AT4G23600	CORI3
ath00130	Bra013720	AT4G23660	PPT1
ath01100	Bra013720	AT4G23660	PPT1
ath01110	Bra013720	AT4G23660	PPT1
ath01240	Bra013720	AT4G23660	PPT1
ath00190	Bra013726	AT4G23710	VAG2
ath01100	Bra013726	AT4G23710	VAG2
ath04142	Bra013726	AT4G23710	VAG2
ath04145	Bra013726	AT4G23710	VAG2
ath00061	Bra013735	AT4G23850	LACS4
ath00071	Bra013735	AT4G23850	LACS4
ath01100	Bra013735	AT4G23850	LACS4
ath01212	Bra013735	AT4G23850	LACS4
ath04146	Bra013735	AT4G23850	LACS4
ath00230	Bra013742	AT4G23900	AT4G23900
ath00240	Bra013742	AT4G23900	AT4G23900
ath01100	Bra013742	AT4G23900	AT4G23900
ath01110	Bra013742	AT4G23900	AT4G23900
ath01232	Bra013742	AT4G23900	AT4G23900
ath01240	Bra013742	AT4G23900	AT4G23900
ath04016	Bra013742	AT4G23900	AT4G23900
ath00500	Bra013756	AT4G24040	TRE1
ath01100	Bra013756	AT4G24040	TRE1
ath01110	Bra013756	AT4G24040	TRE1
ath04814	Bra013771	AT4G24170	AT4G24170
ath04141	Bra013774	AT4G24190	SHD
ath04626	Bra013774	AT4G24190	SHD
ath04075	Bra013776	AT4G24210	SLY1
ath03040	Bra013786	AT4G24280	cpHsc70-1
ath04141	Bra013786	AT4G24280	cpHsc70-1
ath04144	Bra013786	AT4G24280	cpHsc70-1
ath00380	Bra013823	AT4G24670	TAR2
ath01100	Bra013823	AT4G24670	TAR2
ath04075	Bra013823	AT4G24670	TAR2
ath03050	Bra013838	AT4G24820	AT4G24820
ath00220	Bra013839	AT4G24830	AT4G24830
ath00250	Bra013839	AT4G24830	AT4G24830
ath01100	Bra013839	AT4G24830	AT4G24830
ath01110	Bra013839	AT4G24830	AT4G24830
ath01230	Bra013839	AT4G24830	AT4G24830
ath04120	Bra013848	AT4G24940	SAE1A
ath04146	Bra013863	AT4G25100	FSD1
ath03020	Bra013871	AT4G25180	AT4G25180
ath04141	Bra013872	AT4G25200	HSP23.6-MITO
ath00240	Bra013883	AT4G25280	AT4G25280
ath01100	Bra013883	AT4G25280	AT4G25280
ath01232	Bra013883	AT4G25280	AT4G25280
ath01240	Bra013883	AT4G25280	AT4G25280
ath00904	Bra013890	AT4G25420	GA20OX1
ath01100	Bra013890	AT4G25420	GA20OX1
ath01110	Bra013890	AT4G25420	GA20OX1
ath00230	Bra013893	AT4G25434	NUDT10
ath00760	Bra013893	AT4G25434	NUDT10
ath00330	Bra013902	AT4G25600	AT4G25600
ath01100	Bra013902	AT4G25600	AT4G25600
ath03010	Bra013915	AT4G25740	AT4G25740
ath02010	Bra013916	AT4G25750	ABCG4
ath04981	Bra013916	AT4G25750	ABCG4
ath00010	Bra013932	AT4G25900	AT4G25900
ath01100	Bra013932	AT4G25900	AT4G25900
ath01110	Bra013932	AT4G25900	AT4G25900
ath02010	Bra013936	AT4G25960	ABCB2
ath00564	Bra013937	AT4G25970	PSD3
ath01100	Bra013937	AT4G25970	PSD3
ath01110	Bra013937	AT4G25970	PSD3
ath00940	Bra013938	AT4G25980	AT4G25980
ath01100	Bra013938	AT4G25980	AT4G25980
ath01110	Bra013938	AT4G25980	AT4G25980
ath00940	Bra013943	AT4G26010	AT4G26010
ath01100	Bra013943	AT4G26010	AT4G26010
ath01110	Bra013943	AT4G26010	AT4G26010
ath04016	Bra013945	AT4G26080	ABI1
ath04075	Bra013945	AT4G26080	ABI1
ath04626	Bra013947	AT4G26090	RPS2
ath04075	Bra013952	AT4G26120	AT4G26120
ath04146	Bra013969	AT5G17550	PEX19-2
ath04075	Bra013973	AT5G17490	RGL3
ath04146	Bra013983	AT5G17380	AT5G17380
ath00010	Bra014005	AT1G43670	FBP
ath00030	Bra014005	AT1G43670	FBP
ath00051	Bra014005	AT1G43670	FBP
ath00710	Bra014005	AT1G43670	FBP
ath01100	Bra014005	AT1G43670	FBP
ath01110	Bra014005	AT1G43670	FBP
ath01200	Bra014005	AT1G43670	FBP
ath00904	Bra014019	AT1G44090	GA20OX5
ath01100	Bra014019	AT1G44090	GA20OX5
ath01110	Bra014019	AT1G44090	GA20OX5
ath00010	Bra014022	AT1G44170	ALDH3H1
ath00053	Bra014022	AT1G44170	ALDH3H1
ath00071	Bra014022	AT1G44170	ALDH3H1
ath00280	Bra014022	AT1G44170	ALDH3H1
ath00310	Bra014022	AT1G44170	ALDH3H1
ath00330	Bra014022	AT1G44170	ALDH3H1
ath00340	Bra014022	AT1G44170	ALDH3H1
ath00380	Bra014022	AT1G44170	ALDH3H1
ath00410	Bra014022	AT1G44170	ALDH3H1
ath00561	Bra014022	AT1G44170	ALDH3H1
ath00620	Bra014022	AT1G44170	ALDH3H1
ath00770	Bra014022	AT1G44170	ALDH3H1
ath01100	Bra014022	AT1G44170	ALDH3H1
ath01110	Bra014022	AT1G44170	ALDH3H1
ath01240	Bra014022	AT1G44170	ALDH3H1
ath00195	Bra014024	AT1G44575	NPQ4
ath01100	Bra014024	AT1G44575	NPQ4
ath00196	Bra014048	AT1G45474	Lhca5
ath01100	Bra014048	AT1G45474	Lhca5
ath03050	Bra014068	AT1G47250	PAF2
ath03008	Bra014093	AT5G22100	AT5G22100
ath03450	Bra014100	AT1G48050	KU80
ath00510	Bra014103	AT1G48140	DPMS3
ath01100	Bra014103	AT1G48140	DPMS3
ath04626	Bra014110	AT1G48210	AT1G48210
ath00561	Bra014125	AT1G48300	DGAT3
ath01100	Bra014125	AT1G48300	DGAT3
ath01110	Bra014125	AT1G48300	DGAT3
ath00130	Bra014127	AT1G48320	DHNAT1
ath01100	Bra014127	AT1G48320	DHNAT1
ath01110	Bra014127	AT1G48320	DHNAT1
ath01240	Bra014127	AT1G48320	DHNAT1
ath03010	Bra014131	AT1G48350	EMB3105
ath03460	Bra014132	AT1G48360	AT1G48360
ath00400	Bra014158	AT1G48850	EMB1144
ath01100	Bra014158	AT1G48850	EMB1144
ath01110	Bra014158	AT1G48850	EMB1144
ath01230	Bra014158	AT1G48850	EMB1144
ath04156	Bra014165	AT1G48970	AT1G48970
ath04142	Bra014179	AT1G49300	RABG3E
ath04144	Bra014179	AT1G49300	RABG3E
ath04145	Bra014179	AT1G49300	RABG3E
ath04148	Bra014179	AT1G49300	RABG3E
ath00940	Bra014200	AT1G49570	AT1G49570
ath01100	Bra014200	AT1G49570	AT1G49570
ath01110	Bra014200	AT1G49570	AT1G49570
ath04075	Bra014201	AT1G49580	AT1G49580
ath04626	Bra014201	AT1G49580	AT1G49580
ath04145	Bra014232	AT1G04820	TUA4
ath04517	Bra014232	AT1G04820	TUA4
ath04814	Bra014232	AT1G04820	TUA4
ath00270	Bra014235	AT1G50090	BCAT7
ath00280	Bra014235	AT1G50090	BCAT7
ath00290	Bra014235	AT1G50090	BCAT7
ath00770	Bra014235	AT1G50090	BCAT7
ath00966	Bra014235	AT1G50090	BCAT7
ath01100	Bra014235	AT1G50090	BCAT7
ath01110	Bra014235	AT1G50090	BCAT7
ath01210	Bra014235	AT1G50090	BCAT7
ath01230	Bra014235	AT1G50090	BCAT7
ath01240	Bra014235	AT1G50090	BCAT7
ath00860	Bra014240	AT1G50170	SIRB
ath01100	Bra014240	AT1G50170	SIRB
ath01110	Bra014240	AT1G50170	SIRB
ath01240	Bra014240	AT1G50170	SIRB
ath00970	Bra014242	AT1G50200	ALATS
ath00100	Bra014252	AT1G50430	DWF5
ath01100	Bra014252	AT1G50430	DWF5
ath01110	Bra014252	AT1G50430	DWF5
ath00940	Bra014263	AT1G51410	AT1G51410
ath01100	Bra014263	AT1G51410	AT1G51410
ath01110	Bra014263	AT1G51410	AT1G51410
ath03013	Bra014267	AT1G51380	AT1G51380
ath03015	Bra014267	AT1G51380	AT1G51380
ath03040	Bra014267	AT1G51380	AT1G51380
ath03082	Bra014285	AT1G51060	HTA10
ath03013	Bra014288	AT1G51510	Y14
ath03015	Bra014288	AT1G51510	Y14
ath03040	Bra014288	AT1G51510	Y14
ath00190	Bra014294	AT1G51650	AT1G51650
ath01100	Bra014294	AT1G51650	AT1G51650
ath04075	Bra014303	AT1G51950	IAA18
ath00195	Bra014317	AT1G52230	PSAH2
ath01100	Bra014317	AT1G52230	PSAH2
ath04145	Bra014318	AT1G52245	AT1G52245
ath04517	Bra014318	AT1G52245	AT1G52245
ath04814	Bra014318	AT1G52245	AT1G52245
ath02010	Bra014326	AT2G01320	ABCG7
ath04981	Bra014326	AT2G01320	ABCG7
ath00030	Bra014328	AT2G01290	RPI2
ath00710	Bra014328	AT2G01290	RPI2
ath01100	Bra014328	AT2G01290	RPI2
ath01110	Bra014328	AT2G01290	RPI2
ath01200	Bra014328	AT2G01290	RPI2
ath01230	Bra014328	AT2G01290	RPI2
ath03010	Bra014334	AT2G01250	AT2G01250
ath00010	Bra014340	AT2G01140	PDE345
ath00030	Bra014340	AT2G01140	PDE345
ath00051	Bra014340	AT2G01140	PDE345
ath00710	Bra014340	AT2G01140	PDE345
ath01100	Bra014340	AT2G01140	PDE345
ath01110	Bra014340	AT2G01140	PDE345
ath01200	Bra014340	AT2G01140	PDE345
ath01230	Bra014340	AT2G01140	PDE345
ath00520	Bra014349	AT5G47780	GAUT4
ath01100	Bra014349	AT5G47780	GAUT4
ath03040	Bra014389	AT3G62840	AT3G62840
ath00520	Bra014390	AT3G62830	AUD1
ath01100	Bra014390	AT3G62830	AUD1
ath01250	Bra014390	AT3G62830	AUD1
ath00480	Bra014394	AT3G62760	ATGSTF13
ath01100	Bra014394	AT3G62760	ATGSTF13
ath04075	Bra014419	AT3G61830	ARF18
ath00196	Bra014433	AT3G61470	LHCA2
ath01100	Bra014433	AT3G61470	LHCA2
ath00270	Bra014436	AT3G61440	CYSC1
ath00460	Bra014436	AT3G61440	CYSC1
ath00920	Bra014436	AT3G61440	CYSC1
ath01100	Bra014436	AT3G61440	CYSC1
ath01110	Bra014436	AT3G61440	CYSC1
ath01200	Bra014436	AT3G61440	CYSC1
ath01230	Bra014436	AT3G61440	CYSC1
ath01320	Bra014436	AT3G61440	CYSC1
ath00261	Bra014465	AT3G60880	DHDPS1
ath00300	Bra014465	AT3G60880	DHDPS1
ath01100	Bra014465	AT3G60880	DHDPS1
ath01110	Bra014465	AT3G60880	DHDPS1
ath01230	Bra014465	AT3G60880	DHDPS1
ath04144	Bra014466	AT3G60860	AT3G60860
ath00030	Bra014473	AT3G60750	AT3G60750
ath00710	Bra014473	AT3G60750	AT3G60750
ath01100	Bra014473	AT3G60750	AT3G60750
ath01110	Bra014473	AT3G60750	AT3G60750
ath01200	Bra014473	AT3G60750	AT3G60750
ath01230	Bra014473	AT3G60750	AT3G60750
ath04075	Bra014476	AT3G60690	AT3G60690
ath03010	Bra014503	AT3G60245	AT3G60245
ath00460	Bra014510	AT3G60140	DIN2
ath00500	Bra014510	AT3G60140	DIN2
ath00999	Bra014510	AT3G60140	DIN2
ath01100	Bra014510	AT3G60140	DIN2
ath01110	Bra014510	AT3G60140	DIN2
ath00460	Bra014511	AT3G60120	BGLU27
ath00500	Bra014511	AT3G60120	BGLU27
ath00999	Bra014511	AT3G60120	BGLU27
ath01100	Bra014511	AT3G60120	BGLU27
ath01110	Bra014511	AT3G60120	BGLU27
ath00020	Bra014513	AT3G60100	CSY5
ath00630	Bra014513	AT3G60100	CSY5
ath01100	Bra014513	AT3G60100	CSY5
ath01110	Bra014513	AT3G60100	CSY5
ath01200	Bra014513	AT3G60100	CSY5
ath01210	Bra014513	AT3G60100	CSY5
ath01230	Bra014513	AT3G60100	CSY5
ath04136	Bra014522	AT3G59950	AT3G59950
ath04145	Bra014522	AT3G59950	AT3G59950
ath00270	Bra014529	AT3G59760	OASC
ath00920	Bra014529	AT3G59760	OASC
ath01100	Bra014529	AT3G59760	OASC
ath01110	Bra014529	AT3G59760	OASC
ath01200	Bra014529	AT3G59760	OASC
ath01230	Bra014529	AT3G59760	OASC
ath01320	Bra014529	AT3G59760	OASC
ath04626	Bra014542	AT3G59350	AT3G59350
ath00290	Bra014562	AT3G58610	AT3G58610
ath00770	Bra014562	AT3G58610	AT3G58610
ath01100	Bra014562	AT3G58610	AT3G58610
ath01110	Bra014562	AT3G58610	AT3G58610
ath01210	Bra014562	AT3G58610	AT3G58610
ath01230	Bra014562	AT3G58610	AT3G58610
ath03018	Bra014566	AT3G58580	AT3G58580
ath04814	Bra014582	AT3G58160	XIJ
ath04120	Bra014589	AT3G58040	SINAT2
ath03013	Bra014602	AT3G57870	SCE1
ath04120	Bra014602	AT3G57870	SCE1
ath00270	Bra014648	AT3G57050	CBL
ath00450	Bra014648	AT3G57050	CBL
ath01100	Bra014648	AT3G57050	CBL
ath01110	Bra014648	AT3G57050	CBL
ath01230	Bra014648	AT3G57050	CBL
ath00562	Bra014660	AT3G56960	PIP5K4
ath01100	Bra014660	AT3G56960	PIP5K4
ath04070	Bra014660	AT3G56960	PIP5K4
ath04144	Bra014660	AT3G56960	PIP5K4
ath03040	Bra014741	AT3G55460	SCL30
ath00010	Bra014743	AT3G55440	TPI
ath00051	Bra014743	AT3G55440	TPI
ath00562	Bra014743	AT3G55440	TPI
ath00710	Bra014743	AT3G55440	TPI
ath01100	Bra014743	AT3G55440	TPI
ath01110	Bra014743	AT3G55440	TPI
ath01200	Bra014743	AT3G55440	TPI
ath01230	Bra014743	AT3G55440	TPI
ath00195	Bra014755	AT3G55330	PPL1
ath01100	Bra014755	AT3G55330	PPL1
ath02010	Bra014756	AT3G55320	ABCB20
ath03010	Bra014763	AT3G55280	RPL23AB
ath00511	Bra014765	AT3G55260	HEXO1
ath00513	Bra014765	AT3G55260	HEXO1
ath00520	Bra014765	AT3G55260	HEXO1
ath00531	Bra014765	AT3G55260	HEXO1
ath00600	Bra014765	AT3G55260	HEXO1
ath00603	Bra014765	AT3G55260	HEXO1
ath00604	Bra014765	AT3G55260	HEXO1
ath01100	Bra014765	AT3G55260	HEXO1
ath04142	Bra014765	AT3G55260	HEXO1
ath00040	Bra014772	AT3G55140	AT3G55140
ath01100	Bra014772	AT3G55140	AT3G55140
ath02010	Bra014773	AT3G55130	ABCG19
ath04981	Bra014773	AT3G55130	ABCG19
ath02010	Bra014776	AT3G55090	ABCG16
ath04981	Bra014776	AT3G55090	ABCG16
ath00564	Bra014779	AT3G55030	PGPS2
ath01100	Bra014779	AT3G55030	PGPS2
ath04144	Bra014785	AT3G54840	ARA6
ath04145	Bra014785	AT3G54840	ARA6
ath04148	Bra014785	AT3G54840	ARA6
ath03250	Bra014803	AT3G54610	HAG1
ath03082	Bra014808	AT3G54560	HTA11
ath03020	Bra014812	AT3G54490	RPB5E
ath03420	Bra014812	AT3G54490	RPB5E
ath00052	Bra014816	AT3G54440	AT3G54440
ath00511	Bra014816	AT3G54440	AT3G54440
ath00600	Bra014816	AT3G54440	AT3G54440
ath01100	Bra014816	AT3G54440	AT3G54440
ath00900	Bra014828	AT3G54250	AT3G54250
ath01100	Bra014828	AT3G54250	AT3G54250
ath01110	Bra014828	AT3G54250	AT3G54250
ath04142	Bra014838	AT3G54140	PTR1
ath04136	Bra014856	AT3G53930	AT3G53930
ath04814	Bra014865	AT2G37620	ACT1
ath00280	Bra014870	AT4G11820	HMGS
ath00650	Bra014870	AT4G11820	HMGS
ath00900	Bra014870	AT4G11820	HMGS
ath01100	Bra014870	AT4G11820	HMGS
ath01110	Bra014870	AT4G11820	HMGS
ath00564	Bra014871	AT4G11850	PLDGAMMA1
ath00565	Bra014871	AT4G11850	PLDGAMMA1
ath01100	Bra014871	AT4G11850	PLDGAMMA1
ath01110	Bra014871	AT4G11850	PLDGAMMA1
ath04144	Bra014871	AT4G11850	PLDGAMMA1
ath00940	Bra014895	AT1G30870	AT1G30870
ath01100	Bra014895	AT1G30870	AT1G30870
ath01110	Bra014895	AT1G30870	AT1G30870
ath03040	Bra014938	AT3G23325	AT3G23325
ath00230	Bra014955	AT2G26230	AT2G26230
ath00232	Bra014955	AT2G26230	AT2G26230
ath01100	Bra014955	AT2G26230	AT2G26230
ath00910	Bra014956	AT3G23490	CYN
ath01100	Bra014956	AT3G23490	CYN
ath00230	Bra014962	AT3G23580	RNR2A
ath00240	Bra014962	AT3G23580	RNR2A
ath00480	Bra014962	AT3G23580	RNR2A
ath01100	Bra014962	AT3G23580	RNR2A
ath01232	Bra014962	AT3G23580	RNR2A
ath00511	Bra014964	AT3G24180	AT3G24180
ath00600	Bra014964	AT3G24180	AT3G24180
ath01100	Bra014964	AT3G24180	AT3G24180
ath04382	Bra014964	AT3G24180	AT3G24180
ath00908	Bra014968	AT3G23630	IPT7
ath01100	Bra014968	AT3G23630	IPT7
ath01110	Bra014968	AT3G23630	IPT7
ath04814	Bra014969	AT3G23670	KINESIN-12B
ath00920	Bra014981	AT3G23800	SBP3
ath01100	Bra014981	AT3G23800	SBP3
ath00040	Bra015000	AT3G24230	AT3G24230
ath01100	Bra015000	AT3G24230	AT3G24230
ath00906	Bra015002	AT3G24220	NCED6
ath01100	Bra015002	AT3G24220	NCED6
ath01110	Bra015002	AT3G24220	NCED6
ath04626	Bra015009	AT3G24110	AT3G24110
ath00250	Bra015012	AT3G24090	GFAT
ath00520	Bra015012	AT3G24090	GFAT
ath01100	Bra015012	AT3G24090	GFAT
ath01250	Bra015012	AT3G24090	GFAT
ath00730	Bra015014	AT3G24030	AT3G24030
ath00740	Bra015014	AT3G24030	AT3G24030
ath01100	Bra015014	AT3G24030	AT3G24030
ath01240	Bra015014	AT3G24030	AT3G24030
ath00500	Bra015025	AT3G23920	BAM1
ath01100	Bra015025	AT3G23920	BAM1
ath01110	Bra015025	AT3G23920	BAM1
ath04130	Bra015032	AT3G24315	AtSec20
ath04130	Bra015036	AT3G24350	SYP32
ath03060	Bra015061	AT3G24590	PLSP1
ath00040	Bra015070	AT3G24670	AT3G24670
ath01100	Bra015070	AT3G24670	AT3G24670
ath00630	Bra015073	AT3G25530	GLYR1
ath00650	Bra015073	AT3G25530	GLYR1
ath01100	Bra015073	AT3G25530	GLYR1
ath01110	Bra015073	AT3G25530	GLYR1
ath01200	Bra015073	AT3G25530	GLYR1
ath00061	Bra015099	AT3G25110	FaTA
ath01100	Bra015099	AT3G25110	FaTA
ath04016	Bra015120	AT3G25250	AGC2-1
ath00240	Bra015122	AT3G25400	AT3G25400
ath01100	Bra015122	AT3G25400	AT3G25400
ath01232	Bra015122	AT3G25400	AT3G25400
ath03018	Bra015126	AT3G25430	AT3G25430
ath04148	Bra015154	AT2G04550	IBR5
ath00540	Bra015155	AT2G04560	LpxB
ath01100	Bra015155	AT2G04560	LpxB
ath04142	Bra015160	AT2G05170	VPS11
ath04145	Bra015160	AT2G05170	VPS11
ath04148	Bra015160	AT2G05170	VPS11
ath00270	Bra015169	AT2G05830	AT2G05830
ath01100	Bra015169	AT2G05830	AT2G05830
ath03050	Bra015170	AT2G05840	PAA2
ath03083	Bra015200	AT5G51230	EMF2
ath03082	Bra015213	AT4G38495	AT4G38495
ath03020	Bra015218	AT2G15430	NRPB3
ath03420	Bra015218	AT2G15430	NRPB3
ath00910	Bra015227	AT2G15620	NIR1
ath01100	Bra015227	AT2G15620	NIR1
ath01310	Bra015227	AT2G15620	NIR1
ath00520	Bra015239	AT2G20810	GAUT10
ath01100	Bra015239	AT2G20810	GAUT10
ath03040	Bra015276	AT1G65660	SMP1
ath04144	Bra015280	AT1G03950	VPS2.3
ath04075	Bra015281	AT1G03970	GBF4
ath04075	Bra015289	AT1G04100	IAA10
ath00062	Bra015296	AT1G04220	KCS2
ath01100	Bra015296	AT1G04220	KCS2
ath01110	Bra015296	AT1G04220	KCS2
ath04626	Bra015296	AT1G04220	KCS2
ath04075	Bra015297	AT1G04240	SHY2
ath04016	Bra015303	AT1G04310	ERS2
ath04075	Bra015303	AT1G04310	ERS2
ath03040	Bra015322	AT1G04510	MAC3A
ath04120	Bra015322	AT1G04510	MAC3A
ath04075	Bra015326	AT1G04550	IAA12
ath00380	Bra015330	AT1G04580	AO4
ath01100	Bra015330	AT1G04580	AO4
ath00380	Bra015334	AT1G04610	YUC3
ath01100	Bra015334	AT1G04610	YUC3
ath04075	Bra015334	AT1G04610	YUC3
ath00860	Bra015335	AT1G04620	HCAR
ath01100	Bra015335	AT1G04620	HCAR
ath01110	Bra015335	AT1G04620	HCAR
ath00785	Bra015337	AT1G04640	LIP2
ath01100	Bra015337	AT1G04640	LIP2
ath01240	Bra015337	AT1G04640	LIP2
ath00040	Bra015341	AT1G04680	AT1G04680
ath01100	Bra015341	AT1G04680	AT1G04680
ath04130	Bra015345	AT1G04750	VAMP721
ath04142	Bra015345	AT1G04750	VAMP721
ath04145	Bra015345	AT1G04750	VAMP721
ath00500	Bra015364	AT1G04920	SPS3F
ath01100	Bra015364	AT1G04920	SPS3F
ath01110	Bra015364	AT1G04920	SPS3F
ath03022	Bra015368	AT1G04950	TAFII59
ath04620	Bra015371	AT1G04970	AT1G04970
ath04141	Bra015375	AT1G04980	PDIL2-2
ath00270	Bra015380	AT1G05010	EFE
ath01100	Bra015380	AT1G05010	EFE
ath01110	Bra015380	AT1G05010	EFE
ath04016	Bra015388	AT1G05100	MAPKKK18
ath00904	Bra015394	AT1G05160	CYP88A3
ath01100	Bra015394	AT1G05160	CYP88A3
ath01110	Bra015394	AT1G05160	CYP88A3
ath00940	Bra015404	AT1G05260	RCI3
ath01100	Bra015404	AT1G05260	RCI3
ath01110	Bra015404	AT1G05260	RCI3
ath03440	Bra015430	AT1G05490	chr31
ath00500	Bra015444	AT1G05610	APS2
ath00520	Bra015444	AT1G05610	APS2
ath01100	Bra015444	AT1G05610	APS2
ath01110	Bra015444	AT1G05610	APS2
ath01250	Bra015444	AT1G05610	APS2
ath00071	Bra015491	AT1G06290	ACX3
ath00410	Bra015491	AT1G06290	ACX3
ath00592	Bra015491	AT1G06290	ACX3
ath00640	Bra015491	AT1G06290	ACX3
ath01040	Bra015491	AT1G06290	ACX3
ath01100	Bra015491	AT1G06290	ACX3
ath01110	Bra015491	AT1G06290	ACX3
ath01200	Bra015491	AT1G06290	ACX3
ath01212	Bra015491	AT1G06290	ACX3
ath04146	Bra015491	AT1G06290	ACX3
ath00561	Bra015507	AT1G06520	GPAT1
ath00564	Bra015507	AT1G06520	GPAT1
ath01100	Bra015507	AT1G06520	GPAT1
ath01110	Bra015507	AT1G06520	GPAT1
ath00130	Bra015511	AT1G06570	PDS1
ath00350	Bra015511	AT1G06570	PDS1
ath00360	Bra015511	AT1G06570	PDS1
ath01100	Bra015511	AT1G06570	PDS1
ath01240	Bra015511	AT1G06570	PDS1
ath04120	Bra015512	AT1G06590	AT1G06590
ath04626	Bra015521	AT1G06700	AT1G06700
ath03008	Bra015522	AT1G06720	AT1G06720
ath00520	Bra015529	AT1G06780	GAUT6
ath01100	Bra015529	AT1G06780	GAUT6
ath03060	Bra015534	AT1G06870	Plsp2A
ath00310	Bra015547	AT1G07040	AT1G07040
ath01100	Bra015547	AT1G07040	AT1G07040
ath00190	Bra015560	AT1G07180	NDA1
ath01100	Bra015560	AT1G07180	NDA1
ath00562	Bra015564	AT1G07230	NPC1
ath00564	Bra015564	AT1G07230	NPC1
ath00565	Bra015564	AT1G07230	NPC1
ath01100	Bra015564	AT1G07230	NPC1
ath01110	Bra015564	AT1G07230	NPC1
ath03010	Bra015574	AT1G07320	RPL4
ath04144	Bra015578	AT1G07410	RABA2b
ath00960	Bra015580	AT1G07440	AT1G07440
ath01100	Bra015580	AT1G07440	AT1G07440
ath01110	Bra015580	AT1G07440	AT1G07440
ath04016	Bra015597	AT1G12280	SUMM2
ath00010	Bra015599	AT1G47840	HXK3
ath00051	Bra015599	AT1G47840	HXK3
ath00052	Bra015599	AT1G47840	HXK3
ath00500	Bra015599	AT1G47840	HXK3
ath00520	Bra015599	AT1G47840	HXK3
ath01100	Bra015599	AT1G47840	HXK3
ath01110	Bra015599	AT1G47840	HXK3
ath01200	Bra015599	AT1G47840	HXK3
ath01250	Bra015599	AT1G47840	HXK3
ath04142	Bra015600	AT1G47830	AT1G47830
ath04144	Bra015600	AT1G47830	AT1G47830
ath00100	Bra015621	AT1G47290	3BETAHSD/D1
ath01100	Bra015621	AT1G47290	3BETAHSD/D1
ath01110	Bra015621	AT1G47290	3BETAHSD/D1
ath04075	Bra015646	AT1G77920	TGA7
ath03010	Bra015657	AT1G77750	AT1G77750
ath04141	Bra015665	AT1G77510	PDIL1-2
ath00053	Bra015668	AT1G77490	TAPX
ath00480	Bra015668	AT1G77490	TAPX
ath01100	Bra015668	AT1G77490	TAPX
ath03440	Bra015676	AT1G77320	MEI1
ath03040	Bra015687	AT1G77180	SKIP
ath00010	Bra015693	AT1G77120	ADH1
ath00071	Bra015693	AT1G77120	ADH1
ath00350	Bra015693	AT1G77120	ADH1
ath00592	Bra015693	AT1G77120	ADH1
ath00620	Bra015693	AT1G77120	ADH1
ath01100	Bra015693	AT1G77120	ADH1
ath01110	Bra015693	AT1G77120	ADH1
ath04626	Bra015728	AT1G76640	AT1G76640
ath03018	Bra015729	AT1G76630	AT1G76630
ath00010	Bra015734	AT1G76550	AT1G76550
ath00030	Bra015734	AT1G76550	AT1G76550
ath00051	Bra015734	AT1G76550	AT1G76550
ath01100	Bra015734	AT1G76550	AT1G76550
ath01110	Bra015734	AT1G76550	AT1G76550
ath00510	Bra015753	AT1G76400	AT1G76400
ath00513	Bra015753	AT1G76400	AT1G76400
ath01100	Bra015753	AT1G76400	AT1G76400
ath04141	Bra015753	AT1G76400	AT1G76400
ath04075	Bra015778	AT1G76190	AT1G76190
ath00500	Bra015784	AT1G76130	AMY2
ath01100	Bra015784	AT1G76130	AMY2
ath01110	Bra015784	AT1G76130	AMY2
ath00100	Bra015789	AT1G76090	SMT3
ath01100	Bra015789	AT1G76090	SMT3
ath01110	Bra015789	AT1G76090	SMT3
ath04075	Bra015796	AT1G76040	CPK29
ath04626	Bra015796	AT1G76040	CPK29
ath00190	Bra015797	AT1G76030	VAB1
ath01100	Bra015797	AT1G76030	VAB1
ath04142	Bra015797	AT1G76030	VAB1
ath04145	Bra015797	AT1G76030	VAB1
ath03050	Bra015799	AT1G75990	AT1G75990
ath04142	Bra015806	AT1G75850	VPS35B
ath04144	Bra015806	AT1G75850	VPS35B
ath04145	Bra015815	AT1G75780	TUB1
ath04517	Bra015815	AT1G75780	TUB1
ath04814	Bra015815	AT1G75780	TUB1
ath03008	Bra015828	AT1G75660	XRN3
ath03018	Bra015828	AT1G75660	XRN3
ath04075	Bra015832	AT1G75580	AT1G75580
ath00908	Bra015842	AT1G75450	CKX5
ath01110	Bra015842	AT1G75450	CKX5
ath04120	Bra015843	AT1G75440	UBC16
ath03010	Bra015850	AT1G75350	emb2184
ath03013	Bra015851	AT1G75340	AT1G75340
ath03410	Bra015867	AT1G75090	AT1G75090
ath03010	Bra015878	AT1G74970	RPS9
ath00061	Bra015879	AT1G74960	FAB1
ath00780	Bra015879	AT1G74960	FAB1
ath01100	Bra015879	AT1G74960	FAB1
ath01212	Bra015879	AT1G74960	FAB1
ath01240	Bra015879	AT1G74960	FAB1
ath04075	Bra015880	AT1G74950	TIFY10B
ath00051	Bra015883	AT1G74910	AT1G74910
ath00520	Bra015883	AT1G74910	AT1G74910
ath00541	Bra015883	AT1G74910	AT1G74910
ath01100	Bra015883	AT1G74910	AT1G74910
ath01110	Bra015883	AT1G74910	AT1G74910
ath01240	Bra015883	AT1G74910	AT1G74910
ath01250	Bra015883	AT1G74910	AT1G74910
ath04075	Bra015896	AT1G74740	CPK30
ath04626	Bra015896	AT1G74740	CPK30
ath00480	Bra015901	AT1G74590	GSTU10
ath01100	Bra015901	AT1G74590	GSTU10
ath00510	Bra015919	AT1G74340	DPMS2
ath00563	Bra015919	AT1G74340	DPMS2
ath01100	Bra015919	AT1G74340	DPMS2
ath00564	Bra015921	AT1G74320	AT1G74320
ath01100	Bra015921	AT1G74320	AT1G74320
ath00230	Bra015924	AT1G74260	PUR4
ath01100	Bra015924	AT1G74260	PUR4
ath01110	Bra015924	AT1G74260	PUR4
ath03040	Bra015926	AT1G74230	GR-RBP5
ath00966	Bra015938	AT1G74090	SOT18
ath01110	Bra015938	AT1G74090	SOT18
ath03010	Bra015940	AT1G74060	AT1G74060
ath00010	Bra015942	AT1G74030	ENO1
ath01100	Bra015942	AT1G74030	ENO1
ath01110	Bra015942	AT1G74030	ENO1
ath01200	Bra015942	AT1G74030	ENO1
ath01230	Bra015942	AT1G74030	ENO1
ath03018	Bra015942	AT1G74030	ENO1
ath04820	Bra015942	AT1G74030	ENO1
ath03022	Bra015951	AT1G73960	TAF2
ath01100	Bra015969	AT1G73740	AT1G73740
ath04016	Bra015970	AT1G73730	EIL3
ath04075	Bra015970	AT1G73730	EIL3
ath03022	Bra015974	AT1G73690	CDKD1
ath03420	Bra015974	AT1G73690	CDKD1
ath04626	Bra015979	AT1G73630	AT1G73630
ath00561	Bra015989	AT1G73480	AT1G73480
ath01100	Bra015989	AT1G73480	AT1G73480
ath01110	Bra015989	AT1G73480	AT1G73480
ath00500	Bra015995	AT1G73370	SUS6
ath01100	Bra015995	AT1G73370	SUS6
ath01110	Bra015995	AT1G73370	SUS6
ath00051	Bra016008	AT1G73250	GER1
ath00541	Bra016008	AT1G73250	GER1
ath01100	Bra016008	AT1G73250	GER1
ath01250	Bra016008	AT1G73250	GER1
ath03013	Bra016009	AT1G73240	AT1G73240
ath00460	Bra016021	AT1G73050	AT1G73050
ath01100	Bra016021	AT1G73050	AT1G73050
ath01110	Bra016021	AT1G73050	AT1G73050
ath04016	Bra016034	AT1G72770	HAB1
ath04075	Bra016034	AT1G72770	HAB1
ath00940	Bra016041	AT1G72680	CAD1
ath01100	Bra016041	AT1G72680	CAD1
ath01110	Bra016041	AT1G72680	CAD1
ath03013	Bra016049	AT1G72560	PSD
ath04075	Bra016056	AT1G72450	JAZ6
ath04141	Bra016074	AT1G72280	ERO1
ath00513	Bra016092	AT1G71990	FUT13
ath01100	Bra016092	AT1G71990	FUT13
ath02010	Bra016095	AT1G71960	ABCG25
ath04981	Bra016095	AT1G71960	ABCG25
ath04144	Bra016116	AT1G71790	CPB
ath04814	Bra016116	AT1G71790	CPB
ath04820	Bra016116	AT1G71790	CPB
ath03015	Bra016118	AT1G71770	PAB5
ath03018	Bra016118	AT1G71770	PAB5
ath00230	Bra016120	AT1G71750	HGPT
ath01100	Bra016120	AT1G71750	HGPT
ath01110	Bra016120	AT1G71750	HGPT
ath01232	Bra016120	AT1G71750	HGPT
ath03010	Bra016123	AT1G71720	PDE338
ath00564	Bra016126	AT1G71697	CK1
ath01100	Bra016126	AT1G71697	CK1
ath00901	Bra016127	AT1G71695	AT1G71695
ath01100	Bra016127	AT1G71695	AT1G71695
ath01110	Bra016127	AT1G71695	AT1G71695
ath00500	Bra016143	AT1G71380	CEL3
ath01100	Bra016143	AT1G71380	CEL3
ath00260	Bra016147	AT5G26780	SHM2
ath00460	Bra016147	AT5G26780	SHM2
ath00630	Bra016147	AT5G26780	SHM2
ath00670	Bra016147	AT5G26780	SHM2
ath01100	Bra016147	AT5G26780	SHM2
ath01110	Bra016147	AT5G26780	SHM2
ath01200	Bra016147	AT5G26780	SHM2
ath01230	Bra016147	AT5G26780	SHM2
ath01240	Bra016147	AT5G26780	SHM2
ath04981	Bra016147	AT5G26780	SHM2
ath04141	Bra016154	AT1G71220	EBS1
ath00220	Bra016202	AT1G70580	AOAT2
ath00250	Bra016202	AT1G70580	AOAT2
ath00260	Bra016202	AT1G70580	AOAT2
ath00630	Bra016202	AT1G70580	AOAT2
ath00710	Bra016202	AT1G70580	AOAT2
ath01100	Bra016202	AT1G70580	AOAT2
ath01110	Bra016202	AT1G70580	AOAT2
ath01200	Bra016202	AT1G70580	AOAT2
ath01210	Bra016202	AT1G70580	AOAT2
ath01230	Bra016202	AT1G70580	AOAT2
ath00380	Bra016203	AT1G70560	TAA1
ath01100	Bra016203	AT1G70560	TAA1
ath04075	Bra016203	AT1G70560	TAA1
ath03015	Bra016247	AT1G69960	PP2A
ath04136	Bra016247	AT1G69960	PP2A
ath04382	Bra016247	AT1G69960	PP2A
ath00480	Bra016252	AT1G69920	GSTU12
ath01100	Bra016252	AT1G69920	GSTU12
ath00500	Bra016262	AT1G69830	AMY3
ath01100	Bra016262	AT1G69830	AMY3
ath01110	Bra016262	AT1G69830	AMY3
ath00860	Bra016270	AT1G69740	HEMB1
ath01100	Bra016270	AT1G69740	HEMB1
ath01110	Bra016270	AT1G69740	HEMB1
ath01240	Bra016270	AT1G69740	HEMB1
ath00500	Bra016328	AT1G23870	TPS9
ath01100	Bra016328	AT1G23870	TPS9
ath01110	Bra016328	AT1G23870	TPS9
ath00010	Bra016330	AT1G23800	ALDH2B7
ath00053	Bra016330	AT1G23800	ALDH2B7
ath00071	Bra016330	AT1G23800	ALDH2B7
ath00280	Bra016330	AT1G23800	ALDH2B7
ath00310	Bra016330	AT1G23800	ALDH2B7
ath00330	Bra016330	AT1G23800	ALDH2B7
ath00340	Bra016330	AT1G23800	ALDH2B7
ath00380	Bra016330	AT1G23800	ALDH2B7
ath00410	Bra016330	AT1G23800	ALDH2B7
ath00561	Bra016330	AT1G23800	ALDH2B7
ath00620	Bra016330	AT1G23800	ALDH2B7
ath00770	Bra016330	AT1G23800	ALDH2B7
ath01100	Bra016330	AT1G23800	ALDH2B7
ath01110	Bra016330	AT1G23800	ALDH2B7
ath01240	Bra016330	AT1G23800	ALDH2B7
ath04144	Bra016344	AT2G47170	ARF1A1C
ath00130	Bra016349	AT1G23360	MENG
ath01100	Bra016349	AT1G23360	MENG
ath01110	Bra016349	AT1G23360	MENG
ath01240	Bra016349	AT1G23360	MENG
ath00220	Bra016353	AT1G23310	GGT1
ath00250	Bra016353	AT1G23310	GGT1
ath00260	Bra016353	AT1G23310	GGT1
ath00630	Bra016353	AT1G23310	GGT1
ath00710	Bra016353	AT1G23310	GGT1
ath01100	Bra016353	AT1G23310	GGT1
ath01110	Bra016353	AT1G23310	GGT1
ath01200	Bra016353	AT1G23310	GGT1
ath01210	Bra016353	AT1G23310	GGT1
ath01230	Bra016353	AT1G23310	GGT1
ath00010	Bra016357	AT1G23190	PGM3
ath00030	Bra016357	AT1G23190	PGM3
ath00052	Bra016357	AT1G23190	PGM3
ath00230	Bra016357	AT1G23190	PGM3
ath00500	Bra016357	AT1G23190	PGM3
ath00520	Bra016357	AT1G23190	PGM3
ath01100	Bra016357	AT1G23190	PGM3
ath01110	Bra016357	AT1G23190	PGM3
ath01250	Bra016357	AT1G23190	PGM3
ath04075	Bra016359	AT1G23160	AT1G23160
ath04142	Bra016372	AT1G22740	RABG3B
ath04144	Bra016372	AT1G22740	RABG3B
ath04145	Bra016372	AT1G22740	RABG3B
ath04148	Bra016372	AT1G22740	RABG3B
ath00562	Bra016373	AT1G22620	ATSAC1
ath01100	Bra016373	AT1G22620	ATSAC1
ath04142	Bra016373	AT1G22620	ATSAC1
ath00908	Bra016382	AT1G22370	UGT85A5
ath01110	Bra016382	AT1G22370	UGT85A5
ath00562	Bra016388	AT1G22100	AT1G22100
ath01100	Bra016388	AT1G22100	AT1G22100
ath04070	Bra016388	AT1G22100	AT1G22100
ath00562	Bra016396	AT1G21980	PIP5K1
ath01100	Bra016396	AT1G21980	PIP5K1
ath04070	Bra016396	AT1G21980	PIP5K1
ath04144	Bra016396	AT1G21980	PIP5K1
ath04141	Bra016405	AT1G21750	PDIL1-1
ath03082	Bra016409	AT1G21700	SWI3C
ath03060	Bra016412	AT1G21650	SECA2
ath04120	Bra016422	AT1G21410	SKP2A
ath00280	Bra016423	AT1G21400	AT1G21400
ath00640	Bra016423	AT1G21400	AT1G21400
ath00785	Bra016423	AT1G21400	AT1G21400
ath01100	Bra016423	AT1G21400	AT1G21400
ath01110	Bra016423	AT1G21400	AT1G21400
ath01210	Bra016423	AT1G21400	AT1G21400
ath00380	Bra016459	AT1G20620	CAT3
ath00630	Bra016459	AT1G20620	CAT3
ath01100	Bra016459	AT1G20620	CAT3
ath01110	Bra016459	AT1G20620	CAT3
ath01200	Bra016459	AT1G20620	CAT3
ath04016	Bra016459	AT1G20620	CAT3
ath04146	Bra016459	AT1G20620	CAT3
ath00592	Bra016463	AT1G20510	OPCL1
ath01100	Bra016463	AT1G20510	OPCL1
ath01110	Bra016463	AT1G20510	OPCL1
ath00592	Bra016464	AT5G38120	4CL8
ath01100	Bra016464	AT5G38120	4CL8
ath01110	Bra016464	AT5G38120	4CL8
ath00195	Bra016470	AT1G20340	DRT112
ath01100	Bra016470	AT1G20340	DRT112
ath00330	Bra016471	AT1G20270	AT1G20270
ath01100	Bra016471	AT1G20270	AT1G20270
ath04145	Bra016477	AT1G20090	ROP2
ath04148	Bra016477	AT1G20090	ROP2
ath04517	Bra016477	AT1G20090	ROP2
ath04518	Bra016477	AT1G20090	ROP2
ath04519	Bra016477	AT1G20090	ROP2
ath04620	Bra016477	AT1G20090	ROP2
ath05100	Bra016477	AT1G20090	ROP2
ath00190	Bra016488	AT1G19910	AVA-P2
ath01100	Bra016488	AT1G19910	AVA-P2
ath04142	Bra016488	AT1G19910	AVA-P2
ath04145	Bra016488	AT1G19910	AVA-P2
ath00592	Bra016498	AT1G19640	JMT
ath01110	Bra016498	AT1G19640	JMT
ath00196	Bra016522	AT1G19150	Lhca6
ath01100	Bra016522	AT1G19150	Lhca6
ath04141	Bra016539	AT1G18830	AT1G18830
ath00520	Bra016552	AT1G18580	GAUT11
ath01100	Bra016552	AT1G18580	GAUT11
ath03430	Bra016569	AT1G18090	AT1G18090
ath03022	Bra016572	AT1G18040	CDKD1
ath03420	Bra016572	AT1G18040	CDKD1
ath02010	Bra016584	AT1G17840	ABCG11
ath04981	Bra016584	AT1G17840	ABCG11
ath03015	Bra016588	AT1G17760	CSTF77
ath00260	Bra016589	AT1G17745	PGDH
ath00270	Bra016589	AT1G17745	PGDH
ath01100	Bra016589	AT1G17745	PGDH
ath01110	Bra016589	AT1G17745	PGDH
ath01200	Bra016589	AT1G17745	PGDH
ath01230	Bra016589	AT1G17745	PGDH
ath00220	Bra016607	AT1G17290	AlaAT1
ath00250	Bra016607	AT1G17290	AlaAT1
ath00710	Bra016607	AT1G17290	AlaAT1
ath01100	Bra016607	AT1G17290	AlaAT1
ath01200	Bra016607	AT1G17290	AlaAT1
ath01210	Bra016607	AT1G17290	AlaAT1
ath01230	Bra016607	AT1G17290	AlaAT1
ath00514	Bra016609	AT1G17270	AT1G17270
ath00190	Bra016610	AT1G17260	AHA10
ath01100	Bra016610	AT1G17260	AHA10
ath04075	Bra016610	AT1G17260	AHA10
ath00480	Bra016615	AT1G17190	GSTU26
ath01100	Bra016615	AT1G17190	GSTU26
ath03410	Bra016645	AT1G15970	AT1G15970
ath00190	Bra016652	AT1G15700	ATPC2
ath00195	Bra016652	AT1G15700	ATPC2
ath01100	Bra016652	AT1G15700	ATPC2
ath03008	Bra016657	AT1G15440	PWP2
ath00740	Bra016683	AT1G14700	PAP3
ath01100	Bra016683	AT1G14700	PAP3
ath04142	Bra016683	AT1G14700	PAP3
ath03040	Bra016688	AT1G14650	AT1G14650
ath03010	Bra016706	AT1G14320	SAC52
ath00380	Bra016708	AT1G14130	AT1G14130
ath00592	Bra016735	AT1G13280	AOC4
ath01100	Bra016735	AT1G13280	AOC4
ath01110	Bra016735	AT1G13280	AOC4
ath00510	Bra016746	AT1G12990	AT1G12990
ath01100	Bra016746	AT1G12990	AT1G12990
ath00910	Bra016747	AT1G12940	NRT2.5
ath03015	Bra016748	AT1G12920	ERF1-2
ath04075	Bra016754	AT1G12820	AFB3
ath00052	Bra016757	AT1G12780	UGE1
ath00520	Bra016757	AT1G12780	UGE1
ath01100	Bra016757	AT1G12780	UGE1
ath01250	Bra016757	AT1G12780	UGE1
ath04142	Bra016770	AT1G12470	AT1G12470
ath04145	Bra016770	AT1G12470	AT1G12470
ath04148	Bra016770	AT1G12470	AT1G12470
ath04626	Bra016785	AT1G12220	RPS5
ath04130	Bra016806	AT1G11890	SEC22
ath04145	Bra016806	AT1G11890	SEC22
ath00563	Bra016807	AT1G11880	AT1G11880
ath01100	Bra016807	AT1G11880	AT1G11880
ath00620	Bra016811	AT1G11840	GLX1
ath01100	Bra016811	AT1G11840	GLX1
ath00500	Bra016812	AT1G11820	AT1G11820
ath01100	Bra016812	AT1G11820	AT1G11820
ath00400	Bra016813	AT1G11790	ADT1
ath01100	Bra016813	AT1G11790	ADT1
ath01110	Bra016813	AT1G11790	ADT1
ath01230	Bra016813	AT1G11790	ADT1
ath00900	Bra016815	AT1G11755	LEW1
ath01110	Bra016815	AT1G11755	LEW1
ath00500	Bra016818	AT1G11720	SS3
ath01100	Bra016818	AT1G11720	SS3
ath01110	Bra016818	AT1G11720	SS3
ath00260	Bra016829	AT5G28237	AT5G28237
ath00400	Bra016829	AT5G28237	AT5G28237
ath01100	Bra016829	AT5G28237	AT5G28237
ath01110	Bra016829	AT5G28237	AT5G28237
ath01230	Bra016829	AT5G28237	AT5G28237
ath03020	Bra016833	AT1G11475	NRPB10
ath03420	Bra016833	AT1G11475	NRPB10
ath03013	Bra016837	AT1G11400	PYM
ath03015	Bra016837	AT1G11400	PYM
ath04146	Bra016857	AT2G42770	AT2G42770
ath00620	Bra016866	AT2G42600	PPC2
ath00710	Bra016866	AT2G42600	PPC2
ath01100	Bra016866	AT2G42600	PPC2
ath01200	Bra016866	AT2G42600	PPC2
ath03030	Bra016894	AT2G42120	POLD2
ath03410	Bra016894	AT2G42120	POLD2
ath03420	Bra016894	AT2G42120	POLD2
ath03430	Bra016894	AT2G42120	POLD2
ath03440	Bra016894	AT2G42120	POLD2
ath04075	Bra016909	AT2G41860	CPK14
ath04626	Bra016909	AT2G41860	CPK14
ath00040	Bra016911	AT2G41850	PGAZAT
ath01100	Bra016911	AT2G41850	PGAZAT
ath03013	Bra016924	AT2G41620	AT2G41620
ath03040	Bra016929	AT2G41500	LIS
ath00940	Bra016930	AT2G41480	AT2G41480
ath01100	Bra016930	AT2G41480	AT2G41480
ath01110	Bra016930	AT2G41480	AT2G41480
ath03410	Bra016932	AT2G41460	ARP
ath04075	Bra016938	AT2G41370	BOP2
ath03020	Bra016940	AT2G41340	RPB5D
ath03420	Bra016940	AT2G41340	RPB5D
ath00630	Bra016948	AT2G41220	GLU2
ath00910	Bra016948	AT2G41220	GLU2
ath03040	Bra016954	AT2G41060	AT2G41060
ath03040	Bra016955	AT2G41020	AT2G41020
ath00564	Bra016977	AT2G40690	GLY1
ath01100	Bra016977	AT2G40690	GLY1
ath01110	Bra016977	AT2G40690	GLY1
ath00860	Bra016989	AT2G40490	HEME2
ath01100	Bra016989	AT2G40490	HEME2
ath01110	Bra016989	AT2G40490	HEME2
ath01240	Bra016989	AT2G40490	HEME2
ath04016	Bra017012	AT2G40330	PYL6
ath04075	Bra017012	AT2G40330	PYL6
ath00051	Bra017052	AT2G39770	CYT1
ath00520	Bra017052	AT2G39770	CYT1
ath00541	Bra017052	AT2G39770	CYT1
ath01100	Bra017052	AT2G39770	CYT1
ath01110	Bra017052	AT2G39770	CYT1
ath01240	Bra017052	AT2G39770	CYT1
ath01250	Bra017052	AT2G39770	CYT1
ath03010	Bra017070	AT2G39460	RPL23AA
ath00940	Bra017076	AT2G39420	AT2G39420
ath01100	Bra017076	AT2G39420	AT2G39420
ath01110	Bra017076	AT2G39420	AT2G39420
ath04082	Bra017088	AT2G39130	AT2G39130
ath03250	Bra017097	AT2G38830	AT2G38830
ath03272	Bra017097	AT2G38830	AT2G38830
ath04144	Bra017097	AT2G38830	AT2G38830
ath00440	Bra017108	AT2G38670	PECT1
ath00564	Bra017108	AT2G38670	PECT1
ath01100	Bra017108	AT2G38670	PECT1
ath00670	Bra017109	AT2G38660	AT2G38660
ath01100	Bra017109	AT2G38660	AT2G38660
ath01200	Bra017109	AT2G38660	AT2G38660
ath01240	Bra017109	AT2G38660	AT2G38660
ath00520	Bra017110	AT2G38650	GAUT7
ath01100	Bra017110	AT2G38650	GAUT7
ath00940	Bra017121	AT2G38380	AT2G38380
ath01100	Bra017121	AT2G38380	AT2G38380
ath01110	Bra017121	AT2G38380	AT2G38380
ath00905	Bra017142	AT2G38050	DET2
ath01100	Bra017142	AT2G38050	DET2
ath01110	Bra017142	AT2G38050	DET2
ath00600	Bra017143	AT2G38010	AT2G38010
ath01100	Bra017143	AT2G38010	AT2G38010
ath00230	Bra017161	AT2G37690	AT2G37690
ath01100	Bra017161	AT2G37690	AT2G37690
ath01110	Bra017161	AT2G37690	AT2G37690
ath00220	Bra017182	AT2G37500	AT2G37500
ath01100	Bra017182	AT2G37500	AT2G37500
ath01110	Bra017182	AT2G37500	AT2G37500
ath01210	Bra017182	AT2G37500	AT2G37500
ath01230	Bra017182	AT2G37500	AT2G37500
ath04814	Bra017189	AT2G37420	AT2G37420
ath02010	Bra017193	AT2G37360	ABCG2
ath04981	Bra017193	AT2G37360	ABCG2
ath02010	Bra017198	AT2G37280	ABCG33
ath03010	Bra017199	AT2G37270	RPS5B
ath00360	Bra017210	AT2G37040	PAL1
ath00940	Bra017210	AT2G37040	PAL1
ath01100	Bra017210	AT2G37040	PAL1
ath01110	Bra017210	AT2G37040	PAL1
ath00908	Bra017224	AT2G36750	UGT73C1
ath01110	Bra017224	AT2G36750	UGT73C1
ath03015	Bra017233	AT2G36480	AT2G36480
ath02010	Bra017241	AT2G36380	ABCG34
ath04814	Bra017256	AT2G36200	AT2G36200
ath04075	Bra017283	AT2G35890	CPK25
ath04626	Bra017283	AT2G35890	CPK25
ath00500	Bra017287	AT2G35840	AT2G35840
ath01110	Bra017287	AT2G35840	AT2G35840
ath00514	Bra017310	AT2G35610	XEG113
ath04144	Bra017330	AT2G35210	RPA
ath03010	Bra017341	AT3G25920	RPL15
ath00592	Bra017350	AT3G25780	AOC3
ath01100	Bra017350	AT3G25780	AOC3
ath01110	Bra017350	AT3G25780	AOC3
ath00592	Bra017351	AT3G25770	AOC2
ath01100	Bra017351	AT3G25770	AOC2
ath01110	Bra017351	AT3G25770	AOC2
ath00970	Bra017354	AT3G25660	AT3G25660
ath01100	Bra017354	AT3G25660	AT3G25660
ath04626	Bra017355	AT3G25600	AT3G25600
ath04142	Bra017428	AT1G62200	PTR6
ath03010	Bra017453	AT1G79850	RPS17
ath00561	Bra017464	AT2G01180	PAP1
ath00564	Bra017464	AT2G01180	PAP1
ath01110	Bra017464	AT2G01180	PAP1
ath00630	Bra017467	AT5G47760	PGLP2
ath01100	Bra017467	AT5G47760	PGLP2
ath01110	Bra017467	AT5G47760	PGLP2
ath01200	Bra017467	AT5G47760	PGLP2
ath00071	Bra017469	AT5G47720	AACT1
ath00280	Bra017469	AT5G47720	AACT1
ath00310	Bra017469	AT5G47720	AACT1
ath00380	Bra017469	AT5G47720	AACT1
ath00620	Bra017469	AT5G47720	AACT1
ath00630	Bra017469	AT5G47720	AACT1
ath00650	Bra017469	AT5G47720	AACT1
ath00900	Bra017469	AT5G47720	AACT1
ath01100	Bra017469	AT5G47720	AACT1
ath01110	Bra017469	AT5G47720	AACT1
ath01200	Bra017469	AT5G47720	AACT1
ath01212	Bra017469	AT5G47720	AACT1
ath03015	Bra017475	AT5G47620	AT5G47620
ath00062	Bra017491	AT5G47330	AT5G47330
ath01100	Bra017491	AT5G47330	AT5G47330
ath01212	Bra017491	AT5G47330	AT5G47330
ath04142	Bra017491	AT5G47330	AT5G47330
ath03010	Bra017498	AT5G47190	AT5G47190
ath00190	Bra017512	AT5G47030	AT5G47030
ath01100	Bra017512	AT5G47030	AT5G47030
ath04016	Bra017563	AT5G46330	FLS2
ath04626	Bra017563	AT5G46330	FLS2
ath03010	Bra017571	AT5G46160	AT5G46160
ath04148	Bra017577	AT5G46150	AT5G46150
ath04519	Bra017601	AT5G45550	MOB1-like
ath04016	Bra017615	AT4G33950	OST1
ath04075	Bra017615	AT4G33950	OST1
ath00940	Bra017624	AT4G34050	CCoAOMT1
ath00941	Bra017624	AT4G34050	CCoAOMT1
ath00945	Bra017624	AT4G34050	CCoAOMT1
ath01100	Bra017624	AT4G34050	CCoAOMT1
ath01110	Bra017624	AT4G34050	CCoAOMT1
ath04075	Bra017629	AT4G34160	CYCD3
ath00260	Bra017637	AT4G34200	EDA9
ath00270	Bra017637	AT4G34200	EDA9
ath01100	Bra017637	AT4G34200	EDA9
ath01110	Bra017637	AT4G34200	EDA9
ath01200	Bra017637	AT4G34200	EDA9
ath01230	Bra017637	AT4G34200	EDA9
ath00940	Bra017639	AT4G34230	CAD5
ath01100	Bra017639	AT4G34230	CAD5
ath01110	Bra017639	AT4G34230	CAD5
ath00062	Bra017641	AT4G34250	KCS16
ath01100	Bra017641	AT4G34250	KCS16
ath01110	Bra017641	AT4G34250	KCS16
ath04626	Bra017641	AT4G34250	KCS16
ath00190	Bra017671	AT4G34700	CIB22
ath01100	Bra017671	AT4G34700	CIB22
ath00330	Bra017672	AT4G34710	ADC2
ath01100	Bra017672	AT4G34710	ADC2
ath01110	Bra017672	AT4G34710	ADC2
ath00053	Bra017686	AT4G35000	APX3
ath00480	Bra017686	AT4G35000	APX3
ath01100	Bra017686	AT4G35000	APX3
ath03010	Bra017715	AT4G35490	MRPL11
ath03430	Bra017718	AT4G35520	MLH3
ath00563	Bra017719	AT4G35530	AT4G35530
ath01100	Bra017719	AT4G35530	AT4G35530
ath04075	Bra017735	AT4G35900	FD
ath04145	Bra017740	AT2G17800	ARAC1
ath04148	Bra017740	AT2G17800	ARAC1
ath04517	Bra017740	AT2G17800	ARAC1
ath04518	Bra017740	AT2G17800	ARAC1
ath04519	Bra017740	AT2G17800	ARAC1
ath04620	Bra017740	AT2G17800	ARAC1
ath05100	Bra017740	AT2G17800	ARAC1
ath04144	Bra017741	AT4G35985	AT4G35985
ath04075	Bra017746	AT4G36070	CPK18
ath04626	Bra017746	AT4G36070	CPK18
ath00940	Bra017752	AT4G36220	FAH1
ath01100	Bra017752	AT4G36220	FAH1
ath01110	Bra017752	AT4G36220	FAH1
ath03010	Bra017760	AT4G36420	AT4G36420
ath00940	Bra017761	AT4G36430	AT4G36430
ath01100	Bra017761	AT4G36430	AT4G36430
ath01110	Bra017761	AT4G36430	AT4G36430
ath00600	Bra017762	AT4G36480	LCB1
ath01100	Bra017762	AT4G36480	LCB1
ath04382	Bra017762	AT4G36480	LCB1
ath04142	Bra017767	AT4G36630	EMB2754
ath04145	Bra017767	AT4G36630	EMB2754
ath04148	Bra017767	AT4G36630	EMB2754
ath03022	Bra017769	AT4G36650	PBRP
ath00130	Bra017781	AT4G36750	AT4G36750
ath01100	Bra017781	AT4G36750	AT4G36750
ath01110	Bra017781	AT4G36750	AT4G36750
ath01240	Bra017781	AT4G36750	AT4G36750
ath03015	Bra017802	AT4G36960	AT4G36960
ath03010	Bra017843	AT4G37660	AT4G37660
ath00380	Bra017871	AT4G39950	CYP79B2
ath00966	Bra017871	AT4G39950	CYP79B2
ath01100	Bra017871	AT4G39950	CYP79B2
ath01110	Bra017871	AT4G39950	CYP79B2
ath01210	Bra017871	AT4G39950	CYP79B2
ath00380	Bra017913	AT1G21430	YUC11
ath01100	Bra017913	AT1G21430	YUC11
ath04075	Bra017913	AT1G21430	YUC11
ath04626	Bra017927	AT1G21550	AT1G21550
ath00760	Bra017934	AT1G21640	NADK2
ath01100	Bra017934	AT1G21640	NADK2
ath01240	Bra017934	AT1G21640	NADK2
ath00510	Bra017936	AT1G77350	AT1G77350
ath00513	Bra017936	AT1G77350	AT1G77350
ath04141	Bra017936	AT1G77350	AT1G77350
ath03030	Bra017941	AT1G21690	EMB1968
ath03410	Bra017941	AT1G21690	EMB1968
ath03420	Bra017941	AT1G21690	EMB1968
ath03430	Bra017941	AT1G21690	EMB1968
ath03410	Bra017944	AT1G21710	OGG1
ath04814	Bra017946	AT1G21730	AT1G21730
ath00270	Bra017964	AT3G49680	BCAT3
ath00280	Bra017964	AT3G49680	BCAT3
ath00290	Bra017964	AT3G49680	BCAT3
ath00770	Bra017964	AT3G49680	BCAT3
ath00966	Bra017964	AT3G49680	BCAT3
ath01100	Bra017964	AT3G49680	BCAT3
ath01110	Bra017964	AT3G49680	BCAT3
ath01210	Bra017964	AT3G49680	BCAT3
ath01230	Bra017964	AT3G49680	BCAT3
ath01240	Bra017964	AT3G49680	BCAT3
ath03060	Bra018008	AT3G49100	AT3G49100
ath03010	Bra018009	AT3G49080	AT3G49080
ath03010	Bra018017	AT3G49010	BBC1
ath00630	Bra018019	AT3G48990	AAE3
ath01100	Bra018019	AT3G48990	AAE3
ath00073	Bra018040	AT3G48720	DCF
ath03060	Bra018047	AT3G48570	AT3G48570
ath04141	Bra018047	AT3G48570	AT3G48570
ath04145	Bra018047	AT3G48570	AT3G48570
ath04120	Bra018081	AT3G48150	APC8
ath04626	Bra018085	AT3G48080	AT3G48080
ath04626	Bra018089	AT3G48010	CNGC16
ath00010	Bra018090	AT3G48000	ALDH2B4
ath00053	Bra018090	AT3G48000	ALDH2B4
ath00071	Bra018090	AT3G48000	ALDH2B4
ath00280	Bra018090	AT3G48000	ALDH2B4
ath00310	Bra018090	AT3G48000	ALDH2B4
ath00330	Bra018090	AT3G48000	ALDH2B4
ath00340	Bra018090	AT3G48000	ALDH2B4
ath00380	Bra018090	AT3G48000	ALDH2B4
ath00410	Bra018090	AT3G48000	ALDH2B4
ath00561	Bra018090	AT3G48000	ALDH2B4
ath00620	Bra018090	AT3G48000	ALDH2B4
ath00770	Bra018090	AT3G48000	ALDH2B4
ath01100	Bra018090	AT3G48000	ALDH2B4
ath01110	Bra018090	AT3G48000	ALDH2B4
ath01240	Bra018090	AT3G48000	ALDH2B4
ath00053	Bra018100	AT3G47930	GLDH
ath01100	Bra018100	AT3G47930	GLDH
ath01110	Bra018100	AT3G47930	GLDH
ath01240	Bra018100	AT3G47930	GLDH
ath04142	Bra018110	AT3G47810	MAG1
ath04144	Bra018110	AT3G47810	MAG1
ath00010	Bra018112	AT3G47800	AT3G47800
ath00052	Bra018112	AT3G47800	AT3G47800
ath01100	Bra018112	AT3G47800	AT3G47800
ath01110	Bra018112	AT3G47800	AT3G47800
ath00020	Bra018137	AT3G47520	MDH
ath00270	Bra018137	AT3G47520	MDH
ath00566	Bra018137	AT3G47520	MDH
ath00620	Bra018137	AT3G47520	MDH
ath00630	Bra018137	AT3G47520	MDH
ath00710	Bra018137	AT3G47520	MDH
ath01100	Bra018137	AT3G47520	MDH
ath01110	Bra018137	AT3G47520	MDH
ath01200	Bra018137	AT3G47520	MDH
ath04626	Bra018143	AT3G47480	AT3G47480
ath00196	Bra018144	AT3G47470	LHCA4
ath01100	Bra018144	AT3G47470	LHCA4
ath00220	Bra018147	AT3G47450	NOA1
ath00330	Bra018147	AT3G47450	NOA1
ath01100	Bra018147	AT3G47450	NOA1
ath01110	Bra018147	AT3G47450	NOA1
ath04626	Bra018147	AT3G47450	NOA1
ath00040	Bra018152	AT3G47400	AT3G47400
ath01100	Bra018152	AT3G47400	AT3G47400
ath00740	Bra018153	AT3G47390	PHS1
ath01100	Bra018153	AT3G47390	PHS1
ath01110	Bra018153	AT3G47390	PHS1
ath01240	Bra018153	AT3G47390	PHS1
ath00250	Bra018160	AT3G47340	ASN1
ath01100	Bra018160	AT3G47340	ASN1
ath01110	Bra018160	AT3G47340	ASN1
ath01230	Bra018160	AT3G47340	ASN1
ath03040	Bra018163	AT3G47120	AT3G47120
ath00460	Bra018172	AT3G47010	AT3G47010
ath00500	Bra018172	AT3G47010	AT3G47010
ath00999	Bra018172	AT3G47010	AT3G47010
ath01100	Bra018172	AT3G47010	AT3G47010
ath01110	Bra018172	AT3G47010	AT3G47010
ath00040	Bra018175	AT5G49650	XK-2
ath01100	Bra018175	AT5G49650	XK-2
ath00460	Bra018177	AT3G47000	AT3G47000
ath00500	Bra018177	AT3G47000	AT3G47000
ath00999	Bra018177	AT3G47000	AT3G47000
ath01100	Bra018177	AT3G47000	AT3G47000
ath01110	Bra018177	AT3G47000	AT3G47000
ath00500	Bra018180	AT3G46970	PHS2
ath01100	Bra018180	AT3G46970	PHS2
ath01110	Bra018180	AT3G46970	PHS2
ath03018	Bra018181	AT3G46960	AT3G46960
ath04144	Bra018190	AT3G46830	RABA2c
ath04144	Bra018209	AT3G46540	AT3G46540
ath04141	Bra018216	AT1G53540	AT1G53540
ath03018	Bra018218	AT3G46210	AT3G46210
ath00480	Bra018232	AT2G31570	GPX2
ath01100	Bra018232	AT2G31570	GPX2
ath04075	Bra018236	AT2G31500	CPK24
ath04626	Bra018236	AT2G31500	CPK24
ath00051	Bra018248	AT2G31390	AT2G31390
ath00500	Bra018248	AT2G31390	AT2G31390
ath00520	Bra018248	AT2G31390	AT2G31390
ath01100	Bra018248	AT2G31390	AT2G31390
ath01110	Bra018248	AT2G31390	AT2G31390
ath01250	Bra018248	AT2G31390	AT2G31390
ath03410	Bra018259	AT2G31320	PARP1
ath00970	Bra018264	AT2G31170	SYCO_ARATH
ath00130	Bra018311	AT2G30490	C4H
ath00940	Bra018311	AT2G30490	C4H
ath00941	Bra018311	AT2G30490	C4H
ath00945	Bra018311	AT2G30490	C4H
ath01100	Bra018311	AT2G30490	C4H
ath01110	Bra018311	AT2G30490	C4H
ath03040	Bra018324	AT1G06960	AT1G06960
ath00061	Bra018329	AT2G30200	EMB3147
ath01100	Bra018329	AT2G30200	EMB3147
ath01110	Bra018329	AT2G30200	EMB3147
ath01212	Bra018329	AT2G30200	EMB3147
ath04120	Bra018338	AT2G30110	UBA1
ath04519	Bra018354	AT2G29900	PS2
ath00730	Bra018372	AT2G29630	THIC
ath01100	Bra018372	AT2G29630	THIC
ath01240	Bra018372	AT2G29630	THIC
ath03030	Bra018377	AT1G07370	PCNA1
ath03410	Bra018377	AT1G07370	PCNA1
ath03420	Bra018377	AT1G07370	PCNA1
ath03430	Bra018377	AT1G07370	PCNA1
ath00010	Bra018378	AT2G29560	ENOC
ath01100	Bra018378	AT2G29560	ENOC
ath01110	Bra018378	AT2G29560	ENOC
ath01200	Bra018378	AT2G29560	ENOC
ath01230	Bra018378	AT2G29560	ENOC
ath03018	Bra018378	AT2G29560	ENOC
ath04820	Bra018378	AT2G29560	ENOC
ath04145	Bra018379	AT2G29550	TUB7
ath04517	Bra018379	AT2G29550	TUB7
ath04814	Bra018379	AT2G29550	TUB7
ath04141	Bra018383	AT2G29500	AT2G29500
ath04016	Bra018398	AT2G29380	HAI3
ath04075	Bra018398	AT2G29380	HAI3
ath00960	Bra018400	AT2G29330	TRI
ath01100	Bra018400	AT2G29330	TRI
ath01110	Bra018400	AT2G29330	TRI
ath03013	Bra018407	AT2G29210	AT2G29210
ath03015	Bra018407	AT2G29210	AT2G29210
ath00195	Bra018415	AT1G10960	FD1
ath01100	Bra018415	AT1G10960	FD1
ath04016	Bra018417	AT1G10940	SNRK2.4
ath04075	Bra018417	AT1G10940	SNRK2.4
ath03440	Bra018418	AT1G10930	RECQ4A
ath03460	Bra018418	AT1G10930	RECQ4A
ath00020	Bra018425	AT1G10670	ACLA-1
ath01100	Bra018425	AT1G10670	ACLA-1
ath01110	Bra018425	AT1G10670	ACLA-1
ath03410	Bra018434	AT1G10520	Pol{lambda}
ath03450	Bra018434	AT1G10520	Pol{lambda}
ath03008	Bra018437	AT1G10490	AT1G10490
ath00270	Bra018463	AT1G10070	BCAT-2
ath00280	Bra018463	AT1G10070	BCAT-2
ath00290	Bra018463	AT1G10070	BCAT-2
ath00770	Bra018463	AT1G10070	BCAT-2
ath00966	Bra018463	AT1G10070	BCAT-2
ath01100	Bra018463	AT1G10070	BCAT-2
ath01110	Bra018463	AT1G10070	BCAT-2
ath01210	Bra018463	AT1G10070	BCAT-2
ath01230	Bra018463	AT1G10070	BCAT-2
ath01240	Bra018463	AT1G10070	BCAT-2
ath00260	Bra018469	AT4G12290	AT4G12290
ath00350	Bra018469	AT4G12290	AT4G12290
ath00360	Bra018469	AT4G12290	AT4G12290
ath00410	Bra018469	AT4G12290	AT4G12290
ath00950	Bra018469	AT4G12290	AT4G12290
ath00960	Bra018469	AT4G12290	AT4G12290
ath01100	Bra018469	AT4G12290	AT4G12290
ath01110	Bra018469	AT4G12290	AT4G12290
ath04075	Bra018504	AT4G04720	CPK21
ath04626	Bra018504	AT4G04720	CPK21
ath00966	Bra018524	AT5G23010	MAM1
ath01110	Bra018524	AT5G23010	MAM1
ath01210	Bra018524	AT5G23010	MAM1
ath03083	Bra018529	AT4G02730	WDR5b
ath03430	Bra018549	AT4G02460	PMS1
ath03460	Bra018549	AT4G02460	PMS1
ath03008	Bra018554	AT4G02400	AT4G02400
ath00500	Bra018559	AT4G02290	GH9B13
ath01100	Bra018559	AT4G02290	GH9B13
ath03013	Bra018570	AT1G09270	IMPA-4
ath00270	Bra018573	AT1G09240	NAS3
ath00999	Bra018573	AT1G09240	NAS3
ath01100	Bra018573	AT1G09240	NAS3
ath01110	Bra018573	AT1G09240	NAS3
ath04141	Bra018575	AT1G09210	CRT1b
ath04145	Bra018575	AT1G09210	CRT1b
ath04148	Bra018575	AT1G09210	CRT1b
ath03040	Bra018581	AT1G09140	SR30
ath04016	Bra018588	AT1G09000	NP1
ath03082	Bra018595	AT1G08880	H2AXA
ath00563	Bra018604	AT1G08750	AT1G08750
ath01100	Bra018604	AT1G08750	AT1G08750
ath04814	Bra018605	AT1G08730	XIC
ath04519	Bra018606	AT1G08700	PS1
ath04130	Bra018615	AT1G08560	SYP111
ath00906	Bra018616	AT1G08550	NPQ1
ath01100	Bra018616	AT1G08550	NPQ1
ath01110	Bra018616	AT1G08550	NPQ1
ath00860	Bra018619	AT1G08520	ALB1
ath01100	Bra018619	AT1G08520	ALB1
ath01110	Bra018619	AT1G08520	ALB1
ath00450	Bra018621	AT1G08490	CPNIFS
ath01100	Bra018621	AT1G08490	CPNIFS
ath03460	Bra018628	AT1G08390	AT1G08390
ath03018	Bra018630	AT1G08370	DCP1
ath04075	Bra018634	AT1G08320	TGA9
ath03030	Bra018641	AT1G08260	TIL1
ath03410	Bra018641	AT1G08260	TIL1
ath03420	Bra018641	AT1G08260	TIL1
ath04142	Bra018644	AT1G08190	VPS41
ath04145	Bra018644	AT1G08190	VPS41
ath04148	Bra018644	AT1G08190	VPS41
ath03030	Bra018652	AT1G08130	LIG1
ath03410	Bra018652	AT1G08130	LIG1
ath03420	Bra018652	AT1G08130	LIG1
ath03430	Bra018652	AT1G08130	LIG1
ath00620	Bra018654	AT1G08110	AT1G08110
ath01100	Bra018654	AT1G08110	AT1G08110
ath00910	Bra018657	AT1G08080	ACA7
ath01100	Bra018657	AT1G08080	ACA7
ath00910	Bra018660	AT1G08065	ACA5
ath01100	Bra018660	AT1G08065	ACA5
ath03010	Bra018681	AT1G07830	AT1G07830
ath00062	Bra018684	AT1G07720	KCS3
ath01100	Bra018684	AT1G07720	KCS3
ath01110	Bra018684	AT1G07720	KCS3
ath04626	Bra018684	AT1G07720	KCS3
ath00280	Bra018694	AT4G29120	AT4G29120
ath01100	Bra018694	AT4G29120	AT4G29120
ath00010	Bra018700	AT1G48030	mtLPD1
ath00020	Bra018700	AT1G48030	mtLPD1
ath00260	Bra018700	AT1G48030	mtLPD1
ath00280	Bra018700	AT1G48030	mtLPD1
ath00310	Bra018700	AT1G48030	mtLPD1
ath00380	Bra018700	AT1G48030	mtLPD1
ath00620	Bra018700	AT1G48030	mtLPD1
ath00630	Bra018700	AT1G48030	mtLPD1
ath00640	Bra018700	AT1G48030	mtLPD1
ath00670	Bra018700	AT1G48030	mtLPD1
ath00785	Bra018700	AT1G48030	mtLPD1
ath01100	Bra018700	AT1G48030	mtLPD1
ath01110	Bra018700	AT1G48030	mtLPD1
ath01200	Bra018700	AT1G48030	mtLPD1
ath01210	Bra018700	AT1G48030	mtLPD1
ath01240	Bra018700	AT1G48030	mtLPD1
ath04142	Bra018705	AT1G48090	AT1G48090
ath00480	Bra018715	AT1G63770	AT1G63770
ath01100	Bra018715	AT1G63770	AT1G63770
ath00270	Bra018726	AT1G48420	D-CDES
ath00470	Bra018726	AT1G48420	D-CDES
ath01100	Bra018726	AT1G48420	D-CDES
ath00220	Bra018729	AT1G48470	GLN1
ath00250	Bra018729	AT1G48470	GLN1
ath00630	Bra018729	AT1G48470	GLN1
ath00910	Bra018729	AT1G48470	GLN1
ath01100	Bra018729	AT1G48470	GLN1
ath01110	Bra018729	AT1G48470	GLN1
ath01230	Bra018729	AT1G48470	GLN1
ath04075	Bra018729	AT1G48470	GLN1
ath00564	Bra018740	AT1G48600	PMEAMT
ath04146	Bra018746	AT1G48635	PEX3
ath03018	Bra018747	AT1G48650	AT1G48650
ath04144	Bra018754	AT1G48790	AMSH1
ath03060	Bra018760	AT1G48900	AT1G48900
ath00380	Bra018763	AT1G48910	YUC10
ath01100	Bra018763	AT1G48910	YUC10
ath04075	Bra018763	AT1G48910	YUC10
ath00500	Bra018765	AT1G48930	GH9C1
ath01100	Bra018765	AT1G48930	GH9C1
ath00562	Bra018786	AT1G49340	ATPI4K_ALPHA
ath01100	Bra018786	AT1G49340	ATPI4K_ALPHA
ath04070	Bra018786	AT1G49340	ATPI4K_ALPHA
ath04626	Bra018787	AT3G03410	AT3G03410
ath00270	Bra018795	AT1G49820	MTK
ath01100	Bra018795	AT1G49820	MTK
ath03015	Bra018797	AT1G49760	PAB8
ath03018	Bra018797	AT1G49760	PAB8
ath04075	Bra018800	AT1G49720	ABF1
ath00513	Bra018801	AT1G49710	FUT12
ath01100	Bra018801	AT1G49710	FUT12
ath03460	Bra018821	AT1G49980	AT1G49980
ath04145	Bra018825	AT4G14960	TUA6
ath04517	Bra018825	AT4G14960	TUA6
ath04814	Bra018825	AT4G14960	TUA6
ath04016	Bra018830	AT1G50060	AT1G50060
ath04075	Bra018830	AT1G50060	AT1G50060
ath04626	Bra018830	AT1G50060	AT1G50060
ath00270	Bra018831	AT1G50110	AT1G50110
ath00280	Bra018831	AT1G50110	AT1G50110
ath00290	Bra018831	AT1G50110	AT1G50110
ath00770	Bra018831	AT1G50110	AT1G50110
ath00966	Bra018831	AT1G50110	AT1G50110
ath01100	Bra018831	AT1G50110	AT1G50110
ath01110	Bra018831	AT1G50110	AT1G50110
ath01210	Bra018831	AT1G50110	AT1G50110
ath01230	Bra018831	AT1G50110	AT1G50110
ath01240	Bra018831	AT1G50110	AT1G50110
ath00010	Bra018850	AT1G50460	HKL1
ath00051	Bra018850	AT1G50460	HKL1
ath00052	Bra018850	AT1G50460	HKL1
ath00500	Bra018850	AT1G50460	HKL1
ath00520	Bra018850	AT1G50460	HKL1
ath01100	Bra018850	AT1G50460	HKL1
ath01110	Bra018850	AT1G50460	HKL1
ath01200	Bra018850	AT1G50460	HKL1
ath01250	Bra018850	AT1G50460	HKL1
ath00670	Bra018851	AT1G50480	THFS
ath01100	Bra018851	AT1G50480	THFS
ath01200	Bra018851	AT1G50480	THFS
ath01240	Bra018851	AT1G50480	THFS
ath04120	Bra018852	AT1G50490	UBC20
ath04141	Bra018867	AT1G50670	AT1G50670
ath02010	Bra018911	AT1G51460	ABCG13
ath04981	Bra018911	AT1G51460	ABCG13
ath00510	Bra018917	AT1G51590	MNS1
ath00513	Bra018917	AT1G51590	MNS1
ath01100	Bra018917	AT1G51590	MNS1
ath04141	Bra018917	AT1G51590	MNS1
ath00220	Bra018927	AT1G51720	AT1G51720
ath00250	Bra018927	AT1G51720	AT1G51720
ath00910	Bra018927	AT1G51720	AT1G51720
ath01100	Bra018927	AT1G51720	AT1G51720
ath04141	Bra018958	AT1G52260	PDIL1-5
ath04142	Bra018959	AT1G52280	RABG3d
ath04144	Bra018959	AT1G52280	RABG3d
ath04145	Bra018959	AT1G52280	RABG3d
ath04148	Bra018959	AT1G52280	RABG3d
ath00906	Bra018964	AT1G52340	ABA2
ath01100	Bra018964	AT1G52340	ABA2
ath01110	Bra018964	AT1G52340	ABA2
ath04141	Bra018972	AT1G52560	AT1G52560
ath03082	Bra018984	AT1G52740	HTA9
ath00940	Bra018986	AT1G52760	LysoPL2
ath01100	Bra018986	AT1G52760	LysoPL2
ath01110	Bra018986	AT1G52760	LysoPL2
ath04075	Bra018993	AT1G52830	IAA6
ath04146	Bra018995	AT1G52870	AT1G52870
ath03008	Bra019003	AT1G52980	AtNug2
ath04120	Bra019007	AT1G53025	AT1G53025
ath00190	Bra019008	AT1G53030	AT1G53030
ath01100	Bra019008	AT1G53030	AT1G53030
ath03015	Bra019037	AT4G27650	PEL1
ath03013	Bra019039	AT4G27640	AT4G27640
ath00500	Bra019043	AT4G27550	TPS4
ath01100	Bra019043	AT4G27550	TPS4
ath01110	Bra019043	AT4G27550	TPS4
ath02010	Bra019051	AT4G27420	ABCG9
ath04981	Bra019051	AT4G27420	ABCG9
ath04075	Bra019060	AT4G27260	WES1
ath03010	Bra019070	AT4G27090	AT4G27090
ath00260	Bra019075	AT4G27070	TSB2
ath00400	Bra019075	AT4G27070	TSB2
ath01100	Bra019075	AT4G27070	TSB2
ath01110	Bra019075	AT4G27070	TSB2
ath01230	Bra019075	AT4G27070	TSB2
ath04144	Bra019076	AT4G27040	VPS22
ath03015	Bra019094	AT4G26650	AT4G26650
ath04075	Bra019118	AT4G26150	CGA1
ath04016	Bra019122	AT4G26070	MEK1
ath00190	Bra019136	AT4G25950	VATG3
ath01100	Bra019136	AT4G25950	VATG3
ath04142	Bra019136	AT4G25950	VATG3
ath04145	Bra019136	AT4G25950	VATG3
ath00561	Bra019139	AT4G25840	GPP1
ath01100	Bra019139	AT4G25840	GPP1
ath01110	Bra019139	AT4G25840	GPP1
ath00906	Bra019145	AT4G25700	BETA-OHASE_1
ath01100	Bra019145	AT4G25700	BETA-OHASE_1
ath01110	Bra019145	AT4G25700	BETA-OHASE_1
ath03008	Bra019148	AT4G25630	FIB2
ath03015	Bra019155	AT4G25550	AT4G25550
ath03430	Bra019156	AT4G25540	MSH3
ath04141	Bra019181	AT4G25230	RIN2
ath04016	Bra019191	AT4G25090	AT4G25090
ath04626	Bra019191	AT4G25090	AT4G25090
ath00860	Bra019192	AT4G25080	CHLM
ath01100	Bra019192	AT4G25080	CHLM
ath01110	Bra019192	AT4G25080	CHLM
ath03060	Bra019202	AT5G50460	AT5G50460
ath04141	Bra019202	AT5G50460	AT5G50460
ath04145	Bra019202	AT5G50460	AT5G50460
ath03013	Bra019204	AT4G24880	AT4G24880
ath00010	Bra019214	AT4G24620	PGI1
ath00030	Bra019214	AT4G24620	PGI1
ath00500	Bra019214	AT4G24620	PGI1
ath00520	Bra019214	AT4G24620	PGI1
ath01100	Bra019214	AT4G24620	PGI1
ath01110	Bra019214	AT4G24620	PGI1
ath01200	Bra019214	AT4G24620	PGI1
ath01250	Bra019214	AT4G24620	PGI1
ath04075	Bra019255	AT4G23980	ARF9
ath00052	Bra019257	AT4G23920	UGE2
ath00520	Bra019257	AT4G23920	UGE2
ath01100	Bra019257	AT4G23920	UGE2
ath01250	Bra019257	AT4G23920	UGE2
ath00010	Bra019272	AT4G23730	AT4G23730
ath01100	Bra019272	AT4G23730	AT4G23730
ath01110	Bra019272	AT4G23730	AT4G23730
ath04075	Bra019281	AT4G23650	CDPK6
ath04626	Bra019281	AT4G23650	CDPK6
ath04626	Bra019295	AT4G23570	SGT1A
ath00860	Bra019346	AT4G22920	NYE1
ath01110	Bra019346	AT4G22920	NYE1
ath00500	Bra019370	AT4G22590	TPPG
ath01100	Bra019370	AT4G22590	TPPG
ath01110	Bra019370	AT4G22590	TPPG
ath00230	Bra019374	AT4G22570	APT3
ath01100	Bra019374	AT4G22570	APT3
ath01232	Bra019374	AT4G22570	APT3
ath00600	Bra019380	AT4G22330	ATCES1
ath01100	Bra019380	AT4G22330	ATCES1
ath04136	Bra019407	AT4G21980	APG8A
ath04145	Bra019407	AT4G21980	APG8A
ath04156	Bra019407	AT4G21980	APG8A
ath03082	Bra019424	AT3G44680	HDA9
ath03083	Bra019424	AT3G44680	HDA9
ath00073	Bra019431	AT3G44550	FAR5
ath01110	Bra019431	AT3G44550	FAR5
ath04146	Bra019431	AT3G44550	FAR5
ath04075	Bra019436	AT3G44460	DPBF2
ath04814	Bra019444	AT3G43210	TES
ath00380	Bra019448	AT3G43600	AAO2
ath01100	Bra019448	AT3G43600	AAO2
ath00500	Bra019455	AT3G43860	GH9A4
ath01100	Bra019455	AT3G43860	GH9A4
ath00073	Bra019464	AT3G44540	FAR4
ath01110	Bra019464	AT3G44540	FAR4
ath04146	Bra019464	AT3G44540	FAR4
ath04144	Bra019475	AT3G46060	RABE1c
ath04814	Bra019486	AT3G46520	ACT12
ath00260	Bra019528	AT3G48170	ALDH10A9
ath00670	Bra019528	AT3G48170	ALDH10A9
ath01100	Bra019528	AT3G48170	ALDH10A9
ath03440	Bra019530	AT3G48190	ATM
ath03460	Bra019546	AT3G48470	EMB2423
ath04142	Bra019546	AT3G48470	EMB2423
ath04156	Bra019546	AT3G48470	EMB2423
ath03020	Bra019573	AT3G49000	AT3G49000
ath04075	Bra019593	AT3G49370	AT3G49370
ath04626	Bra019593	AT3G49370	AT3G49370
ath03040	Bra019595	AT3G49430	SR34a
ath04136	Bra019602	AT3G49590	ATG13
ath04814	Bra019606	AT3G49650	AT3G49650
ath03083	Bra019610	AT3G49660	WDR5a
ath00590	Bra019617	AT5G61830	AT5G61830
ath00790	Bra019617	AT5G61830	AT5G61830
ath01100	Bra019617	AT5G61830	AT5G61830
ath00100	Bra019638	AT3G52940	FK
ath01100	Bra019638	AT3G52940	FK
ath01110	Bra019638	AT3G52940	FK
ath00190	Bra019652	AT3G52730	AT3G52730
ath01100	Bra019652	AT3G52730	AT3G52730
ath00600	Bra019665	AT1G14290	SBH2
ath01100	Bra019665	AT1G14290	SBH2
ath00230	Bra019669	AT1G14250	AT1G14250
ath00240	Bra019669	AT1G14250	AT1G14250
ath01100	Bra019669	AT1G14250	AT1G14250
ath01110	Bra019669	AT1G14250	AT1G14250
ath01232	Bra019669	AT1G14250	AT1G14250
ath00230	Bra019670	AT1G14230	AT1G14230
ath00240	Bra019670	AT1G14230	AT1G14230
ath01100	Bra019670	AT1G14230	AT1G14230
ath01110	Bra019670	AT1G14230	AT1G14230
ath01232	Bra019670	AT1G14230	AT1G14230
ath00195	Bra019675	AT1G14150	PnsL2
ath01100	Bra019675	AT1G14150	PnsL2
ath00380	Bra019678	AT1G14120	AT1G14120
ath04144	Bra019694	AT1G13980	GN
ath04120	Bra019710	AT1G66650	AT1G66650
ath03015	Bra019720	AT1G13460	AT1G13460
ath04382	Bra019720	AT1G13460	AT1G13460
ath00040	Bra019730	AT1G11920	AT1G11920
ath01100	Bra019730	AT1G11920	AT1G11920
ath00010	Bra019733	AT1G12000	AT1G12000
ath00030	Bra019733	AT1G12000	AT1G12000
ath00051	Bra019733	AT1G12000	AT1G12000
ath01100	Bra019733	AT1G12000	AT1G12000
ath01110	Bra019733	AT1G12000	AT1G12000
ath00270	Bra019734	AT1G12010	AT1G12010
ath01100	Bra019734	AT1G12010	AT1G12010
ath01110	Bra019734	AT1G12010	AT1G12010
ath00350	Bra019738	AT1G12050	AT1G12050
ath01100	Bra019738	AT1G12050	AT1G12050
ath00030	Bra019748	AT1G12230	AT1G12230
ath00710	Bra019748	AT1G12230	AT1G12230
ath01100	Bra019748	AT1G12230	AT1G12230
ath01110	Bra019748	AT1G12230	AT1G12230
ath01200	Bra019748	AT1G12230	AT1G12230
ath01230	Bra019748	AT1G12230	AT1G12230
ath00052	Bra019749	AT1G12240	ATBETAFRUCT4
ath00500	Bra019749	AT1G12240	ATBETAFRUCT4
ath01100	Bra019749	AT1G12240	ATBETAFRUCT4
ath01110	Bra019749	AT1G12240	ATBETAFRUCT4
ath04626	Bra019756	AT1G12310	AT1G12310
ath03022	Bra019763	AT1G12400	AT1G12400
ath03420	Bra019763	AT1G12400	AT1G12400
ath00260	Bra019774	AT1G12550	HPR3
ath00630	Bra019774	AT1G12550	HPR3
ath01100	Bra019774	AT1G12550	HPR3
ath01110	Bra019774	AT1G12550	HPR3
ath01200	Bra019774	AT1G12550	HPR3
ath00561	Bra019778	AT1G12640	LPLAT1
ath00564	Bra019778	AT1G12640	LPLAT1
ath00565	Bra019778	AT1G12640	LPLAT1
ath01100	Bra019778	AT1G12640	LPLAT1
ath01110	Bra019778	AT1G12640	LPLAT1
ath00190	Bra019792	AT1G12840	DET3
ath01100	Bra019792	AT1G12840	DET3
ath04142	Bra019792	AT1G12840	DET3
ath04145	Bra019792	AT1G12840	DET3
ath00710	Bra019797	AT1G12900	GAPA-2
ath01100	Bra019797	AT1G12900	GAPA-2
ath01200	Bra019797	AT1G12900	GAPA-2
ath03050	Bra019807	AT3G26340	AT3G26340
ath04142	Bra019814	AT1G13170	ORP1D
ath04144	Bra019815	AT1G13180	DIS1
ath04517	Bra019815	AT1G13180	DIS1
ath04519	Bra019815	AT1G13180	DIS1
ath05100	Bra019815	AT1G13180	DIS1
ath03015	Bra019816	AT1G13190	AT1G13190
ath03250	Bra019816	AT1G13190	AT1G13190
ath00100	Bra019839	AT1G11680	CYP51G1
ath01100	Bra019839	AT1G11680	CYP51G1
ath01110	Bra019839	AT1G11680	CYP51G1
ath00020	Bra019845	AT2G05710	ACO3
ath00630	Bra019845	AT2G05710	ACO3
ath01100	Bra019845	AT2G05710	ACO3
ath01110	Bra019845	AT2G05710	ACO3
ath01200	Bra019845	AT2G05710	ACO3
ath01210	Bra019845	AT2G05710	ACO3
ath01230	Bra019845	AT2G05710	ACO3
ath00270	Bra019857	AT1G80740	CMT1
ath01100	Bra019857	AT1G80740	CMT1
ath04130	Bra019872	AT1G11250	SYP125
ath04144	Bra019896	AT1G10870	AGD4
ath00906	Bra019899	AT1G10830	Z-ISO
ath01100	Bra019899	AT1G10830	Z-ISO
ath01110	Bra019899	AT1G10830	Z-ISO
ath04145	Bra019901	AT1G10800	AT1G10800
ath02010	Bra019907	AT1G10680	PGP10
ath04144	Bra019915	AT1G10600	AMSH2
ath03040	Bra019919	AT1G10580	AT1G10580
ath03013	Bra019938	AT1G10390	AT1G10390
ath00480	Bra019940	AT1G10370	ERD9
ath01100	Bra019940	AT1G10370	ERD9
ath04016	Bra019955	AT1G10210	MPK1
ath00270	Bra019964	AT1G10060	BCAT-1
ath00280	Bra019964	AT1G10060	BCAT-1
ath00290	Bra019964	AT1G10060	BCAT-1
ath00770	Bra019964	AT1G10060	BCAT-1
ath00966	Bra019964	AT1G10060	BCAT-1
ath01100	Bra019964	AT1G10060	BCAT-1
ath01110	Bra019964	AT1G10060	BCAT-1
ath01210	Bra019964	AT1G10060	BCAT-1
ath01230	Bra019964	AT1G10060	BCAT-1
ath01240	Bra019964	AT1G10060	BCAT-1
ath00010	Bra019980	AT1G09870	AT1G09870
ath00562	Bra019980	AT1G09870	AT1G09870
ath01100	Bra019980	AT1G09870	AT1G09870
ath00230	Bra019984	AT1G09830	PUR2
ath01100	Bra019984	AT1G09830	PUR2
ath01110	Bra019984	AT1G09830	PUR2
ath03030	Bra019986	AT1G09815	POLD4
ath03410	Bra019986	AT1G09815	POLD4
ath03420	Bra019986	AT1G09815	POLD4
ath03430	Bra019986	AT1G09815	POLD4
ath03440	Bra019986	AT1G09815	POLD4
ath00340	Bra019991	AT1G09795	ATP-PRT2
ath01100	Bra019991	AT1G09795	ATP-PRT2
ath01110	Bra019991	AT1G09795	ATP-PRT2
ath01230	Bra019991	AT1G09795	ATP-PRT2
ath03040	Bra019993	AT1G09770	CDC5
ath04144	Bra020006	AT1G09630	RAB11c
ath03010	Bra020009	AT1G09690	AT1G09690
ath04712	Bra020013	AT1G09570	PHYA
ath04075	Bra020035	AT5G19360	CPK34
ath04626	Bra020035	AT5G19360	CPK34
ath04075	Bra020040	AT5G19450	CDPK19
ath04626	Bra020040	AT5G19450	CDPK19
ath04156	Bra020041	AT5G19485	AT5G19485
ath00220	Bra020047	AT5G19550	ASP2
ath00250	Bra020047	AT5G19550	ASP2
ath00270	Bra020047	AT5G19550	ASP2
ath00330	Bra020047	AT5G19550	ASP2
ath00350	Bra020047	AT5G19550	ASP2
ath00360	Bra020047	AT5G19550	ASP2
ath00400	Bra020047	AT5G19550	ASP2
ath00710	Bra020047	AT5G19550	ASP2
ath00950	Bra020047	AT5G19550	ASP2
ath00960	Bra020047	AT5G19550	ASP2
ath01100	Bra020047	AT5G19550	ASP2
ath01110	Bra020047	AT5G19550	ASP2
ath01200	Bra020047	AT5G19550	ASP2
ath01210	Bra020047	AT5G19550	ASP2
ath01230	Bra020047	AT5G19550	ASP2
ath00940	Bra020072	AT5G19890	AT5G19890
ath01100	Bra020072	AT5G19890	AT5G19890
ath01110	Bra020072	AT5G19890	AT5G19890
ath00908	Bra020081	AT5G20040	IPT9
ath01100	Bra020081	AT5G20040	IPT9
ath01110	Bra020081	AT5G20040	IPT9
ath00760	Bra020083	AT5G20070	NUDX19
ath01100	Bra020083	AT5G20070	NUDX19
ath04146	Bra020083	AT5G20070	NUDX19
ath00561	Bra020104	AT5G20410	MGD2
ath01100	Bra020104	AT5G20410	MGD2
ath04075	Bra020125	AT5G20730	NPH4
ath00460	Bra020139	AT5G20950	AT5G20950
ath00500	Bra020139	AT5G20950	AT5G20950
ath00999	Bra020139	AT5G20950	AT5G20950
ath01100	Bra020139	AT5G20950	AT5G20950
ath01110	Bra020139	AT5G20950	AT5G20950
ath00053	Bra020145	AT5G21105	AT5G21105
ath01100	Bra020145	AT5G21105	AT5G21105
ath03030	Bra020168	AT5G22010	RFC1
ath03410	Bra020168	AT5G22010	RFC1
ath03420	Bra020168	AT5G22010	RFC1
ath03430	Bra020168	AT5G22010	RFC1
ath04141	Bra020169	AT5G22060	J2
ath00563	Bra020174	AT5G22130	PNT1
ath01100	Bra020174	AT5G22130	PNT1
ath00460	Bra020184	AT5G22300	NIT4
ath01100	Bra020184	AT5G22300	NIT4
ath01110	Bra020184	AT5G22300	NIT4
ath04130	Bra020187	AT5G22360	VAMP714
ath04142	Bra020187	AT5G22360	VAMP714
ath04145	Bra020187	AT5G22360	VAMP714
ath00940	Bra020191	AT5G22410	RHS18
ath01100	Bra020191	AT5G22410	RHS18
ath01110	Bra020191	AT5G22410	RHS18
ath00970	Bra020215	AT5G22800	EMB1030
ath03060	Bra020233	AT5G60730	AT5G60730
ath03020	Bra020267	AT5G60040	NRPC1
ath03008	Bra020272	AT5G59980	GAF1
ath00062	Bra020290	AT5G59770	AT5G59770
ath01040	Bra020290	AT5G59770	AT5G59770
ath01100	Bra020290	AT5G59770	AT5G59770
ath01110	Bra020290	AT5G59770	AT5G59770
ath01212	Bra020290	AT5G59770	AT5G59770
ath00740	Bra020293	AT5G59750	RIBA3
ath00790	Bra020293	AT5G59750	RIBA3
ath01100	Bra020293	AT5G59750	RIBA3
ath01110	Bra020293	AT5G59750	RIBA3
ath01240	Bra020293	AT5G59750	RIBA3
ath03018	Bra020317	AT5G59460	AT5G59460
ath04120	Bra020324	AT5G59300	UBC7
ath04141	Bra020324	AT5G59300	UBC7
ath03015	Bra020335	AT5G59160	TOPP2
ath04156	Bra020335	AT5G59160	TOPP2
ath04519	Bra020335	AT5G59160	TOPP2
ath03020	Bra020336	AT5G59180	NRPB7
ath03420	Bra020336	AT5G59180	NRPB7
ath00130	Bra020352	AT5G58800	AT5G58800
ath01100	Bra020352	AT5G58800	AT5G58800
ath01110	Bra020352	AT5G58800	AT5G58800
ath01240	Bra020352	AT5G58800	AT5G58800
ath00900	Bra020353	AT5G58782	cPT6
ath01110	Bra020353	AT5G58782	cPT6
ath00900	Bra020354	AT5G58770	cPT4
ath01110	Bra020354	AT5G58770	cPT4
ath03420	Bra020355	AT5G58760	DDB2
ath04120	Bra020355	AT5G58760	DDB2
ath00562	Bra020359	AT5G58700	PLC4
ath01100	Bra020359	AT5G58700	PLC4
ath04070	Bra020359	AT5G58700	PLC4
ath00904	Bra020362	AT5G58660	AT5G58660
ath01110	Bra020362	AT5G58660	AT5G58660
ath00940	Bra020370	AT5G58390	AT5G58390
ath01100	Bra020370	AT5G58390	AT5G58390
ath01110	Bra020370	AT5G58390	AT5G58390
ath03050	Bra020378	AT5G58290	RPT3
ath00230	Bra020380	AT5G58220	TTL
ath01100	Bra020380	AT5G58220	TTL
ath04075	Bra020390	AT5G58080	RR18
ath04626	Bra020402	AT5G57940	CNGC5
ath00073	Bra020412	AT5G57800	CER3
ath01110	Bra020412	AT5G57800	CER3
ath03040	Bra020446	AT5G57370	AT5G57370
ath03010	Bra020454	AT5G57290	AT5G57290
ath00010	Bra020469	AT5G24760	AT5G24760
ath00071	Bra020469	AT5G24760	AT5G24760
ath00350	Bra020469	AT5G24760	AT5G24760
ath00592	Bra020469	AT5G24760	AT5G24760
ath00620	Bra020469	AT5G24760	AT5G24760
ath01100	Bra020469	AT5G24760	AT5G24760
ath01110	Bra020469	AT5G24760	AT5G24760
ath04016	Bra020470	AT5G24770	VSP2
ath00514	Bra020495	AT5G25265	AT5G25265
ath00564	Bra020497	AT5G25370	PLDALPHA3
ath00565	Bra020497	AT5G25370	PLDALPHA3
ath01100	Bra020497	AT5G25370	PLDALPHA3
ath01110	Bra020497	AT5G25370	PLDALPHA3
ath04144	Bra020497	AT5G25370	PLDALPHA3
ath00190	Bra020499	AT5G25450	AT5G25450
ath01100	Bra020499	AT5G25450	AT5G25450
ath04120	Bra020507	AT5G25560	AT5G25560
ath00240	Bra020536	AT5G26667	PYR6
ath01100	Bra020536	AT5G26667	PYR6
ath01232	Bra020536	AT5G26667	PYR6
ath01240	Bra020536	AT5G26667	PYR6
ath04156	Bra020562	AT5G26860	LON1
ath03022	Bra020583	AT5G27620	CYCH
ath03420	Bra020583	AT5G27620	CYCH
ath00970	Bra020587	AT5G27470	AT5G27470
ath03060	Bra020590	AT5G27430	AT5G27430
ath03040	Bra020619	AT5G28740	AT5G28740
ath00040	Bra020658	AT5G49180	AT5G49180
ath01100	Bra020658	AT5G49180	AT5G49180
ath03460	Bra020661	AT5G49110	AT5G49110
ath00062	Bra020664	AT5G49070	KCS21
ath01100	Bra020664	AT5G49070	KCS21
ath01110	Bra020664	AT5G49070	KCS21
ath04626	Bra020664	AT5G49070	KCS21
ath00970	Bra020666	AT5G49030	OVA2
ath00040	Bra020672	AT5G48900	AT5G48900
ath01100	Bra020672	AT5G48900	AT5G48900
ath00071	Bra020673	AT5G48880	KAT5
ath00280	Bra020673	AT5G48880	KAT5
ath00592	Bra020673	AT5G48880	KAT5
ath01040	Bra020673	AT5G48880	KAT5
ath01100	Bra020673	AT5G48880	KAT5
ath01110	Bra020673	AT5G48880	KAT5
ath01212	Bra020673	AT5G48880	KAT5
ath04146	Bra020673	AT5G48880	KAT5
ath03018	Bra020674	AT5G48870	SAD1
ath03040	Bra020674	AT5G48870	SAD1
ath00330	Bra020731	AT3G30775	ERD5
ath01100	Bra020731	AT3G30775	ERD5
ath01110	Bra020731	AT3G30775	ERD5
ath00905	Bra020747	AT3G30180	BR6OX2
ath01100	Bra020747	AT3G30180	BR6OX2
ath01110	Bra020747	AT3G30180	BR6OX2
ath00330	Bra020760	AT3G06300	P4H2
ath01100	Bra020760	AT3G06300	P4H2
ath00230	Bra020765	AT3G06200	AT3G06200
ath01100	Bra020765	AT3G06200	AT3G06200
ath01232	Bra020765	AT3G06200	AT3G06200
ath04016	Bra020776	AT3G06110	MKP2
ath00600	Bra020781	AT3G06060	TSC10A
ath01100	Bra020781	AT3G06060	TSC10A
ath04382	Bra020781	AT3G06060	TSC10A
ath03010	Bra020783	AT3G06040	AT3G06040
ath04016	Bra020785	AT3G06030	NP3
ath03013	Bra020788	AT3G06000	AT3G06000
ath04016	Bra020814	AT4G23550	WRKY29
ath04626	Bra020814	AT4G23550	WRKY29
ath04141	Bra020870	AT4G21810	DER2.1
ath00280	Bra020875	AT4G20930	AT4G20930
ath00410	Bra020875	AT4G20930	AT4G20930
ath00640	Bra020875	AT4G20930	AT4G20930
ath01100	Bra020875	AT4G20930	AT4G20930
ath01200	Bra020875	AT4G20930	AT4G20930
ath00740	Bra020877	AT4G20960	PyrD
ath01100	Bra020877	AT4G20960	PyrD
ath01110	Bra020877	AT4G20960	PyrD
ath01240	Bra020877	AT4G20960	PyrD
ath03440	Bra020883	AT4G21070	BRCA1
ath03040	Bra020886	AT4G21110	AT4G21110
ath00600	Bra020895	AT4G21534	SPHK2
ath01100	Bra020895	AT4G21534	SPHK2
ath04148	Bra020895	AT4G21534	SPHK2
ath00904	Bra020909	AT4G21690	GA3OX3
ath01100	Bra020909	AT4G21690	GA3OX3
ath01110	Bra020909	AT4G21690	GA3OX3
ath04145	Bra020912	AT4G20890	TUB9
ath04517	Bra020912	AT4G20890	TUB9
ath04814	Bra020912	AT4G20890	TUB9
ath00520	Bra020917	AT4G20460	AT4G20460
ath01100	Bra020917	AT4G20460	AT4G20460
ath01250	Bra020917	AT4G20460	AT4G20460
ath03040	Bra020919	AT4G20440	smB
ath04144	Bra020925	AT5G44560	VPS2.2
ath00520	Bra020951	AT4G19810	ChiC
ath01100	Bra020951	AT4G19810	ChiC
ath03250	Bra020954	AT4G19600	CYCT1
ath00906	Bra020970	AT4G19170	NCED4
ath01100	Bra020970	AT4G19170	NCED4
ath01110	Bra020970	AT4G19170	NCED4
ath04075	Bra020994	AT4G18710	BIN2
ath00500	Bra021017	AT4G18240	SS4
ath01100	Bra021017	AT4G18240	SS4
ath01110	Bra021017	AT4G18240	SS4
ath03010	Bra021023	AT4G18100	AT4G18100
ath03010	Bra021042	AT4G17560	AT4G17560
ath03440	Bra021058	AT3G42670	CHR38
ath00970	Bra021059	AT4G17300	NS1
ath04142	Bra021067	AT4G17140	AT4G17140
ath03083	Bra021078	AT4G16845	VRN2
ath00280	Bra021079	AT4G16800	AT4G16800
ath01100	Bra021079	AT4G16800	AT4G16800
ath00250	Bra021090	AT1G65960	GAD2
ath00410	Bra021090	AT1G65960	GAD2
ath00430	Bra021090	AT1G65960	GAD2
ath00650	Bra021090	AT1G65960	GAD2
ath01100	Bra021090	AT1G65960	GAD2
ath01110	Bra021090	AT1G65960	GAD2
ath04120	Bra021105	AT3G15355	UBC25
ath04075	Bra021117	AT3G15540	IAA19
ath00190	Bra021123	AT3G15640	AT3G15640
ath01100	Bra021123	AT3G15640	AT3G15640
ath00564	Bra021124	AT3G15650	AT3G15650
ath00750	Bra021157	AT3G16050	PDX1.2
ath01100	Bra021157	AT3G16050	PDX1.2
ath01240	Bra021157	AT3G16050	PDX1.2
ath04814	Bra021158	AT3G16060	AT3G16060
ath02010	Bra021173	AT3G16340	ABCG29
ath04075	Bra021184	AT3G16500	PAP1
ath04814	Bra021186	AT3G16630	KINESIN-13A
ath00350	Bra021191	AT3G16700	AT3G16700
ath01100	Bra021191	AT3G16700	AT3G16700
ath04120	Bra021213	AT3G17000	UBC32
ath04141	Bra021213	AT3G17000	UBC32
ath00270	Bra021241	AT3G17390	MTO3
ath00670	Bra021241	AT3G17390	MTO3
ath00999	Bra021241	AT3G17390	MTO3
ath01100	Bra021241	AT3G17390	MTO3
ath01110	Bra021241	AT3G17390	MTO3
ath01230	Bra021241	AT3G17390	MTO3
ath01240	Bra021241	AT3G17390	MTO3
ath03010	Bra021254	AT3G17465	RPL3P
ath04144	Bra021263	AT3G17660	AGD15
ath04626	Bra021266	AT3G17700	CNBT1
ath04075	Bra021281	AT3G17860	JAZ3
ath00010	Bra021285	AT3G17940	AT3G17940
ath00052	Bra021285	AT3G17940	AT3G17940
ath01100	Bra021285	AT3G17940	AT3G17940
ath01110	Bra021285	AT3G17940	AT3G17940
ath00460	Bra021291	AT3G18070	BGLU43
ath00500	Bra021291	AT3G18070	BGLU43
ath00999	Bra021291	AT3G18070	BGLU43
ath01100	Bra021291	AT3G18070	BGLU43
ath01110	Bra021291	AT3G18070	BGLU43
ath00460	Bra021292	AT3G18080	BGLU44
ath00500	Bra021292	AT3G18080	BGLU44
ath00999	Bra021292	AT3G18080	BGLU44
ath01100	Bra021292	AT3G18080	BGLU44
ath01110	Bra021292	AT3G18080	BGLU44
ath03010	Bra021294	AT3G18130	RACK1C_AT
ath04146	Bra021296	AT3G18160	PEX3-1
ath03040	Bra021297	AT3G18165	MOS4
ath04075	Bra021305	AT1G61950	CPK19
ath04626	Bra021305	AT1G61950	CPK19
ath00941	Bra021318	AT1G61720	BAN
ath01100	Bra021318	AT1G61720	BAN
ath01110	Bra021318	AT1G61720	BAN
ath00591	Bra021322	AT1G55020	LOX1
ath03018	Bra021339	AT1G54440	AT1G54440
ath03015	Bra021340	AT1G54450	AT1G54450
ath04382	Bra021340	AT1G54450	AT1G54450
ath00562	Bra021355	AT3G03530	NPC4
ath00564	Bra021355	AT3G03530	NPC4
ath00565	Bra021355	AT3G03530	NPC4
ath01100	Bra021355	AT3G03530	NPC4
ath01110	Bra021355	AT3G03530	NPC4
ath04144	Bra021371	AT3G03120	ARFB1C
ath03008	Bra021372	AT3G03110	XPO1B
ath03013	Bra021372	AT3G03110	XPO1B
ath03250	Bra021372	AT3G03110	XPO1B
ath00190	Bra021373	AT3G03100	AT3G03100
ath01100	Bra021373	AT3G03100	AT3G03100
ath04626	Bra021379	AT3G03000	AT3G03000
ath03030	Bra021384	AT3G02920	RPA32B
ath03420	Bra021384	AT3G02920	RPA32B
ath03430	Bra021384	AT3G02920	RPA32B
ath03440	Bra021384	AT3G02920	RPA32B
ath03460	Bra021384	AT3G02920	RPA32B
ath00052	Bra021388	AT2G47180	GolS1
ath01100	Bra021388	AT2G47180	GolS1
ath00061	Bra021392	AT2G47240	LACS1
ath00071	Bra021392	AT2G47240	LACS1
ath01100	Bra021392	AT2G47240	LACS1
ath01212	Bra021392	AT2G47240	LACS1
ath04146	Bra021392	AT2G47240	LACS1
ath03040	Bra021418	AT3G02710	AT3G02710
ath00970	Bra021421	AT3G02660	EMB2768
ath00100	Bra021428	AT3G02590	AT3G02590
ath01100	Bra021428	AT3G02590	AT3G02590
ath01110	Bra021428	AT3G02590	AT3G02590
ath03013	Bra021462	AT3G02420	AT3G02420
ath04712	Bra021464	AT3G02380	COL2
ath00520	Bra021466	AT3G02350	GAUT9
ath01100	Bra021466	AT3G02350	GAUT9
ath00905	Bra021505	AT3G13730	CYP90D1
ath01100	Bra021505	AT3G13730	CYP90D1
ath01110	Bra021505	AT3G13730	CYP90D1
ath00052	Bra021508	AT3G13790	ATBFRUCT1
ath00500	Bra021508	AT3G13790	ATBFRUCT1
ath01100	Bra021508	AT3G13790	ATBFRUCT1
ath01110	Bra021508	AT3G13790	ATBFRUCT1
ath03020	Bra021519	AT3G13940	AT3G13940
ath03018	Bra021531	AT3G14080	LSM1B
ath00630	Bra021535	AT3G14130	HAOX1
ath01100	Bra021535	AT3G14130	HAOX1
ath01110	Bra021535	AT3G14130	HAOX1
ath01200	Bra021535	AT3G14130	HAOX1
ath04146	Bra021535	AT3G14130	HAOX1
ath00630	Bra021556	AT3G14420	GOX1
ath01100	Bra021556	AT3G14420	GOX1
ath01110	Bra021556	AT3G14420	GOX1
ath01200	Bra021556	AT3G14420	GOX1
ath04146	Bra021556	AT3G14420	GOX1
ath00906	Bra021558	AT3G14440	NCED3
ath01100	Bra021558	AT3G14440	NCED3
ath01110	Bra021558	AT3G14440	NCED3
ath02010	Bra021598	AT2G29940	ABCG31
ath03040	Bra021601	AT1G07170	AT1G07170
ath00195	Bra021649	AT2G30570	PSBW
ath01100	Bra021649	AT2G30570	PSBW
ath00520	Bra021650	AT2G30575	LGT5
ath01100	Bra021650	AT2G30575	LGT5
ath03018	Bra021665	AT2G30800	HVT1
ath00130	Bra021677	AT2G30920	COQ3
ath01100	Bra021677	AT2G30920	COQ3
ath01110	Bra021677	AT2G30920	COQ3
ath01240	Bra021677	AT2G30920	COQ3
ath00220	Bra021682	AT2G30970	ASP1
ath00250	Bra021682	AT2G30970	ASP1
ath00270	Bra021682	AT2G30970	ASP1
ath00330	Bra021682	AT2G30970	ASP1
ath00350	Bra021682	AT2G30970	ASP1
ath00360	Bra021682	AT2G30970	ASP1
ath00400	Bra021682	AT2G30970	ASP1
ath00710	Bra021682	AT2G30970	ASP1
ath00950	Bra021682	AT2G30970	ASP1
ath00960	Bra021682	AT2G30970	ASP1
ath01100	Bra021682	AT2G30970	ASP1
ath01110	Bra021682	AT2G30970	ASP1
ath01200	Bra021682	AT2G30970	ASP1
ath01210	Bra021682	AT2G30970	ASP1
ath01230	Bra021682	AT2G30970	ASP1
ath04075	Bra021685	AT2G30980	SKdZeta
ath04136	Bra021714	AT2G31260	APG9
ath03010	Bra021724	AT3G53870	AT3G53870
ath00290	Bra021745	AT2G31810	AT2G31810
ath00650	Bra021745	AT2G31810	AT2G31810
ath00660	Bra021745	AT2G31810	AT2G31810
ath00770	Bra021745	AT2G31810	AT2G31810
ath01100	Bra021745	AT2G31810	AT2G31810
ath01110	Bra021745	AT2G31810	AT2G31810
ath01210	Bra021745	AT2G31810	AT2G31810
ath01230	Bra021745	AT2G31810	AT2G31810
ath03410	Bra021755	AT2G31865	PARG2
ath03410	Bra021756	AT2G31870	TEJ
ath03010	Bra021773	AT1G15930	AT1G15930
ath00340	Bra021774	AT2G32170	AT2G32170
ath01100	Bra021774	AT2G32170	AT2G32170
ath04016	Bra021794	AT2G32510	MAPKKK17
ath03050	Bra021810	AT2G32730	AT2G32730
ath00460	Bra021815	AT2G32860	BGLU33
ath00500	Bra021815	AT2G32860	BGLU33
ath00999	Bra021815	AT2G32860	BGLU33
ath01100	Bra021815	AT2G32860	BGLU33
ath01110	Bra021815	AT2G32860	BGLU33
ath00310	Bra021840	AT2G33290	SUVH2
ath01100	Bra021840	AT2G33290	SUVH2
ath03440	Bra021841	AT2G21450	CHR34
ath03010	Bra021853	AT2G33450	PRPL28
ath03082	Bra021864	AT2G33610	SWI3B
ath03040	Bra021872	AT2G33730	AT2G33730
ath04120	Bra021874	AT2G33770	PHO2
ath03010	Bra021879	AT2G33800	EMB3113
ath04075	Bra021949	AT5G45110	NPR3
ath00500	Bra021962	AT5G45300	BMY2
ath01100	Bra021962	AT5G45300	BMY2
ath01110	Bra021962	AT5G45300	BMY2
ath03030	Bra021970	AT5G45400	RPA70C
ath03420	Bra021970	AT5G45400	RPA70C
ath03430	Bra021970	AT5G45400	RPA70C
ath03440	Bra021970	AT5G45400	RPA70C
ath03460	Bra021970	AT5G45400	RPA70C
ath04144	Bra021984	AT5G45750	RABA1c
ath03010	Bra021990	AT2G42740	RPL16A
ath04136	Bra021999	AT5G45900	APG7
ath04145	Bra021999	AT5G45900	APG7
ath03420	Bra022023	AT5G46210	CUL4
ath04120	Bra022023	AT5G46210	CUL4
ath03030	Bra022027	AT5G46280	MCM3
ath04142	Bra022052	AT5G46630	AT5G46630
ath04144	Bra022052	AT5G46630	AT5G46630
ath00940	Bra022090	AT5G47000	AT5G47000
ath01100	Bra022090	AT5G47000	AT5G47000
ath01110	Bra022090	AT5G47000	AT5G47000
ath03013	Bra022091	AT5G47010	LBA1
ath03015	Bra022091	AT5G47010	LBA1
ath00920	Bra022105	AT3G01910	SOX
ath01100	Bra022105	AT3G01910	SOX
ath04075	Bra022115	AT5G47220	ERF2
ath00330	Bra022128	AT4G34880	AT4G34880
ath00360	Bra022128	AT4G34880	AT4G34880
ath00380	Bra022128	AT4G34880	AT4G34880
ath01100	Bra022128	AT4G34880	AT4G34880
ath00190	Bra022146	AT5G47630	mtACP3
ath01100	Bra022146	AT5G47630	mtACP3
ath00230	Bra022148	AT5G47650	NUDT2
ath00760	Bra022148	AT5G47650	NUDT2
ath00900	Bra022156	AT5G47770	FPS1
ath01100	Bra022156	AT5G47770	FPS1
ath01110	Bra022156	AT5G47770	FPS1
ath00564	Bra022178	AT3G16785	PLDP1
ath00565	Bra022178	AT3G16785	PLDP1
ath01100	Bra022178	AT3G16785	PLDP1
ath01110	Bra022178	AT3G16785	PLDP1
ath04144	Bra022178	AT3G16785	PLDP1
ath04075	Bra022183	AT3G16857	RR1
ath00010	Bra022186	AT3G16910	AAE7
ath00620	Bra022186	AT3G16910	AAE7
ath00630	Bra022186	AT3G16910	AAE7
ath00650	Bra022186	AT3G16910	AAE7
ath01100	Bra022186	AT3G16910	AAE7
ath01110	Bra022186	AT3G16910	AAE7
ath01200	Bra022186	AT3G16910	AAE7
ath04712	Bra022192	AT2G18790	PHYB
ath00940	Bra022195	AT3G17070	AT3G17070
ath01100	Bra022195	AT3G17070	AT3G17070
ath01110	Bra022195	AT3G17070	AT3G17070
ath04120	Bra022201	AT3G17205	UPL6
ath00010	Bra022204	AT3G17240	mtLPD2
ath00020	Bra022204	AT3G17240	mtLPD2
ath00260	Bra022204	AT3G17240	mtLPD2
ath00280	Bra022204	AT3G17240	mtLPD2
ath00310	Bra022204	AT3G17240	mtLPD2
ath00380	Bra022204	AT3G17240	mtLPD2
ath00620	Bra022204	AT3G17240	mtLPD2
ath00630	Bra022204	AT3G17240	mtLPD2
ath00640	Bra022204	AT3G17240	mtLPD2
ath00670	Bra022204	AT3G17240	mtLPD2
ath00785	Bra022204	AT3G17240	mtLPD2
ath01100	Bra022204	AT3G17240	mtLPD2
ath01110	Bra022204	AT3G17240	mtLPD2
ath01200	Bra022204	AT3G17240	mtLPD2
ath01210	Bra022204	AT3G17240	mtLPD2
ath01240	Bra022204	AT3G17240	mtLPD2
ath04814	Bra022212	AT3G17360	POK1
ath04626	Bra022213	AT3G17410	AT3G17410
ath03082	Bra022223	AT3G17590	BSH
ath03250	Bra022223	AT3G17590	BSH
ath04075	Bra022224	AT3G17600	IAA31
ath04626	Bra022232	AT3G17690	CNGC19
ath00250	Bra022241	AT3G17760	GAD5
ath00410	Bra022241	AT3G17760	GAD5
ath00430	Bra022241	AT3G17760	GAD5
ath00650	Bra022241	AT3G17760	GAD5
ath01100	Bra022241	AT3G17760	GAD5
ath01110	Bra022241	AT3G17760	GAD5
ath00740	Bra022244	AT3G17790	PAP17
ath01100	Bra022244	AT3G17790	PAP17
ath04142	Bra022244	AT3G17790	PAP17
ath00240	Bra022246	AT3G17810	PYD1
ath00410	Bra022246	AT3G17810	PYD1
ath00770	Bra022246	AT3G17810	PYD1
ath01100	Bra022246	AT3G17810	PYD1
ath00220	Bra022247	AT3G17820	GLN1.3
ath00250	Bra022247	AT3G17820	GLN1.3
ath00630	Bra022247	AT3G17820	GLN1.3
ath00910	Bra022247	AT3G17820	GLN1.3
ath01100	Bra022247	AT3G17820	GLN1.3
ath01110	Bra022247	AT3G17820	GLN1.3
ath01230	Bra022247	AT3G17820	GLN1.3
ath04075	Bra022247	AT3G17820	GLN1.3
ath00564	Bra022266	AT3G18000	XPL1
ath04016	Bra022276	AT3G18040	MPK9
ath03020	Bra022279	AT3G23780	NRPD2A
ath04136	Bra022283	AT3G18140	LST8-1
ath04142	Bra022283	AT3G18140	LST8-1
ath04156	Bra022283	AT3G18140	LST8-1
ath00561	Bra022295	AT3G18220	LPP4
ath00564	Bra022295	AT3G18220	LPP4
ath01110	Bra022295	AT3G18220	LPP4
ath03010	Bra022298	AT3G18240	AT3G18240
ath00190	Bra022320	AT3G18410	AT3G18410
ath01100	Bra022320	AT3G18410	AT3G18410
ath03410	Bra022340	AT3G18630	UNG
ath00240	Bra022344	AT3G18680	AT3G18680
ath01100	Bra022344	AT3G18680	AT3G18680
ath01232	Bra022344	AT3G18680	AT3G18680
ath01240	Bra022344	AT3G18680	AT3G18680
ath03010	Bra022352	AT3G18760	AT3G18760
ath03040	Bra022357	AT3G18790	AT3G18790
ath04142	Bra022360	AT3G18820	RAB7B
ath04144	Bra022360	AT3G18820	RAB7B
ath04145	Bra022360	AT3G18820	RAB7B
ath04148	Bra022360	AT3G18820	RAB7B
ath00561	Bra022365	AT3G18850	LPAT5
ath00564	Bra022365	AT3G18850	LPAT5
ath01100	Bra022365	AT3G18850	LPAT5
ath01110	Bra022365	AT3G18850	LPAT5
ath04141	Bra022366	AT3G18860	AT3G18860
ath03010	Bra022368	AT1G49400	emb1129
ath04814	Bra022381	AT3G19050	POK2
ath04136	Bra022393	AT3G19190	ATG2
ath03440	Bra022395	AT3G19210	RAD54
ath00906	Bra022407	AT3G19270	CYP707A4
ath01110	Bra022407	AT3G19270	CYP707A4
ath00513	Bra022408	AT3G19280	FUT11
ath01100	Bra022408	AT3G19280	FUT11
ath00562	Bra022421	AT3G19420	PEN2
ath01100	Bra022421	AT3G19420	PEN2
ath04070	Bra022421	AT3G19420	PEN2
ath00940	Bra022425	AT3G19450	ATCAD4
ath01100	Bra022425	AT3G19450	ATCAD4
ath01110	Bra022425	AT3G19450	ATCAD4
ath00520	Bra022440	AT3G19620	AT3G19620
ath01100	Bra022440	AT3G19620	AT3G19620
ath03040	Bra022445	AT3G19670	PRP40B
ath00966	Bra022448	AT3G19710	BCAT4
ath01110	Bra022448	AT3G19710	BCAT4
ath01210	Bra022448	AT3G19710	BCAT4
ath03013	Bra022449	AT3G19760	EIF4A-III
ath03015	Bra022449	AT3G19760	EIF4A-III
ath03040	Bra022449	AT3G19760	EIF4A-III
ath03040	Bra022461	AT3G19840	PRP40C
ath00500	Bra022470	AT1G65610	KOR2
ath01100	Bra022470	AT1G65610	KOR2
ath00071	Bra022473	AT1G65520	ECI1
ath04712	Bra022475	AT1G65480	FT
ath00190	Bra022484	AT1G65290	mtACP2
ath01100	Bra022484	AT1G65290	mtACP2
ath03430	Bra022497	AT1G65070	AT1G65070
ath04120	Bra022498	AT1G65040	Hrd1B
ath04141	Bra022498	AT1G65040	Hrd1B
ath00450	Bra022504	AT5G49810	MMT
ath01100	Bra022504	AT5G49810	MMT
ath04142	Bra022507	AT5G49890	CLC-C
ath00514	Bra022515	AT5G50420	AT5G50420
ath00500	Bra022549	AT5G51460	ATTPPA
ath01100	Bra022549	AT5G51460	ATTPPA
ath01110	Bra022549	AT5G51460	ATTPPA
ath04075	Bra022550	AT5G51470	AT5G51470
ath03015	Bra022557	AT5G51660	CPSF160
ath04626	Bra022561	AT5G51700	PBS2
ath00904	Bra022565	AT5G51810	GA20OX2
ath01100	Bra022565	AT5G51810	GA20OX2
ath01110	Bra022565	AT5G51810	GA20OX2
ath00940	Bra022567	AT5G51890	AT5G51890
ath01100	Bra022567	AT5G51890	AT5G51890
ath01110	Bra022567	AT5G51890	AT5G51890
ath00970	Bra022597	AT5G52520	OVA6
ath02010	Bra022614	AT5G52860	ABCG8
ath04981	Bra022614	AT5G52860	ABCG8
ath03010	Bra022625	AT5G53070	AT5G53070
ath00270	Bra022631	AT5G53120	SPDS3
ath00330	Bra022631	AT5G53120	SPDS3
ath00480	Bra022631	AT5G53120	SPDS3
ath01100	Bra022631	AT5G53120	SPDS3
ath01110	Bra022631	AT5G53120	SPDS3
ath04626	Bra022632	AT5G53130	CNGC1
ath04075	Bra022663	AT5G53590	AT5G53590
ath00130	Bra022686	AT5G53970	TAT7
ath00270	Bra022686	AT5G53970	TAT7
ath00350	Bra022686	AT5G53970	TAT7
ath00360	Bra022686	AT5G53970	TAT7
ath00400	Bra022686	AT5G53970	TAT7
ath00950	Bra022686	AT5G53970	TAT7
ath00960	Bra022686	AT5G53970	TAT7
ath01100	Bra022686	AT5G53970	TAT7
ath01110	Bra022686	AT5G53970	TAT7
ath00350	Bra022692	AT5G54080	HGO
ath01100	Bra022692	AT5G54080	HGO
ath04626	Bra022702	AT5G54250	CNGC4
ath04814	Bra022708	AT5G54280	ATM2
ath00920	Bra022717	AT5G54390	HL
ath01100	Bra022717	AT5G54390	HL
ath04075	Bra022725	AT5G54510	DFL1
ath00590	Bra022746	AT5G51030	AT5G51030
ath00790	Bra022746	AT5G51030	AT5G51030
ath01100	Bra022746	AT5G51030	AT5G51030
ath04120	Bra022755	AT5G50870	UBC27
ath00010	Bra022757	AT5G50850	MAB1
ath00020	Bra022757	AT5G50850	MAB1
ath00620	Bra022757	AT5G50850	MAB1
ath00785	Bra022757	AT5G50850	MAB1
ath01100	Bra022757	AT5G50850	MAB1
ath01110	Bra022757	AT5G50850	MAB1
ath01200	Bra022757	AT5G50850	MAB1
ath01210	Bra022757	AT5G50850	MAB1
ath04075	Bra022763	AT5G50760	AT5G50760
ath00190	Bra022768	AT2G29990	NDA2
ath01100	Bra022768	AT2G29990	NDA2
ath03013	Bra022774	AT3G01340	AT3G01340
ath04141	Bra022774	AT3G01340	AT3G01340
ath04016	Bra022786	AT2G30250	WRKY25
ath04626	Bra022786	AT2G30250	WRKY25
ath04142	Bra022792	AT2G30330	BLOS1
ath03460	Bra022793	AT2G30350	AT2G30350
ath04626	Bra022812	AT2G30740	AT2G30740
ath00380	Bra022813	AT2G30770	CYP71A13
ath01100	Bra022813	AT2G30770	CYP71A13
ath00480	Bra022815	AT2G30860	GSTF9
ath01100	Bra022815	AT2G30860	GSTF9
ath00480	Bra022816	AT2G30870	GSTF10
ath01100	Bra022816	AT2G30870	GSTF10
ath04144	Bra022818	AT2G30910	ARPC1A
ath04517	Bra022818	AT2G30910	ARPC1A
ath04519	Bra022818	AT2G30910	ARPC1A
ath05100	Bra022818	AT2G30910	ARPC1A
ath03060	Bra022819	AT5G28540	BIP1
ath04141	Bra022819	AT5G28540	BIP1
ath04156	Bra022819	AT5G28540	BIP1
ath00620	Bra022836	AT2G31350	GLX2-5
ath01100	Bra022836	AT2G31350	GLX2-5
ath04519	Bra022841	AT2G31440	AT2G31440
ath03410	Bra022842	AT2G31450	ATNTH1
ath04120	Bra022858	AT1G66620	AT1G66620
ath04814	Bra022871	AT2G31900	XIF
ath00790	Bra022872	AT2G31955	CNX2
ath01100	Bra022872	AT2G31955	CNX2
ath01240	Bra022872	AT2G31955	CNX2
ath04122	Bra022872	AT2G31955	CNX2
ath03440	Bra022873	AT2G31970	RAD50
ath03450	Bra022873	AT2G31970	RAD50
ath03440	Bra022875	AT2G32000	AT2G32000
ath03460	Bra022875	AT2G32000	AT2G32000
ath03010	Bra022878	AT2G32060	AT2G32060
ath00440	Bra022881	AT2G32260	CCT1
ath00564	Bra022881	AT2G32260	CCT1
ath01100	Bra022881	AT2G32260	CCT1
ath04130	Bra022893	AT2G32670	VAMP725
ath04142	Bra022893	AT2G32670	VAMP725
ath04145	Bra022893	AT2G32670	VAMP725
ath04145	Bra022901	AT2G32760	AT2G32760
ath03013	Bra022904	AT2G32790	AT2G32790
ath04120	Bra022904	AT2G32790	AT2G32790
ath00190	Bra022908	AT2G33040	ATP3
ath01100	Bra022908	AT2G33040	ATP3
ath03018	Bra022931	AT2G33210	HSP60-2
ath04156	Bra022931	AT2G33210	HSP60-2
ath04075	Bra022934	AT2G33310	IAA13
ath03015	Bra022938	AT2G33410	AT2G33410
ath03250	Bra022968	AT2G34210	AT2G34210
ath03060	Bra022969	AT2G34250	AT2G34250
ath04141	Bra022969	AT2G34250	AT2G34250
ath04145	Bra022969	AT2G34250	AT2G34250
ath00196	Bra022976	AT2G34430	LHB1B1
ath01100	Bra022976	AT2G34430	LHB1B1
ath00900	Bra022982	AT2G34630	GPS1
ath01100	Bra022982	AT2G34630	GPS1
ath01110	Bra022982	AT2G34630	GPS1
ath00073	Bra023022	AT1G72110	AT1G72110
ath01110	Bra023022	AT1G72110	AT1G72110
ath00071	Bra023025	AT2G35690	ACX5
ath00410	Bra023025	AT2G35690	ACX5
ath00592	Bra023025	AT2G35690	ACX5
ath00640	Bra023025	AT2G35690	ACX5
ath01040	Bra023025	AT2G35690	ACX5
ath01100	Bra023025	AT2G35690	ACX5
ath01110	Bra023025	AT2G35690	ACX5
ath01200	Bra023025	AT2G35690	ACX5
ath01212	Bra023025	AT2G35690	ACX5
ath04146	Bra023025	AT2G35690	ACX5
ath03018	Bra023043	AT2G35920	AT2G35920
ath00052	Bra023053	AT2G36190	cwINV4
ath00500	Bra023053	AT2G36190	cwINV4
ath01100	Bra023053	AT2G36190	cwINV4
ath01110	Bra023053	AT2G36190	cwINV4
ath04075	Bra023055	AT2G36210	AT2G36210
ath00340	Bra023056	AT2G36230	APG10
ath01100	Bra023056	AT2G36230	APG10
ath01110	Bra023056	AT2G36230	APG10
ath01230	Bra023056	AT2G36230	APG10
ath00900	Bra023057	AT2G36305	FACE2
ath01110	Bra023057	AT2G36305	FACE2
ath00240	Bra023060	AT2G36310	URH1
ath00760	Bra023060	AT2G36310	URH1
ath01100	Bra023060	AT2G36310	URH1
ath01232	Bra023060	AT2G36310	URH1
ath00010	Bra023072	AT2G36530	LOS2
ath01100	Bra023072	AT2G36530	LOS2
ath01110	Bra023072	AT2G36530	LOS2
ath01200	Bra023072	AT2G36530	LOS2
ath01230	Bra023072	AT2G36530	LOS2
ath03018	Bra023072	AT2G36530	LOS2
ath04820	Bra023072	AT2G36530	LOS2
ath00908	Bra023081	AT2G36800	DOGT1
ath01110	Bra023081	AT2G36800	DOGT1
ath00270	Bra023084	AT2G36880	MAT3
ath00670	Bra023084	AT2G36880	MAT3
ath00999	Bra023084	AT2G36880	MAT3
ath01100	Bra023084	AT2G36880	MAT3
ath01110	Bra023084	AT2G36880	MAT3
ath01230	Bra023084	AT2G36880	MAT3
ath01240	Bra023084	AT2G36880	MAT3
ath02010	Bra023087	AT2G36910	ABCB1
ath04075	Bra023093	AT2G37030	AT2G37030
ath00940	Bra023099	AT2G37130	AT2G37130
ath01100	Bra023099	AT2G37130	AT2G37130
ath01110	Bra023099	AT2G37130	AT2G37130
ath00230	Bra023111	AT2G37250	ADK
ath00730	Bra023111	AT2G37250	ADK
ath01100	Bra023111	AT2G37250	ADK
ath01110	Bra023111	AT2G37250	ADK
ath01232	Bra023111	AT2G37250	ADK
ath01240	Bra023111	AT2G37250	ADK
ath03040	Bra023114	AT2G37340	RS2Z33
ath00940	Bra023131	AT1G30760	AT1G30760
ath01100	Bra023131	AT1G30760	AT1G30760
ath01110	Bra023131	AT1G30760	AT1G30760
ath00240	Bra023137	AT1G30820	AT1G30820
ath01100	Bra023137	AT1G30820	AT1G30820
ath01232	Bra023137	AT1G30820	AT1G30820
ath01240	Bra023137	AT1G30820	AT1G30820
ath04144	Bra023140	AT1G30825	DIS2
ath04517	Bra023140	AT1G30825	DIS2
ath04519	Bra023140	AT1G30825	DIS2
ath05100	Bra023140	AT1G30825	DIS2
ath00562	Bra023165	AT1G31190	IMPL1
ath01100	Bra023165	AT1G31190	IMPL1
ath01110	Bra023165	AT1G31190	IMPL1
ath04070	Bra023165	AT1G31190	IMPL1
ath00230	Bra023168	AT1G31220	AT1G31220
ath00670	Bra023168	AT1G31220	AT1G31220
ath01100	Bra023168	AT1G31220	AT1G31220
ath01110	Bra023168	AT1G31220	AT1G31220
ath00260	Bra023169	AT1G31230	AK-HSDH_I
ath00261	Bra023169	AT1G31230	AK-HSDH_I
ath00270	Bra023169	AT1G31230	AK-HSDH_I
ath00300	Bra023169	AT1G31230	AK-HSDH_I
ath01100	Bra023169	AT1G31230	AK-HSDH_I
ath01110	Bra023169	AT1G31230	AK-HSDH_I
ath01230	Bra023169	AT1G31230	AK-HSDH_I
ath03022	Bra023170	AT1G31240	AT1G31240
ath00195	Bra023176	AT1G31330	PSAF
ath01100	Bra023176	AT1G31330	PSAF
ath04142	Bra023199	AT1G31730	AT1G31730
ath02010	Bra023202	AT1G31770	ABCG14
ath04981	Bra023202	AT1G31770	ABCG14
ath00710	Bra023235	AT1G32060	PRK
ath01100	Bra023235	AT1G32060	PRK
ath01200	Bra023235	AT1G32060	PRK
ath00030	Bra023263	AT1G32380	PRS2
ath00230	Bra023263	AT1G32380	PRS2
ath01100	Bra023263	AT1G32380	PRS2
ath01110	Bra023263	AT1G32380	PRS2
ath01200	Bra023263	AT1G32380	PRS2
ath01230	Bra023263	AT1G32380	PRS2
ath00260	Bra023270	AT1G32470	AT1G32470
ath00630	Bra023270	AT1G32470	AT1G32470
ath00670	Bra023270	AT1G32470	AT1G32470
ath00785	Bra023270	AT1G32470	AT1G32470
ath01100	Bra023270	AT1G32470	AT1G32470
ath01110	Bra023270	AT1G32470	AT1G32470
ath01200	Bra023270	AT1G32470	AT1G32470
ath00195	Bra023277	AT1G32550	FdC2
ath01100	Bra023277	AT1G32550	FdC2
ath00010	Bra023290	AT1G32780	AT1G32780
ath00071	Bra023290	AT1G32780	AT1G32780
ath00350	Bra023290	AT1G32780	AT1G32780
ath00592	Bra023290	AT1G32780	AT1G32780
ath00620	Bra023290	AT1G32780	AT1G32780
ath01100	Bra023290	AT1G32780	AT1G32780
ath01110	Bra023290	AT1G32780	AT1G32780
ath03010	Bra023302	AT1G32990	PRPL11
ath00230	Bra023310	AT5G11160	APT5
ath01100	Bra023310	AT5G11160	APT5
ath01232	Bra023310	AT5G11160	APT5
ath03013	Bra023311	AT5G11170	UAP56a
ath03015	Bra023311	AT5G11170	UAP56a
ath03040	Bra023311	AT5G11170	UAP56a
ath04712	Bra023317	AT5G11260	HY5
ath00053	Bra023328	AT5G11540	GulLO3
ath01100	Bra023328	AT5G11540	GulLO3
ath01240	Bra023328	AT5G11540	GulLO3
ath04144	Bra023337	AT5G11710	AT5G11710
ath00190	Bra023341	AT5G11770	AT5G11770
ath01100	Bra023341	AT5G11770	AT5G11770
ath04141	Bra023360	AT5G12020	HSP17.6II
ath00073	Bra023377	AT5G12420	AT5G12420
ath01110	Bra023377	AT5G12420	AT5G12420
ath03040	Bra023387	AT5G13010	EMB3011
ath04142	Bra023396	AT5G13190	GILP
ath04075	Bra023403	AT5G13320	PBS3
ath04075	Bra023405	AT5G13380	AT5G13380
ath00190	Bra023413	AT5G13450	ATP5
ath01100	Bra023413	AT5G13450	ATP5
ath00531	Bra023429	AT5G13690	CYL1
ath01100	Bra023429	AT5G13690	CYL1
ath04142	Bra023429	AT5G13690	CYL1
ath03250	Bra023439	AT5G13860	ELC-Like
ath03272	Bra023439	AT5G13860	ELC-Like
ath04144	Bra023439	AT5G13860	ELC-Like
ath00940	Bra023449	AT5G14130	AT5G14130
ath01100	Bra023449	AT5G14130	AT5G14130
ath01110	Bra023449	AT5G14130	AT5G14130
ath00290	Bra023450	AT5G14200	IMD1
ath00966	Bra023450	AT5G14200	IMD1
ath01100	Bra023450	AT5G14200	IMD1
ath01110	Bra023450	AT5G14200	IMD1
ath01210	Bra023450	AT5G14200	IMD1
ath03015	Bra023473	AT5G14530	AT5G14530
ath00910	Bra023475	AT5G14570	NRT2.7
ath03040	Bra023478	AT5G14610	AT5G14610
ath00910	Bra023485	AT5G14740	CA2
ath01100	Bra023485	AT5G14740	CA2
ath00563	Bra023489	AT5G14850	AT5G14850
ath01100	Bra023489	AT5G14850	AT5G14850
ath00510	Bra023496	AT5G14950	GMII
ath00513	Bra023496	AT5G14950	GMII
ath01100	Bra023496	AT5G14950	GMII
ath00940	Bra023509	AT5G15180	AT5G15180
ath01100	Bra023509	AT5G15180	AT5G15180
ath01110	Bra023509	AT5G15180	AT5G15180
ath04120	Bra023516	AT5G15400	AT5G15400
ath04141	Bra023516	AT5G15400	AT5G15400
ath03022	Bra023525	AT5G15570	AT5G15570
ath04712	Bra023541	AT5G15850	COL1
ath00900	Bra023542	AT5G15860	PCME
ath01100	Bra023542	AT5G15860	PCME
ath01110	Bra023542	AT5G15860	PCME
ath00940	Bra023553	AT5G16120	AT5G16120
ath01100	Bra023553	AT5G16120	AT5G16120
ath01110	Bra023553	AT5G16120	AT5G16120
ath00290	Bra023559	AT5G16290	VAT1
ath00650	Bra023559	AT5G16290	VAT1
ath00660	Bra023559	AT5G16290	VAT1
ath00770	Bra023559	AT5G16290	VAT1
ath01100	Bra023559	AT5G16290	VAT1
ath01110	Bra023559	AT5G16290	VAT1
ath01210	Bra023559	AT5G16290	VAT1
ath01230	Bra023559	AT5G16290	VAT1
ath03420	Bra023578	AT5G16630	RAD4
ath00053	Bra023579	AT5G16710	DHAR3
ath00480	Bra023579	AT5G16710	DHAR3
ath01100	Bra023579	AT5G16710	DHAR3
ath03008	Bra023582	AT5G16750	TOZ
ath03008	Bra023593	AT5G17020	XPO1A
ath03013	Bra023593	AT5G17020	XPO1A
ath03250	Bra023593	AT5G17020	XPO1A
ath00944	Bra023594	AT5G17050	UGT78D2
ath01100	Bra023594	AT5G17050	UGT78D2
ath01110	Bra023594	AT5G17050	UGT78D2
ath00040	Bra023600	AT5G17200	AT5G17200
ath01100	Bra023600	AT5G17200	AT5G17200
ath00480	Bra023602	AT5G17220	GSTF12
ath01100	Bra023602	AT5G17220	GSTF12
ath00906	Bra023603	AT5G17230	PSY
ath01100	Bra023603	AT5G17230	PSY
ath01110	Bra023603	AT5G17230	PSY
ath04136	Bra023609	AT5G17290	APG5
ath04145	Bra023609	AT5G17290	APG5
ath00940	Bra023639	AT5G17820	AT5G17820
ath01100	Bra023639	AT5G17820	AT5G17820
ath01110	Bra023639	AT5G17820	AT5G17820
ath04075	Bra023653	AT5G18060	SAUR23
ath03015	Bra023686	AT5G18580	FASS
ath04382	Bra023686	AT5G18580	FASS
ath03010	Bra023692	AT3G06320	AT3G06320
ath03018	Bra023694	AT5G18820	Cpn60alpha2
ath04156	Bra023694	AT5G18820	Cpn60alpha2
ath00500	Bra023713	AT5G19220	APL1
ath00520	Bra023713	AT5G19220	APL1
ath01100	Bra023713	AT5G19220	APL1
ath01110	Bra023713	AT5G19220	APL1
ath01250	Bra023713	AT5G19220	APL1
ath04016	Bra023746	AT3G23240	ERF1
ath04075	Bra023746	AT3G23240	ERF1
ath04016	Bra023756	AT3G23150	ETR2
ath04075	Bra023756	AT3G23150	ETR2
ath03450	Bra023763	AT3G23100	XRCC4
ath04626	Bra023786	AT3G22930	CML11
ath03020	Bra023791	AT3G22900	NRPD7
ath03010	Bra023824	AT3G22450	AT3G22450
ath00340	Bra023826	AT3G22425	IGPD
ath01100	Bra023826	AT3G22425	IGPD
ath01110	Bra023826	AT3G22425	IGPD
ath01230	Bra023826	AT3G22425	IGPD
ath03010	Bra023843	AT4G15000	AT4G15000
ath03050	Bra023851	AT3G22110	PAC1
ath00940	Bra023862	AT3G21770	AT3G21770
ath01100	Bra023862	AT3G21770	AT3G21770
ath01110	Bra023862	AT3G21770	AT3G21770
ath00940	Bra023872	AT3G21560	UGT84A2
ath01110	Bra023872	AT3G21560	UGT84A2
ath04075	Bra023876	AT3G21510	AHP1
ath00460	Bra023886	AT3G21370	BGLU19
ath00500	Bra023886	AT3G21370	BGLU19
ath00999	Bra023886	AT3G21370	BGLU19
ath01100	Bra023886	AT3G21370	BGLU19
ath01110	Bra023886	AT3G21370	BGLU19
ath00230	Bra023904	AT3G21110	PUR7
ath01100	Bra023904	AT3G21110	PUR7
ath01110	Bra023904	AT3G21110	PUR7
ath03083	Bra023933	AT3G20740	FIE
ath03082	Bra023937	AT3G20670	HTA13
ath00053	Bra023954	AT4G32320	APX6
ath00480	Bra023954	AT4G32320	APX6
ath01100	Bra023954	AT4G32320	APX6
ath04075	Bra023958	AT4G32280	IAA29
ath00220	Bra023969	AT4G31990	ASP5
ath00250	Bra023969	AT4G31990	ASP5
ath00270	Bra023969	AT4G31990	ASP5
ath00330	Bra023969	AT4G31990	ASP5
ath00350	Bra023969	AT4G31990	ASP5
ath00360	Bra023969	AT4G31990	ASP5
ath00400	Bra023969	AT4G31990	ASP5
ath00950	Bra023969	AT4G31990	ASP5
ath00960	Bra023969	AT4G31990	ASP5
ath01100	Bra023969	AT4G31990	ASP5
ath01110	Bra023969	AT4G31990	ASP5
ath01210	Bra023969	AT4G31990	ASP5
ath01230	Bra023969	AT4G31990	ASP5
ath04075	Bra023972	AT4G31920	RR10
ath00561	Bra023984	AT4G31780	MGD1
ath01100	Bra023984	AT4G31780	MGD1
ath04075	Bra024013	AT4G31320	AT4G31320
ath03010	Bra024036	AT4G30930	NFD1
ath03013	Bra024040	AT4G30840	AT4G30840
ath03060	Bra024060	AT4G30600	AT4G30600
ath00561	Bra024062	AT4G30580	ATS2
ath00564	Bra024062	AT4G30580	ATS2
ath01100	Bra024062	AT4G30580	ATS2
ath01110	Bra024062	AT4G30580	ATS2
ath04626	Bra024067	AT4G30560	CNGC9
ath04136	Bra024070	AT4G30510	ATG18B
ath00040	Bra024086	AT4G30310	AT4G30310
ath01100	Bra024086	AT4G30310	AT4G30310
ath00940	Bra024102	AT4G30170	AT4G30170
ath01100	Bra024102	AT4G30170	AT4G30170
ath01110	Bra024102	AT4G30170	AT4G30170
ath00260	Bra024118	AT4G29890	AT4G29890
ath00670	Bra024118	AT4G29890	AT4G29890
ath01100	Bra024118	AT4G29890	AT4G29890
ath00908	Bra024135	AT4G29740	CKX4
ath01110	Bra024135	AT4G29740	CKX4
ath00430	Bra024153	AT4G29210	GGT4
ath00460	Bra024153	AT4G29210	GGT4
ath00480	Bra024153	AT4G29210	GGT4
ath00590	Bra024153	AT4G29210	GGT4
ath01100	Bra024153	AT4G29210	GGT4
ath03420	Bra024192	AT2G18760	CHR8
ath03050	Bra024200	AT4G28470	RPN1B
ath00130	Bra024204	AT4G28410	AT4G28410
ath00270	Bra024204	AT4G28410	AT4G28410
ath00350	Bra024204	AT4G28410	AT4G28410
ath00360	Bra024204	AT4G28410	AT4G28410
ath00400	Bra024204	AT4G28410	AT4G28410
ath00950	Bra024204	AT4G28410	AT4G28410
ath00960	Bra024204	AT4G28410	AT4G28410
ath01100	Bra024204	AT4G28410	AT4G28410
ath01110	Bra024204	AT4G28410	AT4G28410
ath00190	Bra024217	AT4G28220	NDB1
ath01100	Bra024217	AT4G28220	NDB1
ath00510	Bra024240	AT5G63840	RSW3
ath01100	Bra024240	AT5G63840	RSW3
ath04141	Bra024240	AT5G63840	RSW3
ath03250	Bra024244	AT5G63880	VPS20.1
ath04144	Bra024244	AT5G63880	VPS20.1
ath00340	Bra024245	AT5G63890	HDH
ath01100	Bra024245	AT5G63890	HDH
ath01110	Bra024245	AT5G63890	HDH
ath01230	Bra024245	AT5G63890	HDH
ath00900	Bra024247	AT5G63910	FCLY
ath01110	Bra024247	AT5G63910	FCLY
ath03030	Bra024253	AT5G63960	AT5G63960
ath03410	Bra024253	AT5G63960	AT5G63960
ath03420	Bra024253	AT5G63960	AT5G63960
ath03430	Bra024253	AT5G63960	AT5G63960
ath03440	Bra024253	AT5G63960	AT5G63960
ath00562	Bra024255	AT5G63980	SAL1
ath00920	Bra024255	AT5G63980	SAL1
ath01100	Bra024255	AT5G63980	SAL1
ath04070	Bra024255	AT5G63980	SAL1
ath00562	Bra024256	AT5G63990	AT5G63990
ath00920	Bra024256	AT5G63990	AT5G63990
ath01100	Bra024256	AT5G63990	AT5G63990
ath04070	Bra024256	AT5G63990	AT5G63990
ath00562	Bra024257	AT5G64000	SAL2
ath00920	Bra024257	AT5G64000	SAL2
ath01100	Bra024257	AT5G64000	SAL2
ath04070	Bra024257	AT5G64000	SAL2
ath00195	Bra024261	AT5G64040	PSAN
ath01100	Bra024261	AT5G64040	PSAN
ath00860	Bra024262	AT5G64050	ERS
ath00970	Bra024262	AT5G64050	ERS
ath01100	Bra024262	AT5G64050	ERS
ath01110	Bra024262	AT5G64050	ERS
ath01240	Bra024262	AT5G64050	ERS
ath00562	Bra024264	AT5G64070	PI-4KBETA1
ath01100	Bra024264	AT5G64070	PI-4KBETA1
ath04070	Bra024264	AT5G64070	PI-4KBETA1
ath00940	Bra024267	AT5G64100	AT5G64100
ath01100	Bra024267	AT5G64100	AT5G64100
ath01110	Bra024267	AT5G64100	AT5G64100
ath00940	Bra024268	AT5G64110	AT5G64110
ath01100	Bra024268	AT5G64110	AT5G64110
ath01110	Bra024268	AT5G64110	AT5G64110
ath00940	Bra024269	AT5G64120	AT5G64120
ath01100	Bra024269	AT5G64120	AT5G64120
ath01110	Bra024269	AT5G64120	AT5G64120
ath03040	Bra024276	AT5G64200	SC35
ath00740	Bra024283	AT5G64300	GCH
ath00790	Bra024283	AT5G64300	GCH
ath01100	Bra024283	AT5G64300	GCH
ath01110	Bra024283	AT5G64300	GCH
ath01240	Bra024283	AT5G64300	GCH
ath00240	Bra024290	AT5G64370	BETA-UP
ath00410	Bra024290	AT5G64370	BETA-UP
ath00770	Bra024290	AT5G64370	BETA-UP
ath01100	Bra024290	AT5G64370	BETA-UP
ath00010	Bra024291	AT5G64380	AT5G64380
ath00030	Bra024291	AT5G64380	AT5G64380
ath00051	Bra024291	AT5G64380	AT5G64380
ath00710	Bra024291	AT5G64380	AT5G64380
ath01100	Bra024291	AT5G64380	AT5G64380
ath01110	Bra024291	AT5G64380	AT5G64380
ath01200	Bra024291	AT5G64380	AT5G64380
ath00520	Bra024311	AT5G64570	XYL4
ath01100	Bra024311	AT5G64570	XYL4
ath03010	Bra024320	AT5G64670	AT5G64670
ath00270	Bra024340	AT1G69770	CMT3
ath01100	Bra024340	AT1G69770	CMT3
ath00250	Bra024345	AT5G65010	ASN2
ath01100	Bra024345	AT5G65010	ASN2
ath01110	Bra024345	AT5G65010	ASN2
ath01230	Bra024345	AT5G65010	ASN2
ath00071	Bra024355	AT5G65110	ACX2
ath00410	Bra024355	AT5G65110	ACX2
ath00592	Bra024355	AT5G65110	ACX2
ath00640	Bra024355	AT5G65110	ACX2
ath01040	Bra024355	AT5G65110	ACX2
ath01100	Bra024355	AT5G65110	ACX2
ath01110	Bra024355	AT5G65110	ACX2
ath01200	Bra024355	AT5G65110	ACX2
ath01212	Bra024355	AT5G65110	ACX2
ath04146	Bra024355	AT5G65110	ACX2
ath04075	Bra024366	AT5G65210	TGA1
ath03010	Bra024367	AT5G65220	AT5G65220
ath03015	Bra024372	AT5G65260	AT5G65260
ath04144	Bra024373	AT4G01710	CRK
ath04517	Bra024373	AT4G01710	CRK
ath04519	Bra024373	AT4G01710	CRK
ath05100	Bra024373	AT4G01710	CRK
ath04519	Bra024384	AT5G65430	GRF8
ath00010	Bra024410	AT5G65690	PCK2
ath00020	Bra024410	AT5G65690	PCK2
ath00620	Bra024410	AT5G65690	PCK2
ath00710	Bra024410	AT5G65690	PCK2
ath01100	Bra024410	AT5G65690	PCK2
ath01110	Bra024410	AT5G65690	PCK2
ath01200	Bra024410	AT5G65690	PCK2
ath03460	Bra024416	AT5G65740	AT5G65740
ath04120	Bra024416	AT5G65740	AT5G65740
ath00020	Bra024417	AT5G65750	AT5G65750
ath00785	Bra024417	AT5G65750	AT5G65750
ath01100	Bra024417	AT5G65750	AT5G65750
ath01110	Bra024417	AT5G65750	AT5G65750
ath01200	Bra024417	AT5G65750	AT5G65750
ath01210	Bra024417	AT5G65750	AT5G65750
ath03082	Bra024433	AT5G67630	AT5G67630
ath00190	Bra024437	AT5G67590	FRO1
ath01100	Bra024437	AT5G67590	FRO1
ath04142	Bra024440	AT5G67560	ARLA1D
ath04120	Bra024442	AT5G67530	PUB49
ath00230	Bra024443	AT5G67520	APK4
ath00920	Bra024443	AT5G67520	APK4
ath01100	Bra024443	AT5G67520	APK4
ath01320	Bra024443	AT5G67520	APK4
ath03040	Bra024458	AT2G18740	AT2G18740
ath00020	Bra024466	AT2G18450	SDH1-2
ath00190	Bra024466	AT2G18450	SDH1-2
ath01100	Bra024466	AT2G18450	SDH1-2
ath01110	Bra024466	AT2G18450	SDH1-2
ath01200	Bra024466	AT2G18450	SDH1-2
ath03010	Bra024469	AT2G18400	AT2G18400
ath04120	Bra024475	AT2G18290	APC10
ath03250	Bra024480	AT2G18040	PIN1AT
ath03082	Bra024486	AT2G17930	AT2G17930
ath04075	Bra024487	AT2G17890	CPK16
ath04626	Bra024487	AT2G17890	CPK16
ath00330	Bra024495	AT2G17720	P4H5
ath01100	Bra024495	AT2G17720	P4H5
ath00270	Bra024500	AT2G17640	ATSERAT3
ath00543	Bra024500	AT2G17640	ATSERAT3
ath00920	Bra024500	AT2G17640	ATSERAT3
ath01100	Bra024500	AT2G17640	ATSERAT3
ath01110	Bra024500	AT2G17640	ATSERAT3
ath01200	Bra024500	AT2G17640	ATSERAT3
ath01230	Bra024500	AT2G17640	ATSERAT3
ath00900	Bra024508	AT2G17570	cPT1
ath01110	Bra024508	AT2G17570	cPT1
ath04141	Bra024511	AT2G17520	IRE1A
ath00052	Bra024527	AT1G22650	A/N-InvD
ath00500	Bra024527	AT1G22650	A/N-InvD
ath01100	Bra024527	AT1G22650	A/N-InvD
ath01110	Bra024527	AT1G22650	A/N-InvD
ath04712	Bra024536	AT1G22770	GI
ath00190	Bra024541	AT1G22840	CYTC-1
ath01100	Bra024541	AT1G22840	CYTC-1
ath04148	Bra024543	AT1G22860	AT1G22860
ath00730	Bra024550	AT1G22940	TH1
ath01100	Bra024550	AT1G22940	TH1
ath01240	Bra024550	AT1G22940	TH1
ath00500	Bra024571	AT1G23210	GH9B6
ath01100	Bra024571	AT1G23210	GH9B6
ath00380	Bra024582	AT1G23320	TAR1
ath01100	Bra024582	AT1G23320	TAR1
ath04075	Bra024582	AT1G23320	TAR1
ath00270	Bra024620	AT1G23820	SPDS1
ath00330	Bra024620	AT1G23820	SPDS1
ath00480	Bra024620	AT1G23820	SPDS1
ath01100	Bra024620	AT1G23820	SPDS1
ath01110	Bra024620	AT1G23820	SPDS1
ath03040	Bra024624	AT1G23860	RSZ21
ath04142	Bra024627	AT1G23900	GAMMA-ADAPTIN_1
ath00380	Bra024634	AT1G24100	UGT74B1
ath00966	Bra024634	AT1G24100	UGT74B1
ath01100	Bra024634	AT1G24100	UGT74B1
ath01110	Bra024634	AT1G24100	UGT74B1
ath01210	Bra024634	AT1G24100	UGT74B1
ath00940	Bra024635	AT1G24110	AT1G24110
ath01100	Bra024635	AT1G24110	AT1G24110
ath01110	Bra024635	AT1G24110	AT1G24110
ath00480	Bra024659	AT1G27130	GSTU13
ath01100	Bra024659	AT1G27130	GSTU13
ath04120	Bra024680	AT1G26830	CUL3
ath00900	Bra024701	AT1G26640	AT1G26640
ath01100	Bra024701	AT1G26640	AT1G26640
ath01110	Bra024701	AT1G26640	AT1G26640
ath00040	Bra024708	AT1G26570	UGD1
ath00053	Bra024708	AT1G26570	UGD1
ath00520	Bra024708	AT1G26570	UGD1
ath00541	Bra024708	AT1G26570	UGD1
ath01100	Bra024708	AT1G26570	UGD1
ath01240	Bra024708	AT1G26570	UGD1
ath01250	Bra024708	AT1G26570	UGD1
ath00460	Bra024709	AT1G26560	BGLU40
ath00500	Bra024709	AT1G26560	BGLU40
ath00999	Bra024709	AT1G26560	BGLU40
ath01100	Bra024709	AT1G26560	BGLU40
ath01110	Bra024709	AT1G26560	BGLU40
ath04519	Bra024713	AT1G26480	GRF12
ath03040	Bra024720	AT1G26370	AT1G26370
ath00970	Bra024759	AT1G25350	OVA9
ath01100	Bra024759	AT1G25350	OVA9
ath03020	Bra024774	AT4G07950	AT4G07950
ath00230	Bra024796	AT2G02970	AT2G02970
ath00240	Bra024796	AT2G02970	AT2G02970
ath01100	Bra024796	AT2G02970	AT2G02970
ath01110	Bra024796	AT2G02970	AT2G02970
ath01232	Bra024796	AT2G02970	AT2G02970
ath04120	Bra024808	AT2G02760	UBC2
ath00350	Bra024820	AT2G02390	GSTZ1
ath01100	Bra024820	AT2G02390	GSTZ1
ath00190	Bra024837	AT2G02050	AT2G02050
ath01100	Bra024837	AT2G02050	AT2G02050
ath04142	Bra024838	AT2G02040	PTR2
ath04075	Bra024849	AT2G01830	WOL
ath04075	Bra024858	AT2G01820	AT2G01820
ath04141	Bra024866	AT2G01650	PUX2
ath04075	Bra024875	AT2G01570	RGA1
ath03440	Bra024887	AT2G01440	AT2G01440
ath04075	Bra024898	AT2G01200	IAA32
ath03018	Bra024903	AT2G01130	AT2G01130
ath03060	Bra024905	AT2G01110	APG2
ath00010	Bra024914	AT5G47810	PFK2
ath00030	Bra024914	AT5G47810	PFK2
ath00051	Bra024914	AT5G47810	PFK2
ath00052	Bra024914	AT5G47810	PFK2
ath01100	Bra024914	AT5G47810	PFK2
ath01110	Bra024914	AT5G47810	PFK2
ath01200	Bra024914	AT5G47810	PFK2
ath01230	Bra024914	AT5G47810	PFK2
ath03018	Bra024914	AT5G47810	PFK2
ath00630	Bra024945	AT5G47435	AT5G47435
ath00670	Bra024945	AT5G47435	AT5G47435
ath01100	Bra024945	AT5G47435	AT5G47435
ath00563	Bra024990	AT5G46850	AT5G46850
ath01100	Bra024990	AT5G46850	AT5G46850
ath04016	Bra024995	AT5G46790	PYL1
ath04075	Bra024995	AT5G46790	PYL1
ath04144	Bra024999	AT5G46750	AGD9
ath04075	Bra025014	AT5G46570	BSK2
ath00790	Bra025023	AT5G41480	GLA1
ath01100	Bra025023	AT5G41480	GLA1
ath01240	Bra025023	AT5G41480	GLA1
ath00061	Bra025025	AT5G46290	KASI
ath00780	Bra025025	AT5G46290	KASI
ath01100	Bra025025	AT5G46290	KASI
ath01212	Bra025025	AT5G46290	KASI
ath01240	Bra025025	AT5G46290	KASI
ath00330	Bra025033	AT5G46180	DELTA-OAT
ath01100	Bra025033	AT5G46180	DELTA-OAT
ath01110	Bra025033	AT5G46180	DELTA-OAT
ath04145	Bra025045	AT5G45970	RAC2
ath04148	Bra025045	AT5G45970	RAC2
ath04517	Bra025045	AT5G45970	RAC2
ath04518	Bra025045	AT5G45970	RAC2
ath04519	Bra025045	AT5G45970	RAC2
ath04620	Bra025045	AT5G45970	RAC2
ath05100	Bra025045	AT5G45970	RAC2
ath04016	Bra025048	AT5G45860	PYL11
ath04075	Bra025048	AT5G45860	PYL11
ath03050	Bra025066	AT5G45620	AT5G45620
ath03082	Bra025069	AT5G45600	GAS41
ath00010	Bra025081	AT5G42250	AT5G42250
ath00071	Bra025081	AT5G42250	AT5G42250
ath00350	Bra025081	AT5G42250	AT5G42250
ath00620	Bra025081	AT5G42250	AT5G42250
ath01100	Bra025081	AT5G42250	AT5G42250
ath01110	Bra025081	AT5G42250	AT5G42250
ath01200	Bra025081	AT5G42250	AT5G42250
ath03250	Bra025087	AT5G45190	AT5G45190
ath03020	Bra025090	AT5G45140	NRPC2
ath00040	Bra025099	AT5G44840	AT5G44840
ath01100	Bra025099	AT5G44840	AT5G44840
ath04016	Bra025102	AT5G44790	RAN1
ath03460	Bra025106	AT5G44750	REV1
ath03460	Bra025107	AT5G44740	POLH
ath00130	Bra025125	AT2G03690	AT2G03690
ath01100	Bra025125	AT2G03690	AT2G03690
ath01110	Bra025125	AT2G03690	AT2G03690
ath01240	Bra025125	AT2G03690	AT2G03690
ath03018	Bra025138	AT2G03870	EMB2816
ath03040	Bra025138	AT2G03870	EMB2816
ath04141	Bra025142	AT2G04030	CR88
ath04626	Bra025142	AT2G04030	CR88
ath00440	Bra025147	AT3G25585	AAPT2
ath00564	Bra025147	AT3G25585	AAPT2
ath00565	Bra025147	AT3G25585	AAPT2
ath01100	Bra025147	AT3G25585	AAPT2
ath01110	Bra025147	AT3G25585	AAPT2
ath03015	Bra025162	AT3G25800	PP2AA2
ath04382	Bra025162	AT3G25800	PP2AA2
ath00902	Bra025164	AT3G25830	TPS-CIN
ath01100	Bra025164	AT3G25830	TPS-CIN
ath01110	Bra025164	AT3G25830	TPS-CIN
ath00010	Bra025167	AT3G25860	LTA2
ath00020	Bra025167	AT3G25860	LTA2
ath00620	Bra025167	AT3G25860	LTA2
ath00785	Bra025167	AT3G25860	LTA2
ath01100	Bra025167	AT3G25860	LTA2
ath01110	Bra025167	AT3G25860	LTA2
ath01200	Bra025167	AT3G25860	LTA2
ath01210	Bra025167	AT3G25860	LTA2
ath00270	Bra025171	AT3G25900	HMT-1
ath00670	Bra025171	AT3G25900	HMT-1
ath01100	Bra025171	AT3G25900	HMT-1
ath01110	Bra025171	AT3G25900	HMT-1
ath04981	Bra025171	AT3G25900	HMT-1
ath03015	Bra025179	AT3G26030	ATB'_DELTA
ath04382	Bra025179	AT3G26030	ATB'_DELTA
ath00270	Bra025184	AT3G26115	AT3G26115
ath00470	Bra025184	AT3G26115	AT3G26115
ath01100	Bra025184	AT3G26115	AT3G26115
ath03040	Bra025211	AT3G26560	AT3G26560
ath00511	Bra025225	AT3G26720	AT3G26720
ath00073	Bra025232	AT3G26840	PES2
ath00561	Bra025232	AT3G26840	PES2
ath01100	Bra025232	AT3G26840	PES2
ath01110	Bra025232	AT3G26840	PES2
ath04626	Bra025238	AT3G26940	CDG1
ath04142	Bra025253	AT3G27170	CLC-B
ath00563	Bra025266	AT3G27325	AT3G27325
ath01100	Bra025266	AT3G27325	AT3G27325
ath00020	Bra025272	AT5G40650	SDH2-2
ath00190	Bra025272	AT5G40650	SDH2-2
ath01100	Bra025272	AT5G40650	SDH2-2
ath01110	Bra025272	AT5G40650	SDH2-2
ath01200	Bra025272	AT5G40650	SDH2-2
ath00040	Bra025274	AT3G27400	AT3G27400
ath01100	Bra025274	AT3G27400	AT3G27400
ath00510	Bra025284	AT3G27540	AT3G27540
ath01100	Bra025284	AT3G27540	AT3G27540
ath00196	Bra025297	AT3G27690	LHCB2.3
ath01100	Bra025297	AT3G27690	LHCB2.3
ath00053	Bra025303	AT3G27820	MDAR4
ath01100	Bra025303	AT3G27820	MDAR4
ath03010	Bra025304	AT3G27850	RPL12-C
ath03420	Bra025318	AT3G28030	UVH3
ath02010	Bra025326	AT3G28345	ABCB15
ath00330	Bra025338	AT3G28480	AT3G28480
ath01100	Bra025338	AT3G28480	AT3G28480
ath03010	Bra025339	AT3G28500	AT3G28500
ath02010	Bra025359	AT3G28860	ABCB19
ath04082	Bra025369	AT3G28960	AT3G28960
ath00040	Bra025376	AT3G29090	PME31
ath01100	Bra025376	AT3G29090	PME31
ath04142	Bra025377	AT3G29130	AT3G29130
ath00400	Bra025383	AT3G29200	CM1
ath01100	Bra025383	AT3G29200	CM1
ath01110	Bra025383	AT3G29200	CM1
ath01230	Bra025383	AT3G29200	CM1
ath00500	Bra025392	AT3G29320	PHS1
ath01100	Bra025392	AT3G29320	PHS1
ath01110	Bra025392	AT3G29320	PHS1
ath04075	Bra025394	AT3G29350	AHP2
ath03022	Bra025398	AT3G29380	pBRP2
ath02010	Bra025424	AT3G30842	ABCG38
ath00905	Bra025427	AT5G38970	BR6OX1
ath01100	Bra025427	AT5G38970	BR6OX1
ath01110	Bra025427	AT5G38970	BR6OX1
ath04120	Bra025434	AT5G37890	AT5G37890
ath04626	Bra025439	AT5G37770	TCH2
ath03030	Bra025458	AT5G41880	POLA3
ath00970	Bra025459	AT4G10320	AT4G10320
ath00030	Bra025480	AT5G41670	AT5G41670
ath00480	Bra025480	AT5G41670	AT5G41670
ath01100	Bra025480	AT5G41670	AT5G41670
ath01110	Bra025480	AT5G41670	AT5G41670
ath01200	Bra025480	AT5G41670	AT5G41670
ath00620	Bra025481	AT2G38860	YLS5
ath01100	Bra025481	AT2G38860	YLS5
ath03022	Bra025503	AT5G41370	XPB1
ath03420	Bra025503	AT5G41370	XPB1
ath00480	Bra025512	AT5G41210	GSTT1
ath01100	Bra025512	AT5G41210	GSTT1
ath03008	Bra025513	AT5G41190	AT5G41190
ath03420	Bra025517	AT5G41150	UVH1
ath03460	Bra025517	AT5G41150	UVH1
ath00073	Bra025519	AT5G41120	AT5G41120
ath00561	Bra025519	AT5G41120	AT5G41120
ath01100	Bra025519	AT5G41120	AT5G41120
ath01110	Bra025519	AT5G41120	AT5G41120
ath00564	Bra025522	AT5G41080	GDPD2
ath00073	Bra025527	AT5G41040	RWP1
ath03010	Bra025534	AT5G40950	RPL27
ath00240	Bra025537	AT5G40870	UK/UPRT1
ath01100	Bra025537	AT5G40870	UK/UPRT1
ath01232	Bra025537	AT5G40870	UK/UPRT1
ath00860	Bra025541	AT5G40850	UPM1
ath01100	Bra025541	AT5G40850	UPM1
ath01110	Bra025541	AT5G40850	UPM1
ath01240	Bra025541	AT5G40850	UPM1
ath04142	Bra025554	AT5G40670	AT5G40670
ath03040	Bra025568	AT5G40490	AT5G40490
ath04016	Bra025576	AT5G40440	MKK3
ath00052	Bra025579	AT5G40390	SIP1
ath01100	Bra025579	AT5G40390	SIP1
ath00900	Bra025593	AT5G40280	ERA1
ath01110	Bra025593	AT5G40280	ERA1
ath03250	Bra025594	AT5G40270	AT5G40270
ath00940	Bra025604	AT5G40150	AT5G40150
ath01100	Bra025604	AT5G40150	AT5G40150
ath01110	Bra025604	AT5G40150	AT5G40150
ath03020	Bra025617	AT5G51940	NRPB6A
ath03420	Bra025617	AT5G51940	NRPB6A
ath00040	Bra025631	AT5G39910	AT5G39910
ath01100	Bra025631	AT5G39910	AT5G39910
ath03010	Bra025659	AT5G39600	AT5G39600
ath00966	Bra025668	AT1G18590	SOT17
ath01110	Bra025668	AT1G18590	SOT17
ath00260	Bra025675	AT1G18640	PSP
ath01100	Bra025675	AT1G18640	PSP
ath01110	Bra025675	AT1G18640	PSP
ath01200	Bra025675	AT1G18640	PSP
ath01230	Bra025675	AT1G18640	PSP
ath04075	Bra025708	AT1G19050	ARR7
ath04075	Bra025720	AT1G19220	ARF19
ath04016	Bra025721	AT1G19230	AT1G19230
ath04626	Bra025721	AT1G19230	AT1G19230
ath00430	Bra025723	AT1G19250	FMO1
ath01100	Bra025723	AT1G19250	FMO1
ath04141	Bra025727	AT1G19310	AT1G19310
ath04075	Bra025733	AT1G19350	BES1
ath00514	Bra025734	AT1G19360	RRA3
ath03410	Bra025741	AT1G19480	AT1G19480
ath00053	Bra025749	AT1G19570	DHAR1
ath00480	Bra025749	AT1G19570	DHAR1
ath01100	Bra025749	AT1G19570	DHAR1
ath00860	Bra025756	AT1G19670	CLH1
ath01100	Bra025756	AT1G19670	CLH1
ath01110	Bra025756	AT1G19670	CLH1
ath04075	Bra025770	AT1G19830	AT1G19830
ath04075	Bra025774	AT1G19840	AT1G19840
ath00230	Bra025782	AT1G19920	APS2
ath00261	Bra025782	AT1G19920	APS2
ath00450	Bra025782	AT1G19920	APS2
ath00920	Bra025782	AT1G19920	APS2
ath01100	Bra025782	AT1G19920	APS2
ath01110	Bra025782	AT1G19920	APS2
ath01320	Bra025782	AT1G19920	APS2
ath03083	Bra025795	AT1G20140	SK4
ath04120	Bra025795	AT1G20140	SK4
ath04141	Bra025795	AT1G20140	SK4
ath00100	Bra025811	AT1G20330	SMT2
ath01100	Bra025811	AT1G20330	SMT2
ath01110	Bra025811	AT1G20330	SMT2
ath04075	Bra025821	AT1G20470	AT1G20470
ath00592	Bra025822	AT1G20480	AT1G20480
ath01100	Bra025822	AT1G20480	AT1G20480
ath01110	Bra025822	AT1G20480	AT1G20480
ath03040	Bra025830	AT1G20580	AT1G20580
ath03082	Bra025837	AT1G20670	AT1G20670
ath03440	Bra025840	AT1G20720	AT1G20720
ath03460	Bra025840	AT1G20720	AT1G20720
ath03040	Bra025856	AT1G20920	AT1G20920
ath00010	Bra025858	AT1G20950	AT1G20950
ath00030	Bra025858	AT1G20950	AT1G20950
ath00051	Bra025858	AT1G20950	AT1G20950
ath01100	Bra025858	AT1G20950	AT1G20950
ath01110	Bra025858	AT1G20950	AT1G20950
ath04814	Bra025894	AT1G18550	AT1G18550
ath04626	Bra025896	AT1G18530	AT1G18530
ath04814	Bra025912	AT1G18370	HIK
ath03022	Bra025913	AT1G18340	AT1G18340
ath03420	Bra025913	AT1G18340	AT1G18340
ath04141	Bra025922	AT1G18260	EBS5
ath04626	Bra025924	AT1G18210	AT1G18210
ath04016	Bra025929	AT1G18150	ATMPK8
ath00051	Bra025939	AT1G17890	GER2
ath00541	Bra025939	AT1G17890	GER2
ath01100	Bra025939	AT1G17890	GER2
ath01250	Bra025939	AT1G17890	GER2
ath00230	Bra025951	AT1G17750	PEPR2
ath01100	Bra025951	AT1G17750	PEPR2
ath00750	Bra025953	AT1G17710	PEPC1
ath01100	Bra025953	AT1G17710	PEPC1
ath01240	Bra025953	AT1G17710	PEPC1
ath00630	Bra025958	AT1G17650	GLYR2
ath00650	Bra025958	AT1G17650	GLYR2
ath01100	Bra025958	AT1G17650	GLYR2
ath01110	Bra025958	AT1G17650	GLYR2
ath01200	Bra025958	AT1G17650	GLYR2
ath04016	Bra025964	AT1G17550	HAB2
ath04075	Bra025964	AT1G17550	HAB2
ath03022	Bra025975	AT1G17440	EER4
ath04120	Bra025986	AT1G17280	UBC34
ath04141	Bra025986	AT1G17280	UBC34
ath00480	Bra025995	AT1G17170	GSTU24
ath01100	Bra025995	AT1G17170	GSTU24
ath00030	Bra025996	AT1G17160	AT1G17160
ath01100	Bra025996	AT1G17160	AT1G17160
ath00900	Bra026006	AT1G17050	SPS2
ath01110	Bra026006	AT1G17050	SPS2
ath00500	Bra026011	AT1G16980	TPS2
ath01100	Bra026011	AT1G16980	TPS2
ath01110	Bra026011	AT1G16980	TPS2
ath03450	Bra026012	AT1G16970	KU70
ath00510	Bra026017	AT1G16900	EBS3
ath00513	Bra026017	AT1G16900	EBS3
ath01100	Bra026017	AT1G16900	EBS3
ath04120	Bra026018	AT1G78870	UBC35
ath03010	Bra026020	AT1G16870	AT1G16870
ath03010	Bra026028	AT1G16740	AT1G16740
ath00790	Bra026041	AT1G16540	ABA3
ath01100	Bra026041	AT1G16540	ABA3
ath04075	Bra026044	AT1G16510	AT1G16510
ath00966	Bra026058	AT1G16410	CYP79F1
ath01110	Bra026058	AT1G16410	CYP79F1
ath01210	Bra026058	AT1G16410	CYP79F1
ath00230	Bra026064	AT1G16350	AT1G16350
ath01100	Bra026064	AT1G16350	AT1G16350
ath01110	Bra026064	AT1G16350	AT1G16350
ath01232	Bra026064	AT1G16350	AT1G16350
ath00010	Bra026068	AT1G16300	GAPCP-2
ath00710	Bra026068	AT1G16300	GAPCP-2
ath01100	Bra026068	AT1G16300	GAPCP-2
ath01110	Bra026068	AT1G16300	GAPCP-2
ath01200	Bra026068	AT1G16300	GAPCP-2
ath01230	Bra026068	AT1G16300	GAPCP-2
ath03420	Bra026076	AT1G16190	RAD23A
ath04141	Bra026076	AT1G16190	RAD23A
ath03040	Bra026084	AT1G16030	Hsp70b
ath04141	Bra026084	AT1G16030	Hsp70b
ath04144	Bra026084	AT1G16030	Hsp70b
ath04626	Bra026086	AT1G15990	CNGC7
ath00940	Bra026090	AT1G15950	CCR1
ath01100	Bra026090	AT1G15950	CCR1
ath01110	Bra026090	AT1G15950	CCR1
ath00196	Bra026099	AT1G15820	LHCB6
ath01100	Bra026099	AT1G15820	LHCB6
ath00904	Bra026122	AT1G15550	GA3OX1
ath01100	Bra026122	AT1G15550	GA3OX1
ath01110	Bra026122	AT1G15550	GA3OX1
ath02010	Bra026124	AT1G15520	ABCG40
ath03008	Bra026131	AT1G15420	AT1G15420
ath02010	Bra026156	AT1G15210	ABCG35
ath03013	Bra026158	AT1G15200	AT1G15200
ath03015	Bra026158	AT1G15200	AT1G15200
ath03250	Bra026162	AT1G15130	AT1G15130
ath03272	Bra026162	AT1G15130	AT1G15130
ath04144	Bra026162	AT1G15130	AT1G15130
ath00190	Bra026164	AT1G15120	AT1G15120
ath01100	Bra026164	AT1G15120	AT1G15120
ath04075	Bra026166	AT1G15050	IAA34
ath00260	Bra026186	AT1G14810	AT1G14810
ath00261	Bra026186	AT1G14810	AT1G14810
ath00270	Bra026186	AT1G14810	AT1G14810
ath00300	Bra026186	AT1G14810	AT1G14810
ath01100	Bra026186	AT1G14810	AT1G14810
ath01110	Bra026186	AT1G14810	AT1G14810
ath01210	Bra026186	AT1G14810	AT1G14810
ath01230	Bra026186	AT1G14810	AT1G14810
ath00970	Bra026200	AT1G14610	TWN2
ath00940	Bra026207	AT1G14540	PER4
ath01100	Bra026207	AT1G14540	PER4
ath01110	Bra026207	AT1G14540	PER4
ath00053	Bra026209	AT1G14520	MIOX1
ath00562	Bra026209	AT1G14520	MIOX1
ath01100	Bra026209	AT1G14520	MIOX1
ath01250	Bra026209	AT1G14520	MIOX1
ath00630	Bra026247	AT4G17360	AT4G17360
ath00670	Bra026247	AT4G17360	AT4G17360
ath01100	Bra026247	AT4G17360	AT4G17360
ath00062	Bra026257	AT4G17480	AT4G17480
ath01100	Bra026257	AT4G17480	AT4G17480
ath01212	Bra026257	AT4G17480	AT4G17480
ath04142	Bra026257	AT4G17480	AT4G17480
ath00051	Bra026266	AT4G28320	MAN5
ath01100	Bra026266	AT4G28320	MAN5
ath04141	Bra026271	AT4G28270	RMA2
ath00190	Bra026287	AT5G57815	AT5G57815
ath01100	Bra026287	AT5G57815	AT5G57815
ath04016	Bra026299	AT4G27920	PYL10
ath04075	Bra026299	AT4G27920	PYL10
ath04142	Bra026315	AT4G27690	VPS26B
ath04144	Bra026315	AT4G27690	VPS26B
ath04141	Bra026317	AT4G27670	HSP21
ath03018	Bra026344	AT4G27490	RRP41L
ath04141	Bra026346	AT4G27470	RMA3
ath00860	Bra026349	AT4G27440	PORB
ath01100	Bra026349	AT4G27440	PORB
ath01110	Bra026349	AT4G27440	PORB
ath04814	Bra026355	AT4G27370	VIIIB
ath04145	Bra026356	AT4G27360	AT4G27360
ath04517	Bra026356	AT4G27360	AT4G27360
ath04814	Bra026356	AT4G27360	AT4G27360
ath03082	Bra026367	AT4G27230	HTA2
ath00053	Bra026398	AT4G26850	VTC2
ath01100	Bra026398	AT4G26850	VTC2
ath01110	Bra026398	AT4G26850	VTC2
ath01240	Bra026398	AT4G26850	VTC2
ath00564	Bra026404	AT4G26770	AT4G26770
ath01100	Bra026404	AT4G26770	AT4G26770
ath01110	Bra026404	AT4G26770	AT4G26770
ath04070	Bra026404	AT4G26770	AT4G26770
ath04144	Bra026406	AT4G26750	EXT-like
ath00073	Bra026407	AT4G26740	ATS1
ath00010	Bra026426	AT4G26530	FBA5
ath00030	Bra026426	AT4G26530	FBA5
ath00051	Bra026426	AT4G26530	FBA5
ath00710	Bra026426	AT4G26530	FBA5
ath01100	Bra026426	AT4G26530	FBA5
ath01110	Bra026426	AT4G26530	FBA5
ath01200	Bra026426	AT4G26530	FBA5
ath01230	Bra026426	AT4G26530	FBA5
ath00240	Bra026427	AT4G26510	UKL4
ath01100	Bra026427	AT4G26510	UKL4
ath01232	Bra026427	AT4G26510	UKL4
ath04626	Bra026432	AT4G26470	AT4G26470
ath00970	Bra026449	AT4G26300	emb1027
ath00010	Bra026452	AT4G26270	PFK3
ath00030	Bra026452	AT4G26270	PFK3
ath00051	Bra026452	AT4G26270	PFK3
ath00052	Bra026452	AT4G26270	PFK3
ath01100	Bra026452	AT4G26270	PFK3
ath01110	Bra026452	AT4G26270	PFK3
ath01200	Bra026452	AT4G26270	PFK3
ath01230	Bra026452	AT4G26270	PFK3
ath03018	Bra026452	AT4G26270	PFK3
ath00940	Bra026453	AT4G26220	AT4G26220
ath00941	Bra026453	AT4G26220	AT4G26220
ath00945	Bra026453	AT4G26220	AT4G26220
ath01100	Bra026453	AT4G26220	AT4G26220
ath01110	Bra026453	AT4G26220	AT4G26220
ath00270	Bra026456	AT4G26200	ACS7
ath01100	Bra026456	AT4G26200	ACS7
ath01110	Bra026456	AT4G26200	ACS7
ath03272	Bra026463	AT5G24260	AT5G24260
ath00100	Bra026465	AT5G24150	SQP1
ath00909	Bra026465	AT5G24150	SQP1
ath01100	Bra026465	AT5G24150	SQP1
ath01110	Bra026465	AT5G24150	SQP1
ath00520	Bra026469	AT5G24090	CHIA
ath01100	Bra026469	AT5G24090	CHIA
ath04120	Bra026485	AT5G23730	RUP2
ath04712	Bra026485	AT5G23730	RUP2
ath03010	Bra026493	AT5G23535	AT5G23535
ath00240	Bra026504	AT5G23300	PYRD
ath01100	Bra026504	AT5G23300	PYRD
ath01240	Bra026504	AT5G23300	PYRD
ath02010	Bra026514	AT3G25620	ABCG21
ath04981	Bra026514	AT3G25620	ABCG21
ath00600	Bra026522	AT3G25540	LAG1
ath01100	Bra026522	AT3G25540	LAG1
ath00040	Bra026583	AT2G02720	AT2G02720
ath01100	Bra026583	AT2G02720	AT2G02720
ath03040	Bra026585	AT2G02570	AT2G02570
ath00900	Bra026591	AT2G02500	ISPD
ath01100	Bra026591	AT2G02500	ISPD
ath01110	Bra026591	AT2G02500	ISPD
ath04075	Bra026598	AT5G18020	SAUR20
ath00230	Bra026610	AT2G02220	PSKR1
ath01100	Bra026610	AT2G02220	PSKR1
ath04075	Bra026610	AT2G02220	PSKR1
ath04142	Bra026620	AT2G02020	PTR4
ath00250	Bra026621	AT2G02010	GAD4
ath00410	Bra026621	AT2G02010	GAD4
ath00430	Bra026621	AT2G02010	GAD4
ath00650	Bra026621	AT2G02010	GAD4
ath01100	Bra026621	AT2G02010	GAD4
ath01110	Bra026621	AT2G02010	GAD4
ath00740	Bra026627	AT2G01880	PAP7
ath01100	Bra026627	AT2G01880	PAP7
ath04142	Bra026627	AT2G01880	PAP7
ath04075	Bra026635	AT2G01760	RR14
ath00510	Bra026638	AT2G01720	AT2G01720
ath00513	Bra026638	AT2G01720	AT2G01720
ath01100	Bra026638	AT2G01720	AT2G01720
ath04141	Bra026638	AT2G01720	AT2G01720
ath00500	Bra026644	AT2G01630	AT2G01630
ath01100	Bra026644	AT2G01630	AT2G01630
ath04146	Bra026659	AT2G01490	PAHX
ath04141	Bra026663	AT5G50550	AT5G50550
ath00760	Bra026671	AT2G01350	QPT
ath01100	Bra026671	AT2G01350	QPT
ath01240	Bra026671	AT2G01350	QPT
ath00480	Bra026684	AT1G17180	GSTU25
ath01100	Bra026684	AT1G17180	GSTU25
ath03040	Bra026687	AT1G17130	AT1G17130
ath03083	Bra026708	AT1G16710	HAC12
ath03250	Bra026708	AT1G16710	HAC12
ath04519	Bra026708	AT1G16710	HAC12
ath03013	Bra026712	AT1G16610	SR45
ath03015	Bra026712	AT1G16610	SR45
ath05100	Bra026713	AT1G16590	REV7
ath00510	Bra026714	AT1G16570	AT1G16570
ath00513	Bra026714	AT1G16570	AT1G16570
ath01100	Bra026714	AT1G16570	AT1G16570
ath00563	Bra026715	AT1G16560	AT1G16560
ath01100	Bra026715	AT1G16560	AT1G16560
ath04148	Bra026722	AT1G16360	AT1G16360
ath04130	Bra026727	AT1G16240	SYP51
ath00563	Bra026734	AT1G16040	AT1G16040
ath01100	Bra026734	AT1G16040	AT1G16040
ath04145	Bra026735	AT1G16020	AT1G16020
ath04130	Bra026741	AT1G15880	GOS11
ath00400	Bra026752	AT1G15710	AT1G15710
ath01100	Bra026752	AT1G15710	AT1G15710
ath01110	Bra026752	AT1G15710	AT1G15710
ath01230	Bra026752	AT1G15710	AT1G15710
ath04075	Bra026755	AT1G15580	IAA5
ath00564	Bra026780	AT1G15110	PSS1
ath01100	Bra026780	AT1G15110	PSS1
ath01110	Bra026780	AT1G15110	PSS1
ath00561	Bra026782	AT1G15080	LPP2
ath00564	Bra026782	AT1G15080	LPP2
ath01110	Bra026782	AT1G15080	LPP2
ath03013	Bra026798	AT1G14850	NUP155
ath00040	Bra026832	AT1G14420	AT59
ath01100	Bra026832	AT1G14420	AT59
ath04120	Bra026833	AT1G14400	UBC1
ath00030	Bra026893	AT1G13700	PGL1
ath01100	Bra026893	AT1G13700	PGL1
ath01110	Bra026893	AT1G13700	PGL1
ath01200	Bra026893	AT1G13700	PGL1
ath04075	Bra026897	AT1G13590	PSK1
ath00600	Bra026898	AT1G13580	LAG13
ath01100	Bra026898	AT1G13580	LAG13
ath00440	Bra026899	AT1G13560	AAPT1
ath00564	Bra026899	AT1G13560	AAPT1
ath00565	Bra026899	AT1G13560	AAPT1
ath01100	Bra026899	AT1G13560	AAPT1
ath01110	Bra026899	AT1G13560	AAPT1
ath00010	Bra026904	AT3G04120	GAPC1
ath00710	Bra026904	AT3G04120	GAPC1
ath01100	Bra026904	AT3G04120	GAPC1
ath01110	Bra026904	AT3G04120	GAPC1
ath01200	Bra026904	AT3G04120	GAPC1
ath01230	Bra026904	AT3G04120	GAPC1
ath03013	Bra026928	AT1G13120	GLE1
ath03015	Bra026928	AT1G13120	GLE1
ath03013	Bra026946	AT1G12930	AT1G12930
ath03250	Bra026946	AT1G12930	AT1G12930
ath03083	Bra026947	AT1G12910	ATAN11
ath00563	Bra026998	AT1G63110	AT1G63110
ath01100	Bra026998	AT1G63110	AT1G63110
ath00561	Bra027001	AT1G63050	LPLAT2
ath00564	Bra027001	AT1G63050	LPLAT2
ath00565	Bra027001	AT1G63050	LPLAT2
ath01100	Bra027001	AT1G63050	LPLAT2
ath01110	Bra027001	AT1G63050	LPLAT2
ath00541	Bra027005	AT1G63000	NRS/ER
ath01100	Bra027005	AT1G63000	NRS/ER
ath01110	Bra027005	AT1G63000	NRS/ER
ath01250	Bra027005	AT1G63000	NRS/ER
ath03010	Bra027013	AT1G62850	AT1G62850
ath00052	Bra027030	AT1G62660	AT1G62660
ath00500	Bra027030	AT1G62660	AT1G62660
ath01100	Bra027030	AT1G62660	AT1G62660
ath01110	Bra027030	AT1G62660	AT1G62660
ath00061	Bra027031	AT1G62640	KAS_III
ath01100	Bra027031	AT1G62640	KAS_III
ath01212	Bra027031	AT1G62640	KAS_III
ath00564	Bra027046	AT1G62430	CDS1
ath01100	Bra027046	AT1G62430	CDS1
ath01110	Bra027046	AT1G62430	CDS1
ath04070	Bra027046	AT1G62430	CDS1
ath00270	Bra027049	AT1G62380	ACO2
ath01100	Bra027049	AT1G62380	ACO2
ath01110	Bra027049	AT1G62380	ACO2
ath00196	Bra027083	AT1G61520	LHCA3
ath01100	Bra027083	AT1G61520	LHCA3
ath00904	Bra027098	AT1G61120	TPS04
ath01110	Bra027098	AT1G61120	TPS04
ath00904	Bra027106	AT1G60980	GA20OX4
ath01100	Bra027106	AT1G60980	GA20OX4
ath01110	Bra027106	AT1G60980	GA20OX4
ath00562	Bra027121	AT1G60890	AT1G60890
ath01100	Bra027121	AT1G60890	AT1G60890
ath04070	Bra027121	AT1G60890	AT1G60890
ath04144	Bra027121	AT1G60890	AT1G60890
ath04144	Bra027124	AT1G60860	AGD2
ath03020	Bra027125	AT1G60850	ATRPAC42
ath00020	Bra027127	AT1G60810	ACLA-2
ath01100	Bra027127	AT1G60810	ACLA-2
ath01110	Bra027127	AT1G60810	ACLA-2
ath00130	Bra027150	AT1G60550	ECHID
ath01100	Bra027150	AT1G60550	ECHID
ath01110	Bra027150	AT1G60550	ECHID
ath01240	Bra027150	AT1G60550	ECHID
ath00562	Bra027152	AT1G60490	VPS34
ath01100	Bra027152	AT1G60490	VPS34
ath04070	Bra027152	AT1G60490	VPS34
ath04136	Bra027152	AT1G60490	VPS34
ath04145	Bra027152	AT1G60490	VPS34
ath00052	Bra027156	AT1G60470	GolS4
ath01100	Bra027156	AT1G60470	GolS4
ath00770	Bra027158	AT1G60440	PANK1
ath01100	Bra027158	AT1G60440	PANK1
ath01240	Bra027158	AT1G60440	PANK1
ath03015	Bra027167	AT3G16380	PAB6
ath03018	Bra027167	AT3G16380	PAB6
ath04075	Bra027169	AT3G16360	AHP4
ath04120	Bra027173	AT3G16320	CDC27a
ath03013	Bra027174	AT3G16310	AT3G16310
ath00061	Bra027186	AT3G16170	AAE13
ath00280	Bra027186	AT3G16170	AAE13
ath01100	Bra027186	AT3G16170	AAE13
ath01212	Bra027186	AT3G16170	AAE13
ath00250	Bra027187	AT3G16150	ASPGB1
ath00460	Bra027187	AT3G16150	ASPGB1
ath01100	Bra027187	AT3G16150	ASPGB1
ath01110	Bra027187	AT3G16150	ASPGB1
ath00195	Bra027188	AT3G16140	PSAH-1
ath01100	Bra027188	AT3G16140	PSAH-1
ath04145	Bra027190	AT3G16120	AT3G16120
ath04517	Bra027190	AT3G16120	AT3G16120
ath04814	Bra027190	AT3G16120	AT3G16120
ath00564	Bra027209	AT3G15730	PLDALPHA1
ath00565	Bra027209	AT3G15730	PLDALPHA1
ath01100	Bra027209	AT3G15730	PLDALPHA1
ath01110	Bra027209	AT3G15730	PLDALPHA1
ath04144	Bra027209	AT3G15730	PLDALPHA1
ath04136	Bra027227	AT3G15580	APG8H
ath04145	Bra027227	AT3G15580	APG8H
ath04156	Bra027227	AT3G15580	APG8H
ath04712	Bra027259	AT3G15354	SPA3
ath00360	Bra027263	AT3G15290	AT3G15290
ath00650	Bra027263	AT3G15290	AT3G15290
ath01100	Bra027263	AT3G15290	AT3G15290
ath01200	Bra027263	AT3G15290	AT3G15290
ath03010	Bra027273	AT3G15190	PRPS20
ath03410	Bra027296	AT3G14890	AT3G14890
ath00541	Bra027310	AT3G14790	RHM3
ath01100	Bra027310	AT3G14790	RHM3
ath01250	Bra027310	AT3G14790	RHM3
ath03040	Bra027318	AT3G14700	AT3G14700
ath03010	Bra027325	AT1G29970	RPL18AA
ath00900	Bra027330	AT3G14530	AT3G14530
ath01100	Bra027330	AT3G14530	AT3G14530
ath01110	Bra027330	AT3G14530	AT3G14530
ath00040	Bra027350	AT3G14310	PME3
ath01100	Bra027350	AT3G14310	PME3
ath00562	Bra027362	AT3G14205	AT3G14205
ath01100	Bra027362	AT3G14205	AT3G14205
ath04142	Bra027362	AT3G14205	AT3G14205
ath03013	Bra027371	AT3G14120	AT3G14120
ath00230	Bra027377	AT3G14050	RSH2
ath01100	Bra027377	AT3G14050	RSH2
ath04136	Bra027382	AT1G54210	ATG12A
ath04145	Bra027382	AT1G54210	ATG12A
ath00052	Bra027398	AT3G13784	CWINV5
ath00500	Bra027398	AT3G13784	CWINV5
ath01100	Bra027398	AT3G13784	CWINV5
ath01110	Bra027398	AT3G13784	CWINV5
ath00999	Bra027412	AT3G13610	AT3G13610
ath01110	Bra027412	AT3G13610	AT3G13610
ath00500	Bra027421	AT3G13560	AT3G13560
ath01100	Bra027421	AT3G13560	AT3G13560
ath04120	Bra027422	AT3G13550	FUS9
ath00970	Bra027429	AT3G13490	OVA5
ath03022	Bra027434	AT3G13445	TBP1
ath00010	Bra027452	AT5G42740	AT5G42740
ath00030	Bra027452	AT5G42740	AT5G42740
ath00500	Bra027452	AT5G42740	AT5G42740
ath00520	Bra027452	AT5G42740	AT5G42740
ath01100	Bra027452	AT5G42740	AT5G42740
ath01110	Bra027452	AT5G42740	AT5G42740
ath01200	Bra027452	AT5G42740	AT5G42740
ath01250	Bra027452	AT5G42740	AT5G42740
ath00941	Bra027457	AT5G42800	DFR
ath01100	Bra027457	AT5G42800	DFR
ath01110	Bra027457	AT5G42800	DFR
ath00562	Bra027458	AT5G42810	IPK1
ath01100	Bra027458	AT5G42810	IPK1
ath04070	Bra027458	AT5G42810	IPK1
ath03040	Bra027459	AT5G42820	U2AF35B
ath00561	Bra027461	AT5G42870	PAH2
ath00564	Bra027461	AT5G42870	PAH2
ath01100	Bra027461	AT5G42870	PAH2
ath01110	Bra027461	AT5G42870	PAH2
ath04120	Bra027470	AT5G42990	UBC18
ath04146	Bra027479	AT5G43280	DCI1
ath00020	Bra027485	AT1G04410	c-NAD-MDH1
ath00270	Bra027485	AT1G04410	c-NAD-MDH1
ath00566	Bra027485	AT1G04410	c-NAD-MDH1
ath00620	Bra027485	AT1G04410	c-NAD-MDH1
ath00630	Bra027485	AT1G04410	c-NAD-MDH1
ath00710	Bra027485	AT1G04410	c-NAD-MDH1
ath01100	Bra027485	AT1G04410	c-NAD-MDH1
ath01110	Bra027485	AT1G04410	c-NAD-MDH1
ath01200	Bra027485	AT1G04410	c-NAD-MDH1
ath04075	Bra027504	AT5G43700	ATAUX2-11
ath03015	Bra027527	AT5G44090	AT5G44090
ath04382	Bra027527	AT5G44090	AT5G44090
ath03018	Bra027530	AT5G44110	ABCI21
ath02010	Bra027534	AT3G28415	ABCB22
ath04145	Bra027544	AT5G44340	TUB4
ath04517	Bra027544	AT5G44340	TUB4
ath04814	Bra027544	AT5G44340	TUB4
ath00520	Bra027557	AT5G44480	DUR
ath01100	Bra027557	AT5G44480	DUR
ath01250	Bra027557	AT5G44480	DUR
ath00020	Bra027582	AT3G55410	AT3G55410
ath00785	Bra027582	AT3G55410	AT3G55410
ath01100	Bra027582	AT3G55410	AT3G55410
ath01110	Bra027582	AT3G55410	AT3G55410
ath01200	Bra027582	AT3G55410	AT3G55410
ath01210	Bra027582	AT3G55410	AT3G55410
ath04144	Bra027593	AT5G45130	RHA1
ath04145	Bra027593	AT5G45130	RHA1
ath04148	Bra027593	AT5G45130	RHA1
ath04626	Bra027599	AT5G45250	RPS4
ath00906	Bra027602	AT5G45340	CYP707A3
ath01110	Bra027602	AT5G45340	CYP707A3
ath03020	Bra027611	AT1G63020	NRPD1A
ath03030	Bra027624	AT1G63160	RFC2
ath03410	Bra027624	AT1G63160	RFC2
ath03420	Bra027624	AT1G63160	RFC2
ath03430	Bra027624	AT1G63160	RFC2
ath00052	Bra027626	AT1G63180	UGE3
ath00520	Bra027626	AT1G63180	UGE3
ath01100	Bra027626	AT1G63180	UGE3
ath01250	Bra027626	AT1G63180	UGE3
ath00030	Bra027631	AT3G01850	AT3G01850
ath00040	Bra027631	AT3G01850	AT3G01850
ath00710	Bra027631	AT3G01850	AT3G01850
ath01100	Bra027631	AT3G01850	AT3G01850
ath01110	Bra027631	AT3G01850	AT3G01850
ath01200	Bra027631	AT3G01850	AT3G01850
ath01230	Bra027631	AT3G01850	AT3G01850
ath04016	Bra027641	AT1G63440	HMA5
ath04075	Bra027646	AT1G63500	BSK7
ath00020	Bra027661	AT2G20420	AT2G20420
ath00640	Bra027661	AT2G20420	AT2G20420
ath01100	Bra027661	AT2G20420	AT2G20420
ath01110	Bra027661	AT2G20420	AT2G20420
ath01200	Bra027661	AT2G20420	AT2G20420
ath00053	Bra027670	AT1G63940	MDAR6
ath01100	Bra027670	AT1G63940	MDAR6
ath00900	Bra027672	AT1G63970	ISPF
ath01100	Bra027672	AT1G63970	ISPF
ath01110	Bra027672	AT1G63970	ISPF
ath03015	Bra027677	AT1G64040	TOPP3
ath04156	Bra027677	AT1G64040	TOPP3
ath04519	Bra027677	AT1G64040	TOPP3
ath00030	Bra027685	AT1G64190	AT1G64190
ath00480	Bra027685	AT1G64190	AT1G64190
ath01100	Bra027685	AT1G64190	AT1G64190
ath01110	Bra027685	AT1G64190	AT1G64190
ath01200	Bra027685	AT1G64190	AT1G64190
ath04075	Bra027690	AT1G64280	NPR1
ath00061	Bra027700	AT1G64400	LACS3
ath00071	Bra027700	AT1G64400	LACS3
ath01100	Bra027700	AT1G64400	LACS3
ath01212	Bra027700	AT1G64400	LACS3
ath04146	Bra027700	AT1G64400	LACS3
ath00270	Bra027715	AT1G64660	MGL
ath00450	Bra027715	AT1G64660	MGL
ath01100	Bra027715	AT1G64660	MGL
ath00052	Bra027732	AT1G64440	RHD1
ath00520	Bra027732	AT1G64440	RHD1
ath01100	Bra027732	AT1G64440	RHD1
ath01250	Bra027732	AT1G64440	RHD1
ath00500	Bra027735	AT1G64390	GH9C2
ath01100	Bra027735	AT1G64390	GH9C2
ath03013	Bra027738	AT1G64350	SEH1H
ath00190	Bra027752	AT1G64200	VHA-E3
ath01100	Bra027752	AT1G64200	VHA-E3
ath04142	Bra027752	AT1G64200	VHA-E3
ath04145	Bra027752	AT1G64200	VHA-E3
ath04016	Bra027764	AT1G64060	RBOH_F
ath04626	Bra027764	AT1G64060	RBOH_F
ath03008	Bra027789	AT1G63780	IMP4
ath04016	Bra027792	AT1G63700	YDA
ath00230	Bra027795	AT1G63660	AT1G63660
ath01100	Bra027795	AT1G63660	AT1G63660
ath01232	Bra027795	AT1G63660	AT1G63660
ath00220	Bra027810	AT2G19940	AT2G19940
ath01100	Bra027810	AT2G19940	AT2G19940
ath01110	Bra027810	AT2G19940	AT2G19940
ath01210	Bra027810	AT2G19940	AT2G19940
ath01230	Bra027810	AT2G19940	AT2G19940
ath03018	Bra027816	AT1G60080	AT1G60080
ath00999	Bra027828	AT1G59950	AT1G59950
ath01100	Bra027828	AT1G59950	AT1G59950
ath01110	Bra027828	AT1G59950	AT1G59950
ath04075	Bra027829	AT1G59940	ARR3
ath03015	Bra027833	AT1G59830	PP2A-1
ath04136	Bra027833	AT1G59830	PP2A-1
ath04382	Bra027833	AT1G59830	PP2A-1
ath03018	Bra027835	AT1G59760	MTR4
ath00480	Bra027840	AT1G59700	GSTU16
ath01100	Bra027840	AT1G59700	GSTU16
ath04814	Bra027851	AT1G59540	ZCF125
ath03015	Bra027860	AT1G58470	RBP1
ath00100	Bra027863	AT1G58440	XF1
ath00909	Bra027863	AT1G58440	XF1
ath01100	Bra027863	AT1G58440	XF1
ath01110	Bra027863	AT1G58440	XF1
ath00860	Bra027877	AT1G58290	HEMA1
ath01100	Bra027877	AT1G58290	HEMA1
ath01110	Bra027877	AT1G58290	HEMA1
ath01240	Bra027877	AT1G58290	HEMA1
ath00860	Bra027878	AT1G58300	HO4
ath01100	Bra027878	AT1G58300	HO4
ath01110	Bra027878	AT1G58300	HO4
ath00073	Bra027897	AT1G57750	CYP96A15
ath01110	Bra027897	AT1G57750	CYP96A15
ath03010	Bra027910	AT1G57860	AT1G57860
ath00563	Bra027913	AT1G57600	AT1G57600
ath01100	Bra027913	AT1G57600	AT1G57600
ath00052	Bra027922	AT1G56600	GolS2
ath01100	Bra027922	AT1G56600	GolS2
ath04142	Bra027924	AT1G56590	ZIP4
ath04141	Bra027936	AT1G56340	CRT1a
ath04145	Bra027936	AT1G56340	CRT1a
ath04148	Bra027936	AT1G56340	CRT1a
ath00073	Bra027967	AT1G54570	PES1
ath00561	Bra027967	AT1G54570	PES1
ath01100	Bra027967	AT1G54570	PES1
ath01110	Bra027967	AT1G54570	PES1
ath04814	Bra027968	AT1G54560	XIE
ath04016	Bra027972	AT1G54490	XRN4
ath00790	Bra027980	AT5G42370	AT5G42370
ath01100	Bra027980	AT5G42370	AT5G42370
ath01240	Bra027980	AT5G42370	AT5G42370
ath04626	Bra027981	AT5G42380	CML37
ath00511	Bra028008	AT1G33700	AT1G33700
ath00600	Bra028008	AT1G33700	AT1G33700
ath01100	Bra028008	AT1G33700	AT1G33700
ath04382	Bra028008	AT1G33700	AT1G33700
ath03013	Bra028017	AT1G33980	UPF3
ath03015	Bra028017	AT1G33980	UPF3
ath00510	Bra028034	AT1G34130	STT3B
ath00513	Bra028034	AT1G34130	STT3B
ath01100	Bra028034	AT1G34130	STT3B
ath04141	Bra028034	AT1G34130	STT3B
ath04016	Bra028044	AT1G34245	EPF2
ath00562	Bra028046	AT1G34260	FAB1D
ath01100	Bra028046	AT1G34260	FAB1D
ath04070	Bra028046	AT1G34260	FAB1D
ath04142	Bra028046	AT1G34260	FAB1D
ath04145	Bra028046	AT1G34260	FAB1D
ath00010	Bra028057	AT1G34430	EMB3003
ath00020	Bra028057	AT1G34430	EMB3003
ath00620	Bra028057	AT1G34430	EMB3003
ath00785	Bra028057	AT1G34430	EMB3003
ath01100	Bra028057	AT1G34430	EMB3003
ath01110	Bra028057	AT1G34430	EMB3003
ath01200	Bra028057	AT1G34430	EMB3003
ath01210	Bra028057	AT1G34430	EMB3003
ath04519	Bra028068	AT1G35160	GF14_PHI
ath00900	Bra028096	AT2G18620	AT2G18620
ath01100	Bra028096	AT2G18620	AT2G18620
ath01110	Bra028096	AT2G18620	AT2G18620
ath04075	Bra028110	AT5G37020	ARF8
ath03040	Bra028114	AT5G37370	ATSRL1
ath00190	Bra028124	AT5G37510	EMB1467
ath01100	Bra028124	AT5G37510	EMB1467
ath00220	Bra028132	AT5G37600	GSR_1
ath00250	Bra028132	AT5G37600	GSR_1
ath00630	Bra028132	AT5G37600	GSR_1
ath00910	Bra028132	AT5G37600	GSR_1
ath01100	Bra028132	AT5G37600	GSR_1
ath01110	Bra028132	AT5G37600	GSR_1
ath01230	Bra028132	AT5G37600	GSR_1
ath04075	Bra028132	AT5G37600	GSR_1
ath04141	Bra028141	AT5G37670	AT5G37670
ath04142	Bra028142	AT5G37680	ARLA1A
ath03013	Bra028145	AT5G37720	ALY4
ath03015	Bra028145	AT5G37720	ALY4
ath03040	Bra028145	AT5G37720	ALY4
ath00750	Bra028155	AT5G37850	SOS4
ath01100	Bra028155	AT5G37850	SOS4
ath01240	Bra028155	AT5G37850	SOS4
ath00630	Bra028174	AT5G38430	RBCS1B
ath00710	Bra028174	AT5G38430	RBCS1B
ath01100	Bra028174	AT5G38430	RBCS1B
ath01110	Bra028174	AT5G38430	RBCS1B
ath01200	Bra028174	AT5G38430	RBCS1B
ath00908	Bra028182	AT5G38450	CYP735A1
ath01100	Bra028182	AT5G38450	CYP735A1
ath01110	Bra028182	AT5G38450	CYP735A1
ath00510	Bra028183	AT5G38460	AT5G38460
ath01100	Bra028183	AT5G38460	AT5G38460
ath04519	Bra028187	AT5G38480	GRF3
ath04156	Bra028196	AT5G38640	AT5G38640
ath00330	Bra028202	AT5G38710	AT5G38710
ath01100	Bra028202	AT5G38710	AT5G38710
ath01110	Bra028202	AT5G38710	AT5G38710
ath03008	Bra028203	AT5G38720	AT5G38720
ath00562	Bra028240	AT5G39400	PTEN1
ath01100	Bra028240	AT5G39400	PTEN1
ath04070	Bra028240	AT5G39400	PTEN1
ath00340	Bra028243	AT4G26900	AT-HF
ath01100	Bra028243	AT4G26900	AT-HF
ath01110	Bra028243	AT4G26900	AT-HF
ath01230	Bra028243	AT4G26900	AT-HF
ath00040	Bra028256	AT5G51490	AT5G51490
ath01100	Bra028256	AT5G51490	AT5G51490
ath00040	Bra028257	AT5G51500	AT5G51500
ath01100	Bra028257	AT5G51500	AT5G51500
ath00010	Bra028278	AT5G51820	PGM
ath00030	Bra028278	AT5G51820	PGM
ath00052	Bra028278	AT5G51820	PGM
ath00230	Bra028278	AT5G51820	PGM
ath00500	Bra028278	AT5G51820	PGM
ath00520	Bra028278	AT5G51820	PGM
ath01100	Bra028278	AT5G51820	PGM
ath01110	Bra028278	AT5G51820	PGM
ath01250	Bra028278	AT5G51820	PGM
ath00040	Bra028288	AT5G51970	AT5G51970
ath00051	Bra028288	AT5G51970	AT5G51970
ath01100	Bra028288	AT5G51970	AT5G51970
ath04075	Bra028342	AT3G23750	AT3G23750
ath00270	Bra028345	AT3G23810	SAHH2
ath00670	Bra028345	AT3G23810	SAHH2
ath01100	Bra028345	AT3G23810	SAHH2
ath03010	Bra028346	AT5G47320	RPS19
ath00053	Bra028348	AT3G23820	GAE6
ath00520	Bra028348	AT3G23820	GAE6
ath01100	Bra028348	AT3G23820	GAE6
ath01240	Bra028348	AT3G23820	GAE6
ath01250	Bra028348	AT3G23820	GAE6
ath00290	Bra028367	AT3G23940	AT3G23940
ath00770	Bra028367	AT3G23940	AT3G23940
ath01100	Bra028367	AT3G23940	AT3G23940
ath01110	Bra028367	AT3G23940	AT3G23940
ath01210	Bra028367	AT3G23940	AT3G23940
ath01230	Bra028367	AT3G23940	AT3G23940
ath03430	Bra028373	AT3G24495	MSH7
ath00480	Bra028393	AT5G37830	OXP1
ath01100	Bra028393	AT5G37830	OXP1
ath04120	Bra028395	AT5G37930	AT5G37930
ath03420	Bra028408	AT5G38470	RAD23D
ath04141	Bra028408	AT5G38470	RAD23D
ath00260	Bra028413	AT5G38530	TSBtype2
ath00400	Bra028413	AT5G38530	TSBtype2
ath01100	Bra028413	AT5G38530	TSBtype2
ath01110	Bra028413	AT5G38530	TSBtype2
ath01230	Bra028413	AT5G38530	TSBtype2
ath00970	Bra028421	AT5G38830	AT5G38830
ath00040	Bra028430	AT5G39320	UDG4
ath00053	Bra028430	AT5G39320	UDG4
ath00520	Bra028430	AT5G39320	UDG4
ath00541	Bra028430	AT5G39320	UDG4
ath01100	Bra028430	AT5G39320	UDG4
ath01240	Bra028430	AT5G39320	UDG4
ath01250	Bra028430	AT5G39320	UDG4
ath04144	Bra028434	AT5G39500	GNL1
ath00940	Bra028436	AT5G39580	AT5G39580
ath01100	Bra028436	AT5G39580	AT5G39580
ath01110	Bra028436	AT5G39580	AT5G39580
ath03013	Bra028460	AT5G40480	EMB3012
ath03010	Bra028461	AT2G44860	AT2G44860
ath00564	Bra028466	AT5G40610	GPDHp
ath01100	Bra028466	AT5G40610	GPDHp
ath01110	Bra028466	AT5G40610	GPDHp
ath00030	Bra028474	AT5G40760	G6PD6
ath00480	Bra028474	AT5G40760	G6PD6
ath01100	Bra028474	AT5G40760	G6PD6
ath01110	Bra028474	AT5G40760	G6PD6
ath01200	Bra028474	AT5G40760	G6PD6
ath00073	Bra028488	AT5G41130	AT5G41130
ath00561	Bra028488	AT5G41130	AT5G41130
ath01100	Bra028488	AT5G41130	AT5G41130
ath01110	Bra028488	AT5G41130	AT5G41130
ath04120	Bra028493	AT5G41340	UBC4
ath04120	Bra028501	AT5G41580	AT5G41580
ath03040	Bra028504	AT5G41770	AT5G41770
ath03018	Bra028531	AT1G02080	AT1G02080
ath00010	Bra028543	AT3G52930	FBA8
ath00030	Bra028543	AT3G52930	FBA8
ath00051	Bra028543	AT3G52930	FBA8
ath00710	Bra028543	AT3G52930	FBA8
ath01100	Bra028543	AT3G52930	FBA8
ath01110	Bra028543	AT3G52930	FBA8
ath01200	Bra028543	AT3G52930	FBA8
ath01230	Bra028543	AT3G52930	FBA8
ath00010	Bra028545	AT3G52990	AT3G52990
ath00620	Bra028545	AT3G52990	AT3G52990
ath01100	Bra028545	AT3G52990	AT3G52990
ath01110	Bra028545	AT3G52990	AT3G52990
ath01200	Bra028545	AT3G52990	AT3G52990
ath01230	Bra028545	AT3G52990	AT3G52990
ath00040	Bra028549	AT3G53190	AT3G53190
ath01100	Bra028549	AT3G53190	AT3G53190
ath00400	Bra028560	AT5G10870	CM2
ath01100	Bra028560	AT5G10870	CM2
ath01110	Bra028560	AT5G10870	CM2
ath01230	Bra028560	AT5G10870	CM2
ath03015	Bra028577	AT5G10630	AT5G10630
ath00562	Bra028596	AT5G10170	MIPS3
ath01100	Bra028596	AT5G10170	MIPS3
ath01110	Bra028596	AT5G10170	MIPS3
ath00061	Bra028597	AT5G10160	AT5G10160
ath00780	Bra028597	AT5G10160	AT5G10160
ath01100	Bra028597	AT5G10160	AT5G10160
ath01212	Bra028597	AT5G10160	AT5G10160
ath01240	Bra028597	AT5G10160	AT5G10160
ath04016	Bra028601	AT5G10120	AT5G10120
ath04075	Bra028601	AT5G10120	AT5G10120
ath04075	Bra028604	AT5G10030	TGA4
ath03050	Bra028611	AT5G64760	RPN5B
ath03013	Bra028613	AT5G09860	THO1
ath03040	Bra028613	AT5G09860	THO1
ath04814	Bra028615	AT5G09810	ACT7
ath00020	Bra028624	AT5G09660	PMDH2
ath00270	Bra028624	AT5G09660	PMDH2
ath00566	Bra028624	AT5G09660	PMDH2
ath00620	Bra028624	AT5G09660	PMDH2
ath00630	Bra028624	AT5G09660	PMDH2
ath00710	Bra028624	AT5G09660	PMDH2
ath01100	Bra028624	AT5G09660	PMDH2
ath01110	Bra028624	AT5G09660	PMDH2
ath01200	Bra028624	AT5G09660	PMDH2
ath03018	Bra028628	AT5G09590	MTHSC70-2
ath04156	Bra028628	AT5G09590	MTHSC70-2
ath00760	Bra028643	AT5G09230	SRT2
ath01100	Bra028643	AT5G09230	SRT2
ath00190	Bra028648	AT5G08670	AT5G08670
ath01100	Bra028648	AT5G08670	AT5G08670
ath00785	Bra028657	AT5G08415	AT5G08415
ath01100	Bra028657	AT5G08415	AT5G08415
ath01240	Bra028657	AT5G08415	AT5G08415
ath00052	Bra028660	AT5G08380	AGAL1
ath00561	Bra028660	AT5G08380	AGAL1
ath00600	Bra028660	AT5G08380	AGAL1
ath00603	Bra028660	AT5G08380	AGAL1
ath01100	Bra028660	AT5G08380	AGAL1
ath00052	Bra028661	AT5G08370	AGAL2
ath00561	Bra028661	AT5G08370	AGAL2
ath00600	Bra028661	AT5G08370	AGAL2
ath00603	Bra028661	AT5G08370	AGAL2
ath01100	Bra028661	AT5G08370	AGAL2
ath00561	Bra028679	AT5G07920	DGK1
ath00564	Bra028679	AT5G07920	DGK1
ath01100	Bra028679	AT5G07920	DGK1
ath01110	Bra028679	AT5G07920	DGK1
ath04070	Bra028679	AT5G07920	DGK1
ath04136	Bra028689	AT5G61500	ATG3
ath04145	Bra028689	AT5G61500	ATG3
ath03010	Bra028708	AT2G17360	AT2G17360
ath04075	Bra028713	AT5G06960	OBF5
ath04814	Bra028723	AT5G06670	AT5G06670
ath03040	Bra028740	AT5G06160	ATO
ath03013	Bra028743	AT5G06120	AT5G06120
ath00960	Bra028744	AT5G06060	AT5G06060
ath01100	Bra028744	AT5G06060	AT5G06060
ath01110	Bra028744	AT5G06060	AT5G06060
ath00400	Bra028753	AT1G07780	PAI1
ath01100	Bra028753	AT1G07780	PAI1
ath01110	Bra028753	AT1G07780	PAI1
ath01230	Bra028753	AT1G07780	PAI1
ath00940	Bra028761	AT5G05340	PRX52
ath01100	Bra028761	AT5G05340	PRX52
ath01110	Bra028761	AT5G05340	PRX52
ath00460	Bra028764	AT5G05260	CYP79A2
ath00966	Bra028764	AT5G05260	CYP79A2
ath01100	Bra028764	AT5G05260	CYP79A2
ath01110	Bra028764	AT5G05260	CYP79A2
ath01210	Bra028764	AT5G05260	CYP79A2
ath00620	Bra028813	AT5G03860	MLS
ath00630	Bra028813	AT5G03860	MLS
ath01100	Bra028813	AT5G03860	MLS
ath01110	Bra028813	AT5G03860	MLS
ath01200	Bra028813	AT5G03860	MLS
ath03010	Bra028814	AT5G64140	RPS28
ath00510	Bra028851	AT5G03080	LPPgamma
ath01100	Bra028851	AT5G03080	LPPgamma
ath03013	Bra028852	AT5G03070	IMPA-9
ath03010	Bra028856	AT5G02960	AT5G02960
ath00480	Bra028863	AT5G02790	GSTL3
ath01100	Bra028863	AT5G02790	GSTL3
ath03082	Bra028869	AT5G02560	HTA12
ath00010	Bra028896	AT5G01320	AT5G01320
ath01100	Bra028896	AT5G01320	AT5G01320
ath01110	Bra028896	AT5G01320	AT5G01320
ath03015	Bra028900	AT5G01400	ESP4
ath00750	Bra028901	AT5G01410	RSR4
ath01100	Bra028901	AT5G01410	RSR4
ath01240	Bra028901	AT5G01410	RSR4
ath04120	Bra028905	AT2G04660	APC2
ath00196	Bra028906	AT5G01530	LHCB4.1
ath01100	Bra028906	AT5G01530	LHCB4.1
ath03018	Bra028922	AT5G56500	Cpn60beta3
ath04156	Bra028922	AT5G56500	Cpn60beta3
ath00380	Bra028932	AT3G44300	NIT2
ath00460	Bra028932	AT3G44300	NIT2
ath00910	Bra028932	AT3G44300	NIT2
ath01100	Bra028932	AT3G44300	NIT2
ath04141	Bra028933	AT5G56360	PSL4
ath04146	Bra028938	AT5G56290	PEX5
ath04141	Bra028952	AT5G56010	HSP81-3
ath04156	Bra028952	AT5G56010	HSP81-3
ath04626	Bra028952	AT5G56010	HSP81-3
ath00760	Bra028959	AT5G55810	NMNAT
ath01100	Bra028959	AT5G55810	NMNAT
ath01240	Bra028959	AT5G55810	NMNAT
ath00760	Bra028961	AT5G55760	SRT1
ath01100	Bra028961	AT5G55760	SRT1
ath03015	Bra028973	AT5G55550	AT5G55550
ath00513	Bra028976	AT5G55500	XYLT
ath01100	Bra028976	AT5G55500	XYLT
ath00073	Bra028984	AT5G55340	AT5G55340
ath01110	Bra028984	AT5G55340	AT5G55340
ath00130	Bra029025	AT4G27270	AT4G27270
ath01100	Bra029025	AT4G27270	AT4G27270
ath01110	Bra029025	AT4G27270	AT4G27270
ath01240	Bra029025	AT4G27270	AT4G27270
ath04144	Bra029030	AT5G54310	AGD5
ath00380	Bra029041	AT5G54160	OMT1
ath00940	Bra029041	AT5G54160	OMT1
ath00944	Bra029041	AT5G54160	OMT1
ath01100	Bra029041	AT5G54160	OMT1
ath01110	Bra029041	AT5G54160	OMT1
ath00250	Bra029067	AT5G53460	GLT1
ath00910	Bra029067	AT5G53460	GLT1
ath01100	Bra029067	AT5G53460	GLT1
ath01110	Bra029067	AT5G53460	GLT1
ath01230	Bra029067	AT5G53460	GLT1
ath00073	Bra029072	AT5G53390	FOP1
ath01110	Bra029072	AT5G53390	FOP1
ath04016	Bra029088	AT5G53210	SPCH
ath04016	Bra029093	AT5G53160	RCAR3
ath04075	Bra029093	AT5G53160	RCAR3
ath00190	Bra029106	AT5G52840	AT5G52840
ath01100	Bra029106	AT5G52840	AT5G52840
ath04130	Bra029128	AT5G52270	AT5G52270
ath04145	Bra029128	AT5G52270	AT5G52270
ath04120	Bra029131	AT5G52250	RUP1
ath04712	Bra029131	AT5G52250	RUP1
ath03040	Bra029146	AT5G52040	RS41
ath00051	Bra029158	AT5G51830	AT5G51830
ath00500	Bra029158	AT5G51830	AT5G51830
ath00520	Bra029158	AT5G51830	AT5G51830
ath01100	Bra029158	AT5G51830	AT5G51830
ath01110	Bra029158	AT5G51830	AT5G51830
ath01250	Bra029158	AT5G51830	AT5G51830
ath04016	Bra029160	AT5G51760	AHG1
ath04075	Bra029160	AT5G51760	AHG1
ath04141	Bra029174	AT5G51440	AT5G51440
ath03040	Bra029177	AT5G51300	AT5G51300
ath00600	Bra029178	AT5G51290	ACD5
ath01100	Bra029178	AT5G51290	ACD5
ath03015	Bra029187	AT5G51120	PABN1
ath00790	Bra029188	AT5G51110	AT5G51110
ath01100	Bra029188	AT5G51110	AT5G51110
ath04146	Bra029190	AT5G51100	FSD2
ath04016	Bra029194	AT5G51060	RHD2
ath04626	Bra029194	AT5G51060	RHD2
ath03250	Bra029206	AT5G63670	SPT42
ath00130	Bra029229	AT5G63380	AT5G63380
ath00940	Bra029229	AT5G63380	AT5G63380
ath01100	Bra029229	AT5G63380	AT5G63380
ath01110	Bra029229	AT5G63380	AT5G63380
ath04145	Bra029240	AT5G62880	RAC10
ath04148	Bra029240	AT5G62880	RAC10
ath04517	Bra029240	AT5G62880	RAC10
ath04518	Bra029240	AT5G62880	RAC10
ath04519	Bra029240	AT5G62880	RAC10
ath04620	Bra029240	AT5G62880	RAC10
ath05100	Bra029240	AT5G62880	RAC10
ath00190	Bra029249	AT5G62670	HA11
ath01100	Bra029249	AT5G62670	HA11
ath04075	Bra029249	AT5G62670	HA11
ath04120	Bra029252	AT5G62540	UBC3
ath03010	Bra029257	AT1G52370	AT1G52370
ath04712	Bra029261	AT5G62430	CDF1
ath04144	Bra029295	AT5G61980	AGD1
ath03060	Bra029296	AT5G61970	AT5G61970
ath04142	Bra029326	AT5G65990	AT5G65990
ath00760	Bra029364	AT5G23230	NIC2
ath01100	Bra029364	AT5G23230	NIC2
ath01240	Bra029364	AT5G23230	NIC2
ath03010	Bra029381	AT5G23740	RPS11-BETA
ath00100	Bra029391	AT5G24140	SQP2
ath00909	Bra029391	AT5G24140	SQP2
ath01100	Bra029391	AT5G24140	SQP2
ath01110	Bra029391	AT5G24140	SQP2
ath00051	Bra029428	AT4G11980	NUDX14
ath00230	Bra029428	AT4G11980	NUDX14
ath00500	Bra029428	AT4G11980	NUDX14
ath01100	Bra029428	AT4G11980	NUDX14
ath01110	Bra029428	AT4G11980	NUDX14
ath00053	Bra029444	AT4G12250	GAE5
ath00520	Bra029444	AT4G12250	GAE5
ath01100	Bra029444	AT4G12250	GAE5
ath01240	Bra029444	AT4G12250	GAE5
ath01250	Bra029444	AT4G12250	GAE5
ath03440	Bra029467	AT4G30870	MUS81
ath03460	Bra029467	AT4G30870	MUS81
ath01100	Bra029476	AT4G05530	IBR1
ath04146	Bra029476	AT4G05530	IBR1
ath04144	Bra029477	AT4G05520	EHD2
ath00010	Bra029482	AT4G04040	MEE51
ath00030	Bra029482	AT4G04040	MEE51
ath00051	Bra029482	AT4G04040	MEE51
ath01100	Bra029482	AT4G04040	MEE51
ath01110	Bra029482	AT4G04040	MEE51
ath04146	Bra029493	AT4G04470	PMP22
ath00920	Bra029505	AT4G04610	APR1
ath01100	Bra029505	AT4G04610	APR1
ath01320	Bra029505	AT4G04610	APR1
ath04141	Bra029520	AT4G04860	DER2.2
ath00564	Bra029521	AT4G04870	CLS
ath01100	Bra029521	AT4G04870	CLS
ath03015	Bra029526	AT4G04885	PCFS4
ath00600	Bra029531	AT4G04930	DES-1-LIKE
ath01100	Bra029531	AT4G04930	DES-1-LIKE
ath00230	Bra029537	AT4G04955	ALN
ath01100	Bra029537	AT4G04955	ALN
ath04144	Bra029546	AT4G05000	VPS28-2
ath00190	Bra029549	AT4G05020	NDB2
ath01100	Bra029549	AT4G05020	NDB2
ath00920	Bra029552	AT4G05090	AT4G05090
ath01100	Bra029552	AT4G05090	AT4G05090
ath04142	Bra029557	AT4G05120	FUR1
ath04142	Bra029558	AT4G05130	ENT4
ath00130	Bra029561	AT4G05160	AT4G05160
ath00940	Bra029561	AT4G05160	AT4G05160
ath01100	Bra029561	AT4G05160	AT4G05160
ath01110	Bra029561	AT4G05160	AT4G05160
ath00195	Bra029563	AT4G05180	PSBQ-2
ath01100	Bra029563	AT4G05180	PSBQ-2
ath00540	Bra029566	AT4G21220	LpxD2
ath01100	Bra029566	AT4G21220	LpxD2
ath00195	Bra029574	AT4G05390	RFNR1
ath01100	Bra029574	AT4G05390	RFNR1
ath03420	Bra029577	AT4G05420	DDB1A
ath04120	Bra029577	AT4G05420	DDB1A
ath00052	Bra029583	AT3G06500	A/N-InvC
ath00500	Bra029583	AT3G06500	A/N-InvC
ath01100	Bra029583	AT3G06500	A/N-InvC
ath01110	Bra029583	AT3G06500	A/N-InvC
ath00561	Bra029584	AT3G06510	SFR2
ath01100	Bra029584	AT3G06510	SFR2
ath03015	Bra029588	AT3G06560	PAPS3
ath00520	Bra029589	AT3G06580	GALK
ath01100	Bra029589	AT3G06580	GALK
ath01250	Bra029589	AT3G06580	GALK
ath00010	Bra029596	AT3G66658	ALDH22A1
ath00053	Bra029596	AT3G66658	ALDH22A1
ath00071	Bra029596	AT3G66658	ALDH22A1
ath00280	Bra029596	AT3G66658	ALDH22A1
ath00310	Bra029596	AT3G66658	ALDH22A1
ath00330	Bra029596	AT3G66658	ALDH22A1
ath00340	Bra029596	AT3G66658	ALDH22A1
ath00380	Bra029596	AT3G66658	ALDH22A1
ath00410	Bra029596	AT3G66658	ALDH22A1
ath00561	Bra029596	AT3G66658	ALDH22A1
ath00620	Bra029596	AT3G66658	ALDH22A1
ath00770	Bra029596	AT3G66658	ALDH22A1
ath01100	Bra029596	AT3G66658	ALDH22A1
ath01110	Bra029596	AT3G66658	ALDH22A1
ath01240	Bra029596	AT3G66658	ALDH22A1
ath00071	Bra029606	AT3G06810	IBR3
ath00280	Bra029606	AT3G06810	IBR3
ath01100	Bra029606	AT3G06810	IBR3
ath01110	Bra029606	AT3G06810	IBR3
ath01212	Bra029606	AT3G06810	IBR3
ath00040	Bra029607	AT3G06830	AT3G06830
ath01100	Bra029607	AT3G06830	AT3G06830
ath00071	Bra029608	AT3G06860	MFP2
ath00592	Bra029608	AT3G06860	MFP2
ath01100	Bra029608	AT3G06860	MFP2
ath01110	Bra029608	AT3G06860	MFP2
ath01212	Bra029608	AT3G06860	MFP2
ath00040	Bra029614	AT3G07010	AT3G07010
ath01100	Bra029614	AT3G07010	AT3G07010
ath04141	Bra029622	AT3G07100	ERMO2
ath00563	Bra029625	AT3G07140	AT3G07140
ath01100	Bra029625	AT3G07140	AT3G07140
ath00563	Bra029630	AT3G07180	AT3G07180
ath01100	Bra029630	AT3G07180	AT3G07180
ath04156	Bra029637	AT3G07300	AT3G07300
ath04120	Bra029643	AT3G07370	CHIP
ath04141	Bra029643	AT3G07370	CHIP
ath00970	Bra029647	AT3G07420	NS2
ath04136	Bra029653	AT3G07525	ATG10
ath04146	Bra029657	AT3G07560	PEX13
ath03040	Bra029662	AT3G07590	AT3G07590
ath00400	Bra029665	AT3G07630	ADT2
ath01100	Bra029665	AT3G07630	ADT2
ath01110	Bra029665	AT3G07630	ADT2
ath01230	Bra029665	AT3G07630	ADT2
ath00564	Bra029669	AT3G07690	AT3G07690
ath01100	Bra029669	AT3G07690	AT3G07690
ath01110	Bra029669	AT3G07690	AT3G07690
ath00040	Bra029682	AT3G14040	AT3G14040
ath01100	Bra029682	AT3G14040	AT3G14040
ath04144	Bra029688	AT3G07940	AT3G07940
ath00040	Bra029690	AT3G07970	QRT2
ath01100	Bra029690	AT3G07970	QRT2
ath00562	Bra029697	AT3G08510	PLC2
ath01100	Bra029697	AT3G08510	PLC2
ath04070	Bra029697	AT3G08510	PLC2
ath00010	Bra029700	AT3G08590	iPGAM2
ath00260	Bra029700	AT3G08590	iPGAM2
ath01100	Bra029700	AT3G08590	iPGAM2
ath01110	Bra029700	AT3G08590	iPGAM2
ath01200	Bra029700	AT3G08590	iPGAM2
ath01230	Bra029700	AT3G08590	iPGAM2
ath00190	Bra029702	AT3G08610	AT3G08610
ath01100	Bra029702	AT3G08610	AT3G08610
ath00196	Bra029732	AT3G08940	LHCB4.2
ath01100	Bra029732	AT3G08940	LHCB4.2
ath03013	Bra029733	AT3G08947	AT3G08947
ath03013	Bra029735	AT3G08960	AT3G08960
ath00601	Bra029740	AT3G09020	AT3G09020
ath00603	Bra029740	AT3G09020	AT3G09020
ath01100	Bra029740	AT3G09020	AT3G09020
ath03015	Bra029747	AT3G09100	AT3G09100
ath04142	Bra029757	AT3G09300	ORP3B
ath04141	Bra029761	AT3G09350	Fes1A
ath00040	Bra029773	AT3G09540	AT3G09540
ath01100	Bra029773	AT3G09540	AT3G09540
ath00561	Bra029774	AT3G09560	PAH1
ath00564	Bra029774	AT3G09560	PAH1
ath01100	Bra029774	AT3G09560	PAH1
ath01110	Bra029774	AT3G09560	PAH1
ath03018	Bra029783	AT2G06990	HEN2
ath00020	Bra029791	AT3G09810	IDH-VI
ath01100	Bra029791	AT3G09810	IDH-VI
ath01110	Bra029791	AT3G09810	IDH-VI
ath01200	Bra029791	AT3G09810	IDH-VI
ath01210	Bra029791	AT3G09810	IDH-VI
ath01230	Bra029791	AT3G09810	IDH-VI
ath04075	Bra029798	AT3G09870	AT3G09870
ath00562	Bra029805	AT3G09920	PIP5K9
ath01100	Bra029805	AT3G09920	PIP5K9
ath04070	Bra029805	AT3G09920	PIP5K9
ath04144	Bra029805	AT3G09920	PIP5K9
ath03022	Bra029816	AT3G10070	TAF12
ath04626	Bra029821	AT3G10190	AT3G10190
ath00906	Bra029825	AT3G10230	LYC
ath01100	Bra029825	AT3G10230	LYC
ath01110	Bra029825	AT3G10230	LYC
ath00360	Bra029831	AT3G10340	PAL4
ath00940	Bra029831	AT3G10340	PAL4
ath01100	Bra029831	AT3G10340	PAL4
ath01110	Bra029831	AT3G10340	PAL4
ath03060	Bra029832	AT3G10350	AT3G10350
ath00564	Bra029833	AT3G10370	SDP6
ath01100	Bra029833	AT3G10370	SDP6
ath01110	Bra029833	AT3G10370	SDP6
ath04517	Bra029850	AT3G10540	AT3G10540
ath00073	Bra029852	AT3G10570	CYP77A6
ath00520	Bra029861	AT3G10700	GalAK
ath01100	Bra029861	AT3G10700	GalAK
ath01250	Bra029861	AT3G10700	GalAK
ath04820	Bra029862	AT3G10730	SUN2
ath00620	Bra029872	AT3G10850	GLY2
ath01100	Bra029872	AT3G10850	GLY2
ath00860	Bra029891	AT3G11050	FER2
ath00240	Bra029903	AT3G48540	AT3G48540
ath01100	Bra029903	AT3G48540	AT3G48540
ath01232	Bra029903	AT3G48540	AT3G48540
ath00290	Bra029906	AT3G48560	CSR1
ath00650	Bra029906	AT3G48560	CSR1
ath00660	Bra029906	AT3G48560	CSR1
ath00770	Bra029906	AT3G48560	CSR1
ath01100	Bra029906	AT3G48560	CSR1
ath01110	Bra029906	AT3G48560	CSR1
ath01210	Bra029906	AT3G48560	CSR1
ath01230	Bra029906	AT3G48560	CSR1
ath00562	Bra029910	AT3G48610	NPC6
ath00564	Bra029910	AT3G48610	NPC6
ath00565	Bra029910	AT3G48610	NPC6
ath01100	Bra029910	AT3G48610	NPC6
ath01110	Bra029910	AT3G48610	NPC6
ath00600	Bra029919	AT3G48780	SPT1
ath01100	Bra029919	AT3G48780	SPT1
ath04382	Bra029919	AT3G48780	SPT1
ath00940	Bra029933	AT3G49120	PRXCB
ath01100	Bra029933	AT3G49120	PRXCB
ath01110	Bra029933	AT3G49120	PRXCB
ath00010	Bra029936	AT3G49160	AT3G49160
ath00620	Bra029936	AT3G49160	AT3G49160
ath01100	Bra029936	AT3G49160	AT3G49160
ath01110	Bra029936	AT3G49160	AT3G49160
ath01200	Bra029936	AT3G49160	AT3G49160
ath01230	Bra029936	AT3G49160	AT3G49160
ath00073	Bra029939	AT3G49210	AT3G49210
ath01110	Bra029939	AT3G49210	AT3G49210
ath00030	Bra029949	AT3G49360	PGL2
ath01100	Bra029949	AT3G49360	PGL2
ath01110	Bra029949	AT3G49360	PGL2
ath01200	Bra029949	AT3G49360	PGL2
ath04075	Bra029971	AT3G49780	PSK4
ath04075	Bra029992	AT3G50070	CYCD3
ath00010	Bra030016	AT3G50520	AT3G50520
ath00260	Bra030016	AT3G50520	AT3G50520
ath01100	Bra030016	AT3G50520	AT3G50520
ath01110	Bra030016	AT3G50520	AT3G50520
ath01200	Bra030016	AT3G50520	AT3G50520
ath01230	Bra030016	AT3G50520	AT3G50520
ath00510	Bra030029	AT1G24320	AT1G24320
ath01100	Bra030029	AT1G24320	AT1G24320
ath04141	Bra030029	AT1G24320	AT1G24320
ath00030	Bra030031	AT1G24280	G6PD3
ath00480	Bra030031	AT1G24280	G6PD3
ath01100	Bra030031	AT1G24280	G6PD3
ath01110	Bra030031	AT1G24280	G6PD3
ath01200	Bra030031	AT1G24280	G6PD3
ath04075	Bra030037	AT1G27320	HK3
ath04075	Bra030074	AT1G28130	GH3.17
ath00970	Bra030092	AT1G28350	AT1G28350
ath03430	Bra030153	AT1G29630	AT1G29630
ath03440	Bra030165	AT4G02110	AT4G02110
ath00970	Bra030179	AT1G29880	AT1G29880
ath00196	Bra030182	AT1G29930	CAB1
ath01100	Bra030182	AT1G29930	CAB1
ath03020	Bra030183	AT1G29940	NRPA2
ath00904	Bra030187	AT1G30040	GA2OX2
ath01110	Bra030187	AT1G30040	GA2OX2
ath04075	Bra030197	AT2G22860	PSK2
ath00100	Bra030198	AT2G22830	SQE2
ath00909	Bra030198	AT2G22830	SQE2
ath01100	Bra030198	AT2G22830	SQE2
ath01110	Bra030198	AT2G22830	SQE2
ath00270	Bra030199	AT2G22810	ACS4
ath01100	Bra030199	AT2G22810	ACS4
ath01110	Bra030199	AT2G22810	ACS4
ath00020	Bra030204	AT2G22780	PMDH1
ath00270	Bra030204	AT2G22780	PMDH1
ath00566	Bra030204	AT2G22780	PMDH1
ath00620	Bra030204	AT2G22780	PMDH1
ath00630	Bra030204	AT2G22780	PMDH1
ath00710	Bra030204	AT2G22780	PMDH1
ath01100	Bra030204	AT2G22780	PMDH1
ath01110	Bra030204	AT2G22780	PMDH1
ath01200	Bra030204	AT2G22780	PMDH1
ath00310	Bra030212	AT2G22740	SUVH6
ath01100	Bra030212	AT2G22740	SUVH6
ath04075	Bra030219	AT2G22670	IAA8
ath04519	Bra030221	AT2G22640	BRK1
ath00940	Bra030241	AT2G22420	AT2G22420
ath01100	Bra030241	AT2G22420	AT2G22420
ath01110	Bra030241	AT2G22420	AT2G22420
ath00380	Bra030246	AT2G22330	CYP79B3
ath00966	Bra030246	AT2G22330	CYP79B3
ath01100	Bra030246	AT2G22330	CYP79B3
ath01110	Bra030246	AT2G22330	CYP79B3
ath01210	Bra030246	AT2G22330	CYP79B3
ath00500	Bra030256	AT2G22190	TPPE
ath01100	Bra030256	AT2G22190	TPPE
ath01110	Bra030256	AT2G22190	TPPE
ath00400	Bra030270	AT2G21940	SK1
ath01100	Bra030270	AT2G21940	SK1
ath01110	Bra030270	AT2G21940	SK1
ath01230	Bra030270	AT2G21940	SK1
ath04142	Bra030274	AT2G21880	RAB7A
ath04144	Bra030274	AT2G21880	RAB7A
ath04145	Bra030274	AT2G21880	RAB7A
ath04148	Bra030274	AT2G21880	RAB7A
ath00010	Bra030286	AT5G36880	ACS
ath00620	Bra030286	AT5G36880	ACS
ath00630	Bra030286	AT5G36880	ACS
ath00640	Bra030286	AT5G36880	ACS
ath01100	Bra030286	AT5G36880	ACS
ath01110	Bra030286	AT5G36880	ACS
ath01200	Bra030286	AT5G36880	ACS
ath00500	Bra030291	AT2G21590	APL4
ath00520	Bra030291	AT2G21590	APL4
ath01100	Bra030291	AT2G21590	APL4
ath01110	Bra030291	AT2G21590	APL4
ath01250	Bra030291	AT2G21590	APL4
ath04142	Bra030299	AT2G21430	AT2G21430
ath04626	Bra030299	AT2G21430	AT2G21430
ath03010	Bra030305	AT2G21290	AT2G21290
ath04141	Bra030307	AT2G21270	UFD1
ath00360	Bra030322	AT5G04230	PAL3
ath00940	Bra030322	AT5G04230	PAL3
ath01100	Bra030322	AT5G04230	PAL3
ath01110	Bra030322	AT5G04230	PAL3
ath03460	Bra030327	AT5G40820	ATR
ath04142	Bra030328	AT5G40890	CLC-A
ath00051	Bra030345	AT2G04650	AT2G04650
ath00520	Bra030345	AT2G04650	AT2G04650
ath00541	Bra030345	AT2G04650	AT2G04650
ath01100	Bra030345	AT2G04650	AT2G04650
ath01110	Bra030345	AT2G04650	AT2G04650
ath01240	Bra030345	AT2G04650	AT2G04650
ath01250	Bra030345	AT2G04650	AT2G04650
ath03015	Bra030348	AT5G39930	CLPS5
ath03060	Bra030372	AT1G52600	AT1G52600
ath00564	Bra030375	AT1G52570	PLDALPHA2
ath00565	Bra030375	AT1G52570	PLDALPHA2
ath01100	Bra030375	AT1G52570	PLDALPHA2
ath01110	Bra030375	AT1G52570	PLDALPHA2
ath04144	Bra030375	AT1G52570	PLDALPHA2
ath03410	Bra030381	AT1G52500	MMH-1
ath00906	Bra030386	AT1G52400	BGLU18
ath01110	Bra030386	AT1G52400	BGLU18
ath03010	Bra030393	AT1G52300	AT1G52300
ath03015	Bra030425	AT1G51690	B_ALPHA
ath04382	Bra030425	AT1G51690	B_ALPHA
ath00130	Bra030429	AT1G51680	4CL1
ath00940	Bra030429	AT1G51680	4CL1
ath01100	Bra030429	AT1G51680	4CL1
ath01110	Bra030429	AT1G51680	4CL1
ath04016	Bra030430	AT1G51660	MKK4
ath04075	Bra030430	AT1G51660	MKK4
ath04626	Bra030430	AT1G51660	MKK4
ath02010	Bra030437	AT1G51500	ABCG12
ath04981	Bra030437	AT1G51500	ABCG12
ath00500	Bra030439	AT1G51420	SPP1
ath01110	Bra030439	AT1G51420	SPP1
ath00561	Bra030448	AT1G51260	LPAT3
ath00564	Bra030448	AT1G51260	LPAT3
ath01100	Bra030448	AT1G51260	LPAT3
ath01110	Bra030448	AT1G51260	LPAT3
ath00904	Bra030461	AT1G50960	GA2OX7
ath01110	Bra030461	AT1G50960	GA2OX7
ath03030	Bra030472	AT1G50840	POLGAMMA2
ath03410	Bra030472	AT1G50840	POLGAMMA2
ath03420	Bra030472	AT1G50840	POLGAMMA2
ath03440	Bra030472	AT1G50840	POLGAMMA2
ath00380	Bra030473	AT1G47600	BGLU34
ath01100	Bra030473	AT1G47600	BGLU34
ath00240	Bra030485	AT1G50510	AT1G50510
ath01100	Bra030485	AT1G50510	AT1G50510
ath04142	Bra030498	AT1G02305	AT1G02305
ath04145	Bra030498	AT1G02305	AT1G02305
ath00190	Bra030501	AT1G02410	AT1G02410
ath01100	Bra030501	AT1G02410	AT1G02410
ath02010	Bra030503	AT1G02520	ABCB11
ath04142	Bra030506	AT1G02630	AT1G02630
ath03010	Bra030509	AT1G02780	emb2386
ath00040	Bra030510	AT1G02790	PGA4
ath01100	Bra030510	AT1G02790	PGA4
ath00040	Bra030511	AT1G02810	AT1G02810
ath01100	Bra030511	AT1G02810	AT1G02810
ath00730	Bra030512	AT1G02880	TPK1
ath01100	Bra030512	AT1G02880	TPK1
ath01240	Bra030512	AT1G02880	TPK1
ath00480	Bra030515	AT1G02930	GSTF6
ath01100	Bra030515	AT1G02930	GSTF6
ath03022	Bra030524	AT1G03190	UVH6
ath03420	Bra030524	AT1G03190	UVH6
ath03018	Bra030529	AT1G03330	LSM2
ath03040	Bra030529	AT1G03330	LSM2
ath00195	Bra030537	AT1G03600	PSB27
ath01100	Bra030537	AT1G03600	PSB27
ath03018	Bra030549	AT1G03905	ABCI19
ath03015	Bra030551	AT1G03960	AT1G03960
ath04382	Bra030551	AT1G03960	AT1G03960
ath04075	Bra030560	AT1G04250	AXR3
ath04712	Bra030568	AT1G04400	CRY2
ath04814	Bra030576	AT1G04600	XIA
ath00190	Bra030577	AT2G33220	AT2G33220
ath01100	Bra030577	AT2G33220	AT2G33220
ath00071	Bra030586	AT1G04710	PKT4
ath00280	Bra030586	AT1G04710	PKT4
ath00592	Bra030586	AT1G04710	PKT4
ath01040	Bra030586	AT1G04710	PKT4
ath01100	Bra030586	AT1G04710	PKT4
ath01110	Bra030586	AT1G04710	PKT4
ath01212	Bra030586	AT1G04710	PKT4
ath04146	Bra030586	AT1G04710	PKT4
ath04141	Bra030592	AT1G04850	AT1G04850
ath03022	Bra030602	AT1G05055	GTF2H2
ath03420	Bra030602	AT1G05055	GTF2H2
ath04141	Bra030613	AT1G05520	AT1G05520
ath00240	Bra030616	AT1G05620	URH2
ath00760	Bra030616	AT1G05620	URH2
ath01100	Bra030616	AT1G05620	URH2
ath01232	Bra030616	AT1G05620	URH2
ath00040	Bra030619	AT1G05660	AT1G05660
ath01100	Bra030619	AT1G05660	AT1G05660
ath00051	Bra030634	AT1G06020	AT1G06020
ath00500	Bra030634	AT1G06020	AT1G06020
ath00520	Bra030634	AT1G06020	AT1G06020
ath01100	Bra030634	AT1G06020	AT1G06020
ath01110	Bra030634	AT1G06020	AT1G06020
ath01250	Bra030634	AT1G06020	AT1G06020
ath03040	Bra030642	AT1G06220	MEE5
ath00500	Bra030651	AT1G06410	TPS7
ath01100	Bra030651	AT1G06410	TPS7
ath01110	Bra030651	AT1G06410	TPS7
ath00280	Bra030657	AT1G06550	AT1G06550
ath00410	Bra030657	AT1G06550	AT1G06550
ath00640	Bra030657	AT1G06550	AT1G06550
ath01100	Bra030657	AT1G06550	AT1G06550
ath01200	Bra030657	AT1G06550	AT1G06550
ath03020	Bra030662	AT1G06790	AT1G06790
ath00600	Bra030680	AT1G07380	AT1G07380
ath01100	Bra030680	AT1G07380	AT1G07380
ath00100	Bra030681	AT1G07420	SMO2-1
ath01100	Bra030681	AT1G07420	SMO2-1
ath01110	Bra030681	AT1G07420	SMO2-1
ath03440	Bra030700	AT1G07745	RAD51D
ath03008	Bra030723	AT1G08410	AT1G08410
ath00592	Bra030773	AT1G09400	AT1G09400
ath01100	Bra030773	AT1G09400	AT1G09400
ath01110	Bra030773	AT1G09400	AT1G09400
ath00030	Bra030775	AT1G09420	G6PD4
ath00480	Bra030775	AT1G09420	G6PD4
ath01100	Bra030775	AT1G09420	G6PD4
ath01110	Bra030775	AT1G09420	G6PD4
ath01200	Bra030775	AT1G09420	G6PD4
ath00020	Bra030777	AT1G09430	ACLA-3
ath01100	Bra030777	AT1G09430	ACLA-3
ath01110	Bra030777	AT1G09430	ACLA-3
ath03040	Bra030797	AT1G09760	U2A'
ath00010	Bra030799	AT1G09780	iPGAM1
ath00260	Bra030799	AT1G09780	iPGAM1
ath01100	Bra030799	AT1G09780	iPGAM1
ath01110	Bra030799	AT1G09780	iPGAM1
ath01200	Bra030799	AT1G09780	iPGAM1
ath01230	Bra030799	AT1G09780	iPGAM1
ath04517	Bra030803	AT1G09840	SK41
ath04518	Bra030803	AT1G09840	SK41
ath04519	Bra030803	AT1G09840	SK41
ath04148	Bra030808	AT1G54320	AT1G54320
ath03082	Bra030818	AT3G33520	ARP6
ath00270	Bra030821	AT1G55920	SERAT2
ath00543	Bra030821	AT1G55920	SERAT2
ath00920	Bra030821	AT1G55920	SERAT2
ath01100	Bra030821	AT1G55920	SERAT2
ath01110	Bra030821	AT1G55920	SERAT2
ath01200	Bra030821	AT1G55920	SERAT2
ath01230	Bra030821	AT1G55920	SERAT2
ath00240	Bra030832	AT1G55810	UKL3
ath01100	Bra030832	AT1G55810	UKL3
ath01232	Bra030832	AT1G55810	UKL3
ath00052	Bra030839	AT1G55740	SIP1
ath01100	Bra030839	AT1G55740	SIP1
ath00230	Bra030844	AT4G09320	NDPK1
ath00240	Bra030844	AT4G09320	NDPK1
ath01100	Bra030844	AT4G09320	NDPK1
ath01110	Bra030844	AT4G09320	NDPK1
ath01232	Bra030844	AT4G09320	NDPK1
ath01240	Bra030844	AT4G09320	NDPK1
ath04016	Bra030844	AT4G09320	NDPK1
ath00053	Bra030850	AT1G55560	sks14
ath01100	Bra030850	AT1G55560	sks14
ath03013	Bra030852	AT1G55540	LNO1
ath00280	Bra030856	AT1G55510	BCDH_BETA1
ath00640	Bra030856	AT1G55510	BCDH_BETA1
ath00785	Bra030856	AT1G55510	BCDH_BETA1
ath01100	Bra030856	AT1G55510	BCDH_BETA1
ath01110	Bra030856	AT1G55510	BCDH_BETA1
ath01210	Bra030856	AT1G55510	BCDH_BETA1
ath03040	Bra030884	AT1G55150	RH20
ath03022	Bra030901	AT1G54140	TAFII21
ath00010	Bra030906	AT1G54100	ALDH7B4
ath00053	Bra030906	AT1G54100	ALDH7B4
ath00071	Bra030906	AT1G54100	ALDH7B4
ath00260	Bra030906	AT1G54100	ALDH7B4
ath00280	Bra030906	AT1G54100	ALDH7B4
ath00310	Bra030906	AT1G54100	ALDH7B4
ath00330	Bra030906	AT1G54100	ALDH7B4
ath00340	Bra030906	AT1G54100	ALDH7B4
ath00380	Bra030906	AT1G54100	ALDH7B4
ath00410	Bra030906	AT1G54100	ALDH7B4
ath00561	Bra030906	AT1G54100	ALDH7B4
ath00620	Bra030906	AT1G54100	ALDH7B4
ath00670	Bra030906	AT1G54100	ALDH7B4
ath01100	Bra030906	AT1G54100	ALDH7B4
ath01110	Bra030906	AT1G54100	ALDH7B4
ath04141	Bra030910	AT1G54050	AT1G54050
ath00563	Bra030924	AT1G53710	AT1G53710
ath01100	Bra030924	AT1G53710	AT1G53710
ath00920	Bra030931	AT1G53580	GLY3
ath01100	Bra030931	AT1G53580	GLY3
ath00620	Bra030945	AT1G53310	PPC1
ath00710	Bra030945	AT1G53310	PPC1
ath01100	Bra030945	AT1G53310	PPC1
ath01200	Bra030945	AT1G53310	PPC1
ath02010	Bra030948	AT1G53270	ABCG10
ath04981	Bra030948	AT1G53270	ABCG10
ath00020	Bra030951	AT1G53240	mMDH1
ath00270	Bra030951	AT1G53240	mMDH1
ath00566	Bra030951	AT1G53240	mMDH1
ath00620	Bra030951	AT1G53240	mMDH1
ath00630	Bra030951	AT1G53240	mMDH1
ath00710	Bra030951	AT1G53240	mMDH1
ath01100	Bra030951	AT1G53240	mMDH1
ath01110	Bra030951	AT1G53240	mMDH1
ath01200	Bra030951	AT1G53240	mMDH1
ath00562	Bra030984	AT1G17340	AT1G17340
ath01100	Bra030984	AT1G17340	AT1G17340
ath04142	Bra030984	AT1G17340	AT1G17340
ath04075	Bra030986	AT1G17380	JAZ5
ath00591	Bra030988	AT1G17420	LOX3
ath00592	Bra030988	AT1G17420	LOX3
ath01100	Bra030988	AT1G17420	LOX3
ath01110	Bra030988	AT1G17420	LOX3
ath04814	Bra030993	AT1G17580	MYA1
ath03015	Bra031003	AT1G17720	ATB_BETA
ath04382	Bra031003	AT1G17720	ATB_BETA
ath03015	Bra031010	AT1G17980	PAPS1
ath03010	Bra031014	AT1G18080	ATARCA
ath00290	Bra031031	AT1G18500	MAML-4
ath00620	Bra031031	AT1G18500	MAML-4
ath01100	Bra031031	AT1G18500	MAML-4
ath01110	Bra031031	AT1G18500	MAML-4
ath01210	Bra031031	AT1G18500	MAML-4
ath01230	Bra031031	AT1G18500	MAML-4
ath03010	Bra031034	AT1G18540	AT1G18540
ath04075	Bra031055	AT1G18890	CDPK1
ath04626	Bra031055	AT1G18890	CDPK1
ath04075	Bra031065	AT1G19180	JAZ1
ath00062	Bra031081	AT1G19440	KCS4
ath01100	Bra031081	AT1G19440	KCS4
ath01110	Bra031081	AT1G19440	KCS4
ath04626	Bra031081	AT1G19440	KCS4
ath03440	Bra031084	AT2G19490	RECA2
ath00270	Bra031090	AT2G19590	ACO1
ath01100	Bra031090	AT2G19590	ACO1
ath01110	Bra031090	AT2G19590	ACO1
ath03010	Bra031093	AT2G19730	AT2G19730
ath03010	Bra031094	AT2G19740	AT2G19740
ath03010	Bra031109	AT2G20060	AT2G20060
ath00190	Bra031117	AT2G20360	AT2G20360
ath01100	Bra031117	AT2G20360	AT2G20360
ath03008	Bra031125	AT2G20490	NOP10
ath00051	Bra031137	AT2G20680	MAN2
ath01100	Bra031137	AT2G20680	MAN2
ath00785	Bra031143	AT2G20860	LIP1
ath01100	Bra031143	AT2G20860	LIP1
ath01240	Bra031143	AT2G20860	LIP1
ath04016	Bra031145	AT2G20875	EPF1
ath04075	Bra031158	AT2G21050	LAX2
ath04141	Bra031166	AT2G21160	AT2G21160
ath00010	Bra031167	AT2G21170	TIM
ath00051	Bra031167	AT2G21170	TIM
ath00562	Bra031167	AT2G21170	TIM
ath00710	Bra031167	AT2G21170	TIM
ath01100	Bra031167	AT2G21170	TIM
ath01110	Bra031167	AT2G21170	TIM
ath01200	Bra031167	AT2G21170	TIM
ath01230	Bra031167	AT2G21170	TIM
ath04075	Bra031171	AT2G21220	AT2G21220
ath04814	Bra031179	AT2G21300	AT2G21300
ath00010	Bra031181	AT2G21330	FBA1
ath00030	Bra031181	AT2G21330	FBA1
ath00051	Bra031181	AT2G21330	FBA1
ath00710	Bra031181	AT2G21330	FBA1
ath01100	Bra031181	AT2G21330	FBA1
ath01110	Bra031181	AT2G21330	FBA1
ath01200	Bra031181	AT2G21330	FBA1
ath01230	Bra031181	AT2G21330	FBA1
ath00040	Bra031183	AT2G21370	XK-1
ath01100	Bra031183	AT2G21370	XK-1
ath04814	Bra031184	AT2G21380	AT2G21380
ath00190	Bra031187	AT2G21410	VHA-A2
ath01100	Bra031187	AT2G21410	VHA-A2
ath04142	Bra031187	AT2G21410	VHA-A2
ath04145	Bra031187	AT2G21410	VHA-A2
ath03008	Bra031190	AT2G21440	AT2G21440
ath04120	Bra031191	AT2G21470	SAE2
ath00040	Bra031204	AT2G21610	PE11
ath01100	Bra031204	AT2G21610	PE11
ath04141	Bra031206	AT2G21630	AT2G21630
ath00010	Bra031208	AT1G64710	AT1G64710
ath00071	Bra031208	AT1G64710	AT1G64710
ath00350	Bra031208	AT1G64710	AT1G64710
ath00592	Bra031208	AT1G64710	AT1G64710
ath00620	Bra031208	AT1G64710	AT1G64710
ath01100	Bra031208	AT1G64710	AT1G64710
ath01110	Bra031208	AT1G64710	AT1G64710
ath00970	Bra031214	AT4G39280	AT4G39280
ath00940	Bra031216	AT2G21730	CAD2
ath01100	Bra031216	AT2G21730	CAD2
ath01110	Bra031216	AT2G21730	CAD2
ath03060	Bra031243	AT3G20920	AT3G20920
ath04141	Bra031243	AT3G20920	AT3G20920
ath02010	Bra031249	AT3G21090	ABCG15
ath04981	Bra031249	AT3G21090	ABCG15
ath00510	Bra031256	AT3G21160	MNS2
ath00513	Bra031256	AT3G21160	MNS2
ath01100	Bra031256	AT3G21160	MNS2
ath04141	Bra031256	AT3G21160	MNS2
ath00130	Bra031266	AT3G21240	4CL2
ath00940	Bra031266	AT3G21240	4CL2
ath01100	Bra031266	AT3G21240	4CL2
ath01110	Bra031266	AT3G21240	4CL2
ath00906	Bra031281	AT3G21420	LBO1
ath01110	Bra031281	AT3G21420	LBO1
ath04626	Bra031293	AT3G21630	CERK1
ath03015	Bra031294	AT3G21650	AT3G21650
ath04382	Bra031294	AT3G21650	AT3G21650
ath00630	Bra031301	AT3G21720	ICL
ath00640	Bra031301	AT3G21720	ICL
ath01100	Bra031301	AT3G21720	ICL
ath01110	Bra031301	AT3G21720	ICL
ath01200	Bra031301	AT3G21720	ICL
ath00250	Bra031332	AT3G22200	POP2
ath00650	Bra031332	AT3G22200	POP2
ath01100	Bra031332	AT3G22200	POP2
ath03018	Bra031345	AT3G22270	AT3G22270
ath03010	Bra031348	AT3G22300	RPS10
ath00260	Bra031358	AT1G22020	SHM6
ath00460	Bra031358	AT1G22020	SHM6
ath00630	Bra031358	AT1G22020	SHM6
ath00670	Bra031358	AT1G22020	SHM6
ath01100	Bra031358	AT1G22020	SHM6
ath01110	Bra031358	AT1G22020	SHM6
ath01200	Bra031358	AT1G22020	SHM6
ath01230	Bra031358	AT1G22020	SHM6
ath01240	Bra031358	AT1G22020	SHM6
ath04981	Bra031358	AT1G22020	SHM6
ath04075	Bra031364	AT1G22070	TGA3
ath04519	Bra031383	AT1G22300	GRF10
ath00908	Bra031387	AT1G22360	UGT85A2
ath01110	Bra031387	AT1G22360	UGT85A2
ath00400	Bra031389	AT1G22410	AT1G22410
ath01100	Bra031389	AT1G22410	AT1G22410
ath01110	Bra031389	AT1G22410	AT1G22410
ath01230	Bra031389	AT1G22410	AT1G22410
ath00010	Bra031390	AT1G22430	AT1G22430
ath00071	Bra031390	AT1G22430	AT1G22430
ath00350	Bra031390	AT1G22430	AT1G22430
ath00620	Bra031390	AT1G22430	AT1G22430
ath01100	Bra031390	AT1G22430	AT1G22430
ath01110	Bra031390	AT1G22430	AT1G22430
ath01200	Bra031390	AT1G22430	AT1G22430
ath00460	Bra031392	AT1G61820	BGLU46
ath00500	Bra031392	AT1G61820	BGLU46
ath00999	Bra031392	AT1G61820	BGLU46
ath01100	Bra031392	AT1G61820	BGLU46
ath01110	Bra031392	AT1G61820	BGLU46
ath00510	Bra031396	AT1G61790	AT1G61790
ath00513	Bra031396	AT1G61790	AT1G61790
ath04141	Bra031396	AT1G61790	AT1G61790
ath03020	Bra031404	AT1G61700	AT1G61700
ath03420	Bra031404	AT1G61700	AT1G61700
ath04142	Bra031417	AT1G61630	ENT7
ath03010	Bra031423	AT1G61580	RPL3B
ath03015	Bra031460	AT1G61010	CPSF73-I
ath00195	Bra031471	AT1G60950	FED_A
ath01100	Bra031471	AT1G60950	FED_A
ath03040	Bra031477	AT1G60900	AT1G60900
ath04142	Bra031481	AT1G60780	HAP13
ath03020	Bra031493	AT1G60620	RPAC43
ath00130	Bra031496	AT1G60600	ABC4
ath01100	Bra031496	AT1G60600	ABC4
ath01110	Bra031496	AT1G60600	ABC4
ath01240	Bra031496	AT1G60600	ABC4
ath03040	Bra031520	AT1G60200	AT1G60200
ath03040	Bra031522	AT1G60170	emb1220
ath00500	Bra031526	AT1G60140	TPS10
ath01100	Bra031526	AT1G60140	TPS10
ath01110	Bra031526	AT1G60140	TPS10
ath00195	Bra031534	AT1G06680	PSBP-1
ath01100	Bra031534	AT1G06680	PSBP-1
ath00906	Bra031539	AT1G06820	CRTISO
ath01100	Bra031539	AT1G06820	CRTISO
ath01110	Bra031539	AT1G06820	CRTISO
ath00051	Bra031553	AT1G07110	F2KP
ath01100	Bra031553	AT1G07110	F2KP
ath04016	Bra031574	AT1G07430	HAI2
ath04075	Bra031574	AT1G07430	HAI2
ath00960	Bra031575	AT1G07450	AT1G07450
ath01100	Bra031575	AT1G07450	AT1G07450
ath01110	Bra031575	AT1G07450	AT1G07450
ath03022	Bra031577	AT1G07470	AT1G07470
ath03010	Bra031590	AT1G07770	RPS15A
ath04148	Bra031597	AT1G07880	ATMPK13
ath04517	Bra031597	AT1G07880	ATMPK13
ath04519	Bra031597	AT1G07880	ATMPK13
ath04620	Bra031597	AT1G07880	ATMPK13
ath00053	Bra031598	AT1G07890	APX1
ath00480	Bra031598	AT1G07890	APX1
ath01100	Bra031598	AT1G07890	APX1
ath00910	Bra031610	AT1G08090	NRT2:1
ath00400	Bra031620	AT1G08250	ADT6
ath01100	Bra031620	AT1G08250	ADT6
ath01110	Bra031620	AT1G08250	ADT6
ath01230	Bra031620	AT1G08250	ADT6
ath00195	Bra031624	AT1G08380	PSAO
ath01100	Bra031624	AT1G08380	PSAO
ath04141	Bra031627	AT1G08450	CRT3
ath04145	Bra031627	AT1G08450	CRT3
ath04148	Bra031627	AT1G08450	CRT3
ath00061	Bra031631	AT1G08510	FATB
ath01100	Bra031631	AT1G08510	FATB
ath01212	Bra031631	AT1G08510	FATB
ath00260	Bra031636	AT1G08630	THA1
ath01100	Bra031636	AT1G08630	THA1
ath01110	Bra031636	AT1G08630	THA1
ath01230	Bra031636	AT1G08630	THA1
ath04146	Bra031642	AT1G08830	CSD1
ath03030	Bra031643	AT1G08840	emb2411
ath00330	Bra031652	AT1G08980	AMI1
ath00360	Bra031652	AT1G08980	AMI1
ath00380	Bra031652	AT1G08980	AMI1
ath01100	Bra031652	AT1G08980	AMI1
ath03060	Bra031657	AT1G09080	BIP3
ath04141	Bra031657	AT1G09080	BIP3
ath04156	Bra031657	AT1G09080	BIP3
ath04016	Bra031658	AT1G09090	RBOHB
ath04626	Bra031658	AT1G09090	RBOHB
ath00052	Bra031663	AT1G09350	GolS3
ath01100	Bra031663	AT1G09350	GolS3
ath04075	Bra031668	AT1G09530	PIF3
ath04712	Bra031668	AT1G09530	PIF3
ath00970	Bra031675	AT1G09620	AT1G09620
ath04148	Bra031701	AT1G10130	ECA3
ath00061	Bra031705	AT5G35360	CAC2
ath00620	Bra031705	AT5G35360	CAC2
ath00640	Bra031705	AT5G35360	CAC2
ath01100	Bra031705	AT5G35360	CAC2
ath01110	Bra031705	AT5G35360	CAC2
ath01200	Bra031705	AT5G35360	CAC2
ath01212	Bra031705	AT5G35360	CAC2
ath04144	Bra031707	AT1G10290	ADL6
ath04145	Bra031707	AT1G10290	ADL6
ath05100	Bra031707	AT1G10290	ADL6
ath00480	Bra031708	AT1G10360	GSTU18
ath01100	Bra031708	AT1G10360	GSTU18
ath03015	Bra031712	AT1G10430	PP2A-2
ath04136	Bra031712	AT1G10430	PP2A-2
ath04382	Bra031712	AT1G10430	PP2A-2
ath04075	Bra031714	AT1G10470	ARR4
ath00562	Bra031742	AT1G10900	AT1G10900
ath01100	Bra031742	AT1G10900	AT1G10900
ath04070	Bra031742	AT1G10900	AT1G10900
ath04144	Bra031742	AT1G10900	AT1G10900
ath00040	Bra031771	AT1G11580	PMEPCRA
ath01100	Bra031771	AT1G11580	PMEPCRA
ath00073	Bra031773	AT1G11600	CYP77B1
ath00260	Bra031785	AT1G11860	AT1G11860
ath00630	Bra031785	AT1G11860	AT1G11860
ath00670	Bra031785	AT1G11860	AT1G11860
ath00785	Bra031785	AT1G11860	AT1G11860
ath01100	Bra031785	AT1G11860	AT1G11860
ath01110	Bra031785	AT1G11860	AT1G11860
ath01200	Bra031785	AT1G11860	AT1G11860
ath00970	Bra031786	AT1G11870	SRS
ath00280	Bra031802	AT5G65940	CHY1
ath00410	Bra031802	AT5G65940	CHY1
ath00640	Bra031802	AT5G65940	CHY1
ath01100	Bra031802	AT5G65940	CHY1
ath01200	Bra031802	AT5G65940	CHY1
ath03015	Bra031808	AT5G66240	AT5G66240
ath04075	Bra031844	AT5G65870	PSK5
ath00270	Bra031846	AT5G65800	ACS5
ath01100	Bra031846	AT5G65800	ACS5
ath01110	Bra031846	AT5G65800	ACS5
ath04075	Bra031850	AT5G65670	IAA9
ath00020	Bra031877	AT5G65165	SDH2-3
ath00190	Bra031877	AT5G65165	SDH2-3
ath01100	Bra031877	AT5G65165	SDH2-3
ath01110	Bra031877	AT5G65165	SDH2-3
ath01200	Bra031877	AT5G65165	SDH2-3
ath00500	Bra031879	AT5G65140	TPPJ
ath01100	Bra031879	AT5G65140	TPPJ
ath01110	Bra031879	AT5G65140	TPPJ
ath03440	Bra031944	AT5G63920	TOP3A
ath03460	Bra031944	AT5G63920	TOP3A
ath00061	Bra031956	AT3G04000	AT3G04000
ath00780	Bra031956	AT3G04000	AT3G04000
ath01100	Bra031956	AT3G04000	AT3G04000
ath01110	Bra031956	AT3G04000	AT3G04000
ath01212	Bra031956	AT3G04000	AT3G04000
ath01240	Bra031956	AT3G04000	AT3G04000
ath00230	Bra031965	AT3G03900	APK3
ath00920	Bra031965	AT3G03900	APK3
ath01100	Bra031965	AT3G03900	APK3
ath01320	Bra031965	AT3G03900	APK3
ath04130	Bra031972	AT3G03800	SYP131
ath00310	Bra031976	AT3G03750	SDG20
ath01100	Bra031976	AT3G03750	SDG20
ath03010	Bra031984	AT3G03600	RPS2
ath00561	Bra031987	AT3G03520	NPC3
ath01100	Bra031987	AT3G03520	NPC3
ath01110	Bra031987	AT3G03520	NPC3
ath00592	Bra031989	AT3G03480	CHAT
ath01110	Bra031989	AT3G03480	CHAT
ath04075	Bra031991	AT3G03450	RGL2
ath04626	Bra031993	AT3G03430	AT3G03430
ath00480	Bra032010	AT3G03190	GSTF11
ath01100	Bra032010	AT3G03190	GSTF11
ath00190	Bra032020	AT3G03070	AT3G03070
ath01100	Bra032020	AT3G03070	AT3G03070
ath03013	Bra032027	AT3G02950	THO7
ath03040	Bra032027	AT3G02950	THO7
ath00514	Bra032030	AT2G25260	AT2G25260
ath03010	Bra032033	AT4G31985	AT4G31985
ath04075	Bra032035	AT2G25180	RR12
ath03030	Bra032040	AT2G25100	AT2G25100
ath03008	Bra032051	AT5G37350	AT5G37350
ath04626	Bra032081	AT2G24610	CNGC14
ath03040	Bra032082	AT2G24590	RSZ22a
ath00260	Bra032083	AT2G24580	AT2G24580
ath00310	Bra032083	AT2G24580	AT2G24580
ath01100	Bra032083	AT2G24580	AT2G24580
ath04146	Bra032083	AT2G24580	AT2G24580
ath03030	Bra032088	AT2G24490	RPA2
ath03420	Bra032088	AT2G24490	RPA2
ath03430	Bra032088	AT2G24490	RPA2
ath03440	Bra032088	AT2G24490	RPA2
ath03460	Bra032088	AT2G24490	RPA2
ath04075	Bra032097	AT2G24400	AT2G24400
ath00010	Bra032110	AT2G24270	ALDH11A3
ath00030	Bra032110	AT2G24270	ALDH11A3
ath01100	Bra032110	AT2G24270	ALDH11A3
ath01200	Bra032110	AT2G24270	ALDH11A3
ath00480	Bra032118	AT2G24200	LAP1
ath01100	Bra032118	AT2G24200	LAP1
ath03010	Bra032122	AT2G24090	PRPL35
ath04626	Bra032132	AT2G23980	CNGC6
ath04141	Bra032145	AT2G23780	AT2G23780
ath03015	Bra032172	AT2G23350	PAB4
ath03018	Bra032172	AT2G23350	PAB4
ath00909	Bra032185	AT5G36150	PEN3
ath04016	Bra032188	AT2G23030	SNRK2.9
ath04075	Bra032188	AT2G23030	SNRK2.9
ath04016	Bra032191	AT1G43700	VIP1
ath03008	Bra032193	AT1G43860	AT1G43860
ath00904	Bra032238	AT1G47990	GA2OX4
ath01110	Bra032238	AT1G47990	GA2OX4
ath03060	Bra032242	AT1G48160	AT1G48160
ath03083	Bra032244	AT1G36340	UBC31
ath04120	Bra032244	AT1G36340	UBC31
ath04141	Bra032244	AT1G36340	UBC31
ath03010	Bra032261	AT1G48630	RACK1B_AT
ath04142	Bra032266	AT1G48760	delta-ADR
ath00061	Bra032284	AT1G49430	LACS2
ath00071	Bra032284	AT1G49430	LACS2
ath01100	Bra032284	AT1G49430	LACS2
ath01212	Bra032284	AT1G49430	LACS2
ath04146	Bra032284	AT1G49430	LACS2
ath04146	Bra032295	AT1G29260	PEX7
ath04075	Bra032322	AT1G29450	AT1G29450
ath00790	Bra032338	AT1G29810	AT1G29810
ath01100	Bra032338	AT1G29810	AT1G29810
ath00220	Bra032344	AT1G29900	CARB
ath00240	Bra032344	AT1G29900	CARB
ath00250	Bra032344	AT1G29900	CARB
ath01100	Bra032344	AT1G29900	CARB
ath01110	Bra032344	AT1G29900	CARB
ath01240	Bra032344	AT1G29900	CARB
ath00510	Bra032351	AT1G30000	MNS3
ath00513	Bra032351	AT1G30000	MNS3
ath01100	Bra032351	AT1G30000	MNS3
ath04141	Bra032351	AT1G30000	MNS3
ath00906	Bra032359	AT1G30100	NCED5
ath01100	Bra032359	AT1G30100	NCED5
ath01110	Bra032359	AT1G30100	NCED5
ath00230	Bra032360	AT1G30110	NUDX25
ath00240	Bra032360	AT1G30110	NUDX25
ath00195	Bra032396	AT1G30510	RFNR2
ath01100	Bra032396	AT1G30510	RFNR2
ath00130	Bra032398	AT1G30520	AAE14
ath01100	Bra032398	AT1G30520	AAE14
ath01110	Bra032398	AT1G30520	AAE14
ath01240	Bra032398	AT1G30520	AAE14
ath00520	Bra032400	AT1G30540	AT1G30540
ath01100	Bra032400	AT1G30540	AT1G30540
ath01250	Bra032400	AT1G30540	AT1G30540
ath00190	Bra032402	AT3G08560	VHA-E2
ath01100	Bra032402	AT3G08560	VHA-E2
ath04142	Bra032402	AT3G08560	VHA-E2
ath04145	Bra032402	AT3G08560	VHA-E2
ath00520	Bra032409	AT1G30620	MUR4
ath01100	Bra032409	AT1G30620	MUR4
ath01250	Bra032409	AT1G30620	MUR4
ath03018	Bra032421	AT1G06450	AT1G06450
ath04144	Bra032424	AT1G06400	ARA-2
ath00620	Bra032436	AT1G06130	GLX2-4
ath01100	Bra032436	AT1G06130	GLX2-4
ath00511	Bra032460	AT1G05590	HEXO2
ath00513	Bra032460	AT1G05590	HEXO2
ath00520	Bra032460	AT1G05590	HEXO2
ath00531	Bra032460	AT1G05590	HEXO2
ath00600	Bra032460	AT1G05590	HEXO2
ath00603	Bra032460	AT1G05590	HEXO2
ath00604	Bra032460	AT1G05590	HEXO2
ath01100	Bra032460	AT1G05590	HEXO2
ath04142	Bra032460	AT1G05590	HEXO2
ath00940	Bra032477	AT1G05250	AT1G05250
ath01100	Bra032477	AT1G05250	AT1G05250
ath01110	Bra032477	AT1G05250	AT1G05250
ath03010	Bra032481	AT1G05190	emb2394
ath03083	Bra032492	AT1G04860	UBP2
ath03010	Bra032506	AT3G04400	emb2171
ath03010	Bra032519	AT1G04270	RPS15
ath00380	Bra032524	AT1G04180	YUC9
ath01100	Bra032524	AT1G04180	YUC9
ath04075	Bra032524	AT1G04180	YUC9
ath04156	Bra032525	AT1G04170	EIF2_GAMMA
ath04814	Bra032526	AT1G04160	XIB
ath03440	Bra032532	AT1G04020	BARD1
ath03040	Bra032556	AT1G03140	AT1G03140
ath00280	Bra032557	AT1G03090	MCCA
ath01100	Bra032557	AT1G03090	MCCA
ath00906	Bra032560	AT1G03055	D27
ath01110	Bra032560	AT1G03055	D27
ath04146	Bra032565	AT1G03000	PEX6
ath00480	Bra032578	AT1G02950	GSTF4
ath01100	Bra032578	AT1G02950	GSTF4
ath00500	Bra032584	AT1G02800	CEL2
ath01100	Bra032584	AT1G02800	CEL2
ath03082	Bra032588	AT1G02740	AT1G02740
ath00520	Bra032626	AT1G01220	FKGP
ath01100	Bra032626	AT1G01220	FKGP
ath01250	Bra032626	AT1G01220	FKGP
ath00790	Bra032632	AT1G01290	CNX3
ath01100	Bra032632	AT1G01290	CNX3
ath01240	Bra032632	AT1G01290	CNX3
ath04122	Bra032632	AT1G01290	CNX3
ath00561	Bra032643	AT1G01610	GPAT4
ath00564	Bra032643	AT1G01610	GPAT4
ath01100	Bra032643	AT1G01610	GPAT4
ath01110	Bra032643	AT1G01610	GPAT4
ath03060	Bra032654	AT1G01910	AT1G01910
ath04144	Bra032659	AT1G01960	EDA10
ath03013	Bra032668	AT1G02140	MAGO
ath03015	Bra032668	AT1G02140	MAGO
ath03040	Bra032668	AT1G02140	MAGO
ath00510	Bra032669	AT1G02145	ALG12
ath00513	Bra032669	AT1G02145	ALG12
ath01100	Bra032669	AT1G02145	ALG12
ath00073	Bra032670	AT1G02205	CER1
ath01110	Bra032670	AT1G02205	CER1
ath00195	Bra032672	AT4G12800	PSAL
ath01100	Bra032672	AT4G12800	PSAL
ath04626	Bra032677	AT4G12860	UNE14
ath00061	Bra032687	AT4G13050	AT4G13050
ath01100	Bra032687	AT4G13050	AT4G13050
ath00061	Bra032693	AT4G13180	AT4G13180
ath00780	Bra032693	AT4G13180	AT4G13180
ath01100	Bra032693	AT4G13180	AT4G13180
ath01110	Bra032693	AT4G13180	AT4G13180
ath01212	Bra032693	AT4G13180	AT4G13180
ath01240	Bra032693	AT4G13180	AT4G13180
ath00040	Bra032696	AT4G13210	AT4G13210
ath01100	Bra032696	AT4G13210	AT4G13210
ath00860	Bra032697	AT4G13250	NYC1
ath01100	Bra032697	AT4G13250	NYC1
ath01110	Bra032697	AT4G13250	NYC1
ath00280	Bra032700	AT4G13360	AT4G13360
ath00410	Bra032700	AT4G13360	AT4G13360
ath00640	Bra032700	AT4G13360	AT4G13360
ath01100	Bra032700	AT4G13360	AT4G13360
ath01200	Bra032700	AT4G13360	AT4G13360
ath00040	Bra032730	AT4G13710	AT4G13710
ath01100	Bra032730	AT4G13710	AT4G13710
ath00230	Bra032731	AT4G13720	AT4G13720
ath01100	Bra032731	AT4G13720	AT4G13720
ath01232	Bra032731	AT4G13720	AT4G13720
ath00966	Bra032734	AT4G13770	CYP83A1
ath01110	Bra032734	AT4G13770	CYP83A1
ath01210	Bra032734	AT4G13770	CYP83A1
ath00450	Bra032735	AT4G13780	AT4G13780
ath00970	Bra032735	AT4G13780	AT4G13780
ath01100	Bra032735	AT4G13780	AT4G13780
ath04075	Bra032736	AT4G13790	AT4G13790
ath00260	Bra032749	AT4G13930	SHM4
ath00460	Bra032749	AT4G13930	SHM4
ath00630	Bra032749	AT4G13930	SHM4
ath00670	Bra032749	AT4G13930	SHM4
ath01100	Bra032749	AT4G13930	SHM4
ath01110	Bra032749	AT4G13930	SHM4
ath01200	Bra032749	AT4G13930	SHM4
ath01230	Bra032749	AT4G13930	SHM4
ath01240	Bra032749	AT4G13930	SHM4
ath04981	Bra032749	AT4G13930	SHM4
ath00270	Bra032750	AT4G13940	HOG1
ath00670	Bra032750	AT4G13940	HOG1
ath01100	Bra032750	AT4G13940	HOG1
ath00920	Bra032755	AT4G14030	SBP1
ath01100	Bra032755	AT4G14030	SBP1
ath00061	Bra032757	AT4G14070	AAE15
ath00071	Bra032757	AT4G14070	AAE15
ath01100	Bra032757	AT4G14070	AAE15
ath01212	Bra032757	AT4G14070	AAE15
ath04146	Bra032757	AT4G14070	AAE15
ath03008	Bra032762	AT2G47300	POP1
ath04144	Bra032763	AT4G14147	ARPC4
ath04517	Bra032763	AT4G14147	ARPC4
ath04519	Bra032763	AT4G14147	ARPC4
ath05100	Bra032763	AT4G14147	ARPC4
ath04141	Bra032766	AT4G14160	AT4G14160
ath00906	Bra032770	AT4G14210	PDS3
ath01100	Bra032770	AT4G14210	PDS3
ath01110	Bra032770	AT4G14210	PDS3
ath04146	Bra032782	AT4G14305	AT4G14305
ath00062	Bra032801	AT1G24470	KCR2
ath01040	Bra032801	AT1G24470	KCR2
ath01100	Bra032801	AT1G24470	KCR2
ath01110	Bra032801	AT1G24470	KCR2
ath01212	Bra032801	AT1G24470	KCR2
ath00061	Bra032808	AT1G24360	AT1G24360
ath00780	Bra032808	AT1G24360	AT1G24360
ath01100	Bra032808	AT1G24360	AT1G24360
ath01110	Bra032808	AT1G24360	AT1G24360
ath01212	Bra032808	AT1G24360	AT1G24360
ath01240	Bra032808	AT1G24360	AT1G24360
ath03010	Bra032828	AT1G27400	AT1G27400
ath04141	Bra032833	AT1G27520	AT1G27520
ath00500	Bra032842	AT1G27680	APL2
ath00520	Bra032842	AT1G27680	APL2
ath01100	Bra032842	AT1G27680	APL2
ath01110	Bra032842	AT1G27680	APL2
ath01250	Bra032842	AT1G27680	APL2
ath03420	Bra032850	AT1G27840	ATCSA-1
ath04120	Bra032850	AT1G27840	ATCSA-1
ath02010	Bra032856	AT1G27940	ABCB13
ath03040	Bra032868	AT1G28060	AT1G28060
ath04144	Bra032914	AT1G28550	RABA1i
ath03010	Bra032930	AT3G26360	AT3G26360
ath04075	Bra032954	AT3G26810	AFB2
ath00230	Bra032979	AT3G27060	TSO2
ath00240	Bra032979	AT3G27060	TSO2
ath00480	Bra032979	AT3G27060	TSO2
ath01100	Bra032979	AT3G27060	TSO2
ath01232	Bra032979	AT3G27060	TSO2
ath00240	Bra032986	AT3G27190	UKL2
ath01100	Bra032986	AT3G27190	UKL2
ath01232	Bra032986	AT3G27190	UKL2
ath00190	Bra032991	AT3G27240	AT3G27240
ath01100	Bra032991	AT3G27240	AT3G27240
ath03050	Bra033011	AT3G27430	PBB1
ath03010	Bra033029	AT3G27830	RPL12-A
ath00940	Bra033040	AT3G28200	AT3G28200
ath01100	Bra033040	AT3G28200	AT3G28200
ath01110	Bra033040	AT3G28200	AT3G28200
ath00190	Bra033054	AT3G28715	AT3G28715
ath01100	Bra033054	AT3G28715	AT3G28715
ath04142	Bra033054	AT3G28715	AT3G28715
ath04145	Bra033054	AT3G28715	AT3G28715
ath04626	Bra033067	AT3G28910	MYB30
ath00100	Bra033117	AT4G12110	SMO1-1
ath01100	Bra033117	AT4G12110	SMO1-1
ath01110	Bra033117	AT4G12110	SMO1-1
ath00480	Bra033140	AT4G11600	GPX6
ath01100	Bra033140	AT4G11600	GPX6
ath00260	Bra033141	AT4G11640	SR
ath00470	Bra033141	AT4G11640	SR
ath01100	Bra033141	AT4G11640	SR
ath04016	Bra033151	AT4G11230	AT4G11230
ath04626	Bra033151	AT4G11230	AT4G11230
ath00190	Bra033155	AT4G11150	TUF
ath01100	Bra033155	AT4G11150	TUF
ath04142	Bra033155	AT4G11150	TUF
ath04145	Bra033155	AT4G11150	TUF
ath00230	Bra033163	AT4G11010	NDPK3
ath00240	Bra033163	AT4G11010	NDPK3
ath01100	Bra033163	AT4G11010	NDPK3
ath01110	Bra033163	AT4G11010	NDPK3
ath01232	Bra033163	AT4G11010	NDPK3
ath01240	Bra033163	AT4G11010	NDPK3
ath04016	Bra033163	AT4G11010	NDPK3
ath03010	Bra033171	AT4G10450	AT4G10450
ath00500	Bra033195	AT4G10120	ATSPS4F
ath01100	Bra033195	AT4G10120	ATSPS4F
ath01110	Bra033195	AT4G10120	ATSPS4F
ath00511	Bra033199	AT4G10060	AT4G10060
ath00600	Bra033199	AT4G10060	AT4G10060
ath01100	Bra033199	AT4G10060	AT4G10060
ath04382	Bra033199	AT4G10060	AT4G10060
ath00564	Bra033225	AT2G42010	PLDBETA1
ath00565	Bra033225	AT2G42010	PLDBETA1
ath01100	Bra033225	AT2G42010	PLDBETA1
ath01110	Bra033225	AT2G42010	PLDBETA1
ath04144	Bra033225	AT2G42010	PLDBETA1
ath00062	Bra033240	AT1G01710	AT1G01710
ath01040	Bra033240	AT1G01710	AT1G01710
ath01100	Bra033240	AT1G01710	AT1G01710
ath01110	Bra033240	AT1G01710	AT1G01710
ath00073	Bra033251	AT1G01600	CYP86A4
ath01100	Bra033251	AT1G01600	CYP86A4
ath00270	Bra033261	AT1G01480	ACS2
ath01100	Bra033261	AT1G01480	ACS2
ath01110	Bra033261	AT1G01480	ACS2
ath04016	Bra033261	AT1G01480	ACS2
ath00562	Bra033262	AT1G01460	PIPK11
ath01100	Bra033262	AT1G01460	PIPK11
ath04070	Bra033262	AT1G01460	PIPK11
ath04144	Bra033262	AT1G01460	PIPK11
ath04016	Bra033267	AT1G01360	RCAR1
ath04075	Bra033267	AT1G01360	RCAR1
ath00062	Bra033283	AT1G01120	KCS1
ath01100	Bra033283	AT1G01120	KCS1
ath01110	Bra033283	AT1G01120	KCS1
ath04626	Bra033283	AT1G01120	KCS1
ath00010	Bra033286	AT1G01090	PDH-E1_ALPHA
ath00020	Bra033286	AT1G01090	PDH-E1_ALPHA
ath00620	Bra033286	AT1G01090	PDH-E1_ALPHA
ath00785	Bra033286	AT1G01090	PDH-E1_ALPHA
ath01100	Bra033286	AT1G01090	PDH-E1_ALPHA
ath01110	Bra033286	AT1G01090	PDH-E1_ALPHA
ath01200	Bra033286	AT1G01090	PDH-E1_ALPHA
ath01210	Bra033286	AT1G01090	PDH-E1_ALPHA
ath04712	Bra033291	AT1G01060	LHY
ath00190	Bra033292	AT1G01050	PPa1
ath00051	Bra033312	AT1G02310	MAN1
ath01100	Bra033312	AT1G02310	MAN1
ath00860	Bra033317	AT4G01690	PPOX
ath01100	Bra033317	AT4G01690	PPOX
ath01110	Bra033317	AT4G01690	PPOX
ath01240	Bra033317	AT4G01690	PPOX
ath00561	Bra033323	AT1G02390	GPAT2
ath00564	Bra033323	AT1G02390	GPAT2
ath01100	Bra033323	AT1G02390	GPAT2
ath01110	Bra033323	AT1G02390	GPAT2
ath00904	Bra033324	AT1G02400	GA2OX6
ath01110	Bra033324	AT1G02400	GA2OX6
ath00310	Bra033334	AT1G02580	MEA
ath01100	Bra033334	AT1G02580	MEA
ath03083	Bra033334	AT1G02580	MEA
ath03022	Bra033338	AT1G02680	TAF13
ath00520	Bra033344	AT1G02730	CSLD5
ath01100	Bra033344	AT1G02730	CSLD5
ath00460	Bra033352	AT1G02850	BGLU11
ath00500	Bra033352	AT1G02850	BGLU11
ath00999	Bra033352	AT1G02850	BGLU11
ath01100	Bra033352	AT1G02850	BGLU11
ath01110	Bra033352	AT1G02850	BGLU11
ath00480	Bra033359	AT1G02940	GSTF5
ath01100	Bra033359	AT1G02940	GSTF5
ath00500	Bra033388	AT1G03310	DBE1
ath01100	Bra033388	AT1G03310	DBE1
ath01110	Bra033388	AT1G03310	DBE1
ath03018	Bra033392	AT1G03360	RRP4
ath04075	Bra033398	AT1G03430	AHP5
ath00860	Bra033402	AT1G03475	LIN2
ath01100	Bra033402	AT1G03475	LIN2
ath01110	Bra033402	AT1G03475	LIN2
ath01240	Bra033402	AT1G03475	LIN2
ath00860	Bra033415	AT1G03630	POR_C
ath01100	Bra033415	AT1G03630	POR_C
ath01110	Bra033415	AT1G03630	POR_C
ath04519	Bra033418	AT3G52640	AT3G52640
ath00052	Bra033419	AT3G52600	CWINV2
ath00500	Bra033419	AT3G52600	CWINV2
ath01100	Bra033419	AT3G52600	CWINV2
ath01110	Bra033419	AT3G52600	CWINV2
ath04130	Bra033436	AT3G52400	SYP122
ath00010	Bra033446	AT3G52200	LTA3
ath00020	Bra033446	AT3G52200	LTA3
ath00620	Bra033446	AT3G52200	LTA3
ath00785	Bra033446	AT3G52200	LTA3
ath01100	Bra033446	AT3G52200	LTA3
ath01110	Bra033446	AT3G52200	LTA3
ath01200	Bra033446	AT3G52200	LTA3
ath01210	Bra033446	AT3G52200	LTA3
ath04626	Bra033467	AT3G51920	CAM9
ath04075	Bra033476	AT3G51850	CPK13
ath04626	Bra033476	AT3G51850	CPK13
ath00071	Bra033483	AT4G14440	HCD1
ath04626	Bra033483	AT4G14440	HCD1
ath03010	Bra033491	AT3G23390	AT3G23390
ath00730	Bra033495	AT4G15560	CLA1
ath00900	Bra033495	AT4G15560	CLA1
ath01100	Bra033495	AT4G15560	CLA1
ath01110	Bra033495	AT4G15560	CLA1
ath04130	Bra033511	AT4G15780	VAMP724
ath04142	Bra033511	AT4G15780	VAMP724
ath04145	Bra033511	AT4G15780	VAMP724
ath00520	Bra033531	AT4G16130	ARA1
ath01100	Bra033531	AT4G16130	ARA1
ath01250	Bra033531	AT4G16130	ARA1
ath00010	Bra033540	AT4G16155	AT4G16155
ath00020	Bra033540	AT4G16155	AT4G16155
ath00260	Bra033540	AT4G16155	AT4G16155
ath00280	Bra033540	AT4G16155	AT4G16155
ath00310	Bra033540	AT4G16155	AT4G16155
ath00380	Bra033540	AT4G16155	AT4G16155
ath00620	Bra033540	AT4G16155	AT4G16155
ath00630	Bra033540	AT4G16155	AT4G16155
ath00640	Bra033540	AT4G16155	AT4G16155
ath00670	Bra033540	AT4G16155	AT4G16155
ath00785	Bra033540	AT4G16155	AT4G16155
ath01100	Bra033540	AT4G16155	AT4G16155
ath01110	Bra033540	AT4G16155	AT4G16155
ath01200	Bra033540	AT4G16155	AT4G16155
ath01210	Bra033540	AT4G16155	AT4G16155
ath01240	Bra033540	AT4G16155	AT4G16155
ath03008	Bra033543	AT3G22980	AT3G22980
ath04142	Bra033545	AT4G16190	AT4G16190
ath04626	Bra033545	AT4G16190	AT4G16190
ath03020	Bra033550	AT3G16980	NRPB9A
ath03420	Bra033550	AT3G16980	NRPB9A
ath00940	Bra033551	AT4G16270	AT4G16270
ath01100	Bra033551	AT4G16270	AT4G16270
ath01110	Bra033551	AT4G16270	AT4G16270
ath04144	Bra033555	AT4G38200	AT4G38200
ath04075	Bra033557	AT4G38230	CPK26
ath04626	Bra033557	AT4G38230	CPK26
ath04142	Bra033558	AT4G38250	AT4G38250
ath00520	Bra033560	AT4G38270	GAUT3
ath01100	Bra033560	AT4G38270	GAUT3
ath00562	Bra033567	AT4G38530	PLC1
ath01100	Bra033567	AT4G38530	PLC1
ath04070	Bra033567	AT4G38530	PLC1
ath03013	Bra033575	AT4G38760	AT4G38760
ath04075	Bra033579	AT4G38840	AT4G38840
ath00500	Bra033591	AT4G38990	GH9B16
ath01100	Bra033591	AT4G38990	GH9B16
ath00500	Bra033592	AT4G39000	GH9B17
ath01100	Bra033592	AT4G39000	GH9B17
ath03010	Bra033603	AT4G39200	AT4G39200
ath00500	Bra033604	AT4G39210	APL3
ath00520	Bra033604	AT4G39210	APL3
ath01100	Bra033604	AT4G39210	APL3
ath01110	Bra033604	AT4G39210	APL3
ath01250	Bra033604	AT4G39210	APL3
ath00940	Bra033613	AT4G39330	CAD9
ath01100	Bra033613	AT4G39330	CAD9
ath01110	Bra033613	AT4G39330	CAD9
ath03440	Bra033636	AT5G42470	AT5G42470
ath03008	Bra033638	AT5G42540	XRN2
ath03018	Bra033638	AT5G42540	XRN2
ath03013	Bra033650	AT5G42920	THO5
ath03040	Bra033650	AT5G42920	THO5
ath04146	Bra033663	AT5G43140	AT5G43140
ath03015	Bra033678	AT5G43380	TOPP6
ath04156	Bra033678	AT5G43380	TOPP6
ath04519	Bra033678	AT5G43380	TOPP6
ath00230	Bra033687	AT5G43600	UAH
ath01100	Bra033687	AT5G43600	UAH
ath04141	Bra033691	AT5G43670	AT5G43670
ath00062	Bra033694	AT5G43760	KCS20
ath01100	Bra033694	AT5G43760	KCS20
ath01110	Bra033694	AT5G43760	KCS20
ath04626	Bra033694	AT5G43760	KCS20
ath00230	Bra033696	AT5G43780	APS4
ath00261	Bra033696	AT5G43780	APS4
ath00450	Bra033696	AT5G43780	APS4
ath00920	Bra033696	AT5G43780	APS4
ath01100	Bra033696	AT5G43780	APS4
ath01110	Bra033696	AT5G43780	APS4
ath01320	Bra033696	AT5G43780	APS4
ath00380	Bra033703	AT5G43890	YUC5
ath01100	Bra033703	AT5G43890	YUC5
ath04075	Bra033703	AT5G43890	YUC5
ath04814	Bra033704	AT5G43900	MYA2
ath00010	Bra033706	AT5G43940	HOT5
ath00071	Bra033706	AT5G43940	HOT5
ath00350	Bra033706	AT5G43940	HOT5
ath00620	Bra033706	AT5G43940	HOT5
ath01100	Bra033706	AT5G43940	HOT5
ath01110	Bra033706	AT5G43940	HOT5
ath01200	Bra033706	AT5G43940	HOT5
ath04075	Bra033719	AT5G44080	AT5G44080
ath03013	Bra033729	AT5G44200	CBP20
ath03015	Bra033729	AT5G44200	CBP20
ath03040	Bra033729	AT5G44200	CBP20
ath03083	Bra033732	AT5G44280	RING1A
ath00030	Bra033747	AT5G44520	AT5G44520
ath00710	Bra033747	AT5G44520	AT5G44520
ath01100	Bra033747	AT5G44520	AT5G44520
ath01110	Bra033747	AT5G44520	AT5G44520
ath01200	Bra033747	AT5G44520	AT5G44520
ath01230	Bra033747	AT5G44520	AT5G44520
ath03030	Bra033756	AT5G44635	MCM6
ath04075	Bra033773	AT3G48100	RR5
ath03410	Bra033784	AT3G47830	AT3G47830
ath04075	Bra033820	AT3G46510	PUB13
ath04814	Bra033832	AT3G45850	AT3G45850
ath00061	Bra033833	AT3G45770	AT3G45770
ath00062	Bra033833	AT3G45770	AT3G45770
ath01100	Bra033833	AT3G45770	AT3G45770
ath01212	Bra033833	AT3G45770	AT3G45770
ath00510	Bra033845	AT1G32210	ATDAD1
ath00513	Bra033845	AT1G32210	ATDAD1
ath01100	Bra033845	AT1G32210	ATDAD1
ath04141	Bra033845	AT1G32210	ATDAD1
ath00999	Bra033856	AT1G32100	PRR1
ath01100	Bra033856	AT1G32100	PRR1
ath01110	Bra033856	AT1G32100	PRR1
ath00380	Bra033860	AT1G32070	NSI
ath01100	Bra033860	AT1G32070	NSI
ath01110	Bra033860	AT1G32070	NSI
ath03040	Bra033870	AT1G31870	AT1G31870
ath00340	Bra033871	AT1G31860	AT-IE
ath01100	Bra033871	AT1G31860	AT-IE
ath01110	Bra033871	AT1G31860	AT-IE
ath01230	Bra033871	AT1G31860	AT-IE
ath04075	Bra033886	AT3G23050	IAA7
ath00908	Bra033933	AT1G68460	IPT1
ath01100	Bra033933	AT1G68460	IPT1
ath01110	Bra033933	AT1G68460	IPT1
ath00780	Bra033956	AT2G25710	HCS1
ath01100	Bra033956	AT2G25710	HCS1
ath00940	Bra033968	AT1G67980	CCOAMT
ath00941	Bra033968	AT1G67980	CCOAMT
ath00945	Bra033968	AT1G67980	CCOAMT
ath01100	Bra033968	AT1G67980	CCOAMT
ath01110	Bra033968	AT1G67980	CCOAMT
ath00040	Bra033980	AT1G67750	AT1G67750
ath01100	Bra033980	AT1G67750	AT1G67750
ath00195	Bra033982	AT1G67740	PSBY
ath01100	Bra033982	AT1G67740	PSBY
ath03030	Bra033987	AT1G67630	POLA2
ath00591	Bra033991	AT1G67560	LOX6
ath00592	Bra033991	AT1G67560	LOX6
ath01100	Bra033991	AT1G67560	LOX6
ath01110	Bra033991	AT1G67560	LOX6
ath00220	Bra033992	AT1G67550	URE
ath00230	Bra033992	AT1G67550	URE
ath01100	Bra033992	AT1G67550	URE
ath03010	Bra033999	AT1G67430	AT1G67430
ath03030	Bra034006	AT1G67320	EMB2813
ath03050	Bra034011	AT1G67250	AT1G67250
ath03083	Bra034013	AT1G67220	HAC2
ath03250	Bra034013	AT1G67220	HAC2
ath04519	Bra034013	AT1G67220	HAC2
ath03008	Bra034020	AT1G67120	AT1G67120
ath00051	Bra034030	AT1G67070	DIN9
ath00520	Bra034030	AT1G67070	DIN9
ath01100	Bra034030	AT1G67070	DIN9
ath01110	Bra034030	AT1G67070	DIN9
ath01240	Bra034030	AT1G67070	DIN9
ath01250	Bra034030	AT1G67070	DIN9
ath03060	Bra034045	AT3G08980	AT3G08980
ath00480	Bra034061	AT3G09270	GSTU8
ath01100	Bra034061	AT3G09270	GSTU8
ath03010	Bra034070	AT3G09500	AT3G09500
ath00053	Bra034076	AT3G09640	APX2
ath00480	Bra034076	AT3G09640	APX2
ath01100	Bra034076	AT3G09640	APX2
ath04130	Bra034085	AT3G09740	SYP71
ath00230	Bra034087	AT3G09820	ADK1
ath01100	Bra034087	AT3G09820	ADK1
ath01232	Bra034087	AT3G09820	ADK1
ath04141	Bra034089	AT3G09840	CDC48
ath00562	Bra034126	AT3G10550	MTM1
ath01100	Bra034126	AT3G10550	MTM1
ath04070	Bra034126	AT3G10550	MTM1
ath00040	Bra034140	AT3G10720	AT3G10720
ath01100	Bra034140	AT3G10720	AT3G10720
ath00520	Bra034141	AT3G10740	ASD1
ath01100	Bra034141	AT3G10740	ASD1
ath00051	Bra034151	AT3G10890	AT3G10890
ath01100	Bra034151	AT3G10890	AT3G10890
ath04146	Bra034154	AT3G10920	MSD1
ath00511	Bra034160	AT3G11040	ENGase85B
ath03040	Bra034172	AT3G55200	SAP130a
ath03040	Bra034187	AT4G03120	AT4G03120
ath04130	Bra034202	AT4G03330	SYP123
ath04075	Bra034205	AT4G03400	DFL2
ath03040	Bra034208	AT4G03430	EMB2770
ath04141	Bra034212	AT4G03510	RMA1
ath03015	Bra034244	AT3G26618	ERF1-3
ath04016	Bra034254	AT2G25490	EBF1
ath04075	Bra034254	AT2G25490	EBF1
ath03015	Bra034276	AT2G25850	PAPS2
ath00970	Bra034277	AT2G25840	OVA4
ath04626	Bra034281	AT2G46450	CNGC12
ath04712	Bra034284	AT2G25930	ELF3
ath03010	Bra034290	AT1G17560	HLL
ath00562	Bra034313	AT2G26870	NPC2
ath00564	Bra034313	AT2G26870	NPC2
ath00565	Bra034313	AT2G26870	NPC2
ath01100	Bra034313	AT2G26870	NPC2
ath01110	Bra034313	AT2G26870	NPC2
ath02010	Bra034314	AT2G26910	ABCG32
ath03050	Bra034316	AT2G27020	PAG1
ath03008	Bra034331	AT2G27200	AT2G27200
ath00330	Bra034353	AT2G27450	NLP1
ath01100	Bra034353	AT2G27450	NLP1
ath01110	Bra034353	AT2G27450	NLP1
ath00908	Bra034366	AT2G27760	IPT2
ath01100	Bra034366	AT2G27760	IPT2
ath01110	Bra034366	AT2G27760	IPT2
ath00400	Bra034372	AT2G27820	PD1
ath01100	Bra034372	AT2G27820	PD1
ath01110	Bra034372	AT2G27820	PD1
ath01230	Bra034372	AT2G27820	PD1
ath00520	Bra034374	AT2G27860	AXS1
ath01100	Bra034374	AT2G27860	AXS1
ath01250	Bra034374	AT2G27860	AXS1
ath04142	Bra034382	AT1G42470	AT1G42470
ath00511	Bra034388	AT2G28100	FUC1
ath04142	Bra034388	AT2G28100	FUC1
ath04146	Bra034394	AT2G28190	CSD2
ath04075	Bra034407	AT1G35670	CDPK2
ath04626	Bra034407	AT1G35670	CDPK2
ath04141	Bra034408	AT1G35620	PDIL5-2
ath03460	Bra034416	AT1G35530	FANCM
ath00562	Bra034444	AT1G34120	IP5PI
ath01100	Bra034444	AT1G34120	IP5PI
ath03010	Bra034447	AT1G22780	PFL
ath00920	Bra034466	AT1G62180	APR2
ath01100	Bra034466	AT1G62180	APR2
ath01320	Bra034466	AT1G62180	APR2
ath00260	Bra034523	AT1G62810	CuAO1
ath00350	Bra034523	AT1G62810	CuAO1
ath00360	Bra034523	AT1G62810	CuAO1
ath00410	Bra034523	AT1G62810	CuAO1
ath00950	Bra034523	AT1G62810	CuAO1
ath00960	Bra034523	AT1G62810	CuAO1
ath01100	Bra034523	AT1G62810	CuAO1
ath01110	Bra034523	AT1G62810	CuAO1
ath00970	Bra034541	AT4G32915	AT4G32915
ath01100	Bra034541	AT4G32915	AT4G32915
ath00040	Bra034553	AT4G33220	PME44
ath01100	Bra034553	AT4G33220	PME44
ath04016	Bra034562	AT4G33430	BAK1
ath04075	Bra034562	AT4G33430	BAK1
ath04626	Bra034562	AT4G33430	BAK1
ath00330	Bra034591	AT4G33910	AT4G33910
ath01100	Bra034591	AT4G33910	AT4G33910
ath00280	Bra034599	AT4G34030	MCCB
ath01100	Bra034599	AT4G34030	MCCB
ath03015	Bra034603	AT4G34110	PAB2
ath03018	Bra034603	AT4G34110	PAB2
ath00062	Bra034634	AT4G34510	KCS17
ath01100	Bra034634	AT4G34510	KCS17
ath01110	Bra034634	AT4G34510	KCS17
ath04626	Bra034634	AT4G34510	KCS17
ath00062	Bra034635	AT4G34520	KCS18
ath01100	Bra034635	AT4G34520	KCS18
ath01110	Bra034635	AT4G34520	KCS18
ath04626	Bra034635	AT4G34520	KCS18
ath00100	Bra034641	AT4G34640	SQS1
ath00909	Bra034641	AT4G34640	SQS1
ath01100	Bra034641	AT4G34640	SQS1
ath01110	Bra034641	AT4G34640	SQS1
ath04075	Bra034653	AT4G34770	AT4G34770
ath04075	Bra034654	AT4G34780	AT4G34780
ath00270	Bra034657	AT4G34840	AT4G34840
ath01100	Bra034657	AT4G34840	AT4G34840
ath00380	Bra034674	AT4G35090	CAT2
ath00630	Bra034674	AT4G35090	CAT2
ath01100	Bra034674	AT4G35090	CAT2
ath01110	Bra034674	AT4G35090	CAT2
ath01200	Bra034674	AT4G35090	CAT2
ath04016	Bra034674	AT4G35090	CAT2
ath04146	Bra034674	AT4G35090	CAT2
ath00380	Bra034677	AT4G35160	AT4G35160
ath01100	Bra034677	AT4G35160	AT4G35160
ath01110	Bra034677	AT4G35160	AT4G35160
ath00053	Bra034679	AT3G13400	sks13
ath01100	Bra034679	AT3G13400	sks13
ath03018	Bra034692	AT3G13300	VCS
ath00460	Bra034697	AT4G27820	BGLU9
ath00500	Bra034697	AT4G27820	BGLU9
ath00999	Bra034697	AT4G27820	BGLU9
ath01100	Bra034697	AT4G27820	BGLU9
ath01110	Bra034697	AT4G27820	BGLU9
ath03040	Bra034698	AT3G13200	EMB2769
ath03010	Bra034704	AT3G13120	AT3G13120
ath00270	Bra034705	AT3G13110	SERAT2
ath00543	Bra034705	AT3G13110	SERAT2
ath00920	Bra034705	AT3G13110	SERAT2
ath01100	Bra034705	AT3G13110	SERAT2
ath01110	Bra034705	AT3G13110	SERAT2
ath01200	Bra034705	AT3G13110	SERAT2
ath01230	Bra034705	AT3G13110	SERAT2
ath03082	Bra034727	AT3G12810	PIE1
ath04148	Bra034736	AT3G12740	ALIS1
ath03410	Bra034739	AT3G12710	AT3G12710
ath00240	Bra034745	AT3G12670	emb2742
ath01100	Bra034745	AT3G12670	emb2742
ath01232	Bra034745	AT3G12670	emb2742
ath01240	Bra034745	AT3G12670	emb2742
ath00520	Bra034754	AT3G12500	HCHIB
ath01100	Bra034754	AT3G12500	HCHIB
ath04016	Bra034754	AT3G12500	HCHIB
ath03010	Bra034759	AT3G12370	AT3G12370
ath04075	Bra034767	AT3G12250	TGA6
ath01040	Bra034777	AT3G12120	FAD2
ath01100	Bra034777	AT3G12120	FAD2
ath01212	Bra034777	AT3G12120	FAD2
ath04814	Bra034778	AT3G12110	ACT11
ath03410	Bra034784	AT3G12040	AT3G12040
ath04814	Bra034785	AT3G12020	AT3G12020
ath03040	Bra034797	AT3G11960	AT3G11960
ath03083	Bra034802	AT3G11910	UBP13
ath00561	Bra034821	AT3G11670	DGD1
ath01100	Bra034821	AT3G11670	DGD1
ath00514	Bra034832	AT3G11540	SPY
ath03083	Bra034832	AT3G11540	SPY
ath03040	Bra034834	AT3G11500	AT3G11500
ath00770	Bra034839	AT3G11470	AT3G11470
ath01100	Bra034839	AT3G11470	AT3G11470
ath00561	Bra034843	AT3G11430	GPAT5
ath00564	Bra034843	AT3G11430	GPAT5
ath01100	Bra034843	AT3G11430	GPAT5
ath01110	Bra034843	AT3G11430	GPAT5
ath04016	Bra034845	AT3G11410	PP2CA
ath04075	Bra034845	AT3G11410	PP2CA
ath04142	Bra034864	AT3G11130	AT3G11130
ath04144	Bra034864	AT3G11130	AT3G11130
ath05100	Bra034864	AT3G11130	AT3G11130
ath00564	Bra034917	AT1G43710	EMB1075
ath00710	Bra034927	AT1G42970	GAPB
ath01100	Bra034927	AT1G42970	GAPB
ath01200	Bra034927	AT1G42970	GAPB
ath00380	Bra034941	AT4G31500	CYP83B1
ath00966	Bra034941	AT4G31500	CYP83B1
ath01100	Bra034941	AT4G31500	CYP83B1
ath01110	Bra034941	AT4G31500	CYP83B1
ath01210	Bra034941	AT4G31500	CYP83B1
ath04075	Bra034954	AT3G43120	AT3G43120
ath00040	Bra034960	AT3G43270	AT3G43270
ath01100	Bra034960	AT3G43270	AT3G43270
ath00480	Bra034977	AT3G43800	GSTU27
ath01100	Bra034977	AT3G43800	GSTU27
ath03010	Bra034985	AT4G33865	AT4G33865
ath04814	Bra034988	AT3G44050	AT3G44050
ath03018	Bra035002	AT3G44260	CAF1a
ath04141	Bra035009	AT3G44340	CEF
ath04519	Bra035020	AT1G78220	GRF13
ath00480	Bra035031	AT1G78360	GSTU21
ath01100	Bra035031	AT1G78360	GSTU21
ath00906	Bra035033	AT1G78390	NCED9
ath01100	Bra035033	AT1G78390	NCED9
ath01110	Bra035033	AT1G78390	NCED9
ath00904	Bra035038	AT1G78440	ATGA2OX1
ath01110	Bra035038	AT1G78440	ATGA2OX1
ath00900	Bra035042	AT1G78510	SPS1
ath01110	Bra035042	AT1G78510	SPS1
ath00541	Bra035048	AT1G78570	RHM1
ath01100	Bra035048	AT1G78570	RHM1
ath01250	Bra035048	AT1G78570	RHM1
ath00500	Bra035049	AT1G78580	TPS1
ath01100	Bra035049	AT1G78580	TPS1
ath01110	Bra035049	AT1G78580	TPS1
ath03010	Bra035054	AT1G78630	emb1473
ath03030	Bra035055	AT1G78650	POLD3
ath03410	Bra035055	AT1G78650	POLD3
ath03420	Bra035055	AT1G78650	POLD3
ath03430	Bra035055	AT1G78650	POLD3
ath03440	Bra035055	AT1G78650	POLD3
ath00790	Bra035056	AT1G78670	GGH3
ath01240	Bra035056	AT1G78670	GGH3
ath00790	Bra035058	AT1G78680	GGH2
ath01240	Bra035058	AT1G78680	GGH2
ath00564	Bra035059	AT1G78690	At1g78690p
ath04120	Bra035062	AT1G78770	APC6
ath00510	Bra035064	AT1G78800	AT1G78800
ath00513	Bra035064	AT1G78800	AT1G78800
ath01100	Bra035064	AT1G78800	AT1G78800
ath00909	Bra035079	AT1G78960	LUP2
ath01110	Bra035079	AT1G78960	LUP2
ath03083	Bra035082	AT1G79000	HAC1
ath03250	Bra035082	AT1G79000	HAC1
ath04519	Bra035082	AT1G79000	HAC1
ath00190	Bra035083	AT1G79010	AT1G79010
ath01100	Bra035083	AT1G79010	AT1G79010
ath03082	Bra035084	AT1G79020	AT1G79020
ath04075	Bra035094	AT1G79130	AT1G79130
ath03013	Bra035105	AT1G79280	NUA
ath00250	Bra035119	AT1G79440	ALDH5F1
ath00650	Bra035119	AT1G79440	ALDH5F1
ath01100	Bra035119	AT1G79440	ALDH5F1
ath00904	Bra035120	AT1G79460	GA2
ath01100	Bra035120	AT1G79460	GA2
ath01110	Bra035120	AT1G79460	GA2
ath00230	Bra035121	AT1G79470	AT1G79470
ath01100	Bra035121	AT1G79470	AT1G79470
ath01110	Bra035121	AT1G79470	AT1G79470
ath01232	Bra035121	AT1G79470	AT1G79470
ath03410	Bra035147	AT1G80850	AT1G80850
ath03018	Bra035152	AT1G80780	AT1G80780
ath03008	Bra035154	AT1G80770	PDE318
ath03013	Bra035162	AT1G80670	RAE1
ath00190	Bra035163	AT1G80660	HA9
ath01100	Bra035163	AT1G80660	HA9
ath04075	Bra035163	AT1G80660	HA9
ath00220	Bra035168	AT1G80600	WIN1
ath01100	Bra035168	AT1G80600	WIN1
ath01110	Bra035168	AT1G80600	WIN1
ath01210	Bra035168	AT1G80600	WIN1
ath01230	Bra035168	AT1G80600	WIN1
ath00561	Bra035181	AT1G80460	NHO1
ath01100	Bra035181	AT1G80460	NHO1
ath01110	Bra035181	AT1G80460	NHO1
ath04626	Bra035181	AT1G80460	NHO1
ath04075	Bra035185	AT1G80390	IAA15
ath00740	Bra035213	AT4G11570	AT4G11570
ath01100	Bra035213	AT4G11570	AT4G11570
ath01110	Bra035213	AT4G11570	AT4G11570
ath01240	Bra035213	AT4G11570	AT4G11570
ath04142	Bra035228	AT4G23460	AT4G23460
ath04016	Bra035233	AT4G11330	MPK5
ath04626	Bra035233	AT4G11330	MPK5
ath00940	Bra035235	AT4G11290	AT4G11290
ath01100	Bra035235	AT4G11290	AT4G11290
ath01110	Bra035235	AT4G11290	AT4G11290
ath00270	Bra035236	AT4G11280	ACS6
ath01100	Bra035236	AT4G11280	ACS6
ath01110	Bra035236	AT4G11280	ACS6
ath04016	Bra035236	AT4G11280	ACS6
ath04142	Bra035238	AT4G11270	AT4G11270
ath03015	Bra035240	AT4G11240	TOPP7
ath04156	Bra035240	AT4G11240	TOPP7
ath04519	Bra035240	AT4G11240	TOPP7
ath04712	Bra035252	AT4G11110	SPA2
ath00061	Bra035259	AT4G11030	AT4G11030
ath00071	Bra035259	AT4G11030	AT4G11030
ath01100	Bra035259	AT4G11030	AT4G11030
ath01212	Bra035259	AT4G11030	AT4G11030
ath04146	Bra035259	AT4G11030	AT4G11030
ath00052	Bra035262	AT4G10960	UGE5
ath00520	Bra035262	AT4G10960	UGE5
ath01100	Bra035262	AT4G10960	UGE5
ath01250	Bra035262	AT4G10960	UGE5
ath00590	Bra035296	AT5G42150	AT5G42150
ath01100	Bra035296	AT5G42150	AT5G42150
ath03010	Bra035298	AT1G43170	RP1
ath04814	Bra035302	AT5G42490	AT5G42490
ath04141	Bra035303	AT5G42570	AT5G42570
ath00592	Bra035320	AT5G42650	AOS
ath01100	Bra035320	AT5G42650	AOS
ath01110	Bra035320	AT5G42650	AOS
ath04075	Bra035331	AT5G42750	BKI1
ath03050	Bra035332	AT5G42790	PAF1
ath03050	Bra035338	AT5G43010	RPT4A
ath00460	Bra035347	AT5G36890	BGLU42
ath00500	Bra035347	AT5G36890	BGLU42
ath00999	Bra035347	AT5G36890	BGLU42
ath01100	Bra035347	AT5G36890	BGLU42
ath01110	Bra035347	AT5G36890	BGLU42
ath00630	Bra035349	AT5G36700	PGLP1
ath01100	Bra035349	AT5G36700	PGLP1
ath01110	Bra035349	AT5G36700	PGLP1
ath01200	Bra035349	AT5G36700	PGLP1
ath04075	Bra035381	AT5G35750	HK2
ath00220	Bra035392	AT5G35630	GS2
ath00250	Bra035392	AT5G35630	GS2
ath00630	Bra035392	AT5G35630	GS2
ath00910	Bra035392	AT5G35630	GS2
ath01100	Bra035392	AT5G35630	GS2
ath01110	Bra035392	AT5G35630	GS2
ath01230	Bra035392	AT5G35630	GS2
ath04075	Bra035392	AT5G35630	GS2
ath03018	Bra035404	AT5G35430	AT5G35430
ath00010	Bra035416	AT1G59900	E1_ALPHA
ath00020	Bra035416	AT1G59900	E1_ALPHA
ath00620	Bra035416	AT1G59900	E1_ALPHA
ath00785	Bra035416	AT1G59900	E1_ALPHA
ath01100	Bra035416	AT1G59900	E1_ALPHA
ath01110	Bra035416	AT1G59900	E1_ALPHA
ath01200	Bra035416	AT1G59900	E1_ALPHA
ath01210	Bra035416	AT1G59900	E1_ALPHA
ath04148	Bra035422	AT1G59820	ALA3
ath04075	Bra035427	AT1G59750	ARF1
ath04144	Bra035433	AT1G59610	DL3
ath04145	Bra035433	AT1G59610	DL3
ath05100	Bra035433	AT1G59610	DL3
ath04016	Bra035437	AT1G59580	MPK2
ath03010	Bra035439	AT1G58983	AT1G58983
ath00910	Bra035461	AT1G58180	BCA6
ath01100	Bra035461	AT1G58180	BCA6
ath00340	Bra035466	AT1G58080	ATP-PRT1
ath01100	Bra035466	AT1G58080	ATP-PRT1
ath01110	Bra035466	AT1G58080	ATP-PRT1
ath01230	Bra035466	AT1G58080	ATP-PRT1
ath00190	Bra035497	AT1G32710	AT1G32710
ath01100	Bra035497	AT1G32710	AT1G32710
ath03022	Bra035499	AT1G32750	HAF01
ath00561	Bra035512	AT1G32200	ATS1
ath00564	Bra035512	AT1G32200	ATS1
ath01100	Bra035512	AT1G32200	ATS1
ath00900	Bra035519	AT1G31910	AT1G31910
ath01100	Bra035519	AT1G31910	AT1G31910
ath01110	Bra035519	AT1G31910	AT1G31910
ath00030	Bra035525	AT5G35790	G6PD1
ath00480	Bra035525	AT5G35790	G6PD1
ath01100	Bra035525	AT5G35790	G6PD1
ath01110	Bra035525	AT5G35790	G6PD1
ath01200	Bra035525	AT5G35790	G6PD1
ath00260	Bra035544	AT3G02020	AK3
ath00261	Bra035544	AT3G02020	AK3
ath00270	Bra035544	AT3G02020	AK3
ath00300	Bra035544	AT3G02020	AK3
ath01100	Bra035544	AT3G02020	AK3
ath01110	Bra035544	AT3G02020	AK3
ath01210	Bra035544	AT3G02020	AK3
ath01230	Bra035544	AT3G02020	AK3
ath03008	Bra035562	AT5G55190	RAN3
ath03013	Bra035562	AT5G55190	RAN3
ath03250	Bra035562	AT5G55190	RAN3
ath00190	Bra035566	AT5G55290	AT5G55290
ath01100	Bra035566	AT5G55290	AT5G55290
ath04142	Bra035566	AT5G55290	AT5G55290
ath04145	Bra035566	AT5G55290	AT5G55290
ath00073	Bra035571	AT5G55370	AT5G55370
ath01110	Bra035571	AT5G55370	AT5G55370
ath00040	Bra035588	AT5G55720	AT5G55720
ath01100	Bra035588	AT5G55720	AT5G55720
ath00270	Bra035602	AT5G56080	NAS2
ath00999	Bra035602	AT5G56080	NAS2
ath01100	Bra035602	AT5G56080	NAS2
ath01110	Bra035602	AT5G56080	NAS2
ath03083	Bra035605	AT5G56150	UBC30
ath04120	Bra035605	AT5G56150	UBC30
ath04141	Bra035605	AT5G56150	UBC30
ath00053	Bra035627	AT5G56640	MIOX5
ath00562	Bra035627	AT5G56640	MIOX5
ath01100	Bra035627	AT5G56640	MIOX5
ath01250	Bra035627	AT5G56640	MIOX5
ath03010	Bra035628	AT4G29390	AT4G29390
ath03010	Bra035629	AT5G56710	AT5G56710
ath03010	Bra035637	AT5G56940	AT5G56940
ath00908	Bra035640	AT5G56970	CKX3
ath01110	Bra035640	AT5G56970	CKX3
ath04141	Bra035652	AT2G29070	AT2G29070
ath04075	Bra035665	AT2G28830	PUB12
ath03060	Bra035669	AT2G28800	ALB3
ath00062	Bra035683	AT2G28630	KCS12
ath01100	Bra035683	AT2G28630	KCS12
ath01110	Bra035683	AT2G28630	KCS12
ath04626	Bra035683	AT2G28630	KCS12
ath04814	Bra035686	AT2G28620	AT2G28620
ath03440	Bra035691	AT2G28560	RAD51B
ath00190	Bra035693	AT2G28520	VHA-A1
ath01100	Bra035693	AT2G28520	VHA-A1
ath04142	Bra035693	AT2G28520	VHA-A1
ath04145	Bra035693	AT2G28520	VHA-A1
ath03018	Bra035743	AT3G20800	AT3G20800
ath03015	Bra035759	AT3G20650	AT3G20650
ath03030	Bra035773	AT3G20540	POLGAMMA1
ath03410	Bra035773	AT3G20540	POLGAMMA1
ath03420	Bra035773	AT3G20540	POLGAMMA1
ath03440	Bra035773	AT3G20540	POLGAMMA1
ath04141	Bra035781	AT3G20450	AT3G20450
ath00500	Bra035782	AT3G20440	EMB2729
ath01100	Bra035782	AT3G20440	EMB2729
ath01110	Bra035782	AT3G20440	EMB2729
ath03013	Bra035783	AT3G20430	AT3G20430
ath04144	Bra035794	AT3G20290	EHD1
ath04620	Bra035797	AT3G20270	AT3G20270
ath03010	Bra035802	AT3G20230	AT3G20230
ath04075	Bra035803	AT3G20220	AT3G20220
ath04142	Bra035804	AT3G20210	DELTA-VPE
ath00900	Bra035808	AT3G20160	AT3G20160
ath01100	Bra035808	AT3G20160	AT3G20160
ath01110	Bra035808	AT3G20160	AT3G20160
ath04120	Bra035819	AT3G20060	UBC19
ath00010	Bra035821	AT3G20040	ATHXK4
ath00051	Bra035821	AT3G20040	ATHXK4
ath00052	Bra035821	AT3G20040	ATHXK4
ath00500	Bra035821	AT3G20040	ATHXK4
ath00520	Bra035821	AT3G20040	ATHXK4
ath01100	Bra035821	AT3G20040	ATHXK4
ath01110	Bra035821	AT3G20040	ATHXK4
ath01200	Bra035821	AT3G20040	ATHXK4
ath01250	Bra035821	AT3G20040	ATHXK4
ath03460	Bra035838	AT5G63540	RMI1
ath00230	Bra035847	AT5G63400	ADK1
ath00730	Bra035847	AT5G63400	ADK1
ath01100	Bra035847	AT5G63400	ADK1
ath01110	Bra035847	AT5G63400	ADK1
ath01232	Bra035847	AT5G63400	ADK1
ath01240	Bra035847	AT5G63400	ADK1
ath03040	Bra035857	AT5G63120	AT5G63120
ath03082	Bra035858	AT5G63110	HDA6
ath03083	Bra035858	AT5G63110	HDA6
ath03010	Bra035862	AT5G63070	AT5G63070
ath00900	Bra035881	AT5G62790	DXR
ath01100	Bra035881	AT5G62790	DXR
ath01110	Bra035881	AT5G62790	DXR
ath03010	Bra035895	AT3G47370	AT3G47370
ath04141	Bra035913	AT5G61790	CNX1
ath04145	Bra035913	AT5G61790	CNX1
ath00562	Bra035915	AT5G61760	IPK2BETA
ath01100	Bra035915	AT5G61760	IPK2BETA
ath04070	Bra035915	AT5G61760	IPK2BETA
ath03040	Bra035944	AT5G61030	GR-RBP3
ath03030	Bra035945	AT5G61000	RPA70D
ath03420	Bra035945	AT5G61000	RPA70D
ath03430	Bra035945	AT5G61000	RPA70D
ath03440	Bra035945	AT5G61000	RPA70D
ath03460	Bra035945	AT5G61000	RPA70D
ath03022	Bra035961	AT5G43130	TAF4
ath03460	Bra035963	AT5G43210	AT5G43210
ath00564	Bra035967	AT5G43300	GDPD3
ath03082	Bra035982	AT5G43500	ARP9
ath04141	Bra035984	AT5G43710	AT5G43710
ath00270	Bra035994	AT5G43850	ARD4
ath01100	Bra035994	AT5G43850	ARD4
ath00860	Bra036000	AT5G43860	CLH2
ath01100	Bra036000	AT5G43860	CLH2
ath01110	Bra036000	AT5G43860	CLH2
ath03010	Bra036038	AT3G49910	AT3G49910
ath03008	Bra036044	AT3G50000	CKA2
ath04712	Bra036044	AT3G50000	CKA2
ath03008	Bra036055	AT3G50100	SDN1
ath04075	Bra036089	AT3G50530	CRK
ath04626	Bra036089	AT3G50530	CRK
ath00905	Bra036097	AT3G50660	DWF4
ath01100	Bra036097	AT3G50660	DWF4
ath01110	Bra036097	AT3G50660	DWF4
ath00270	Bra036115	AT5G28030	DES1
ath00920	Bra036115	AT5G28030	DES1
ath01100	Bra036115	AT5G28030	DES1
ath01110	Bra036115	AT5G28030	DES1
ath01200	Bra036115	AT5G28030	DES1
ath01230	Bra036115	AT5G28030	DES1
ath01320	Bra036115	AT5G28030	DES1
ath03060	Bra036128	AT5G28750	AT5G28750
ath04142	Bra036135	AT5G49550	BLOS2
ath04016	Bra036140	AT5G49480	CP1
ath04070	Bra036140	AT5G49480	CP1
ath04075	Bra036140	AT5G49480	CP1
ath04626	Bra036140	AT5G49480	CP1
ath00020	Bra036142	AT5G49460	ACLB-2
ath01100	Bra036142	AT5G49460	ACLB-2
ath01110	Bra036142	AT5G49460	ACLB-2
ath03010	Bra036161	AT5G48760	AT5G48760
ath04130	Bra036218	AT3G29100	VTI13
ath04075	Bra036229	AT4G02980	ABP1
ath03008	Bra036236	AT2G26970	AT2G26970
ath00904	Bra036239	AT4G02780	GA1
ath01100	Bra036239	AT4G02780	GA1
ath01110	Bra036239	AT4G02780	GA1
ath00195	Bra036240	AT4G02770	PSAD-1
ath01100	Bra036240	AT4G02770	PSAD-1
ath00260	Bra036254	AT4G02610	AT4G02610
ath00400	Bra036254	AT4G02610	AT4G02610
ath01100	Bra036254	AT4G02610	AT4G02610
ath01110	Bra036254	AT4G02610	AT4G02610
ath01230	Bra036254	AT4G02610	AT4G02610
ath04120	Bra036257	AT4G02570	CUL1
ath04141	Bra036257	AT4G02570	CUL1
ath00480	Bra036260	AT2G02930	GSTF3
ath01100	Bra036260	AT2G02930	GSTF3
ath03040	Bra036267	AT4G02430	SR34b
ath00040	Bra036278	AT4G02330	ATPMEPCRB
ath01100	Bra036278	AT4G02330	ATPMEPCRB
ath00040	Bra036279	AT4G02320	AT4G02320
ath01100	Bra036279	AT4G02320	AT4G02320
ath00040	Bra036280	AT4G02300	AT4G02300
ath01100	Bra036280	AT4G02300	AT4G02300
ath00500	Bra036282	AT4G02280	SUS3
ath01100	Bra036282	AT4G02280	SUS3
ath01110	Bra036282	AT4G02280	SUS3
ath00230	Bra036283	AT4G02260	RSH1
ath01100	Bra036283	AT4G02260	RSH1
ath04130	Bra036287	AT4G02195	SYP42
ath00310	Bra036300	AT4G02020	SWN
ath01100	Bra036300	AT4G02020	SWN
ath03083	Bra036300	AT4G02020	SWN
ath00052	Bra036301	AT4G01970	STS
ath01100	Bra036301	AT4G01970	STS
ath04142	Bra036321	AT4G01610	AT4G01610
ath04145	Bra036321	AT4G01610	AT4G01610
ath00940	Bra036330	AT1G44970	AT1G44970
ath01100	Bra036330	AT1G44970	AT1G44970
ath01110	Bra036330	AT1G44970	AT1G44970
ath00062	Bra036405	AT2G15090	KCS8
ath01100	Bra036405	AT2G15090	KCS8
ath01110	Bra036405	AT2G15090	KCS8
ath04626	Bra036405	AT2G15090	KCS8
ath00100	Bra036406	AT2G15230	LIP1
ath04142	Bra036406	AT2G15230	LIP1
ath04148	Bra036406	AT2G15230	LIP1
ath04144	Bra036410	AT2G15310	ARFB1A
ath00061	Bra036418	AT3G03980	AT3G03980
ath00780	Bra036418	AT3G03980	AT3G03980
ath01100	Bra036418	AT3G03980	AT3G03980
ath01110	Bra036418	AT3G03980	AT3G03980
ath01212	Bra036418	AT3G03980	AT3G03980
ath01240	Bra036418	AT3G03980	AT3G03980
ath00220	Bra036428	AT3G03910	GDH3
ath00250	Bra036428	AT3G03910	GDH3
ath00910	Bra036428	AT3G03910	GDH3
ath01100	Bra036428	AT3G03910	GDH3
ath01200	Bra036428	AT3G03910	GDH3
ath00460	Bra036447	AT3G03640	BGLU25
ath00500	Bra036447	AT3G03640	BGLU25
ath00999	Bra036447	AT3G03640	BGLU25
ath01100	Bra036447	AT3G03640	BGLU25
ath01110	Bra036447	AT3G03640	BGLU25
ath00270	Bra036448	AT3G03630	CS26
ath01100	Bra036448	AT3G03630	CS26
ath01230	Bra036448	AT3G03630	CS26
ath00940	Bra036480	AT5G48930	HCT
ath00941	Bra036480	AT5G48930	HCT
ath00945	Bra036480	AT5G48930	HCT
ath01100	Bra036480	AT5G48930	HCT
ath01110	Bra036480	AT5G48930	HCT
ath00380	Bra036490	AT2G20610	SUR1
ath00966	Bra036490	AT2G20610	SUR1
ath01100	Bra036490	AT2G20610	SUR1
ath01110	Bra036490	AT2G20610	SUR1
ath01210	Bra036490	AT2G20610	SUR1
ath00740	Bra036495	AT2G20690	AT2G20690
ath01100	Bra036495	AT2G20690	AT2G20690
ath01110	Bra036495	AT2G20690	AT2G20690
ath01240	Bra036495	AT2G20690	AT2G20690
ath04075	Bra036512	AT5G24430	AT5G24430
ath04626	Bra036512	AT5G24430	AT5G24430
ath03010	Bra036519	AT5G24510	AT5G24510
ath03040	Bra036530	AT5G25060	RRC1
ath03022	Bra036534	AT5G25150	TAF5
ath04016	Bra036542	AT5G25350	EBF2
ath04075	Bra036542	AT5G25350	EBF2
ath00480	Bra036570	AT5G26220	AT5G26220
ath01100	Bra036570	AT5G26220	AT5G26220
ath00860	Bra036585	AT5G26710	AT5G26710
ath00970	Bra036585	AT5G26710	AT5G26710
ath01100	Bra036585	AT5G26710	AT5G26710
ath01110	Bra036585	AT5G26710	AT5G26710
ath01240	Bra036585	AT5G26710	AT5G26710
ath00970	Bra036596	AT5G26830	AT5G26830
ath00040	Bra036610	AT5G27870	AT5G27870
ath01100	Bra036610	AT5G27870	AT5G27870
ath03018	Bra036615	AT5G27720	emb1644
ath03040	Bra036615	AT5G27720	emb1644
ath03010	Bra036618	AT5G27700	AT5G27700
ath03082	Bra036619	AT5G27670	HTA7
ath00270	Bra036620	AT5G27650	AT5G27650
ath01100	Bra036620	AT5G27650	AT5G27650
ath04148	Bra036620	AT5G27650	AT5G27650
ath00900	Bra036630	AT5G27450	MK
ath01100	Bra036630	AT5G27450	MK
ath01110	Bra036630	AT5G27450	MK
ath04146	Bra036630	AT5G27450	MK
ath00130	Bra036646	AT1G62940	ACOS5
ath00940	Bra036646	AT1G62940	ACOS5
ath01100	Bra036646	AT1G62940	ACOS5
ath01110	Bra036646	AT1G62940	ACOS5
ath00220	Bra036647	AT1G62800	ASP4
ath00250	Bra036647	AT1G62800	ASP4
ath00270	Bra036647	AT1G62800	ASP4
ath00330	Bra036647	AT1G62800	ASP4
ath00350	Bra036647	AT1G62800	ASP4
ath00360	Bra036647	AT1G62800	ASP4
ath00400	Bra036647	AT1G62800	ASP4
ath00710	Bra036647	AT1G62800	ASP4
ath00950	Bra036647	AT1G62800	ASP4
ath00960	Bra036647	AT1G62800	ASP4
ath01100	Bra036647	AT1G62800	ASP4
ath01110	Bra036647	AT1G62800	ASP4
ath01200	Bra036647	AT1G62800	ASP4
ath01210	Bra036647	AT1G62800	ASP4
ath01230	Bra036647	AT1G62800	ASP4
ath04142	Bra036650	AT1G62710	BETA-VPE
ath00561	Bra036672	AT2G20900	DGK5
ath00564	Bra036672	AT2G20900	DGK5
ath01100	Bra036672	AT2G20900	DGK5
ath01110	Bra036672	AT2G20900	DGK5
ath04070	Bra036672	AT2G20900	DGK5
ath00350	Bra036684	AT2G20340	AAS
ath00360	Bra036684	AT2G20340	AAS
ath00380	Bra036684	AT2G20340	AAS
ath00901	Bra036684	AT2G20340	AAS
ath00950	Bra036684	AT2G20340	AAS
ath00965	Bra036684	AT2G20340	AAS
ath01100	Bra036684	AT2G20340	AAS
ath01110	Bra036684	AT2G20340	AAS
ath04814	Bra036688	AT2G20290	XIG
ath00053	Bra036701	AT2G19800	MIOX2
ath00562	Bra036701	AT2G19800	MIOX2
ath01100	Bra036701	AT2G19800	MIOX2
ath01250	Bra036701	AT2G19800	MIOX2
ath00908	Bra036719	AT2G19500	CKX2
ath01110	Bra036719	AT2G19500	CKX2
ath00561	Bra036722	AT2G19450	TAG1
ath01100	Bra036722	AT2G19450	TAG1
ath01110	Bra036722	AT2G19450	TAG1
ath00052	Bra036761	AT1G35580	CINV1
ath00500	Bra036761	AT1G35580	CINV1
ath01100	Bra036761	AT1G35580	CINV1
ath01110	Bra036761	AT1G35580	CINV1
ath03010	Bra036763	AT1G35680	RPL21C
ath00061	Bra036771	AT1G36160	ACC1
ath00620	Bra036771	AT1G36160	ACC1
ath00640	Bra036771	AT1G36160	ACC1
ath01100	Bra036771	AT1G36160	ACC1
ath01110	Bra036771	AT1G36160	ACC1
ath01212	Bra036771	AT1G36160	ACC1
ath00260	Bra036774	AT1G36370	SHM7
ath00460	Bra036774	AT1G36370	SHM7
ath00630	Bra036774	AT1G36370	SHM7
ath00670	Bra036774	AT1G36370	SHM7
ath01100	Bra036774	AT1G36370	SHM7
ath01110	Bra036774	AT1G36370	SHM7
ath01200	Bra036774	AT1G36370	SHM7
ath01230	Bra036774	AT1G36370	SHM7
ath01240	Bra036774	AT1G36370	SHM7
ath04981	Bra036774	AT1G36370	SHM7
ath04142	Bra036818	AT3G51310	VPS35C
ath04144	Bra036818	AT3G51310	VPS35C
ath03008	Bra036823	AT3G51270	AT3G51270
ath04144	Bra036827	AT3G51250	AT3G51250
ath00941	Bra036828	AT3G51240	F3H
ath01100	Bra036828	AT3G51240	F3H
ath01110	Bra036828	AT3G51240	F3H
ath04075	Bra036830	AT3G51200	AT3G51200
ath00940	Bra036842	AT3G50990	AT3G50990
ath01100	Bra036842	AT3G50990	AT3G50990
ath01110	Bra036842	AT3G50990	AT3G50990
ath03410	Bra036853	AT3G50880	AT3G50880
ath00500	Bra036881	AT4G25000	AMY1
ath01100	Bra036881	AT4G25000	AMY1
ath01110	Bra036881	AT4G25000	AMY1
ath00270	Bra036884	AT4G14716	ARD1
ath01100	Bra036884	AT4G14716	ARD1
ath00195	Bra036911	AT4G14890	FdC1
ath01100	Bra036911	AT4G14890	FdC1
ath00260	Bra036916	AT4G14940	AO1
ath00350	Bra036916	AT4G14940	AO1
ath00360	Bra036916	AT4G14940	AO1
ath00410	Bra036916	AT4G14940	AO1
ath00950	Bra036916	AT4G14940	AO1
ath00960	Bra036916	AT4G14940	AO1
ath01100	Bra036916	AT4G14940	AO1
ath01110	Bra036916	AT4G14940	AO1
ath03018	Bra036918	AT4G14990	AT4G14990
ath00860	Bra036938	AT1G44000	AT1G44000
ath01110	Bra036938	AT1G44000	AT1G44000
ath00860	Bra036945	AT1G44318	hemb2
ath01100	Bra036945	AT1G44318	hemb2
ath01110	Bra036945	AT1G44318	hemb2
ath01240	Bra036945	AT1G44318	hemb2
ath00860	Bra036948	AT1G44446	CH1
ath01100	Bra036948	AT1G44446	CH1
ath01110	Bra036948	AT1G44446	CH1
ath00480	Bra036966	AT1G44790	AT1G44790
ath01100	Bra036966	AT1G44790	AT1G44790
ath04146	Bra036971	AT4G33905	AT4G33905
ath04016	Bra036984	AT4G33710	AT4G33710
ath04075	Bra036984	AT4G33710	AT4G33710
ath04626	Bra036984	AT4G33710	AT4G33710
ath00053	Bra036989	AT4G33670	AT4G33670
ath01100	Bra036989	AT4G33670	AT4G33670
ath01110	Bra036989	AT4G33670	AT4G33670
ath01240	Bra036989	AT4G33670	AT4G33670
ath00910	Bra037001	AT4G33580	BCA5
ath01100	Bra037001	AT4G33580	BCA5
ath00940	Bra037007	AT4G33420	AT4G33420
ath01100	Bra037007	AT4G33420	AT4G33420
ath01110	Bra037007	AT4G33420	AT4G33420
ath00900	Bra037009	AT4G33360	FLDH
ath00909	Bra037009	AT4G33360	FLDH
ath01110	Bra037009	AT4G33360	FLDH
ath00520	Bra037029	AT4G33030	SQD1
ath00561	Bra037029	AT4G33030	SQD1
ath00566	Bra037029	AT4G33030	SQD1
ath01100	Bra037029	AT4G33030	SQD1
ath01110	Bra037029	AT4G33030	SQD1
ath01250	Bra037029	AT4G33030	SQD1
ath03440	Bra037032	AT4G32960	AT4G32960
ath00130	Bra037042	AT4G32770	VTE1
ath01100	Bra037042	AT4G32770	VTE1
ath01110	Bra037042	AT4G32770	VTE1
ath01240	Bra037042	AT4G32770	VTE1
ath00310	Bra037086	AT4G15180	SDG2
ath01100	Bra037086	AT4G15180	SDG2
ath02010	Bra037088	AT4G15215	ABCG41
ath00195	Bra037104	AT1G55670	PSAG
ath01100	Bra037104	AT1G55670	PSAG
ath04136	Bra037136	AT5G66930	AT5G66930
ath00073	Bra037140	AT5G55380	AT5G55380
ath01110	Bra037140	AT5G55380	AT5G55380
ath00195	Bra037164	AT5G66570	PSBO1
ath01100	Bra037164	AT5G66570	PSBO1
ath03008	Bra037166	AT5G66540	AT5G66540
ath00940	Bra037176	AT5G66390	AT5G66390
ath01100	Bra037176	AT5G66390	AT5G66390
ath01110	Bra037176	AT5G66390	AT5G66390
ath04075	Bra037178	AT5G66260	AT5G66260
ath00195	Bra037182	AT5G66190	FNR1
ath01100	Bra037182	AT5G66190	FNR1
ath00511	Bra037183	AT5G66150	AT5G66150
ath00400	Bra037185	AT5G66120	AT5G66120
ath01100	Bra037185	AT5G66120	AT5G66120
ath01110	Bra037185	AT5G66120	AT5G66120
ath01230	Bra037185	AT5G66120	AT5G66120
ath00330	Bra037187	AT5G66060	AT5G66060
ath01100	Bra037187	AT5G66060	AT5G66060
ath00561	Bra037199	AT2G11810	MGDC
ath01100	Bra037199	AT2G11810	MGDC
ath00480	Bra037204	AT1G49860	GSTF14
ath01100	Bra037204	AT1G49860	GSTF14
ath00510	Bra037205	AT2G13290	AT2G13290
ath01100	Bra037205	AT2G13290	AT2G13290
ath00250	Bra037207	AT2G13360	AGT
ath00260	Bra037207	AT2G13360	AGT
ath00630	Bra037207	AT2G13360	AGT
ath01100	Bra037207	AT2G13360	AGT
ath01110	Bra037207	AT2G13360	AGT
ath01200	Bra037207	AT2G13360	AGT
ath01210	Bra037207	AT2G13360	AGT
ath04146	Bra037207	AT2G13360	AGT
ath00620	Bra037210	AT2G13560	NAD-ME1
ath00710	Bra037210	AT2G13560	NAD-ME1
ath01100	Bra037210	AT2G13560	NAD-ME1
ath01200	Bra037210	AT2G13560	NAD-ME1
ath00280	Bra037214	AT2G14170	ALDH6B2
ath00410	Bra037214	AT2G14170	ALDH6B2
ath00562	Bra037214	AT2G14170	ALDH6B2
ath00640	Bra037214	AT2G14170	ALDH6B2
ath01100	Bra037214	AT2G14170	ALDH6B2
ath01200	Bra037214	AT2G14170	ALDH6B2
ath00190	Bra037229	AT2G18230	PPa2
ath04016	Bra037234	AT2G18170	MPK7
ath04075	Bra037243	AT2G18010	AT2G18010
ath03018	Bra037267	AT2G17510	EMB2763
ath00450	Bra037274	AT2G17420	NTRA
ath04075	Bra037277	AT2G17290	CPK6
ath04626	Bra037277	AT2G17290	CPK6
ath04075	Bra037282	AT2G17090	SSP
ath00030	Bra037288	AT2G16790	AT2G16790
ath01100	Bra037288	AT2G16790	AT2G16790
ath01110	Bra037288	AT2G16790	AT2G16790
ath01200	Bra037288	AT2G16790	AT2G16790
ath03082	Bra037289	AT2G16780	MSI2
ath03083	Bra037289	AT2G16780	MSI2
ath00053	Bra037315	AT4G00110	GAE3
ath00520	Bra037315	AT4G00110	GAE3
ath01100	Bra037315	AT4G00110	GAE3
ath01240	Bra037315	AT4G00110	GAE3
ath01250	Bra037315	AT4G00110	GAE3
ath00500	Bra037344	AT4G00490	BAM2
ath01100	Bra037344	AT4G00490	BAM2
ath01110	Bra037344	AT4G00490	BAM2
ath00561	Bra037346	AT4G00550	DGD2
ath01100	Bra037346	AT4G00550	DGD2
ath00670	Bra037350	AT4G00620	EMB3127
ath01100	Bra037350	AT4G00620	EMB3127
ath01200	Bra037350	AT4G00620	EMB3127
ath01240	Bra037350	AT4G00620	EMB3127
ath04075	Bra037353	AT4G00710	BSK3
ath04016	Bra037368	AT4G01250	WRKY22
ath04626	Bra037368	AT4G01250	WRKY22
ath00562	Bra037379	AT4G01190	PIPK10
ath01100	Bra037379	AT4G01190	PIPK10
ath04070	Bra037379	AT4G01190	PIPK10
ath04144	Bra037379	AT4G01190	PIPK10
ath04075	Bra037405	AT4G00880	AT4G00880
ath03010	Bra037409	AT4G00810	AT4G00810
ath04148	Bra037410	AT4G00800	SETH5
ath04075	Bra037427	AT5G49240	APRR4
ath00500	Bra037432	AT5G49190	SUS2
ath01100	Bra037432	AT5G49190	SUS2
ath01110	Bra037432	AT5G49190	SUS2
ath04141	Bra037438	AT5G49060	AT5G49060
ath00130	Bra037446	AT5G48950	DHNAT2
ath01100	Bra037446	AT5G48950	DHNAT2
ath01110	Bra037446	AT5G48950	DHNAT2
ath01240	Bra037446	AT5G48950	DHNAT2
ath00410	Bra037457	AT5G48840	PANC
ath00770	Bra037457	AT5G48840	PANC
ath01100	Bra037457	AT5G48840	PANC
ath01110	Bra037457	AT5G48840	PANC
ath01240	Bra037457	AT5G48840	PANC
ath04141	Bra037469	AT5G48660	AT5G48660
ath00500	Bra037495	AT5G48300	ADG1
ath00520	Bra037495	AT5G48300	ADG1
ath01100	Bra037495	AT5G48300	ADG1
ath01110	Bra037495	AT5G48300	ADG1
ath01250	Bra037495	AT5G48300	ADG1
ath00071	Bra037501	AT5G48230	ACAT2
ath00280	Bra037501	AT5G48230	ACAT2
ath00310	Bra037501	AT5G48230	ACAT2
ath00380	Bra037501	AT5G48230	ACAT2
ath00620	Bra037501	AT5G48230	ACAT2
ath00630	Bra037501	AT5G48230	ACAT2
ath00650	Bra037501	AT5G48230	ACAT2
ath00900	Bra037501	AT5G48230	ACAT2
ath01100	Bra037501	AT5G48230	ACAT2
ath01110	Bra037501	AT5G48230	ACAT2
ath01200	Bra037501	AT5G48230	ACAT2
ath01212	Bra037501	AT5G48230	ACAT2
ath00400	Bra037502	AT5G48220	AT5G48220
ath01100	Bra037502	AT5G48220	AT5G48220
ath01110	Bra037502	AT5G48220	AT5G48220
ath01230	Bra037502	AT5G48220	AT5G48220
ath04016	Bra037520	AT5G47910	RBOHD
ath04626	Bra037520	AT5G47910	RBOHD
ath00190	Bra037522	AT5G47890	AT5G47890
ath01100	Bra037522	AT5G47890	AT5G47890
ath03015	Bra037523	AT5G47880	ERF1-1
ath00230	Bra037526	AT5G47840	AMK2
ath00730	Bra037526	AT5G47840	AMK2
ath01100	Bra037526	AT5G47840	AMK2
ath01110	Bra037526	AT5G47840	AMK2
ath01232	Bra037526	AT5G47840	AMK2
ath01240	Bra037526	AT5G47840	AMK2
ath03040	Bra037529	AT3G32940	AT3G32940
ath04075	Bra037533	AT3G19290	ABF4
ath04075	Bra037539	AT3G19100	AT3G19100
ath04626	Bra037539	AT3G19100	AT3G19100
ath04136	Bra037564	AT3G18770	AT3G18770
ath03010	Bra037566	AT1G36240	AT1G36240
ath04016	Bra037569	AT3G18690	MKS1
ath03030	Bra037576	AT3G18580	AT3G18580
ath03430	Bra037576	AT3G18580	AT3G18580
ath03440	Bra037576	AT3G18580	AT3G18580
ath00860	Bra037607	AT3G44880	ACD1
ath01110	Bra037607	AT3G44880	ACD1
ath03010	Bra037609	AT3G44890	RPL9
ath00510	Bra037623	AT3G45040	AT3G45040
ath01100	Bra037623	AT3G45040	AT3G45040
ath00910	Bra037625	AT3G45060	NRT2.6
ath00030	Bra037645	AT2G44530	AT2G44530
ath00230	Bra037645	AT2G44530	AT2G44530
ath01100	Bra037645	AT2G44530	AT2G44530
ath01110	Bra037645	AT2G44530	AT2G44530
ath01200	Bra037645	AT2G44530	AT2G44530
ath01230	Bra037645	AT2G44530	AT2G44530
ath00190	Bra037646	AT2G44520	COX10
ath00860	Bra037646	AT2G44520	COX10
ath01100	Bra037646	AT2G44520	COX10
ath01110	Bra037646	AT2G44520	COX10
ath01240	Bra037646	AT2G44520	COX10
ath00460	Bra037651	AT2G44450	BGLU15
ath00500	Bra037651	AT2G44450	BGLU15
ath00999	Bra037651	AT2G44450	BGLU15
ath01100	Bra037651	AT2G44450	BGLU15
ath01110	Bra037651	AT2G44450	BGLU15
ath00020	Bra037657	AT2G44350	ATCS
ath00630	Bra037657	AT2G44350	ATCS
ath01100	Bra037657	AT2G44350	ATCS
ath01110	Bra037657	AT2G44350	ATCS
ath01200	Bra037657	AT2G44350	ATCS
ath01210	Bra037657	AT2G44350	ATCS
ath01230	Bra037657	AT2G44350	ATCS
ath00670	Bra037664	AT2G44160	MTHFR2
ath01100	Bra037664	AT2G44160	MTHFR2
ath01200	Bra037664	AT2G44160	MTHFR2
ath03010	Bra037665	AT2G44120	AT2G44120
ath00740	Bra037670	AT2G44050	COS1
ath01100	Bra037670	AT2G44050	COS1
ath01110	Bra037670	AT2G44050	COS1
ath01240	Bra037670	AT2G44050	COS1
ath00040	Bra037676	AT2G43890	AT2G43890
ath01100	Bra037676	AT2G43890	AT2G43890
ath00040	Bra037677	AT2G43880	AT2G43880
ath01100	Bra037677	AT2G43880	AT2G43880
ath00790	Bra037681	AT2G43760	AT2G43760
ath01100	Bra037681	AT2G43760	AT2G43760
ath01240	Bra037681	AT2G43760	AT2G43760
ath04122	Bra037681	AT2G43760	AT2G43760
ath03060	Bra037694	AT2G43640	AT2G43640
ath00520	Bra037698	AT2G43610	AT2G43610
ath01100	Bra037698	AT2G43610	AT2G43610
ath00940	Bra037713	AT2G43480	AT2G43480
ath01100	Bra037713	AT2G43480	AT2G43480
ath01110	Bra037713	AT2G43480	AT2G43480
ath03010	Bra037714	AT3G59540	AT3G59540
ath04626	Bra037722	AT2G43290	MSS3
ath04626	Bra037729	AT2G43230	AT2G43230
ath04075	Bra037742	AT2G43010	PIF4
ath00010	Bra037750	AT5G63680	AT5G63680
ath00620	Bra037750	AT5G63680	AT5G63680
ath01100	Bra037750	AT5G63680	AT5G63680
ath01110	Bra037750	AT5G63680	AT5G63680
ath01200	Bra037750	AT5G63680	AT5G63680
ath01230	Bra037750	AT5G63680	AT5G63680
ath03040	Bra037770	AT5G64270	AT5G64270
ath03440	Bra037778	AT5G64520	XRCC2
ath03010	Bra037787	AT5G64650	AT5G64650
ath00500	Bra037799	AT5G64860	DPE1
ath01100	Bra037799	AT5G64860	DPE1
ath01110	Bra037799	AT5G64860	DPE1
ath00730	Bra037826	AT5G65720	NFS1
ath01100	Bra037826	AT5G65720	NFS1
ath01240	Bra037826	AT5G65720	NFS1
ath04122	Bra037826	AT5G65720	NFS1
ath00270	Bra037827	AT5G65780	ATBCAT-5
ath00280	Bra037827	AT5G65780	ATBCAT-5
ath00290	Bra037827	AT5G65780	ATBCAT-5
ath00770	Bra037827	AT5G65780	ATBCAT-5
ath00966	Bra037827	AT5G65780	ATBCAT-5
ath01100	Bra037827	AT5G65780	ATBCAT-5
ath01110	Bra037827	AT5G65780	ATBCAT-5
ath01210	Bra037827	AT5G65780	ATBCAT-5
ath01230	Bra037827	AT5G65780	ATBCAT-5
ath01240	Bra037827	AT5G65780	ATBCAT-5
ath00940	Bra037849	AT5G67400	RHS19
ath01100	Bra037849	AT5G67400	RHS19
ath01110	Bra037849	AT5G67400	RHS19
ath00053	Bra037859	AT4G08390	SAPX
ath00480	Bra037859	AT4G08390	SAPX
ath01100	Bra037859	AT4G08390	SAPX
ath04016	Bra037860	AT4G08500	MEKK1
ath04626	Bra037860	AT4G08500	MEKK1
ath00940	Bra037877	AT4G08780	AT4G08780
ath01100	Bra037877	AT4G08780	AT4G08780
ath01110	Bra037877	AT4G08780	AT4G08780
ath00073	Bra037879	AT5G55320	AT5G55320
ath01110	Bra037879	AT5G55320	AT5G55320
ath04712	Bra037880	AT4G08920	CRY1
ath04122	Bra037905	AT4G10100	CNX7
ath03040	Bra037907	AT4G10110	AT4G10110
ath04136	Bra037932	AT5G50230	AT5G50230
ath04145	Bra037932	AT5G50230	AT5G50230
ath00760	Bra037933	AT5G50210	QS
ath01100	Bra037933	AT5G50210	QS
ath01240	Bra037933	AT5G50210	QS
ath00230	Bra037966	AT1G54130	RSH3
ath01100	Bra037966	AT1G54130	RSH3
ath00010	Bra037976	AT1G54220	AT1G54220
ath00020	Bra037976	AT1G54220	AT1G54220
ath00620	Bra037976	AT1G54220	AT1G54220
ath00785	Bra037976	AT1G54220	AT1G54220
ath01100	Bra037976	AT1G54220	AT1G54220
ath01110	Bra037976	AT1G54220	AT1G54220
ath01200	Bra037976	AT1G54220	AT1G54220
ath01210	Bra037976	AT1G54220	AT1G54220
ath00760	Bra037978	AT1G55090	AT1G55090
ath01100	Bra037978	AT1G55090	AT1G55090
ath01240	Bra037978	AT1G55090	AT1G55090
ath00052	Bra037980	AT1G55120	FRUCT5
ath00500	Bra037980	AT1G55120	FRUCT5
ath01100	Bra037980	AT1G55120	FRUCT5
ath01110	Bra037980	AT1G55120	FRUCT5
ath00564	Bra037982	AT1G55180	PLDEPSILON
ath00565	Bra037982	AT1G55180	PLDEPSILON
ath01100	Bra037982	AT1G55180	PLDEPSILON
ath01110	Bra037982	AT1G55180	PLDEPSILON
ath04144	Bra037982	AT1G55180	PLDEPSILON
ath03022	Bra037990	AT1G55300	TAF7
ath00053	Bra038001	AT1G55570	sks12
ath01100	Bra038001	AT1G55570	sks12
ath04120	Bra038022	AT1G55860	UPL1
ath03018	Bra038023	AT1G55870	AHG2
ath00270	Bra038025	AT1G55880	AT1G55880
ath00920	Bra038025	AT1G55880	AT1G55880
ath01100	Bra038025	AT1G55880	AT1G55880
ath01110	Bra038025	AT1G55880	AT1G55880
ath01200	Bra038025	AT1G55880	AT1G55880
ath01230	Bra038025	AT1G55880	AT1G55880
ath01320	Bra038025	AT1G55880	AT1G55880
ath00230	Bra038055	AT4G12720	NUDT7
ath00760	Bra038055	AT4G12720	NUDT7
ath00350	Bra038058	AT4G15940	AT4G15940
ath01100	Bra038058	AT4G15940	AT4G15940
ath04145	Bra038059	AT4G15930	AT4G15930
ath04517	Bra038059	AT4G15930	AT4G15930
ath04814	Bra038059	AT4G15930	AT4G15930
ath00500	Bra038088	AT4G15210	BAM5
ath01100	Bra038088	AT4G15210	BAM5
ath01110	Bra038088	AT4G15210	BAM5
ath00480	Bra038102	AT1G48130	PER1
ath00940	Bra038102	AT1G48130	PER1
ath01100	Bra038102	AT1G48130	PER1
ath01110	Bra038102	AT1G48130	PER1
ath03040	Bra038113	AT3G15010	AT3G15010
ath00564	Bra038125	AT2G06925	PLA2-ALPHA
ath00565	Bra038125	AT2G06925	PLA2-ALPHA
ath00590	Bra038125	AT2G06925	PLA2-ALPHA
ath00591	Bra038125	AT2G06925	PLA2-ALPHA
ath00592	Bra038125	AT2G06925	PLA2-ALPHA
ath01100	Bra038125	AT2G06925	PLA2-ALPHA
ath01110	Bra038125	AT2G06925	PLA2-ALPHA
ath00541	Bra038127	AT1G53500	MUM4
ath01100	Bra038127	AT1G53500	MUM4
ath01250	Bra038127	AT1G53500	MUM4
ath00480	Bra038140	AT1G53680	GSTU28
ath01100	Bra038140	AT1G53680	GSTU28
ath03020	Bra038143	AT5G41010	NRPB12
ath03420	Bra038143	AT5G41010	NRPB12
ath03050	Bra038162	AT1G56450	PBG1
ath00270	Bra038164	AT1G56430	NAS4
ath00999	Bra038164	AT1G56430	NAS4
ath01100	Bra038164	AT1G56430	NAS4
ath01110	Bra038164	AT1G56430	NAS4
ath04141	Bra038169	AT1G56330	SAR1B
ath00100	Bra038233	AT3G19820	DWF1
ath01100	Bra038233	AT3G19820	DWF1
ath01110	Bra038233	AT3G19820	DWF1
ath04142	Bra038237	AT3G19870	AT3G19870
ath03082	Bra038273	AT3G45830	AT3G45830
ath04016	Bra038281	AT3G45640	MPK3
ath04075	Bra038281	AT3G45640	MPK3
ath04626	Bra038281	AT3G45640	MPK3
ath03018	Bra038282	AT3G45630	AT3G45630
ath00280	Bra038291	AT3G45300	IVD
ath01100	Bra038291	AT3G45300	IVD
ath04130	Bra038292	AT3G45280	SYP72
ath03022	Bra038317	AT1G55750	AT1G55750
ath03420	Bra038317	AT1G55750	AT1G55750
ath00130	Bra038340	AT1G68890	PHYLLO
ath01100	Bra038340	AT1G68890	PHYLLO
ath01110	Bra038340	AT1G68890	PHYLLO
ath01240	Bra038340	AT1G68890	PHYLLO
ath00564	Bra038369	AT4G09760	AT4G09760
ath01100	Bra038369	AT4G09760	AT4G09760
ath04142	Bra038371	AT4G09720	RABG3A
ath04144	Bra038371	AT4G09720	RABG3A
ath04145	Bra038371	AT4G09720	RABG3A
ath04148	Bra038371	AT4G09720	RABG3A
ath00190	Bra038377	AT4G09650	ATPD
ath00195	Bra038377	AT4G09650	ATPD
ath01100	Bra038377	AT4G09650	ATPD
ath00520	Bra038405	AT1G31070	GlcNAc1pUT1
ath00541	Bra038405	AT1G31070	GlcNAc1pUT1
ath01100	Bra038405	AT1G31070	GlcNAc1pUT1
ath01250	Bra038405	AT1G31070	GlcNAc1pUT1
ath03018	Bra038426	AT1G31500	AT1G31500
ath00260	Bra038432	AT1G31710	AT1G31710
ath00350	Bra038432	AT1G31710	AT1G31710
ath00360	Bra038432	AT1G31710	AT1G31710
ath00410	Bra038432	AT1G31710	AT1G31710
ath00950	Bra038432	AT1G31710	AT1G31710
ath00960	Bra038432	AT1G31710	AT1G31710
ath01100	Bra038432	AT1G31710	AT1G31710
ath01110	Bra038432	AT1G31710	AT1G31710
ath00906	Bra038437	AT1G31800	CYP97A3
ath01100	Bra038437	AT1G31800	CYP97A3
ath01110	Bra038437	AT1G31800	CYP97A3
ath00942	Bra038445	AT4G14090	AT4G14090
ath01110	Bra038445	AT4G14090	AT4G14090
ath00920	Bra038487	AT4G16566	HINT4
ath01100	Bra038487	AT4G16566	HINT4
ath03040	Bra038498	AT4G16680	AT4G16680
ath00860	Bra038499	AT4G16690	MES16
ath01110	Bra038499	AT4G16690	MES16
ath00564	Bra038501	AT4G16700	PSD1
ath01100	Bra038501	AT4G16700	PSD1
ath01110	Bra038501	AT4G16700	PSD1
ath00510	Bra038502	AT4G16710	AT4G16710
ath00513	Bra038502	AT4G16710	AT4G16710
ath01100	Bra038502	AT4G16710	AT4G16710
ath03010	Bra038503	AT4G16720	AT4G16720
ath00760	Bra038509	AT2G22570	NIC1
ath01100	Bra038509	AT2G22570	NIC1
ath01240	Bra038509	AT2G22570	NIC1
ath00010	Bra038519	AT2G22480	PFK5
ath00030	Bra038519	AT2G22480	PFK5
ath00051	Bra038519	AT2G22480	PFK5
ath00052	Bra038519	AT2G22480	PFK5
ath01100	Bra038519	AT2G22480	PFK5
ath01110	Bra038519	AT2G22480	PFK5
ath01200	Bra038519	AT2G22480	PFK5
ath01230	Bra038519	AT2G22480	PFK5
ath03018	Bra038519	AT2G22480	PFK5
ath00740	Bra038522	AT2G22450	RIBA2
ath00790	Bra038522	AT2G22450	RIBA2
ath01100	Bra038522	AT2G22450	RIBA2
ath01110	Bra038522	AT2G22450	RIBA2
ath01240	Bra038522	AT2G22450	RIBA2
ath03060	Bra038525	AT2G22425	AT2G22425
ath00350	Bra038537	AT2G22250	AAT
ath00360	Bra038537	AT2G22250	AAT
ath00400	Bra038537	AT2G22250	AAT
ath00950	Bra038537	AT2G22250	AAT
ath00960	Bra038537	AT2G22250	AAT
ath01100	Bra038537	AT2G22250	AAT
ath01110	Bra038537	AT2G22250	AAT
ath01230	Bra038537	AT2G22250	AAT
ath00562	Bra038538	AT2G22240	MIPS2
ath01100	Bra038538	AT2G22240	MIPS2
ath01110	Bra038538	AT2G22240	MIPS2
ath00061	Bra038539	AT2G22230	AT2G22230
ath00780	Bra038539	AT2G22230	AT2G22230
ath01100	Bra038539	AT2G22230	AT2G22230
ath01212	Bra038539	AT2G22230	AT2G22230
ath01240	Bra038539	AT2G22230	AT2G22230
ath00900	Bra038544	AT2G18640	GGPS4
ath01100	Bra038544	AT2G18640	GGPS4
ath01110	Bra038544	AT2G18640	GGPS4
ath00500	Bra038548	AT2G18700	TPS11
ath01100	Bra038548	AT2G18700	TPS11
ath01110	Bra038548	AT2G18700	TPS11
ath04517	Bra038553	AT2G18876	AT2G18876
ath00940	Bra038561	AT2G19070	SHT
ath00941	Bra038561	AT2G19070	SHT
ath00945	Bra038561	AT2G19070	SHT
ath01100	Bra038561	AT2G19070	SHT
ath01110	Bra038561	AT2G19070	SHT
ath03050	Bra038565	AT1G21720	PBC1
ath00040	Bra038614	AT5G63180	AT5G63180
ath01100	Bra038614	AT5G63180	AT5G63180
ath03060	Bra038617	AT5G63220	AT5G63220
ath00230	Bra038621	AT5G63310	NDPK2
ath00240	Bra038621	AT5G63310	NDPK2
ath01100	Bra038621	AT5G63310	NDPK2
ath01110	Bra038621	AT5G63310	NDPK2
ath01232	Bra038621	AT5G63310	NDPK2
ath01240	Bra038621	AT5G63310	NDPK2
ath04016	Bra038621	AT5G63310	NDPK2
ath00073	Bra038645	AT5G63560	FACT
ath00860	Bra038646	AT5G63570	GSA1
ath01100	Bra038646	AT5G63570	GSA1
ath01110	Bra038646	AT5G63570	GSA1
ath01240	Bra038646	AT5G63570	GSA1
ath00941	Bra038648	AT5G63590	FLS3
ath01100	Bra038648	AT5G63590	FLS3
ath01110	Bra038648	AT5G63590	FLS3
ath04016	Bra038652	AT5G63650	SNRK2.5
ath04075	Bra038652	AT5G63650	SNRK2.5
ath00561	Bra038661	AT5G63770	DGK2
ath00564	Bra038661	AT5G63770	DGK2
ath01100	Bra038661	AT5G63770	DGK2
ath01110	Bra038661	AT5G63770	DGK2
ath04070	Bra038661	AT5G63770	DGK2
ath00970	Bra038675	AT3G11710	ATKRS-1
ath00790	Bra038678	AT3G11750	FOLB1
ath01100	Bra038678	AT3G11750	FOLB1
ath01240	Bra038678	AT3G11750	FOLB1
ath03010	Bra038689	AT3G11940	RPS5A
ath00073	Bra038691	AT3G11980	MS2
ath01110	Bra038691	AT3G11980	MS2
ath04146	Bra038691	AT3G11980	MS2
ath03040	Bra038734	AT3G12580	HSP70
ath04141	Bra038734	AT3G12580	HSP70
ath04144	Bra038734	AT3G12580	HSP70
ath00460	Bra038756	AT4G21760	BGLU47
ath00500	Bra038756	AT4G21760	BGLU47
ath00999	Bra038756	AT4G21760	BGLU47
ath01100	Bra038756	AT4G21760	BGLU47
ath01110	Bra038756	AT4G21760	BGLU47
ath00904	Bra038780	AT4G21200	GA2OX8
ath01110	Bra038780	AT4G21200	GA2OX8
ath04144	Bra038783	AT4G21160	ZAC
ath00910	Bra038791	AT4G20990	ACA4
ath01100	Bra038791	AT4G20990	ACA4
ath04626	Bra038801	AT4G20780	CML42
ath04626	Bra038805	AT4G20360	RABE1b
ath03030	Bra038806	AT4G20325	AT4G20325
ath03060	Bra038815	AT2G18710	SCY1
ath04141	Bra038815	AT2G18710	SCY1
ath04145	Bra038815	AT2G18710	SCY1
ath00561	Bra038816	AT2G18730	DGK3
ath00564	Bra038816	AT2G18730	DGK3
ath01100	Bra038816	AT2G18730	DGK3
ath01110	Bra038816	AT2G18730	DGK3
ath04070	Bra038816	AT2G18730	DGK3
ath03008	Bra038829	AT2G18900	AT2G18900
ath00130	Bra038834	AT2G18950	HPT1
ath01100	Bra038834	AT2G18950	HPT1
ath01110	Bra038834	AT2G18950	HPT1
ath01240	Bra038834	AT2G18950	HPT1
ath00190	Bra038835	AT2G18960	HA1
ath01100	Bra038835	AT2G18960	HA1
ath04075	Bra038835	AT2G18960	HA1
ath00195	Bra038863	AT3G50820	PSBO2
ath01100	Bra038863	AT3G50820	PSBO2
ath04016	Bra038877	AT3G51040	RTH
ath00562	Bra038900	AT3G51460	RHD4
ath01100	Bra038900	AT3G51460	RHD4
ath04070	Bra038900	AT3G51460	RHD4
ath00561	Bra038905	AT3G51520	DGAT2
ath01100	Bra038905	AT3G51520	DGAT2
ath01110	Bra038905	AT3G51520	DGAT2
ath00052	Bra038926	AT1G56560	A/N-InvA
ath00500	Bra038926	AT1G56560	A/N-InvA
ath01100	Bra038926	AT1G56560	A/N-InvA
ath01110	Bra038926	AT1G56560	A/N-InvA
ath00230	Bra038939	AT5G35170	AT5G35170
ath00730	Bra038939	AT5G35170	AT5G35170
ath01100	Bra038939	AT5G35170	AT5G35170
ath01110	Bra038939	AT5G35170	AT5G35170
ath01232	Bra038939	AT5G35170	AT5G35170
ath01240	Bra038939	AT5G35170	AT5G35170
ath00531	Bra038945	AT5G34940	GUS3
ath01100	Bra038945	AT5G34940	GUS3
ath04142	Bra038948	AT5G33280	AT5G33280
ath00730	Bra038956	AT5G32470	AT5G32470
ath01100	Bra038956	AT5G32470	AT5G32470
ath01240	Bra038956	AT5G32470	AT5G32470
ath03013	Bra039002	AT2G19430	DWA1
ath03040	Bra039002	AT2G19430	DWA1
ath00240	Bra039004	AT2G19570	CDA1
ath01100	Bra039004	AT2G19570	CDA1
ath01232	Bra039004	AT2G19570	CDA1
ath03010	Bra039013	AT2G19720	rps15ab
ath04142	Bra039020	AT2G19790	AT2G19790
ath00010	Bra039025	AT4G29130	HXK1
ath00051	Bra039025	AT4G29130	HXK1
ath00052	Bra039025	AT4G29130	HXK1
ath00500	Bra039025	AT4G29130	HXK1
ath00520	Bra039025	AT4G29130	HXK1
ath01100	Bra039025	AT4G29130	HXK1
ath01110	Bra039025	AT4G29130	HXK1
ath01200	Bra039025	AT4G29130	HXK1
ath01250	Bra039025	AT4G29130	HXK1
ath00620	Bra039029	AT2G19900	NADP-ME1
ath00710	Bra039029	AT2G19900	NADP-ME1
ath01100	Bra039029	AT2G19900	NADP-ME1
ath01200	Bra039029	AT2G19900	NADP-ME1
ath04120	Bra039034	AT2G20000	HBT
ath03010	Bra039041	AT3G28900	AT3G28900
ath00190	Bra039048	AT3G28710	AT3G28710
ath01100	Bra039048	AT3G28710	AT3G28710
ath04142	Bra039048	AT3G28710	AT3G28710
ath04145	Bra039048	AT3G28710	AT3G28710
ath00240	Bra039077	AT3G27440	UKL5
ath01100	Bra039077	AT3G27440	UKL5
ath01232	Bra039077	AT3G27440	UKL5
ath00030	Bra039084	AT3G27300	G6PD5
ath00480	Bra039084	AT3G27300	G6PD5
ath01100	Bra039084	AT3G27300	G6PD5
ath01110	Bra039084	AT3G27300	G6PD5
ath01200	Bra039084	AT3G27300	G6PD5
ath04144	Bra039097	AT3G27000	ARP2
ath04517	Bra039097	AT3G27000	ARP2
ath04519	Bra039097	AT3G27000	ARP2
ath05100	Bra039097	AT3G27000	ARP2
ath00910	Bra039113	AT3G01500	CA1
ath01100	Bra039113	AT3G01500	CA1
ath00195	Bra039118	AT3G01440	PnsL3
ath01100	Bra039118	AT3G01440	PnsL3
ath00592	Bra039120	AT3G01420	DOX1
ath01110	Bra039120	AT3G01420	DOX1
ath00563	Bra039122	AT3G01380	AT3G01380
ath01100	Bra039122	AT3G01380	AT3G01380
ath00940	Bra039137	AT3G01190	AT3G01190
ath01100	Bra039137	AT3G01190	AT3G01190
ath01110	Bra039137	AT3G01190	AT3G01190
ath00500	Bra039138	AT3G01180	SS2
ath01100	Bra039138	AT3G01180	SS2
ath01110	Bra039138	AT3G01180	SS2
ath03010	Bra039150	AT3G02080	AT3G02080
ath03022	Bra039159	AT3G02160	AT3G02160
ath03010	Bra039161	AT3G02190	AT3G02190
ath00520	Bra039165	AT3G02230	RGP1
ath01100	Bra039165	AT3G02230	RGP1
ath01250	Bra039165	AT3G02230	RGP1
ath00030	Bra039172	AT3G02360	AT3G02360
ath00480	Bra039172	AT3G02360	AT3G02360
ath01100	Bra039172	AT3G02360	AT3G02360
ath01110	Bra039172	AT3G02360	AT3G02360
ath01200	Bra039172	AT3G02360	AT3G02360
ath00061	Bra039178	AT3G02610	AT3G02610
ath01040	Bra039178	AT3G02610	AT3G02610
ath01100	Bra039178	AT3G02610	AT3G02610
ath01212	Bra039178	AT3G02610	AT3G02610
ath00561	Bra039179	AT3G02600	LPP3
ath00564	Bra039179	AT3G02600	LPP3
ath01110	Bra039179	AT3G02600	LPP3
ath00100	Bra039180	AT3G02580	STE1
ath01100	Bra039180	AT3G02580	STE1
ath01110	Bra039180	AT3G02580	STE1
ath00051	Bra039181	AT3G02570	MEE31
ath00520	Bra039181	AT3G02570	MEE31
ath01100	Bra039181	AT3G02570	MEE31
ath01110	Bra039181	AT3G02570	MEE31
ath01240	Bra039181	AT3G02570	MEE31
ath01250	Bra039181	AT3G02570	MEE31
ath03010	Bra039182	AT3G02560	AT3G02560
ath04075	Bra039186	AT2G23170	GH3.3
ath00760	Bra039198	AT2G23420	NAPRT2
ath01100	Bra039198	AT2G23420	NAPRT2
ath01240	Bra039198	AT2G23420	NAPRT2
ath00900	Bra039216	AT2G23800	GGPS2
ath01100	Bra039216	AT2G23800	GGPS2
ath01110	Bra039216	AT2G23800	GGPS2
ath00230	Bra039218	AT2G23820	AT2G23820
ath00240	Bra039218	AT2G23820	AT2G23820
ath01100	Bra039218	AT2G23820	AT2G23820
ath01232	Bra039218	AT2G23820	AT2G23820
ath04081	Bra039234	AT2G24150	HHP3
ath00601	Bra039252	AT1G61050	AT1G61050
ath00603	Bra039252	AT1G61050	AT1G61050
ath01100	Bra039252	AT1G61050	AT1G61050
ath04075	Bra039263	AT2G46700	CRK3
ath04626	Bra039263	AT2G46700	CRK3
ath00750	Bra039273	AT2G46580	AT2G46580
ath01100	Bra039273	AT2G46580	AT2G46580
ath01240	Bra039273	AT2G46580	AT2G46580
ath03008	Bra039285	AT2G46230	AT2G46230
ath04016	Bra039292	AT2G46070	MPK12
ath04626	Bra039292	AT2G46070	MPK12
ath04120	Bra039295	AT2G46030	UBC6
ath03018	Bra039312	AT2G45810	AT2G45810
ath00261	Bra039337	AT2G45440	DHDPS2
ath00300	Bra039337	AT2G45440	DHDPS2
ath01100	Bra039337	AT2G45440	DHDPS2
ath01110	Bra039337	AT2G45440	DHDPS2
ath01230	Bra039337	AT2G45440	DHDPS2
ath04075	Bra039345	AT3G12830	AT3G12830
ath03083	Bra039359	AT3G12980	HAC5
ath03250	Bra039359	AT3G12980	HAC5
ath04519	Bra039359	AT3G12980	HAC5
ath02010	Bra039378	AT3G13220	ABCG26
ath04981	Bra039378	AT3G13220	ABCG26
ath03040	Bra039380	AT3G13224	AT3G13224
ath03040	Bra039394	AT3G13570	SCL30A
ath03013	Bra039416	AT3G05720	IMPA-7
ath04130	Bra039417	AT3G05710	SYP43
ath00040	Bra039419	AT3G05620	AT3G05620
ath01100	Bra039419	AT3G05620	AT3G05620
ath00040	Bra039421	AT3G05610	AT3G05610
ath01100	Bra039421	AT3G05610	AT3G05610
ath03050	Bra039431	AT3G05530	RPT5A
ath03060	Bra039451	AT3G05230	AT3G05230
ath03420	Bra039453	AT3G05210	ERCC1
ath03460	Bra039453	AT3G05210	ERCC1
ath03460	Bra039464	AT3G05090	LRS1
ath03040	Bra039465	AT3G05070	AT3G05070
ath03018	Bra039486	AT5G35910	AT5G35910
ath00130	Bra039489	AT5G36160	AT5G36160
ath00270	Bra039489	AT5G36160	AT5G36160
ath00350	Bra039489	AT5G36160	AT5G36160
ath00360	Bra039489	AT5G36160	AT5G36160
ath00400	Bra039489	AT5G36160	AT5G36160
ath00950	Bra039489	AT5G36160	AT5G36160
ath00960	Bra039489	AT5G36160	AT5G36160
ath01100	Bra039489	AT5G36160	AT5G36160
ath01110	Bra039489	AT5G36160	AT5G36160
ath00500	Bra039502	AT5G37180	SUS5
ath01100	Bra039502	AT5G37180	SUS5
ath01110	Bra039502	AT5G37180	SUS5
ath03083	Bra039504	AT1G10230	SK18
ath04120	Bra039504	AT1G10230	SK18
ath04141	Bra039504	AT1G10230	SK18
ath04626	Bra039511	AT5G44460	CML43
ath03410	Bra039524	AT5G44680	AT5G44680
ath03010	Bra039526	AT5G44710	AT5G44710
ath00195	Bra039530	AT5G45040	CYTC6A
ath01100	Bra039530	AT5G45040	CYTC6A
ath00900	Bra039538	AT3G59380	FTA
ath01110	Bra039538	AT3G59380	FTA
ath00010	Bra039540	AT4G15530	PPDK
ath00620	Bra039540	AT4G15530	PPDK
ath00710	Bra039540	AT4G15530	PPDK
ath01100	Bra039540	AT4G15530	PPDK
ath01110	Bra039540	AT4G15530	PPDK
ath01200	Bra039540	AT4G15530	PPDK
ath03008	Bra039543	AT3G21540	AT3G21540
ath00940	Bra039545	AT4G15490	UGT84A3
ath01110	Bra039545	AT4G15490	UGT84A3
ath03015	Bra039553	AT4G15415	ATB'_GAMMA
ath04382	Bra039553	AT4G15415	ATB'_GAMMA
ath03040	Bra039603	AT2G18510	emb2444
ath04130	Bra039622	AT2G18260	SYP112
ath00770	Bra039623	AT2G18250	COAD
ath01100	Bra039623	AT2G18250	COAD
ath01240	Bra039623	AT2G18250	COAD
ath04136	Bra039647	AT1G50030	TOR
ath04142	Bra039647	AT1G50030	TOR
ath04156	Bra039647	AT1G50030	TOR
ath04518	Bra039647	AT1G50030	TOR
ath03050	Bra039688	AT1G53750	RPT1A
ath00514	Bra039691	AT1G53770	AT1G53770
ath04156	Bra039699	AT1G53880	AT1G53880
ath03460	Bra039704	AT4G14970	AT4G14970
ath00230	Bra039707	AT4G14930	AT4G14930
ath00240	Bra039707	AT4G14930	AT4G14930
ath00760	Bra039707	AT4G14930	AT4G14930
ath01100	Bra039707	AT4G14930	AT4G14930
ath01110	Bra039707	AT4G14930	AT4G14930
ath01232	Bra039707	AT4G14930	AT4G14930
ath00270	Bra039708	AT4G14880	OASA1
ath00920	Bra039708	AT4G14880	OASA1
ath01100	Bra039708	AT4G14880	OASA1
ath01110	Bra039708	AT4G14880	OASA1
ath01200	Bra039708	AT4G14880	OASA1
ath01230	Bra039708	AT4G14880	OASA1
ath01320	Bra039708	AT4G14880	OASA1
ath03020	Bra039721	AT4G14660	NRPE7
ath04626	Bra039723	AT4G14640	CAM8
ath00480	Bra039740	AT1G65820	AT1G65820
ath01100	Bra039740	AT1G65820	AT1G65820
ath00330	Bra039742	AT1G65840	PAO4
ath00410	Bra039742	AT1G65840	PAO4
ath00770	Bra039742	AT1G65840	PAO4
ath01100	Bra039742	AT1G65840	PAO4
ath00020	Bra039746	AT1G65930	cICDH
ath00480	Bra039746	AT1G65930	cICDH
ath01100	Bra039746	AT1G65930	cICDH
ath01110	Bra039746	AT1G65930	cICDH
ath01200	Bra039746	AT1G65930	cICDH
ath01210	Bra039746	AT1G65930	cICDH
ath01230	Bra039746	AT1G65930	cICDH
ath04146	Bra039746	AT1G65930	cICDH
ath00220	Bra039756	AT1G66200	GSR2
ath00250	Bra039756	AT1G66200	GSR2
ath00630	Bra039756	AT1G66200	GSR2
ath00910	Bra039756	AT1G66200	GSR2
ath01100	Bra039756	AT1G66200	GSR2
ath01110	Bra039756	AT1G66200	GSR2
ath01230	Bra039756	AT1G66200	GSR2
ath04075	Bra039756	AT1G66200	GSR2
ath00500	Bra039757	AT1G66250	AT1G66250
ath01100	Bra039757	AT1G66250	AT1G66250
ath04075	Bra039762	AT1G66350	RGL1
ath03010	Bra039787	AT3G53430	AT3G53430
ath00520	Bra039799	AT3G53520	UXS1
ath01100	Bra039799	AT3G53520	UXS1
ath01250	Bra039799	AT3G53520	UXS1
ath04144	Bra039807	AT3G53610	RAB8
ath04144	Bra039812	AT3G53710	AGD6
ath00940	Bra039816	AT3G32980	AT3G32980
ath01100	Bra039816	AT3G32980	AT3G32980
ath01110	Bra039816	AT3G32980	AT3G32980
ath00230	Bra039818	AT2G14750	APK
ath00920	Bra039818	AT2G14750	APK
ath01100	Bra039818	AT2G14750	APK
ath01320	Bra039818	AT2G14750	APK
ath00380	Bra039823	AT5G26000	TGG1
ath01100	Bra039823	AT5G26000	TGG1
ath04075	Bra039832	AT2G14960	GH3.1
ath04626	Bra039845	AT2G15680	CML30
ath04075	Bra039855	AT4G14550	IAA14
ath04130	Bra039859	AT4G14455	ATBET12
ath00071	Bra039860	AT4G14430	IBR10
ath03082	Bra039907	AT2G18000	TAF14
ath03010	Bra039911	AT2G18020	EMB2296
ath00940	Bra039920	AT2G18150	AT2G18150
ath01100	Bra039920	AT2G18150	AT2G18150
ath01110	Bra039920	AT2G18150	AT2G18150
ath00270	Bra039939	AT5G49160	MET1
ath01100	Bra039939	AT5G49160	MET1
ath03008	Bra039942	AT2G23070	AT2G23070
ath04712	Bra039942	AT2G23070	AT2G23070
ath00591	Bra039948	AT3G22400	LOX5
ath00960	Bra039969	AT2G30670	AT2G30670
ath01100	Bra039969	AT2G30670	AT2G30670
ath01110	Bra039969	AT2G30670	AT2G30670
ath00960	Bra039971	AT2G29340	AT2G29340
ath01100	Bra039971	AT2G29340	AT2G29340
ath01110	Bra039971	AT2G29340	AT2G29340
ath00960	Bra039976	AT2G29350	SAG13
ath01100	Bra039976	AT2G29350	SAG13
ath01110	Bra039976	AT2G29350	SAG13
ath00480	Bra039980	AT2G29420	GSTU7
ath01100	Bra039980	AT2G29420	GSTU7
ath00480	Bra039982	AT2G29460	GSTU4
ath01100	Bra039982	AT2G29460	GSTU4
ath00480	Bra039983	AT2G29470	GSTU3
ath01100	Bra039983	AT2G29470	GSTU3
ath00480	Bra039984	AT2G29480	GSTU2
ath01100	Bra039984	AT2G29480	GSTU2
ath03020	Bra039985	AT2G29540	RPC14
ath03040	Bra039988	AT2G29580	MAC5B
ath03010	Bra039999	AT1G33120	AT1G33120
ath03018	Bra040025	AT3G07750	AT3G07750
ath04141	Bra040027	AT3G07770	Hsp89.1
ath04626	Bra040027	AT3G07770	Hsp89.1
ath00240	Bra040030	AT3G07800	TK1a
ath01100	Bra040030	AT3G07800	TK1a
ath01232	Bra040030	AT3G07800	TK1a
ath03015	Bra040031	AT3G07810	AT3G07810
ath00040	Bra040032	AT3G07820	AT3G07820
ath01100	Bra040032	AT3G07820	AT3G07820
ath00562	Bra040043	AT3G07960	PIP5K6
ath01100	Bra040043	AT3G07960	PIP5K6
ath04070	Bra040043	AT3G07960	PIP5K6
ath04144	Bra040043	AT3G07960	PIP5K6
ath04130	Bra040067	AT4G32150	VAMP711
ath04142	Bra040067	AT4G32150	VAMP711
ath04145	Bra040067	AT4G32150	VAMP711
ath03018	Bra040068	AT4G32175	AT4G32175
ath00190	Bra040079	AT4G32470	AT4G32470
ath01100	Bra040079	AT4G32470	AT4G32470
ath00260	Bra040080	AT4G32520	SHM3
ath00460	Bra040080	AT4G32520	SHM3
ath00630	Bra040080	AT4G32520	SHM3
ath00670	Bra040080	AT4G32520	SHM3
ath01100	Bra040080	AT4G32520	SHM3
ath01110	Bra040080	AT4G32520	SHM3
ath01200	Bra040080	AT4G32520	SHM3
ath01230	Bra040080	AT4G32520	SHM3
ath01240	Bra040080	AT4G32520	SHM3
ath04981	Bra040080	AT4G32520	SHM3
ath00071	Bra040093	AT4G16760	ACX1
ath00410	Bra040093	AT4G16760	ACX1
ath00592	Bra040093	AT4G16760	ACX1
ath00640	Bra040093	AT4G16760	ACX1
ath01040	Bra040093	AT4G16760	ACX1
ath01100	Bra040093	AT4G16760	ACX1
ath01110	Bra040093	AT4G16760	ACX1
ath01200	Bra040093	AT4G16760	ACX1
ath01212	Bra040093	AT4G16760	ACX1
ath04146	Bra040093	AT4G16760	ACX1
ath03022	Bra040106	AT4G17020	AT4G17020
ath03420	Bra040106	AT4G17020	AT4G17020
ath03010	Bra040115	AT3G04920	AT3G04920
ath00030	Bra040120	AT3G04790	EMB3119
ath00710	Bra040120	AT3G04790	EMB3119
ath01100	Bra040120	AT3G04790	EMB3119
ath01110	Bra040120	AT3G04790	EMB3119
ath01200	Bra040120	AT3G04790	EMB3119
ath01230	Bra040120	AT3G04790	EMB3119
ath03082	Bra040131	AT4G38130	HD1
ath03083	Bra040131	AT4G38130	HD1
ath04016	Bra040134	AT3G04580	EIN4
ath04075	Bra040134	AT3G04580	EIN4
ath00514	Bra040144	AT3G04240	SEC
ath03083	Bra040144	AT3G04240	SEC
ath03010	Bra040145	AT5G18380	AT5G18380
ath03008	Bra040171	AT4G17640	CKB2
ath03083	Bra040171	AT4G17640	CKB2
ath04712	Bra040171	AT4G17640	CKB2
ath00260	Bra040187	AT3G04520	THA2
ath01100	Bra040187	AT3G04520	THA2
ath01110	Bra040187	AT3G04520	THA2
ath01230	Bra040187	AT3G04520	THA2
ath03013	Bra040190	AT3G04490	AT3G04490
ath04146	Bra040195	AT3G04460	PEX12
ath04144	Bra040215	AT3G05520	CPA
ath04814	Bra040215	AT3G05520	CPA
ath04820	Bra040215	AT3G05520	CPA
ath03082	Bra040221	AT3G06400	CHR11
ath00400	Bra040225	AT3G06350	MEE32
ath00999	Bra040225	AT3G06350	MEE32
ath01100	Bra040225	AT3G06350	MEE32
ath01110	Bra040225	AT3G06350	MEE32
ath01230	Bra040225	AT3G06350	MEE32
ath00052	Bra040252	AT3G05820	INVH
ath00500	Bra040252	AT3G05820	INVH
ath01100	Bra040252	AT3G05820	INVH
ath01110	Bra040252	AT3G05820	INVH
ath04075	Bra040260	AT1G45249	ABF2
ath03013	Bra040261	AT1G45233	THO5
ath03040	Bra040261	AT1G45233	THO5
ath03010	Bra040286	AT3G06700	AT3G06700
ath03030	Bra040301	AT1G44900	MCM2
ath00906	Bra040330	AT2G44990	CCD7
ath01110	Bra040330	AT2G44990	CCD7
ath00290	Bra040341	AT4G13430	IIL1
ath00660	Bra040341	AT4G13430	IIL1
ath00966	Bra040341	AT4G13430	IIL1
ath01100	Bra040341	AT4G13430	IIL1
ath01110	Bra040341	AT4G13430	IIL1
ath01210	Bra040341	AT4G13430	IIL1
ath01230	Bra040341	AT4G13430	IIL1
ath00790	Bra040368	AT3G07270	AT3G07270
ath01100	Bra040368	AT3G07270	AT3G07270
ath01240	Bra040368	AT3G07270	AT3G07270
ath04075	Bra040398	AT3G04730	IAA16
ath03010	Bra040409	AT4G34670	AT4G34670
ath00906	Bra040411	AT3G04870	ZDS
ath01100	Bra040411	AT3G04870	ZDS
ath01110	Bra040411	AT3G04870	ZDS
ath04141	Bra040419	AT3G63000	NPL41
ath04075	Bra040420	AT3G63010	GID1B
ath00908	Bra040431	AT3G63110	IPT3
ath01100	Bra040431	AT3G63110	IPT3
ath01110	Bra040431	AT3G63110	IPT3
ath03013	Bra040432	AT3G63130	RANGAP1
ath00270	Bra040439	AT3G63250	HMT2
ath00670	Bra040439	AT3G63250	HMT2
ath01100	Bra040439	AT3G63250	HMT2
ath01110	Bra040439	AT3G63250	HMT2
ath04981	Bra040439	AT3G63250	HMT2
ath03010	Bra040448	AT3G63490	EMB3126
ath02010	Bra040475	AT2G47000	ABCB4
ath04075	Bra040476	AT2G46990	IAA20
ath00190	Bra040479	AT2G46860	PPa3
ath00562	Bra040509	AT3G01310	AT3G01310
ath01100	Bra040509	AT3G01310	AT3G01310
ath04070	Bra040509	AT3G01310	AT3G01310
ath00190	Bra040512	AT3G01390	VMA10
ath01100	Bra040512	AT3G01390	VMA10
ath04142	Bra040512	AT3G01390	VMA10
ath04145	Bra040512	AT3G01390	VMA10
ath00564	Bra040531	AT3G05630	PLDP2
ath00565	Bra040531	AT3G05630	PLDP2
ath01100	Bra040531	AT3G05630	PLDP2
ath01110	Bra040531	AT3G05630	PLDP2
ath04144	Bra040531	AT3G05630	PLDP2
ath03050	Bra040561	AT1G53850	PAE1
ath00040	Bra040563	AT1G53830	PME2
ath01100	Bra040563	AT1G53830	PME2
ath03060	Bra040580	AT4G16444	AT4G16444
ath04519	Bra040592	AT3G02520	GRF7
ath03440	Bra040593	AT3G02680	NBS1
ath00620	Bra040594	AT3G02720	DJ1D
ath01100	Bra040594	AT3G02720	DJ1D
ath00053	Bra040607	AT3G02870	VTC4
ath00562	Bra040607	AT3G02870	VTC4
ath01100	Bra040607	AT3G02870	VTC4
ath01110	Bra040607	AT3G02870	VTC4
ath01240	Bra040607	AT3G02870	VTC4
ath04070	Bra040607	AT3G02870	VTC4
ath03060	Bra040656	AT4G08320	TPR8
ath03082	Bra040678	AT2G19520	FVE
ath03083	Bra040678	AT2G19520	FVE
ath04120	Bra040685	AT3G53090	UPL7
ath03013	Bra040687	AT3G53110	LOS4
ath03015	Bra040687	AT3G53110	LOS4
ath04144	Bra040688	AT3G53120	VPS37-1
ath00960	Bra040689	AT3G53140	AT3G53140
ath00965	Bra040695	AT4G15093	LigB
ath01100	Bra040695	AT4G15093	LigB
ath01110	Bra040695	AT4G15093	LigB
ath00073	Bra040703	AT3G02030	AT3G02030
ath00561	Bra040703	AT3G02030	AT3G02030
ath01100	Bra040703	AT3G02030	AT3G02030
ath01110	Bra040703	AT3G02030	AT3G02030
ath00564	Bra040704	AT3G02040	SRG3
ath03410	Bra040725	AT1G13635	AT1G13635
ath04136	Bra040738	AT3G60640	ATG8G
ath04145	Bra040738	AT3G60640	ATG8G
ath04156	Bra040738	AT3G60640	ATG8G
ath03410	Bra040756	AT4G12740	AT4G12740
ath00906	Bra040762	AT2G29090	CYP707A2
ath01110	Bra040762	AT2G29090	CYP707A2
ath04626	Bra040770	AT1G32250	AT1G32250
ath00860	Bra040771	AT2G26670	TED4
ath01100	Bra040771	AT2G26670	TED4
ath01110	Bra040771	AT2G26670	TED4
ath03010	Bra040773	AT1G29070	AT1G29070
ath03008	Bra040785	AT1G56110	NOP56
ath04142	Bra040791	AT1G47240	NRAMP2
ath04075	Bra040812	AT1G48660	AT1G48660
ath00541	Bra040813	AT1G53000	CKS
ath01100	Bra040813	AT1G53000	CKS
ath01250	Bra040813	AT1G53000	CKS
ath00270	Bra040826	AT3G22740	HMT3
ath00670	Bra040826	AT3G22740	HMT3
ath01100	Bra040826	AT3G22740	HMT3
ath01110	Bra040826	AT3G22740	HMT3
ath04981	Bra040826	AT3G22740	HMT3
ath03050	Bra040831	AT3G22630	PBD1
ath03010	Bra040853	AT5G39850	AT5G39850
ath00220	Bra040873	AT1G44820	AT1G44820
ath01100	Bra040873	AT1G44820	AT1G44820
ath01110	Bra040873	AT1G44820	AT1G44820
ath01210	Bra040873	AT1G44820	AT1G44820
ath01230	Bra040873	AT1G44820	AT1G44820
ath00562	Bra040892	AT3G51830	SAC8
ath01100	Bra040892	AT3G51830	SAC8
ath04070	Bra040892	AT3G51830	SAC8
ath00860	Bra040893	AT3G51820	G4
ath01100	Bra040893	AT3G51820	G4
ath01110	Bra040893	AT3G51820	G4
ath00053	Bra040902	AT5G21100	AT5G21100
ath01100	Bra040902	AT5G21100	AT5G21100
ath03050	Bra040915	AT1G64520	RPN12a
ath03010	Bra040916	AT1G64510	AT1G64510
ath00909	Bra040920	AT5G23960	TPS21
ath01100	Bra040920	AT5G23960	TPS21
ath01110	Bra040920	AT5G23960	TPS21
ath00010	Bra040933	AT5G52920	PKP-BETA1
ath00620	Bra040933	AT5G52920	PKP-BETA1
ath01100	Bra040933	AT5G52920	PKP-BETA1
ath01110	Bra040933	AT5G52920	PKP-BETA1
ath01200	Bra040933	AT5G52920	PKP-BETA1
ath01230	Bra040933	AT5G52920	PKP-BETA1
ath03010	Bra040984	AT1G17080	AT1G17080
ath03040	Bra041007	AT1G44910	PRP40A
ath00053	Bra041014	AT4G26260	MIOX4
ath00562	Bra041014	AT4G26260	MIOX4
ath01100	Bra041014	AT4G26260	MIOX4
ath01250	Bra041014	AT4G26260	MIOX4
ath04075	Bra041027	AT3G62670	RR20
ath04075	Bra041046	AT4G37390	BRU6
ath00561	Bra041073	AT1G11090	AT1G11090
ath01100	Bra041073	AT1G11090	AT1G11090
ath01110	Bra041073	AT1G11090	AT1G11090
ath03440	Bra041082	AT2G22140	EME1B
ath03460	Bra041082	AT2G22140	EME1B
